[2026-02-28 17:40:52.943] [30237] [HailoRT] [info] [queue_elements.cpp:855] [run_in_thread] Shutdown event was signaled in dequeue of UserBuffQEl0beach_robot/conv63!
[2026-02-28 17:40:52.943] [30236] [HailoRT] [info] [queue_elements.cpp:68] [operator()] Thread in element PullQEl_hw_read0beach_robot/conv63 is not running anymore, exiting..
[2026-02-28 17:40:52.943] [1780] [HailoRT] [info] [queue_elements.cpp:46] [~BaseQueueElement] Queue element PullQEl_hw_read0beach_robot/conv63 has 0 frames in his Queue on destruction
[2026-02-28 17:40:52.943] [30237] [HailoRT] [info] [queue_elements.cpp:68] [operator()] Thread in element UserBuffQEl0beach_robot/conv63 is not running anymore, exiting..
[2026-02-28 17:40:52.943] [1780] [HailoRT] [info] [queue_elements.cpp:46] [~BaseQueueElement] Queue element UserBuffQEl0beach_robot/conv63 has 0 frames in his Queue on destruction
[2026-02-28 17:40:53.333] [1780] [HailoRT] [info] [edge_elements.cpp:52] [create] Created (HwWriteEl2beach_robot/input_layer1 | hw_frame_size: 1228800)
[2026-02-28 17:40:53.333] [1780] [HailoRT] [info] [vstream.cpp:754] [InputVStreamImpl] Creating beach_robot/input_layer1...
[2026-02-28 17:40:53.333] [1780] [HailoRT] [info] [vstream_builder.cpp:102] [create_inputs] Input pipeline 'beach_robot/input_layer1': (HwWriteEl2beach_robot/input_layer1 | hw_frame_size: 1228800) >> HW
[2026-02-28 17:40:53.333] [1780] [HailoRT] [info] [edge_elements.cpp:287] [create] Created (HwReadEl0beach_robot/conv41 | hw_frame_size: 409600)
[2026-02-28 17:40:53.333] [1780] [HailoRT] [info] [queue_elements.cpp:657] [create] Created (PullQEl_hw_read0beach_robot/conv41)
[2026-02-28 17:40:53.333] [1780] [HailoRT] [info] [filter_elements.cpp:372] [create] Created (PostInferEl0beach_robot/conv41 | Quantization - src_type: UINT8, dst_type FLOAT32, limvals_min: -10.8307, limvals_max: 18.5504)
[2026-02-28 17:40:53.333] [1780] [HailoRT] [info] [queue_elements.cpp:800] [create] Created (UserBuffQEl0beach_robot/conv41 | timeout: 10s)
[2026-02-28 17:40:53.333] [1780] [HailoRT] [info] [vstream.cpp:1114] [OutputVStreamImpl] Creating beach_robot/conv41...
[2026-02-28 17:40:53.333] [1780] [HailoRT] [info] [vstream_builder.cpp:220] [create_outputs] Output pipeline 'beach_robot/conv41': HW >> (HwReadEl0beach_robot/conv41 | hw_frame_size: 409600) >> (PullQEl_hw_read0beach_robot/conv41) >> (PostInferEl0beach_robot/conv41 | Quantization - src_type: UINT8, dst_type FLOAT32, limvals_min: -10.8307, limvals_max: 18.5504) >> (UserBuffQEl0beach_robot/conv41 | timeout: 10s)
[2026-02-28 17:40:53.333] [1780] [HailoRT] [info] [edge_elements.cpp:287] [create] Created (HwReadEl7beach_robot/conv42 | hw_frame_size: 12800)
[2026-02-28 17:40:53.333] [1780] [HailoRT] [info] [queue_elements.cpp:657] [create] Created (PullQEl_hw_read7beach_robot/conv42)
[2026-02-28 17:40:53.334] [1780] [HailoRT] [info] [filter_elements.cpp:372] [create] Created (PostInferEl7beach_robot/conv42 | Quantization - src_type: UINT8, dst_type FLOAT32, limvals_min: -25.6857, limvals_max: 0)
[2026-02-28 17:40:53.334] [1780] [HailoRT] [info] [queue_elements.cpp:800] [create] Created (UserBuffQEl7beach_robot/conv42 | timeout: 10s)
[2026-02-28 17:40:53.334] [1780] [HailoRT] [info] [vstream.cpp:1114] [OutputVStreamImpl] Creating beach_robot/conv42...
[2026-02-28 17:40:53.334] [1780] [HailoRT] [info] [vstream_builder.cpp:220] [create_outputs] Output pipeline 'beach_robot/conv42': HW >> (HwReadEl7beach_robot/conv42 | hw_frame_size: 12800) >> (PullQEl_hw_read7beach_robot/conv42) >> (PostInferEl7beach_robot/conv42 | Quantization - src_type: UINT8, dst_type FLOAT32, limvals_min: -25.6857, limvals_max: 0) >> (UserBuffQEl7beach_robot/conv42 | timeout: 10s)
[2026-02-28 17:40:53.334] [1780] [HailoRT] [info] [edge_elements.cpp:287] [create] Created (HwReadEl3beach_robot/conv52 | hw_frame_size: 102400)
[2026-02-28 17:40:53.334] [1780] [HailoRT] [info] [queue_elements.cpp:657] [create] Created (PullQEl_hw_read3beach_robot/conv52)
[2026-02-28 17:40:53.334] [1780] [HailoRT] [info] [filter_elements.cpp:372] [create] Created (PostInferEl3beach_robot/conv52 | Quantization - src_type: UINT8, dst_type FLOAT32, limvals_min: -6.53754, limvals_max: 19.9239)
[2026-02-28 17:40:53.334] [1780] [HailoRT] [info] [queue_elements.cpp:800] [create] Created (UserBuffQEl3beach_robot/conv52 | timeout: 10s)
[2026-02-28 17:40:53.334] [1780] [HailoRT] [info] [vstream.cpp:1114] [OutputVStreamImpl] Creating beach_robot/conv52...
[2026-02-28 17:40:53.334] [1780] [HailoRT] [info] [vstream_builder.cpp:220] [create_outputs] Output pipeline 'beach_robot/conv52': HW >> (HwReadEl3beach_robot/conv52 | hw_frame_size: 102400) >> (PullQEl_hw_read3beach_robot/conv52) >> (PostInferEl3beach_robot/conv52 | Quantization - src_type: UINT8, dst_type FLOAT32, limvals_min: -6.53754, limvals_max: 19.9239) >> (UserBuffQEl3beach_robot/conv52 | timeout: 10s)
[2026-02-28 17:40:53.334] [1780] [HailoRT] [info] [edge_elements.cpp:287] [create] Created (HwReadEl1beach_robot/conv53 | hw_frame_size: 3200)
[2026-02-28 17:40:53.334] [1780] [HailoRT] [info] [queue_elements.cpp:657] [create] Created (PullQEl_hw_read1beach_robot/conv53)
[2026-02-28 17:40:53.334] [1780] [HailoRT] [info] [filter_elements.cpp:372] [create] Created (PostInferEl1beach_robot/conv53 | Quantization - src_type: UINT8, dst_type FLOAT32, limvals_min: -15.7441, limvals_max: 0)
[2026-02-28 17:40:53.334] [1780] [HailoRT] [info] [queue_elements.cpp:800] [create] Created (UserBuffQEl1beach_robot/conv53 | timeout: 10s)
[2026-02-28 17:40:53.334] [1780] [HailoRT] [info] [vstream.cpp:1114] [OutputVStreamImpl] Creating beach_robot/conv53...
[2026-02-28 17:40:53.334] [1780] [HailoRT] [info] [vstream_builder.cpp:220] [create_outputs] Output pipeline 'beach_robot/conv53': HW >> (HwReadEl1beach_robot/conv53 | hw_frame_size: 3200) >> (PullQEl_hw_read1beach_robot/conv53) >> (PostInferEl1beach_robot/conv53 | Quantization - src_type: UINT8, dst_type FLOAT32, limvals_min: -15.7441, limvals_max: 0) >> (UserBuffQEl1beach_robot/conv53 | timeout: 10s)
[2026-02-28 17:40:53.334] [1780] [HailoRT] [info] [edge_elements.cpp:287] [create] Created (HwReadEl2beach_robot/conv62 | hw_frame_size: 25600)
[2026-02-28 17:40:53.334] [1780] [HailoRT] [info] [queue_elements.cpp:657] [create] Created (PullQEl_hw_read2beach_robot/conv62)
[2026-02-28 17:40:53.334] [1780] [HailoRT] [info] [filter_elements.cpp:372] [create] Created (PostInferEl2beach_robot/conv62 | Quantization - src_type: UINT8, dst_type FLOAT32, limvals_min: -8.27399, limvals_max: 14.6594)
[2026-02-28 17:40:53.334] [1780] [HailoRT] [info] [queue_elements.cpp:800] [create] Created (UserBuffQEl2beach_robot/conv62 | timeout: 10s)
[2026-02-28 17:40:53.334] [1780] [HailoRT] [info] [vstream.cpp:1114] [OutputVStreamImpl] Creating beach_robot/conv62...
[2026-02-28 17:40:53.334] [1780] [HailoRT] [info] [vstream_builder.cpp:220] [create_outputs] Output pipeline 'beach_robot/conv62': HW >> (HwReadEl2beach_robot/conv62 | hw_frame_size: 25600) >> (PullQEl_hw_read2beach_robot/conv62) >> (PostInferEl2beach_robot/conv62 | Quantization - src_type: UINT8, dst_type FLOAT32, limvals_min: -8.27399, limvals_max: 14.6594) >> (UserBuffQEl2beach_robot/conv62 | timeout: 10s)
[2026-02-28 17:40:53.334] [1780] [HailoRT] [info] [edge_elements.cpp:287] [create] Created (HwReadEl0beach_robot/conv63 | hw_frame_size: 3200)
[2026-02-28 17:40:53.334] [1780] [HailoRT] [info] [queue_elements.cpp:657] [create] Created (PullQEl_hw_read0beach_robot/conv63)
[2026-02-28 17:40:53.334] [1780] [HailoRT] [info] [filter_elements.cpp:372] [create] Created (PostInferEl0beach_robot/conv63 | Quantization - src_type: UINT8, dst_type FLOAT32, limvals_min: -15.2921, limvals_max: 1.44388 | Reorder - src_order: FCR, src_shape: (20, 20, 8), dst_order: FCR, dst_shape: (20, 20, 2))
[2026-02-28 17:40:53.334] [1780] [HailoRT] [info] [queue_elements.cpp:800] [create] Created (UserBuffQEl0beach_robot/conv63 | timeout: 10s)
[2026-02-28 17:40:53.334] [1780] [HailoRT] [info] [vstream.cpp:1114] [OutputVStreamImpl] Creating beach_robot/conv63...
[2026-02-28 17:40:53.334] [1780] [HailoRT] [info] [vstream_builder.cpp:220] [create_outputs] Output pipeline 'beach_robot/conv63': HW >> (HwReadEl0beach_robot/conv63 | hw_frame_size: 3200) >> (PullQEl_hw_read0beach_robot/conv63) >> (PostInferEl0beach_robot/conv63 | Quantization - src_type: UINT8, dst_type FLOAT32, limvals_min: -15.2921, limvals_max: 1.44388 | Reorder - src_order: FCR, src_shape: (20, 20, 8), dst_order: FCR, dst_shape: (20, 20, 2)) >> (UserBuffQEl0beach_robot/conv63 | timeout: 10s)
[2026-02-28 17:40:53.335] [1780] [HailoRT] [info] [core_op.cpp:156] [activate] Activating beach_robot took 0.514813 milliseconds. Note that the function is asynchronous and thus the network is not fully activated yet.
[2026-02-28 17:40:53.335] [1780] [HailoRT] [info] [core_op.cpp:156] [activate] Activating beach_robot took 0.525997 milliseconds. Note that the function is asynchronous and thus the network is not fully activated yet.
[2026-02-28 17:40:53.354] [1768] [HailoRT] [info] [vdevice_native_stream.cpp:331] [read_impl] Failed read from stream HAILO_STREAM_NOT_ACTIVATED(72) (device: 0001:01:00.0)
[2026-02-28 17:40:53.354] [1769] [HailoRT] [info] [vdevice_native_stream.cpp:331] [read_impl] Failed read from stream HAILO_STREAM_NOT_ACTIVATED(72) (device: 0001:01:00.0)
[2026-02-28 17:40:53.354] [1770] [HailoRT] [info] [vdevice_native_stream.cpp:331] [read_impl] Failed read from stream HAILO_STREAM_NOT_ACTIVATED(72) (device: 0001:01:00.0)
[2026-02-28 17:40:53.354] [1771] [HailoRT] [info] [vdevice_native_stream.cpp:331] [read_impl] Failed read from stream HAILO_STREAM_NOT_ACTIVATED(72) (device: 0001:01:00.0)
[2026-02-28 17:40:53.354] [1772] [HailoRT] [info] [vdevice_native_stream.cpp:331] [read_impl] Failed read from stream HAILO_STREAM_NOT_ACTIVATED(72) (device: 0001:01:00.0)
[2026-02-28 17:40:53.354] [1773] [HailoRT] [info] [vdevice_native_stream.cpp:331] [read_impl] Failed read from stream HAILO_STREAM_NOT_ACTIVATED(72) (device: 0001:01:00.0)
[2026-02-28 17:40:53.355] [1780] [HailoRT] [info] [core_op.cpp:186] [deactivate] Deactivating took 0.523608 ms
[2026-02-28 17:40:53.355] [1780] [HailoRT] [info] [core_op.cpp:186] [deactivate] Deactivating took 0.536386 ms
[2026-02-28 17:40:53.355] [30245] [HailoRT] [info] [edge_elements.cpp:396] [run_pull] Reading from stream was aborted!
[2026-02-28 17:40:53.355] [30246] [HailoRT] [info] [queue_elements.cpp:855] [run_in_thread] Shutdown event was signaled in dequeue of UserBuffQEl0beach_robot/conv41!
[2026-02-28 17:40:53.355] [30245] [HailoRT] [info] [queue_elements.cpp:738] [run_in_thread] run_pull of queue element PullQEl_hw_read0beach_robot/conv41 was aborted!
[2026-02-28 17:40:53.355] [30245] [HailoRT] [info] [queue_elements.cpp:68] [operator()] Thread in element PullQEl_hw_read0beach_robot/conv41 is not running anymore, exiting..
[2026-02-28 17:40:53.355] [1780] [HailoRT] [info] [queue_elements.cpp:46] [~BaseQueueElement] Queue element PullQEl_hw_read0beach_robot/conv41 has 0 frames in his Queue on destruction
[2026-02-28 17:40:53.355] [30246] [HailoRT] [info] [queue_elements.cpp:68] [operator()] Thread in element UserBuffQEl0beach_robot/conv41 is not running anymore, exiting..
[2026-02-28 17:40:53.355] [1780] [HailoRT] [info] [queue_elements.cpp:46] [~BaseQueueElement] Queue element UserBuffQEl0beach_robot/conv41 has 0 frames in his Queue on destruction
[2026-02-28 17:40:53.355] [30247] [HailoRT] [info] [edge_elements.cpp:396] [run_pull] Reading from stream was aborted!
[2026-02-28 17:40:53.355] [30247] [HailoRT] [info] [queue_elements.cpp:738] [run_in_thread] run_pull of queue element PullQEl_hw_read7beach_robot/conv42 was aborted!
[2026-02-28 17:40:53.355] [30248] [HailoRT] [info] [queue_elements.cpp:855] [run_in_thread] Shutdown event was signaled in dequeue of UserBuffQEl7beach_robot/conv42!
[2026-02-28 17:40:53.355] [30247] [HailoRT] [info] [queue_elements.cpp:68] [operator()] Thread in element PullQEl_hw_read7beach_robot/conv42 is not running anymore, exiting..
[2026-02-28 17:40:53.355] [1780] [HailoRT] [info] [queue_elements.cpp:46] [~BaseQueueElement] Queue element PullQEl_hw_read7beach_robot/conv42 has 0 frames in his Queue on destruction
[2026-02-28 17:40:53.355] [30248] [HailoRT] [info] [queue_elements.cpp:68] [operator()] Thread in element UserBuffQEl7beach_robot/conv42 is not running anymore, exiting..
[2026-02-28 17:40:53.355] [1780] [HailoRT] [info] [queue_elements.cpp:46] [~BaseQueueElement] Queue element UserBuffQEl7beach_robot/conv42 has 0 frames in his Queue on destruction
[2026-02-28 17:40:53.355] [30249] [HailoRT] [info] [edge_elements.cpp:396] [run_pull] Reading from stream was aborted!
[2026-02-28 17:40:53.355] [30249] [HailoRT] [info] [queue_elements.cpp:738] [run_in_thread] run_pull of queue element PullQEl_hw_read3beach_robot/conv52 was aborted!
[2026-02-28 17:40:53.355] [30250] [HailoRT] [info] [queue_elements.cpp:855] [run_in_thread] Shutdown event was signaled in dequeue of UserBuffQEl3beach_robot/conv52!
[2026-02-28 17:40:53.355] [30249] [HailoRT] [info] [queue_elements.cpp:68] [operator()] Thread in element PullQEl_hw_read3beach_robot/conv52 is not running anymore, exiting..
[2026-02-28 17:40:53.355] [1780] [HailoRT] [info] [queue_elements.cpp:46] [~BaseQueueElement] Queue element PullQEl_hw_read3beach_robot/conv52 has 0 frames in his Queue on destruction
[2026-02-28 17:40:53.355] [30250] [HailoRT] [info] [queue_elements.cpp:68] [operator()] Thread in element UserBuffQEl3beach_robot/conv52 is not running anymore, exiting..
[2026-02-28 17:40:53.355] [1780] [HailoRT] [info] [queue_elements.cpp:46] [~BaseQueueElement] Queue element UserBuffQEl3beach_robot/conv52 has 0 frames in his Queue on destruction
[2026-02-28 17:40:53.355] [30251] [HailoRT] [info] [edge_elements.cpp:396] [run_pull] Reading from stream was aborted!
[2026-02-28 17:40:53.355] [30251] [HailoRT] [info] [queue_elements.cpp:738] [run_in_thread] run_pull of queue element PullQEl_hw_read1beach_robot/conv53 was aborted!
[2026-02-28 17:40:53.355] [30252] [HailoRT] [info] [queue_elements.cpp:855] [run_in_thread] Shutdown event was signaled in dequeue of UserBuffQEl1beach_robot/conv53!
[2026-02-28 17:40:53.355] [30251] [HailoRT] [info] [queue_elements.cpp:68] [operator()] Thread in element PullQEl_hw_read1beach_robot/conv53 is not running anymore, exiting..
[2026-02-28 17:40:53.355] [1780] [HailoRT] [info] [queue_elements.cpp:46] [~BaseQueueElement] Queue element PullQEl_hw_read1beach_robot/conv53 has 0 frames in his Queue on destruction
[2026-02-28 17:40:53.355] [30252] [HailoRT] [info] [queue_elements.cpp:68] [operator()] Thread in element UserBuffQEl1beach_robot/conv53 is not running anymore, exiting..
[2026-02-28 17:40:53.355] [1780] [HailoRT] [info] [queue_elements.cpp:46] [~BaseQueueElement] Queue element UserBuffQEl1beach_robot/conv53 has 0 frames in his Queue on destruction
[2026-02-28 17:40:53.355] [30253] [HailoRT] [info] [edge_elements.cpp:396] [run_pull] Reading from stream was aborted!
[2026-02-28 17:40:53.355] [30253] [HailoRT] [info] [queue_elements.cpp:738] [run_in_thread] run_pull of queue element PullQEl_hw_read2beach_robot/conv62 was aborted!
[2026-02-28 17:40:53.355] [30254] [HailoRT] [info] [queue_elements.cpp:855] [run_in_thread] Shutdown event was signaled in dequeue of UserBuffQEl2beach_robot/conv62!
[2026-02-28 17:40:53.355] [30253] [HailoRT] [info] [queue_elements.cpp:68] [operator()] Thread in element PullQEl_hw_read2beach_robot/conv62 is not running anymore, exiting..
[2026-02-28 17:40:53.355] [1780] [HailoRT] [info] [queue_elements.cpp:46] [~BaseQueueElement] Queue element PullQEl_hw_read2beach_robot/conv62 has 0 frames in his Queue on destruction
[2026-02-28 17:40:53.355] [30254] [HailoRT] [info] [queue_elements.cpp:68] [operator()] Thread in element UserBuffQEl2beach_robot/conv62 is not running anymore, exiting..
[2026-02-28 17:40:53.355] [1780] [HailoRT] [info] [queue_elements.cpp:46] [~BaseQueueElement] Queue element UserBuffQEl2beach_robot/conv62 has 0 frames in his Queue on destruction
[2026-02-28 17:40:53.355] [30256] [HailoRT] [info] [queue_elements.cpp:855] [run_in_thread] Shutdown event was signaled in dequeue of UserBuffQEl0beach_robot/conv63!
[2026-02-28 17:40:53.355] [30255] [HailoRT] [info] [edge_elements.cpp:396] [run_pull] Reading from stream was aborted!
[2026-02-28 17:40:53.355] [30255] [HailoRT] [info] [queue_elements.cpp:738] [run_in_thread] run_pull of queue element PullQEl_hw_read0beach_robot/conv63 was aborted!
[2026-02-28 17:40:53.355] [30255] [HailoRT] [info] [queue_elements.cpp:68] [operator()] Thread in element PullQEl_hw_read0beach_robot/conv63 is not running anymore, exiting..
[2026-02-28 17:40:53.355] [1780] [HailoRT] [info] [queue_elements.cpp:46] [~BaseQueueElement] Queue element PullQEl_hw_read0beach_robot/conv63 has 0 frames in his Queue on destruction
[2026-02-28 17:40:53.355] [30256] [HailoRT] [info] [queue_elements.cpp:68] [operator()] Thread in element UserBuffQEl0beach_robot/conv63 is not running anymore, exiting..
[2026-02-28 17:40:53.355] [1780] [HailoRT] [info] [queue_elements.cpp:46] [~BaseQueueElement] Queue element UserBuffQEl0beach_robot/conv63 has 0 frames in his Queue on destruction
[2026-02-28 17:40:53.744] [1780] [HailoRT] [info] [edge_elements.cpp:52] [create] Created (HwWriteEl2beach_robot/input_layer1 | hw_frame_size: 1228800)
[2026-02-28 17:40:53.744] [1780] [HailoRT] [info] [vstream.cpp:754] [InputVStreamImpl] Creating beach_robot/input_layer1...
[2026-02-28 17:40:53.744] [1780] [HailoRT] [info] [vstream_builder.cpp:102] [create_inputs] Input pipeline 'beach_robot/input_layer1': (HwWriteEl2beach_robot/input_layer1 | hw_frame_size: 1228800) >> HW
[2026-02-28 17:40:53.744] [1780] [HailoRT] [info] [edge_elements.cpp:287] [create] Created (HwReadEl0beach_robot/conv41 | hw_frame_size: 409600)
[2026-02-28 17:40:53.744] [1780] [HailoRT] [info] [queue_elements.cpp:657] [create] Created (PullQEl_hw_read0beach_robot/conv41)
[2026-02-28 17:40:53.744] [1780] [HailoRT] [info] [filter_elements.cpp:372] [create] Created (PostInferEl0beach_robot/conv41 | Quantization - src_type: UINT8, dst_type FLOAT32, limvals_min: -10.8307, limvals_max: 18.5504)
[2026-02-28 17:40:53.744] [1780] [HailoRT] [info] [queue_elements.cpp:800] [create] Created (UserBuffQEl0beach_robot/conv41 | timeout: 10s)
[2026-02-28 17:40:53.744] [1780] [HailoRT] [info] [vstream.cpp:1114] [OutputVStreamImpl] Creating beach_robot/conv41...
[2026-02-28 17:40:53.744] [1780] [HailoRT] [info] [vstream_builder.cpp:220] [create_outputs] Output pipeline 'beach_robot/conv41': HW >> (HwReadEl0beach_robot/conv41 | hw_frame_size: 409600) >> (PullQEl_hw_read0beach_robot/conv41) >> (PostInferEl0beach_robot/conv41 | Quantization - src_type: UINT8, dst_type FLOAT32, limvals_min: -10.8307, limvals_max: 18.5504) >> (UserBuffQEl0beach_robot/conv41 | timeout: 10s)
[2026-02-28 17:40:53.744] [1780] [HailoRT] [info] [edge_elements.cpp:287] [create] Created (HwReadEl7beach_robot/conv42 | hw_frame_size: 12800)
[2026-02-28 17:40:53.745] [1780] [HailoRT] [info] [queue_elements.cpp:657] [create] Created (PullQEl_hw_read7beach_robot/conv42)
[2026-02-28 17:40:53.745] [1780] [HailoRT] [info] [filter_elements.cpp:372] [create] Created (PostInferEl7beach_robot/conv42 | Quantization - src_type: UINT8, dst_type FLOAT32, limvals_min: -25.6857, limvals_max: 0)
[2026-02-28 17:40:53.745] [1780] [HailoRT] [info] [queue_elements.cpp:800] [create] Created (UserBuffQEl7beach_robot/conv42 | timeout: 10s)
[2026-02-28 17:40:53.745] [1780] [HailoRT] [info] [vstream.cpp:1114] [OutputVStreamImpl] Creating beach_robot/conv42...
[2026-02-28 17:40:53.745] [1780] [HailoRT] [info] [vstream_builder.cpp:220] [create_outputs] Output pipeline 'beach_robot/conv42': HW >> (HwReadEl7beach_robot/conv42 | hw_frame_size: 12800) >> (PullQEl_hw_read7beach_robot/conv42) >> (PostInferEl7beach_robot/conv42 | Quantization - src_type: UINT8, dst_type FLOAT32, limvals_min: -25.6857, limvals_max: 0) >> (UserBuffQEl7beach_robot/conv42 | timeout: 10s)
[2026-02-28 17:40:53.745] [1780] [HailoRT] [info] [edge_elements.cpp:287] [create] Created (HwReadEl3beach_robot/conv52 | hw_frame_size: 102400)
[2026-02-28 17:40:53.745] [1780] [HailoRT] [info] [queue_elements.cpp:657] [create] Created (PullQEl_hw_read3beach_robot/conv52)
[2026-02-28 17:40:53.745] [1780] [HailoRT] [info] [filter_elements.cpp:372] [create] Created (PostInferEl3beach_robot/conv52 | Quantization - src_type: UINT8, dst_type FLOAT32, limvals_min: -6.53754, limvals_max: 19.9239)
[2026-02-28 17:40:53.745] [1780] [HailoRT] [info] [queue_elements.cpp:800] [create] Created (UserBuffQEl3beach_robot/conv52 | timeout: 10s)
[2026-02-28 17:40:53.745] [1780] [HailoRT] [info] [vstream.cpp:1114] [OutputVStreamImpl] Creating beach_robot/conv52...
[2026-02-28 17:40:53.745] [1780] [HailoRT] [info] [vstream_builder.cpp:220] [create_outputs] Output pipeline 'beach_robot/conv52': HW >> (HwReadEl3beach_robot/conv52 | hw_frame_size: 102400) >> (PullQEl_hw_read3beach_robot/conv52) >> (PostInferEl3beach_robot/conv52 | Quantization - src_type: UINT8, dst_type FLOAT32, limvals_min: -6.53754, limvals_max: 19.9239) >> (UserBuffQEl3beach_robot/conv52 | timeout: 10s)
[2026-02-28 17:40:53.745] [1780] [HailoRT] [info] [edge_elements.cpp:287] [create] Created (HwReadEl1beach_robot/conv53 | hw_frame_size: 3200)
[2026-02-28 17:40:53.745] [1780] [HailoRT] [info] [queue_elements.cpp:657] [create] Created (PullQEl_hw_read1beach_robot/conv53)
[2026-02-28 17:40:53.745] [1780] [HailoRT] [info] [filter_elements.cpp:372] [create] Created (PostInferEl1beach_robot/conv53 | Quantization - src_type: UINT8, dst_type FLOAT32, limvals_min: -15.7441, limvals_max: 0)
[2026-02-28 17:40:53.745] [1780] [HailoRT] [info] [queue_elements.cpp:800] [create] Created (UserBuffQEl1beach_robot/conv53 | timeout: 10s)
[2026-02-28 17:40:53.745] [1780] [HailoRT] [info] [vstream.cpp:1114] [OutputVStreamImpl] Creating beach_robot/conv53...
[2026-02-28 17:40:53.745] [1780] [HailoRT] [info] [vstream_builder.cpp:220] [create_outputs] Output pipeline 'beach_robot/conv53': HW >> (HwReadEl1beach_robot/conv53 | hw_frame_size: 3200) >> (PullQEl_hw_read1beach_robot/conv53) >> (PostInferEl1beach_robot/conv53 | Quantization - src_type: UINT8, dst_type FLOAT32, limvals_min: -15.7441, limvals_max: 0) >> (UserBuffQEl1beach_robot/conv53 | timeout: 10s)
[2026-02-28 17:40:53.745] [1780] [HailoRT] [info] [edge_elements.cpp:287] [create] Created (HwReadEl2beach_robot/conv62 | hw_frame_size: 25600)
[2026-02-28 17:40:53.745] [1780] [HailoRT] [info] [queue_elements.cpp:657] [create] Created (PullQEl_hw_read2beach_robot/conv62)
[2026-02-28 17:40:53.745] [1780] [HailoRT] [info] [filter_elements.cpp:372] [create] Created (PostInferEl2beach_robot/conv62 | Quantization - src_type: UINT8, dst_type FLOAT32, limvals_min: -8.27399, limvals_max: 14.6594)
[2026-02-28 17:40:53.745] [1780] [HailoRT] [info] [queue_elements.cpp:800] [create] Created (UserBuffQEl2beach_robot/conv62 | timeout: 10s)
[2026-02-28 17:40:53.745] [1780] [HailoRT] [info] [vstream.cpp:1114] [OutputVStreamImpl] Creating beach_robot/conv62...
[2026-02-28 17:40:53.745] [1780] [HailoRT] [info] [vstream_builder.cpp:220] [create_outputs] Output pipeline 'beach_robot/conv62': HW >> (HwReadEl2beach_robot/conv62 | hw_frame_size: 25600) >> (PullQEl_hw_read2beach_robot/conv62) >> (PostInferEl2beach_robot/conv62 | Quantization - src_type: UINT8, dst_type FLOAT32, limvals_min: -8.27399, limvals_max: 14.6594) >> (UserBuffQEl2beach_robot/conv62 | timeout: 10s)
[2026-02-28 17:40:53.745] [1780] [HailoRT] [info] [edge_elements.cpp:287] [create] Created (HwReadEl0beach_robot/conv63 | hw_frame_size: 3200)
[2026-02-28 17:40:53.745] [1780] [HailoRT] [info] [queue_elements.cpp:657] [create] Created (PullQEl_hw_read0beach_robot/conv63)
[2026-02-28 17:40:53.745] [1780] [HailoRT] [info] [filter_elements.cpp:372] [create] Created (PostInferEl0beach_robot/conv63 | Quantization - src_type: UINT8, dst_type FLOAT32, limvals_min: -15.2921, limvals_max: 1.44388 | Reorder - src_order: FCR, src_shape: (20, 20, 8), dst_order: FCR, dst_shape: (20, 20, 2))
[2026-02-28 17:40:53.745] [1780] [HailoRT] [info] [queue_elements.cpp:800] [create] Created (UserBuffQEl0beach_robot/conv63 | timeout: 10s)
[2026-02-28 17:40:53.745] [1780] [HailoRT] [info] [vstream.cpp:1114] [OutputVStreamImpl] Creating beach_robot/conv63...
[2026-02-28 17:40:53.745] [1780] [HailoRT] [info] [vstream_builder.cpp:220] [create_outputs] Output pipeline 'beach_robot/conv63': HW >> (HwReadEl0beach_robot/conv63 | hw_frame_size: 3200) >> (PullQEl_hw_read0beach_robot/conv63) >> (PostInferEl0beach_robot/conv63 | Quantization - src_type: UINT8, dst_type FLOAT32, limvals_min: -15.2921, limvals_max: 1.44388 | Reorder - src_order: FCR, src_shape: (20, 20, 8), dst_order: FCR, dst_shape: (20, 20, 2)) >> (UserBuffQEl0beach_robot/conv63 | timeout: 10s)
[2026-02-28 17:40:53.746] [1780] [HailoRT] [info] [core_op.cpp:156] [activate] Activating beach_robot took 0.518738 milliseconds. Note that the function is asynchronous and thus the network is not fully activated yet.
[2026-02-28 17:40:53.746] [1780] [HailoRT] [info] [core_op.cpp:156] [activate] Activating beach_robot took 0.529312 milliseconds. Note that the function is asynchronous and thus the network is not fully activated yet.
[2026-02-28 17:40:53.765] [1769] [HailoRT] [info] [vdevice_native_stream.cpp:331] [read_impl] Failed read from stream HAILO_STREAM_NOT_ACTIVATED(72) (device: 0001:01:00.0)
[2026-02-28 17:40:53.765] [1771] [HailoRT] [info] [vdevice_native_stream.cpp:331] [read_impl] Failed read from stream HAILO_STREAM_NOT_ACTIVATED(72) (device: 0001:01:00.0)
[2026-02-28 17:40:53.765] [1773] [HailoRT] [info] [vdevice_native_stream.cpp:331] [read_impl] Failed read from stream HAILO_STREAM_NOT_ACTIVATED(72) (device: 0001:01:00.0)
[2026-02-28 17:40:53.765] [1772] [HailoRT] [info] [vdevice_native_stream.cpp:331] [read_impl] Failed read from stream HAILO_STREAM_NOT_ACTIVATED(72) (device: 0001:01:00.0)
[2026-02-28 17:40:53.765] [1768] [HailoRT] [info] [vdevice_native_stream.cpp:331] [read_impl] Failed read from stream HAILO_STREAM_NOT_ACTIVATED(72) (device: 0001:01:00.0)
[2026-02-28 17:40:53.765] [1770] [HailoRT] [info] [vdevice_native_stream.cpp:331] [read_impl] Failed read from stream HAILO_STREAM_NOT_ACTIVATED(72) (device: 0001:01:00.0)
[2026-02-28 17:40:53.766] [1780] [HailoRT] [info] [core_op.cpp:186] [deactivate] Deactivating took 0.496645 ms
[2026-02-28 17:40:53.766] [1780] [HailoRT] [info] [core_op.cpp:186] [deactivate] Deactivating took 0.509739 ms
[2026-02-28 17:40:53.766] [30264] [HailoRT] [info] [edge_elements.cpp:396] [run_pull] Reading from stream was aborted!
[2026-02-28 17:40:53.766] [30265] [HailoRT] [info] [queue_elements.cpp:855] [run_in_thread] Shutdown event was signaled in dequeue of UserBuffQEl0beach_robot/conv41!
[2026-02-28 17:40:53.766] [30264] [HailoRT] [info] [queue_elements.cpp:738] [run_in_thread] run_pull of queue element PullQEl_hw_read0beach_robot/conv41 was aborted!
[2026-02-28 17:40:53.766] [30264] [HailoRT] [info] [queue_elements.cpp:68] [operator()] Thread in element PullQEl_hw_read0beach_robot/conv41 is not running anymore, exiting..
[2026-02-28 17:40:53.766] [1780] [HailoRT] [info] [queue_elements.cpp:46] [~BaseQueueElement] Queue element PullQEl_hw_read0beach_robot/conv41 has 0 frames in his Queue on destruction
[2026-02-28 17:40:53.766] [30265] [HailoRT] [info] [queue_elements.cpp:68] [operator()] Thread in element UserBuffQEl0beach_robot/conv41 is not running anymore, exiting..
[2026-02-28 17:40:53.766] [1780] [HailoRT] [info] [queue_elements.cpp:46] [~BaseQueueElement] Queue element UserBuffQEl0beach_robot/conv41 has 0 frames in his Queue on destruction
[2026-02-28 17:40:53.766] [30266] [HailoRT] [info] [edge_elements.cpp:396] [run_pull] Reading from stream was aborted!
[2026-02-28 17:40:53.766] [30266] [HailoRT] [info] [queue_elements.cpp:738] [run_in_thread] run_pull of queue element PullQEl_hw_read7beach_robot/conv42 was aborted!
[2026-02-28 17:40:53.766] [30267] [HailoRT] [info] [queue_elements.cpp:855] [run_in_thread] Shutdown event was signaled in dequeue of UserBuffQEl7beach_robot/conv42!
[2026-02-28 17:40:53.766] [30266] [HailoRT] [info] [queue_elements.cpp:68] [operator()] Thread in element PullQEl_hw_read7beach_robot/conv42 is not running anymore, exiting..
[2026-02-28 17:40:53.766] [1780] [HailoRT] [info] [queue_elements.cpp:46] [~BaseQueueElement] Queue element PullQEl_hw_read7beach_robot/conv42 has 0 frames in his Queue on destruction
[2026-02-28 17:40:53.766] [30267] [HailoRT] [info] [queue_elements.cpp:68] [operator()] Thread in element UserBuffQEl7beach_robot/conv42 is not running anymore, exiting..
[2026-02-28 17:40:53.766] [1780] [HailoRT] [info] [queue_elements.cpp:46] [~BaseQueueElement] Queue element UserBuffQEl7beach_robot/conv42 has 0 frames in his Queue on destruction
[2026-02-28 17:40:53.766] [30268] [HailoRT] [info] [edge_elements.cpp:396] [run_pull] Reading from stream was aborted!
[2026-02-28 17:40:53.766] [30268] [HailoRT] [info] [queue_elements.cpp:738] [run_in_thread] run_pull of queue element PullQEl_hw_read3beach_robot/conv52 was aborted!
[2026-02-28 17:40:53.766] [30269] [HailoRT] [info] [queue_elements.cpp:855] [run_in_thread] Shutdown event was signaled in dequeue of UserBuffQEl3beach_robot/conv52!
[2026-02-28 17:40:53.766] [30268] [HailoRT] [info] [queue_elements.cpp:68] [operator()] Thread in element PullQEl_hw_read3beach_robot/conv52 is not running anymore, exiting..
[2026-02-28 17:40:53.766] [1780] [HailoRT] [info] [queue_elements.cpp:46] [~BaseQueueElement] Queue element PullQEl_hw_read3beach_robot/conv52 has 0 frames in his Queue on destruction
[2026-02-28 17:40:53.766] [30269] [HailoRT] [info] [queue_elements.cpp:68] [operator()] Thread in element UserBuffQEl3beach_robot/conv52 is not running anymore, exiting..
[2026-02-28 17:40:53.766] [1780] [HailoRT] [info] [queue_elements.cpp:46] [~BaseQueueElement] Queue element UserBuffQEl3beach_robot/conv52 has 0 frames in his Queue on destruction
[2026-02-28 17:40:53.766] [30270] [HailoRT] [info] [edge_elements.cpp:396] [run_pull] Reading from stream was aborted!
[2026-02-28 17:40:53.766] [30271] [HailoRT] [info] [queue_elements.cpp:855] [run_in_thread] Shutdown event was signaled in dequeue of UserBuffQEl1beach_robot/conv53!
[2026-02-28 17:40:53.766] [30270] [HailoRT] [info] [queue_elements.cpp:738] [run_in_thread] run_pull of queue element PullQEl_hw_read1beach_robot/conv53 was aborted!
[2026-02-28 17:40:53.766] [30270] [HailoRT] [info] [queue_elements.cpp:68] [operator()] Thread in element PullQEl_hw_read1beach_robot/conv53 is not running anymore, exiting..
[2026-02-28 17:40:53.766] [1780] [HailoRT] [info] [queue_elements.cpp:46] [~BaseQueueElement] Queue element PullQEl_hw_read1beach_robot/conv53 has 0 frames in his Queue on destruction
[2026-02-28 17:40:53.766] [30271] [HailoRT] [info] [queue_elements.cpp:68] [operator()] Thread in element UserBuffQEl1beach_robot/conv53 is not running anymore, exiting..
[2026-02-28 17:40:53.766] [1780] [HailoRT] [info] [queue_elements.cpp:46] [~BaseQueueElement] Queue element UserBuffQEl1beach_robot/conv53 has 0 frames in his Queue on destruction
[2026-02-28 17:40:53.766] [30272] [HailoRT] [info] [edge_elements.cpp:396] [run_pull] Reading from stream was aborted!
[2026-02-28 17:40:53.766] [30273] [HailoRT] [info] [queue_elements.cpp:855] [run_in_thread] Shutdown event was signaled in dequeue of UserBuffQEl2beach_robot/conv62!
[2026-02-28 17:40:53.766] [30272] [HailoRT] [info] [queue_elements.cpp:738] [run_in_thread] run_pull of queue element PullQEl_hw_read2beach_robot/conv62 was aborted!
[2026-02-28 17:40:53.766] [30272] [HailoRT] [info] [queue_elements.cpp:68] [operator()] Thread in element PullQEl_hw_read2beach_robot/conv62 is not running anymore, exiting..
[2026-02-28 17:40:53.766] [1780] [HailoRT] [info] [queue_elements.cpp:46] [~BaseQueueElement] Queue element PullQEl_hw_read2beach_robot/conv62 has 0 frames in his Queue on destruction
[2026-02-28 17:40:53.766] [30273] [HailoRT] [info] [queue_elements.cpp:68] [operator()] Thread in element UserBuffQEl2beach_robot/conv62 is not running anymore, exiting..
[2026-02-28 17:40:53.766] [1780] [HailoRT] [info] [queue_elements.cpp:46] [~BaseQueueElement] Queue element UserBuffQEl2beach_robot/conv62 has 0 frames in his Queue on destruction
[2026-02-28 17:40:53.766] [30274] [HailoRT] [info] [edge_elements.cpp:396] [run_pull] Reading from stream was aborted!
[2026-02-28 17:40:53.766] [30275] [HailoRT] [info] [queue_elements.cpp:855] [run_in_thread] Shutdown event was signaled in dequeue of UserBuffQEl0beach_robot/conv63!
[2026-02-28 17:40:53.766] [30274] [HailoRT] [info] [queue_elements.cpp:738] [run_in_thread] run_pull of queue element PullQEl_hw_read0beach_robot/conv63 was aborted!
[2026-02-28 17:40:53.766] [30274] [HailoRT] [info] [queue_elements.cpp:68] [operator()] Thread in element PullQEl_hw_read0beach_robot/conv63 is not running anymore, exiting..
[2026-02-28 17:40:53.766] [1780] [HailoRT] [info] [queue_elements.cpp:46] [~BaseQueueElement] Queue element PullQEl_hw_read0beach_robot/conv63 has 0 frames in his Queue on destruction
[2026-02-28 17:40:53.766] [30275] [HailoRT] [info] [queue_elements.cpp:68] [operator()] Thread in element UserBuffQEl0beach_robot/conv63 is not running anymore, exiting..
[2026-02-28 17:40:53.766] [1780] [HailoRT] [info] [queue_elements.cpp:46] [~BaseQueueElement] Queue element UserBuffQEl0beach_robot/conv63 has 0 frames in his Queue on destruction
[2026-02-28 17:40:54.157] [1780] [HailoRT] [info] [edge_elements.cpp:52] [create] Created (HwWriteEl2beach_robot/input_layer1 | hw_frame_size: 1228800)
[2026-02-28 17:40:54.157] [1780] [HailoRT] [info] [vstream.cpp:754] [InputVStreamImpl] Creating beach_robot/input_layer1...
[2026-02-28 17:40:54.157] [1780] [HailoRT] [info] [vstream_builder.cpp:102] [create_inputs] Input pipeline 'beach_robot/input_layer1': (HwWriteEl2beach_robot/input_layer1 | hw_frame_size: 1228800) >> HW
[2026-02-28 17:40:54.157] [1780] [HailoRT] [info] [edge_elements.cpp:287] [create] Created (HwReadEl0beach_robot/conv41 | hw_frame_size: 409600)
[2026-02-28 17:40:54.157] [1780] [HailoRT] [info] [queue_elements.cpp:657] [create] Created (PullQEl_hw_read0beach_robot/conv41)
[2026-02-28 17:40:54.157] [1780] [HailoRT] [info] [filter_elements.cpp:372] [create] Created (PostInferEl0beach_robot/conv41 | Quantization - src_type: UINT8, dst_type FLOAT32, limvals_min: -10.8307, limvals_max: 18.5504)
[2026-02-28 17:40:54.157] [1780] [HailoRT] [info] [queue_elements.cpp:800] [create] Created (UserBuffQEl0beach_robot/conv41 | timeout: 10s)
[2026-02-28 17:40:54.157] [1780] [HailoRT] [info] [vstream.cpp:1114] [OutputVStreamImpl] Creating beach_robot/conv41...
[2026-02-28 17:40:54.157] [1780] [HailoRT] [info] [vstream_builder.cpp:220] [create_outputs] Output pipeline 'beach_robot/conv41': HW >> (HwReadEl0beach_robot/conv41 | hw_frame_size: 409600) >> (PullQEl_hw_read0beach_robot/conv41) >> (PostInferEl0beach_robot/conv41 | Quantization - src_type: UINT8, dst_type FLOAT32, limvals_min: -10.8307, limvals_max: 18.5504) >> (UserBuffQEl0beach_robot/conv41 | timeout: 10s)
[2026-02-28 17:40:54.157] [1780] [HailoRT] [info] [edge_elements.cpp:287] [create] Created (HwReadEl7beach_robot/conv42 | hw_frame_size: 12800)
[2026-02-28 17:40:54.158] [1780] [HailoRT] [info] [queue_elements.cpp:657] [create] Created (PullQEl_hw_read7beach_robot/conv42)
[2026-02-28 17:40:54.158] [1780] [HailoRT] [info] [filter_elements.cpp:372] [create] Created (PostInferEl7beach_robot/conv42 | Quantization - src_type: UINT8, dst_type FLOAT32, limvals_min: -25.6857, limvals_max: 0)
[2026-02-28 17:40:54.158] [1780] [HailoRT] [info] [queue_elements.cpp:800] [create] Created (UserBuffQEl7beach_robot/conv42 | timeout: 10s)
[2026-02-28 17:40:54.158] [1780] [HailoRT] [info] [vstream.cpp:1114] [OutputVStreamImpl] Creating beach_robot/conv42...
[2026-02-28 17:40:54.158] [1780] [HailoRT] [info] [vstream_builder.cpp:220] [create_outputs] Output pipeline 'beach_robot/conv42': HW >> (HwReadEl7beach_robot/conv42 | hw_frame_size: 12800) >> (PullQEl_hw_read7beach_robot/conv42) >> (PostInferEl7beach_robot/conv42 | Quantization - src_type: UINT8, dst_type FLOAT32, limvals_min: -25.6857, limvals_max: 0) >> (UserBuffQEl7beach_robot/conv42 | timeout: 10s)
[2026-02-28 17:40:54.158] [1780] [HailoRT] [info] [edge_elements.cpp:287] [create] Created (HwReadEl3beach_robot/conv52 | hw_frame_size: 102400)
[2026-02-28 17:40:54.158] [1780] [HailoRT] [info] [queue_elements.cpp:657] [create] Created (PullQEl_hw_read3beach_robot/conv52)
[2026-02-28 17:40:54.158] [1780] [HailoRT] [info] [filter_elements.cpp:372] [create] Created (PostInferEl3beach_robot/conv52 | Quantization - src_type: UINT8, dst_type FLOAT32, limvals_min: -6.53754, limvals_max: 19.9239)
[2026-02-28 17:40:54.158] [1780] [HailoRT] [info] [queue_elements.cpp:800] [create] Created (UserBuffQEl3beach_robot/conv52 | timeout: 10s)
[2026-02-28 17:40:54.158] [1780] [HailoRT] [info] [vstream.cpp:1114] [OutputVStreamImpl] Creating beach_robot/conv52...
[2026-02-28 17:40:54.158] [1780] [HailoRT] [info] [vstream_builder.cpp:220] [create_outputs] Output pipeline 'beach_robot/conv52': HW >> (HwReadEl3beach_robot/conv52 | hw_frame_size: 102400) >> (PullQEl_hw_read3beach_robot/conv52) >> (PostInferEl3beach_robot/conv52 | Quantization - src_type: UINT8, dst_type FLOAT32, limvals_min: -6.53754, limvals_max: 19.9239) >> (UserBuffQEl3beach_robot/conv52 | timeout: 10s)
[2026-02-28 17:40:54.158] [1780] [HailoRT] [info] [edge_elements.cpp:287] [create] Created (HwReadEl1beach_robot/conv53 | hw_frame_size: 3200)
[2026-02-28 17:40:54.158] [1780] [HailoRT] [info] [queue_elements.cpp:657] [create] Created (PullQEl_hw_read1beach_robot/conv53)
[2026-02-28 17:40:54.158] [1780] [HailoRT] [info] [filter_elements.cpp:372] [create] Created (PostInferEl1beach_robot/conv53 | Quantization - src_type: UINT8, dst_type FLOAT32, limvals_min: -15.7441, limvals_max: 0)
[2026-02-28 17:40:54.158] [1780] [HailoRT] [info] [queue_elements.cpp:800] [create] Created (UserBuffQEl1beach_robot/conv53 | timeout: 10s)
[2026-02-28 17:40:54.158] [1780] [HailoRT] [info] [vstream.cpp:1114] [OutputVStreamImpl] Creating beach_robot/conv53...
[2026-02-28 17:40:54.158] [1780] [HailoRT] [info] [vstream_builder.cpp:220] [create_outputs] Output pipeline 'beach_robot/conv53': HW >> (HwReadEl1beach_robot/conv53 | hw_frame_size: 3200) >> (PullQEl_hw_read1beach_robot/conv53) >> (PostInferEl1beach_robot/conv53 | Quantization - src_type: UINT8, dst_type FLOAT32, limvals_min: -15.7441, limvals_max: 0) >> (UserBuffQEl1beach_robot/conv53 | timeout: 10s)
[2026-02-28 17:40:54.158] [1780] [HailoRT] [info] [edge_elements.cpp:287] [create] Created (HwReadEl2beach_robot/conv62 | hw_frame_size: 25600)
[2026-02-28 17:40:54.158] [1780] [HailoRT] [info] [queue_elements.cpp:657] [create] Created (PullQEl_hw_read2beach_robot/conv62)
[2026-02-28 17:40:54.158] [1780] [HailoRT] [info] [filter_elements.cpp:372] [create] Created (PostInferEl2beach_robot/conv62 | Quantization - src_type: UINT8, dst_type FLOAT32, limvals_min: -8.27399, limvals_max: 14.6594)
[2026-02-28 17:40:54.158] [1780] [HailoRT] [info] [queue_elements.cpp:800] [create] Created (UserBuffQEl2beach_robot/conv62 | timeout: 10s)
[2026-02-28 17:40:54.158] [1780] [HailoRT] [info] [vstream.cpp:1114] [OutputVStreamImpl] Creating beach_robot/conv62...
[2026-02-28 17:40:54.158] [1780] [HailoRT] [info] [vstream_builder.cpp:220] [create_outputs] Output pipeline 'beach_robot/conv62': HW >> (HwReadEl2beach_robot/conv62 | hw_frame_size: 25600) >> (PullQEl_hw_read2beach_robot/conv62) >> (PostInferEl2beach_robot/conv62 | Quantization - src_type: UINT8, dst_type FLOAT32, limvals_min: -8.27399, limvals_max: 14.6594) >> (UserBuffQEl2beach_robot/conv62 | timeout: 10s)
[2026-02-28 17:40:54.158] [1780] [HailoRT] [info] [edge_elements.cpp:287] [create] Created (HwReadEl0beach_robot/conv63 | hw_frame_size: 3200)
[2026-02-28 17:40:54.158] [1780] [HailoRT] [info] [queue_elements.cpp:657] [create] Created (PullQEl_hw_read0beach_robot/conv63)
[2026-02-28 17:40:54.158] [1780] [HailoRT] [info] [filter_elements.cpp:372] [create] Created (PostInferEl0beach_robot/conv63 | Quantization - src_type: UINT8, dst_type FLOAT32, limvals_min: -15.2921, limvals_max: 1.44388 | Reorder - src_order: FCR, src_shape: (20, 20, 8), dst_order: FCR, dst_shape: (20, 20, 2))
[2026-02-28 17:40:54.158] [1780] [HailoRT] [info] [queue_elements.cpp:800] [create] Created (UserBuffQEl0beach_robot/conv63 | timeout: 10s)
[2026-02-28 17:40:54.158] [1780] [HailoRT] [info] [vstream.cpp:1114] [OutputVStreamImpl] Creating beach_robot/conv63...
[2026-02-28 17:40:54.158] [1780] [HailoRT] [info] [vstream_builder.cpp:220] [create_outputs] Output pipeline 'beach_robot/conv63': HW >> (HwReadEl0beach_robot/conv63 | hw_frame_size: 3200) >> (PullQEl_hw_read0beach_robot/conv63) >> (PostInferEl0beach_robot/conv63 | Quantization - src_type: UINT8, dst_type FLOAT32, limvals_min: -15.2921, limvals_max: 1.44388 | Reorder - src_order: FCR, src_shape: (20, 20, 8), dst_order: FCR, dst_shape: (20, 20, 2)) >> (UserBuffQEl0beach_robot/conv63 | timeout: 10s)
[2026-02-28 17:40:54.159] [1780] [HailoRT] [info] [core_op.cpp:156] [activate] Activating beach_robot took 0.518441 milliseconds. Note that the function is asynchronous and thus the network is not fully activated yet.
[2026-02-28 17:40:54.159] [1780] [HailoRT] [info] [core_op.cpp:156] [activate] Activating beach_robot took 0.529238 milliseconds. Note that the function is asynchronous and thus the network is not fully activated yet.
[2026-02-28 17:40:54.178] [1768] [HailoRT] [info] [vdevice_native_stream.cpp:331] [read_impl] Failed read from stream HAILO_STREAM_NOT_ACTIVATED(72) (device: 0001:01:00.0)
[2026-02-28 17:40:54.178] [1770] [HailoRT] [info] [vdevice_native_stream.cpp:331] [read_impl] Failed read from stream HAILO_STREAM_NOT_ACTIVATED(72) (device: 0001:01:00.0)
[2026-02-28 17:40:54.178] [1769] [HailoRT] [info] [vdevice_native_stream.cpp:331] [read_impl] Failed read from stream HAILO_STREAM_NOT_ACTIVATED(72) (device: 0001:01:00.0)
[2026-02-28 17:40:54.178] [1773] [HailoRT] [info] [vdevice_native_stream.cpp:331] [read_impl] Failed read from stream HAILO_STREAM_NOT_ACTIVATED(72) (device: 0001:01:00.0)
[2026-02-28 17:40:54.178] [1772] [HailoRT] [info] [vdevice_native_stream.cpp:331] [read_impl] Failed read from stream HAILO_STREAM_NOT_ACTIVATED(72) (device: 0001:01:00.0)
[2026-02-28 17:40:54.178] [1771] [HailoRT] [info] [vdevice_native_stream.cpp:331] [read_impl] Failed read from stream HAILO_STREAM_NOT_ACTIVATED(72) (device: 0001:01:00.0)
[2026-02-28 17:40:54.179] [1780] [HailoRT] [info] [core_op.cpp:186] [deactivate] Deactivating took 0.500534 ms
[2026-02-28 17:40:54.179] [1780] [HailoRT] [info] [core_op.cpp:186] [deactivate] Deactivating took 0.51509 ms
[2026-02-28 17:40:54.179] [30283] [HailoRT] [info] [edge_elements.cpp:396] [run_pull] Reading from stream was aborted!
[2026-02-28 17:40:54.179] [30284] [HailoRT] [info] [queue_elements.cpp:855] [run_in_thread] Shutdown event was signaled in dequeue of UserBuffQEl0beach_robot/conv41!
[2026-02-28 17:40:54.179] [30283] [HailoRT] [info] [queue_elements.cpp:738] [run_in_thread] run_pull of queue element PullQEl_hw_read0beach_robot/conv41 was aborted!
[2026-02-28 17:40:54.179] [30283] [HailoRT] [info] [queue_elements.cpp:68] [operator()] Thread in element PullQEl_hw_read0beach_robot/conv41 is not running anymore, exiting..
[2026-02-28 17:40:54.179] [1780] [HailoRT] [info] [queue_elements.cpp:46] [~BaseQueueElement] Queue element PullQEl_hw_read0beach_robot/conv41 has 0 frames in his Queue on destruction
[2026-02-28 17:40:54.179] [30284] [HailoRT] [info] [queue_elements.cpp:68] [operator()] Thread in element UserBuffQEl0beach_robot/conv41 is not running anymore, exiting..
[2026-02-28 17:40:54.179] [1780] [HailoRT] [info] [queue_elements.cpp:46] [~BaseQueueElement] Queue element UserBuffQEl0beach_robot/conv41 has 0 frames in his Queue on destruction
[2026-02-28 17:40:54.179] [30285] [HailoRT] [info] [edge_elements.cpp:396] [run_pull] Reading from stream was aborted!
[2026-02-28 17:40:54.179] [30285] [HailoRT] [info] [queue_elements.cpp:738] [run_in_thread] run_pull of queue element PullQEl_hw_read7beach_robot/conv42 was aborted!
[2026-02-28 17:40:54.179] [30286] [HailoRT] [info] [queue_elements.cpp:855] [run_in_thread] Shutdown event was signaled in dequeue of UserBuffQEl7beach_robot/conv42!
[2026-02-28 17:40:54.179] [30285] [HailoRT] [info] [queue_elements.cpp:68] [operator()] Thread in element PullQEl_hw_read7beach_robot/conv42 is not running anymore, exiting..
[2026-02-28 17:40:54.179] [1780] [HailoRT] [info] [queue_elements.cpp:46] [~BaseQueueElement] Queue element PullQEl_hw_read7beach_robot/conv42 has 0 frames in his Queue on destruction
[2026-02-28 17:40:54.179] [30286] [HailoRT] [info] [queue_elements.cpp:68] [operator()] Thread in element UserBuffQEl7beach_robot/conv42 is not running anymore, exiting..
[2026-02-28 17:40:54.179] [1780] [HailoRT] [info] [queue_elements.cpp:46] [~BaseQueueElement] Queue element UserBuffQEl7beach_robot/conv42 has 0 frames in his Queue on destruction
[2026-02-28 17:40:54.179] [30287] [HailoRT] [info] [edge_elements.cpp:396] [run_pull] Reading from stream was aborted!
[2026-02-28 17:40:54.179] [30288] [HailoRT] [info] [queue_elements.cpp:855] [run_in_thread] Shutdown event was signaled in dequeue of UserBuffQEl3beach_robot/conv52!
[2026-02-28 17:40:54.179] [30287] [HailoRT] [info] [queue_elements.cpp:738] [run_in_thread] run_pull of queue element PullQEl_hw_read3beach_robot/conv52 was aborted!
[2026-02-28 17:40:54.179] [30287] [HailoRT] [info] [queue_elements.cpp:68] [operator()] Thread in element PullQEl_hw_read3beach_robot/conv52 is not running anymore, exiting..
[2026-02-28 17:40:54.179] [1780] [HailoRT] [info] [queue_elements.cpp:46] [~BaseQueueElement] Queue element PullQEl_hw_read3beach_robot/conv52 has 0 frames in his Queue on destruction
[2026-02-28 17:40:54.179] [30288] [HailoRT] [info] [queue_elements.cpp:68] [operator()] Thread in element UserBuffQEl3beach_robot/conv52 is not running anymore, exiting..
[2026-02-28 17:40:54.179] [1780] [HailoRT] [info] [queue_elements.cpp:46] [~BaseQueueElement] Queue element UserBuffQEl3beach_robot/conv52 has 0 frames in his Queue on destruction
[2026-02-28 17:40:54.179] [30289] [HailoRT] [info] [edge_elements.cpp:396] [run_pull] Reading from stream was aborted!
[2026-02-28 17:40:54.179] [30289] [HailoRT] [info] [queue_elements.cpp:738] [run_in_thread] run_pull of queue element PullQEl_hw_read1beach_robot/conv53 was aborted!
[2026-02-28 17:40:54.179] [30290] [HailoRT] [info] [queue_elements.cpp:855] [run_in_thread] Shutdown event was signaled in dequeue of UserBuffQEl1beach_robot/conv53!
[2026-02-28 17:40:54.179] [30289] [HailoRT] [info] [queue_elements.cpp:68] [operator()] Thread in element PullQEl_hw_read1beach_robot/conv53 is not running anymore, exiting..
[2026-02-28 17:40:54.179] [1780] [HailoRT] [info] [queue_elements.cpp:46] [~BaseQueueElement] Queue element PullQEl_hw_read1beach_robot/conv53 has 0 frames in his Queue on destruction
[2026-02-28 17:40:54.179] [30290] [HailoRT] [info] [queue_elements.cpp:68] [operator()] Thread in element UserBuffQEl1beach_robot/conv53 is not running anymore, exiting..
[2026-02-28 17:40:54.179] [1780] [HailoRT] [info] [queue_elements.cpp:46] [~BaseQueueElement] Queue element UserBuffQEl1beach_robot/conv53 has 0 frames in his Queue on destruction
[2026-02-28 17:40:54.179] [30291] [HailoRT] [info] [edge_elements.cpp:396] [run_pull] Reading from stream was aborted!
[2026-02-28 17:40:54.179] [30292] [HailoRT] [info] [queue_elements.cpp:855] [run_in_thread] Shutdown event was signaled in dequeue of UserBuffQEl2beach_robot/conv62!
[2026-02-28 17:40:54.179] [30291] [HailoRT] [info] [queue_elements.cpp:738] [run_in_thread] run_pull of queue element PullQEl_hw_read2beach_robot/conv62 was aborted!
[2026-02-28 17:40:54.179] [30291] [HailoRT] [info] [queue_elements.cpp:68] [operator()] Thread in element PullQEl_hw_read2beach_robot/conv62 is not running anymore, exiting..
[2026-02-28 17:40:54.179] [1780] [HailoRT] [info] [queue_elements.cpp:46] [~BaseQueueElement] Queue element PullQEl_hw_read2beach_robot/conv62 has 0 frames in his Queue on destruction
[2026-02-28 17:40:54.179] [30292] [HailoRT] [info] [queue_elements.cpp:68] [operator()] Thread in element UserBuffQEl2beach_robot/conv62 is not running anymore, exiting..
[2026-02-28 17:40:54.179] [1780] [HailoRT] [info] [queue_elements.cpp:46] [~BaseQueueElement] Queue element UserBuffQEl2beach_robot/conv62 has 0 frames in his Queue on destruction
[2026-02-28 17:40:54.179] [30294] [HailoRT] [info] [queue_elements.cpp:855] [run_in_thread] Shutdown event was signaled in dequeue of UserBuffQEl0beach_robot/conv63!
[2026-02-28 17:40:54.179] [30293] [HailoRT] [info] [edge_elements.cpp:396] [run_pull] Reading from stream was aborted!
[2026-02-28 17:40:54.179] [30293] [HailoRT] [info] [queue_elements.cpp:738] [run_in_thread] run_pull of queue element PullQEl_hw_read0beach_robot/conv63 was aborted!
[2026-02-28 17:40:54.179] [30293] [HailoRT] [info] [queue_elements.cpp:68] [operator()] Thread in element PullQEl_hw_read0beach_robot/conv63 is not running anymore, exiting..
[2026-02-28 17:40:54.179] [1780] [HailoRT] [info] [queue_elements.cpp:46] [~BaseQueueElement] Queue element PullQEl_hw_read0beach_robot/conv63 has 0 frames in his Queue on destruction
[2026-02-28 17:40:54.179] [30294] [HailoRT] [info] [queue_elements.cpp:68] [operator()] Thread in element UserBuffQEl0beach_robot/conv63 is not running anymore, exiting..
[2026-02-28 17:40:54.179] [1780] [HailoRT] [info] [queue_elements.cpp:46] [~BaseQueueElement] Queue element UserBuffQEl0beach_robot/conv63 has 0 frames in his Queue on destruction
[2026-02-28 17:40:54.568] [1780] [HailoRT] [info] [edge_elements.cpp:52] [create] Created (HwWriteEl2beach_robot/input_layer1 | hw_frame_size: 1228800)
[2026-02-28 17:40:54.568] [1780] [HailoRT] [info] [vstream.cpp:754] [InputVStreamImpl] Creating beach_robot/input_layer1...
[2026-02-28 17:40:54.568] [1780] [HailoRT] [info] [vstream_builder.cpp:102] [create_inputs] Input pipeline 'beach_robot/input_layer1': (HwWriteEl2beach_robot/input_layer1 | hw_frame_size: 1228800) >> HW
[2026-02-28 17:40:54.569] [1780] [HailoRT] [info] [edge_elements.cpp:287] [create] Created (HwReadEl0beach_robot/conv41 | hw_frame_size: 409600)
[2026-02-28 17:40:54.569] [1780] [HailoRT] [info] [queue_elements.cpp:657] [create] Created (PullQEl_hw_read0beach_robot/conv41)
[2026-02-28 17:40:54.569] [1780] [HailoRT] [info] [filter_elements.cpp:372] [create] Created (PostInferEl0beach_robot/conv41 | Quantization - src_type: UINT8, dst_type FLOAT32, limvals_min: -10.8307, limvals_max: 18.5504)
[2026-02-28 17:40:54.569] [1780] [HailoRT] [info] [queue_elements.cpp:800] [create] Created (UserBuffQEl0beach_robot/conv41 | timeout: 10s)
[2026-02-28 17:40:54.569] [1780] [HailoRT] [info] [vstream.cpp:1114] [OutputVStreamImpl] Creating beach_robot/conv41...
[2026-02-28 17:40:54.569] [1780] [HailoRT] [info] [vstream_builder.cpp:220] [create_outputs] Output pipeline 'beach_robot/conv41': HW >> (HwReadEl0beach_robot/conv41 | hw_frame_size: 409600) >> (PullQEl_hw_read0beach_robot/conv41) >> (PostInferEl0beach_robot/conv41 | Quantization - src_type: UINT8, dst_type FLOAT32, limvals_min: -10.8307, limvals_max: 18.5504) >> (UserBuffQEl0beach_robot/conv41 | timeout: 10s)
[2026-02-28 17:40:54.569] [1780] [HailoRT] [info] [edge_elements.cpp:287] [create] Created (HwReadEl7beach_robot/conv42 | hw_frame_size: 12800)
[2026-02-28 17:40:54.569] [1780] [HailoRT] [info] [queue_elements.cpp:657] [create] Created (PullQEl_hw_read7beach_robot/conv42)
[2026-02-28 17:40:54.569] [1780] [HailoRT] [info] [filter_elements.cpp:372] [create] Created (PostInferEl7beach_robot/conv42 | Quantization - src_type: UINT8, dst_type FLOAT32, limvals_min: -25.6857, limvals_max: 0)
[2026-02-28 17:40:54.569] [1780] [HailoRT] [info] [queue_elements.cpp:800] [create] Created (UserBuffQEl7beach_robot/conv42 | timeout: 10s)
[2026-02-28 17:40:54.569] [1780] [HailoRT] [info] [vstream.cpp:1114] [OutputVStreamImpl] Creating beach_robot/conv42...
[2026-02-28 17:40:54.569] [1780] [HailoRT] [info] [vstream_builder.cpp:220] [create_outputs] Output pipeline 'beach_robot/conv42': HW >> (HwReadEl7beach_robot/conv42 | hw_frame_size: 12800) >> (PullQEl_hw_read7beach_robot/conv42) >> (PostInferEl7beach_robot/conv42 | Quantization - src_type: UINT8, dst_type FLOAT32, limvals_min: -25.6857, limvals_max: 0) >> (UserBuffQEl7beach_robot/conv42 | timeout: 10s)
[2026-02-28 17:40:54.569] [1780] [HailoRT] [info] [edge_elements.cpp:287] [create] Created (HwReadEl3beach_robot/conv52 | hw_frame_size: 102400)
[2026-02-28 17:40:54.569] [1780] [HailoRT] [info] [queue_elements.cpp:657] [create] Created (PullQEl_hw_read3beach_robot/conv52)
[2026-02-28 17:40:54.569] [1780] [HailoRT] [info] [filter_elements.cpp:372] [create] Created (PostInferEl3beach_robot/conv52 | Quantization - src_type: UINT8, dst_type FLOAT32, limvals_min: -6.53754, limvals_max: 19.9239)
[2026-02-28 17:40:54.569] [1780] [HailoRT] [info] [queue_elements.cpp:800] [create] Created (UserBuffQEl3beach_robot/conv52 | timeout: 10s)
[2026-02-28 17:40:54.569] [1780] [HailoRT] [info] [vstream.cpp:1114] [OutputVStreamImpl] Creating beach_robot/conv52...
[2026-02-28 17:40:54.569] [1780] [HailoRT] [info] [vstream_builder.cpp:220] [create_outputs] Output pipeline 'beach_robot/conv52': HW >> (HwReadEl3beach_robot/conv52 | hw_frame_size: 102400) >> (PullQEl_hw_read3beach_robot/conv52) >> (PostInferEl3beach_robot/conv52 | Quantization - src_type: UINT8, dst_type FLOAT32, limvals_min: -6.53754, limvals_max: 19.9239) >> (UserBuffQEl3beach_robot/conv52 | timeout: 10s)
[2026-02-28 17:40:54.569] [1780] [HailoRT] [info] [edge_elements.cpp:287] [create] Created (HwReadEl1beach_robot/conv53 | hw_frame_size: 3200)
[2026-02-28 17:40:54.569] [1780] [HailoRT] [info] [queue_elements.cpp:657] [create] Created (PullQEl_hw_read1beach_robot/conv53)
[2026-02-28 17:40:54.569] [1780] [HailoRT] [info] [filter_elements.cpp:372] [create] Created (PostInferEl1beach_robot/conv53 | Quantization - src_type: UINT8, dst_type FLOAT32, limvals_min: -15.7441, limvals_max: 0)
[2026-02-28 17:40:54.569] [1780] [HailoRT] [info] [queue_elements.cpp:800] [create] Created (UserBuffQEl1beach_robot/conv53 | timeout: 10s)
[2026-02-28 17:40:54.569] [1780] [HailoRT] [info] [vstream.cpp:1114] [OutputVStreamImpl] Creating beach_robot/conv53...
[2026-02-28 17:40:54.569] [1780] [HailoRT] [info] [vstream_builder.cpp:220] [create_outputs] Output pipeline 'beach_robot/conv53': HW >> (HwReadEl1beach_robot/conv53 | hw_frame_size: 3200) >> (PullQEl_hw_read1beach_robot/conv53) >> (PostInferEl1beach_robot/conv53 | Quantization - src_type: UINT8, dst_type FLOAT32, limvals_min: -15.7441, limvals_max: 0) >> (UserBuffQEl1beach_robot/conv53 | timeout: 10s)
[2026-02-28 17:40:54.569] [1780] [HailoRT] [info] [edge_elements.cpp:287] [create] Created (HwReadEl2beach_robot/conv62 | hw_frame_size: 25600)
[2026-02-28 17:40:54.569] [1780] [HailoRT] [info] [queue_elements.cpp:657] [create] Created (PullQEl_hw_read2beach_robot/conv62)
[2026-02-28 17:40:54.569] [1780] [HailoRT] [info] [filter_elements.cpp:372] [create] Created (PostInferEl2beach_robot/conv62 | Quantization - src_type: UINT8, dst_type FLOAT32, limvals_min: -8.27399, limvals_max: 14.6594)
[2026-02-28 17:40:54.570] [1780] [HailoRT] [info] [queue_elements.cpp:800] [create] Created (UserBuffQEl2beach_robot/conv62 | timeout: 10s)
[2026-02-28 17:40:54.570] [1780] [HailoRT] [info] [vstream.cpp:1114] [OutputVStreamImpl] Creating beach_robot/conv62...
[2026-02-28 17:40:54.570] [1780] [HailoRT] [info] [vstream_builder.cpp:220] [create_outputs] Output pipeline 'beach_robot/conv62': HW >> (HwReadEl2beach_robot/conv62 | hw_frame_size: 25600) >> (PullQEl_hw_read2beach_robot/conv62) >> (PostInferEl2beach_robot/conv62 | Quantization - src_type: UINT8, dst_type FLOAT32, limvals_min: -8.27399, limvals_max: 14.6594) >> (UserBuffQEl2beach_robot/conv62 | timeout: 10s)
[2026-02-28 17:40:54.570] [1780] [HailoRT] [info] [edge_elements.cpp:287] [create] Created (HwReadEl0beach_robot/conv63 | hw_frame_size: 3200)
[2026-02-28 17:40:54.570] [1780] [HailoRT] [info] [queue_elements.cpp:657] [create] Created (PullQEl_hw_read0beach_robot/conv63)
[2026-02-28 17:40:54.570] [1780] [HailoRT] [info] [filter_elements.cpp:372] [create] Created (PostInferEl0beach_robot/conv63 | Quantization - src_type: UINT8, dst_type FLOAT32, limvals_min: -15.2921, limvals_max: 1.44388 | Reorder - src_order: FCR, src_shape: (20, 20, 8), dst_order: FCR, dst_shape: (20, 20, 2))
[2026-02-28 17:40:54.570] [1780] [HailoRT] [info] [queue_elements.cpp:800] [create] Created (UserBuffQEl0beach_robot/conv63 | timeout: 10s)
[2026-02-28 17:40:54.570] [1780] [HailoRT] [info] [vstream.cpp:1114] [OutputVStreamImpl] Creating beach_robot/conv63...
[2026-02-28 17:40:54.570] [1780] [HailoRT] [info] [vstream_builder.cpp:220] [create_outputs] Output pipeline 'beach_robot/conv63': HW >> (HwReadEl0beach_robot/conv63 | hw_frame_size: 3200) >> (PullQEl_hw_read0beach_robot/conv63) >> (PostInferEl0beach_robot/conv63 | Quantization - src_type: UINT8, dst_type FLOAT32, limvals_min: -15.2921, limvals_max: 1.44388 | Reorder - src_order: FCR, src_shape: (20, 20, 8), dst_order: FCR, dst_shape: (20, 20, 2)) >> (UserBuffQEl0beach_robot/conv63 | timeout: 10s)
[2026-02-28 17:40:54.570] [1780] [HailoRT] [info] [core_op.cpp:156] [activate] Activating beach_robot took 0.517886 milliseconds. Note that the function is asynchronous and thus the network is not fully activated yet.
[2026-02-28 17:40:54.570] [1780] [HailoRT] [info] [core_op.cpp:156] [activate] Activating beach_robot took 0.528868 milliseconds. Note that the function is asynchronous and thus the network is not fully activated yet.
[2026-02-28 17:40:54.589] [1768] [HailoRT] [info] [vdevice_native_stream.cpp:331] [read_impl] Failed read from stream HAILO_STREAM_NOT_ACTIVATED(72) (device: 0001:01:00.0)
[2026-02-28 17:40:54.589] [1770] [HailoRT] [info] [vdevice_native_stream.cpp:331] [read_impl] Failed read from stream HAILO_STREAM_NOT_ACTIVATED(72) (device: 0001:01:00.0)
[2026-02-28 17:40:54.589] [1769] [HailoRT] [info] [vdevice_native_stream.cpp:331] [read_impl] Failed read from stream HAILO_STREAM_NOT_ACTIVATED(72) (device: 0001:01:00.0)
[2026-02-28 17:40:54.589] [1772] [HailoRT] [info] [vdevice_native_stream.cpp:331] [read_impl] Failed read from stream HAILO_STREAM_NOT_ACTIVATED(72) (device: 0001:01:00.0)
[2026-02-28 17:40:54.589] [1773] [HailoRT] [info] [vdevice_native_stream.cpp:331] [read_impl] Failed read from stream HAILO_STREAM_NOT_ACTIVATED(72) (device: 0001:01:00.0)
[2026-02-28 17:40:54.589] [1771] [HailoRT] [info] [vdevice_native_stream.cpp:331] [read_impl] Failed read from stream HAILO_STREAM_NOT_ACTIVATED(72) (device: 0001:01:00.0)
[2026-02-28 17:40:54.590] [1780] [HailoRT] [info] [core_op.cpp:186] [deactivate] Deactivating took 0.489127 ms
[2026-02-28 17:40:54.590] [1780] [HailoRT] [info] [core_op.cpp:186] [deactivate] Deactivating took 0.504201 ms
[2026-02-28 17:40:54.590] [30302] [HailoRT] [info] [edge_elements.cpp:396] [run_pull] Reading from stream was aborted!
[2026-02-28 17:40:54.590] [30303] [HailoRT] [info] [queue_elements.cpp:855] [run_in_thread] Shutdown event was signaled in dequeue of UserBuffQEl0beach_robot/conv41!
[2026-02-28 17:40:54.590] [30302] [HailoRT] [info] [queue_elements.cpp:738] [run_in_thread] run_pull of queue element PullQEl_hw_read0beach_robot/conv41 was aborted!
[2026-02-28 17:40:54.590] [30302] [HailoRT] [info] [queue_elements.cpp:68] [operator()] Thread in element PullQEl_hw_read0beach_robot/conv41 is not running anymore, exiting..
[2026-02-28 17:40:54.590] [1780] [HailoRT] [info] [queue_elements.cpp:46] [~BaseQueueElement] Queue element PullQEl_hw_read0beach_robot/conv41 has 0 frames in his Queue on destruction
[2026-02-28 17:40:54.590] [30303] [HailoRT] [info] [queue_elements.cpp:68] [operator()] Thread in element UserBuffQEl0beach_robot/conv41 is not running anymore, exiting..
[2026-02-28 17:40:54.590] [1780] [HailoRT] [info] [queue_elements.cpp:46] [~BaseQueueElement] Queue element UserBuffQEl0beach_robot/conv41 has 0 frames in his Queue on destruction
[2026-02-28 17:40:54.590] [30304] [HailoRT] [info] [edge_elements.cpp:396] [run_pull] Reading from stream was aborted!
[2026-02-28 17:40:54.590] [30305] [HailoRT] [info] [queue_elements.cpp:855] [run_in_thread] Shutdown event was signaled in dequeue of UserBuffQEl7beach_robot/conv42!
[2026-02-28 17:40:54.590] [30304] [HailoRT] [info] [queue_elements.cpp:738] [run_in_thread] run_pull of queue element PullQEl_hw_read7beach_robot/conv42 was aborted!
[2026-02-28 17:40:54.590] [30304] [HailoRT] [info] [queue_elements.cpp:68] [operator()] Thread in element PullQEl_hw_read7beach_robot/conv42 is not running anymore, exiting..
[2026-02-28 17:40:54.590] [1780] [HailoRT] [info] [queue_elements.cpp:46] [~BaseQueueElement] Queue element PullQEl_hw_read7beach_robot/conv42 has 0 frames in his Queue on destruction
[2026-02-28 17:40:54.590] [30305] [HailoRT] [info] [queue_elements.cpp:68] [operator()] Thread in element UserBuffQEl7beach_robot/conv42 is not running anymore, exiting..
[2026-02-28 17:40:54.590] [1780] [HailoRT] [info] [queue_elements.cpp:46] [~BaseQueueElement] Queue element UserBuffQEl7beach_robot/conv42 has 0 frames in his Queue on destruction
[2026-02-28 17:40:54.590] [30306] [HailoRT] [info] [edge_elements.cpp:396] [run_pull] Reading from stream was aborted!
[2026-02-28 17:40:54.590] [30307] [HailoRT] [info] [queue_elements.cpp:855] [run_in_thread] Shutdown event was signaled in dequeue of UserBuffQEl3beach_robot/conv52!
[2026-02-28 17:40:54.590] [30306] [HailoRT] [info] [queue_elements.cpp:738] [run_in_thread] run_pull of queue element PullQEl_hw_read3beach_robot/conv52 was aborted!
[2026-02-28 17:40:54.590] [30306] [HailoRT] [info] [queue_elements.cpp:68] [operator()] Thread in element PullQEl_hw_read3beach_robot/conv52 is not running anymore, exiting..
[2026-02-28 17:40:54.590] [1780] [HailoRT] [info] [queue_elements.cpp:46] [~BaseQueueElement] Queue element PullQEl_hw_read3beach_robot/conv52 has 0 frames in his Queue on destruction
[2026-02-28 17:40:54.590] [30307] [HailoRT] [info] [queue_elements.cpp:68] [operator()] Thread in element UserBuffQEl3beach_robot/conv52 is not running anymore, exiting..
[2026-02-28 17:40:54.590] [1780] [HailoRT] [info] [queue_elements.cpp:46] [~BaseQueueElement] Queue element UserBuffQEl3beach_robot/conv52 has 0 frames in his Queue on destruction
[2026-02-28 17:40:54.590] [30308] [HailoRT] [info] [edge_elements.cpp:396] [run_pull] Reading from stream was aborted!
[2026-02-28 17:40:54.590] [30308] [HailoRT] [info] [queue_elements.cpp:738] [run_in_thread] run_pull of queue element PullQEl_hw_read1beach_robot/conv53 was aborted!
[2026-02-28 17:40:54.590] [30309] [HailoRT] [info] [queue_elements.cpp:855] [run_in_thread] Shutdown event was signaled in dequeue of UserBuffQEl1beach_robot/conv53!
[2026-02-28 17:40:54.590] [30308] [HailoRT] [info] [queue_elements.cpp:68] [operator()] Thread in element PullQEl_hw_read1beach_robot/conv53 is not running anymore, exiting..
[2026-02-28 17:40:54.590] [1780] [HailoRT] [info] [queue_elements.cpp:46] [~BaseQueueElement] Queue element PullQEl_hw_read1beach_robot/conv53 has 0 frames in his Queue on destruction
[2026-02-28 17:40:54.590] [30309] [HailoRT] [info] [queue_elements.cpp:68] [operator()] Thread in element UserBuffQEl1beach_robot/conv53 is not running anymore, exiting..
[2026-02-28 17:40:54.590] [1780] [HailoRT] [info] [queue_elements.cpp:46] [~BaseQueueElement] Queue element UserBuffQEl1beach_robot/conv53 has 0 frames in his Queue on destruction
[2026-02-28 17:40:54.590] [30310] [HailoRT] [info] [edge_elements.cpp:396] [run_pull] Reading from stream was aborted!
[2026-02-28 17:40:54.590] [30310] [HailoRT] [info] [queue_elements.cpp:738] [run_in_thread] run_pull of queue element PullQEl_hw_read2beach_robot/conv62 was aborted!
[2026-02-28 17:40:54.590] [30311] [HailoRT] [info] [queue_elements.cpp:855] [run_in_thread] Shutdown event was signaled in dequeue of UserBuffQEl2beach_robot/conv62!
[2026-02-28 17:40:54.590] [30310] [HailoRT] [info] [queue_elements.cpp:68] [operator()] Thread in element PullQEl_hw_read2beach_robot/conv62 is not running anymore, exiting..
[2026-02-28 17:40:54.590] [1780] [HailoRT] [info] [queue_elements.cpp:46] [~BaseQueueElement] Queue element PullQEl_hw_read2beach_robot/conv62 has 0 frames in his Queue on destruction
[2026-02-28 17:40:54.590] [30311] [HailoRT] [info] [queue_elements.cpp:68] [operator()] Thread in element UserBuffQEl2beach_robot/conv62 is not running anymore, exiting..
[2026-02-28 17:40:54.590] [1780] [HailoRT] [info] [queue_elements.cpp:46] [~BaseQueueElement] Queue element UserBuffQEl2beach_robot/conv62 has 0 frames in his Queue on destruction
[2026-02-28 17:40:54.591] [30312] [HailoRT] [info] [edge_elements.cpp:396] [run_pull] Reading from stream was aborted!
[2026-02-28 17:40:54.591] [30313] [HailoRT] [info] [queue_elements.cpp:855] [run_in_thread] Shutdown event was signaled in dequeue of UserBuffQEl0beach_robot/conv63!
[2026-02-28 17:40:54.591] [30312] [HailoRT] [info] [queue_elements.cpp:738] [run_in_thread] run_pull of queue element PullQEl_hw_read0beach_robot/conv63 was aborted!
[2026-02-28 17:40:54.591] [30312] [HailoRT] [info] [queue_elements.cpp:68] [operator()] Thread in element PullQEl_hw_read0beach_robot/conv63 is not running anymore, exiting..
[2026-02-28 17:40:54.591] [1780] [HailoRT] [info] [queue_elements.cpp:46] [~BaseQueueElement] Queue element PullQEl_hw_read0beach_robot/conv63 has 0 frames in his Queue on destruction
[2026-02-28 17:40:54.591] [30313] [HailoRT] [info] [queue_elements.cpp:68] [operator()] Thread in element UserBuffQEl0beach_robot/conv63 is not running anymore, exiting..
[2026-02-28 17:40:54.591] [1780] [HailoRT] [info] [queue_elements.cpp:46] [~BaseQueueElement] Queue element UserBuffQEl0beach_robot/conv63 has 0 frames in his Queue on destruction
[2026-02-28 17:40:54.983] [1780] [HailoRT] [info] [edge_elements.cpp:52] [create] Created (HwWriteEl2beach_robot/input_layer1 | hw_frame_size: 1228800)
[2026-02-28 17:40:54.983] [1780] [HailoRT] [info] [vstream.cpp:754] [InputVStreamImpl] Creating beach_robot/input_layer1...
[2026-02-28 17:40:54.983] [1780] [HailoRT] [info] [vstream_builder.cpp:102] [create_inputs] Input pipeline 'beach_robot/input_layer1': (HwWriteEl2beach_robot/input_layer1 | hw_frame_size: 1228800) >> HW
[2026-02-28 17:40:54.983] [1780] [HailoRT] [info] [edge_elements.cpp:287] [create] Created (HwReadEl0beach_robot/conv41 | hw_frame_size: 409600)
[2026-02-28 17:40:54.983] [1780] [HailoRT] [info] [queue_elements.cpp:657] [create] Created (PullQEl_hw_read0beach_robot/conv41)
[2026-02-28 17:40:54.983] [1780] [HailoRT] [info] [filter_elements.cpp:372] [create] Created (PostInferEl0beach_robot/conv41 | Quantization - src_type: UINT8, dst_type FLOAT32, limvals_min: -10.8307, limvals_max: 18.5504)
[2026-02-28 17:40:54.983] [1780] [HailoRT] [info] [queue_elements.cpp:800] [create] Created (UserBuffQEl0beach_robot/conv41 | timeout: 10s)
[2026-02-28 17:40:54.983] [1780] [HailoRT] [info] [vstream.cpp:1114] [OutputVStreamImpl] Creating beach_robot/conv41...
[2026-02-28 17:40:54.983] [1780] [HailoRT] [info] [vstream_builder.cpp:220] [create_outputs] Output pipeline 'beach_robot/conv41': HW >> (HwReadEl0beach_robot/conv41 | hw_frame_size: 409600) >> (PullQEl_hw_read0beach_robot/conv41) >> (PostInferEl0beach_robot/conv41 | Quantization - src_type: UINT8, dst_type FLOAT32, limvals_min: -10.8307, limvals_max: 18.5504) >> (UserBuffQEl0beach_robot/conv41 | timeout: 10s)
[2026-02-28 17:40:54.983] [1780] [HailoRT] [info] [edge_elements.cpp:287] [create] Created (HwReadEl7beach_robot/conv42 | hw_frame_size: 12800)
[2026-02-28 17:40:54.983] [1780] [HailoRT] [info] [queue_elements.cpp:657] [create] Created (PullQEl_hw_read7beach_robot/conv42)
[2026-02-28 17:40:54.983] [1780] [HailoRT] [info] [filter_elements.cpp:372] [create] Created (PostInferEl7beach_robot/conv42 | Quantization - src_type: UINT8, dst_type FLOAT32, limvals_min: -25.6857, limvals_max: 0)
[2026-02-28 17:40:54.983] [1780] [HailoRT] [info] [queue_elements.cpp:800] [create] Created (UserBuffQEl7beach_robot/conv42 | timeout: 10s)
[2026-02-28 17:40:54.983] [1780] [HailoRT] [info] [vstream.cpp:1114] [OutputVStreamImpl] Creating beach_robot/conv42...
[2026-02-28 17:40:54.983] [1780] [HailoRT] [info] [vstream_builder.cpp:220] [create_outputs] Output pipeline 'beach_robot/conv42': HW >> (HwReadEl7beach_robot/conv42 | hw_frame_size: 12800) >> (PullQEl_hw_read7beach_robot/conv42) >> (PostInferEl7beach_robot/conv42 | Quantization - src_type: UINT8, dst_type FLOAT32, limvals_min: -25.6857, limvals_max: 0) >> (UserBuffQEl7beach_robot/conv42 | timeout: 10s)
[2026-02-28 17:40:54.983] [1780] [HailoRT] [info] [edge_elements.cpp:287] [create] Created (HwReadEl3beach_robot/conv52 | hw_frame_size: 102400)
[2026-02-28 17:40:54.983] [1780] [HailoRT] [info] [queue_elements.cpp:657] [create] Created (PullQEl_hw_read3beach_robot/conv52)
[2026-02-28 17:40:54.983] [1780] [HailoRT] [info] [filter_elements.cpp:372] [create] Created (PostInferEl3beach_robot/conv52 | Quantization - src_type: UINT8, dst_type FLOAT32, limvals_min: -6.53754, limvals_max: 19.9239)
[2026-02-28 17:40:54.983] [1780] [HailoRT] [info] [queue_elements.cpp:800] [create] Created (UserBuffQEl3beach_robot/conv52 | timeout: 10s)
[2026-02-28 17:40:54.983] [1780] [HailoRT] [info] [vstream.cpp:1114] [OutputVStreamImpl] Creating beach_robot/conv52...
[2026-02-28 17:40:54.983] [1780] [HailoRT] [info] [vstream_builder.cpp:220] [create_outputs] Output pipeline 'beach_robot/conv52': HW >> (HwReadEl3beach_robot/conv52 | hw_frame_size: 102400) >> (PullQEl_hw_read3beach_robot/conv52) >> (PostInferEl3beach_robot/conv52 | Quantization - src_type: UINT8, dst_type FLOAT32, limvals_min: -6.53754, limvals_max: 19.9239) >> (UserBuffQEl3beach_robot/conv52 | timeout: 10s)
[2026-02-28 17:40:54.983] [1780] [HailoRT] [info] [edge_elements.cpp:287] [create] Created (HwReadEl1beach_robot/conv53 | hw_frame_size: 3200)
[2026-02-28 17:40:54.983] [1780] [HailoRT] [info] [queue_elements.cpp:657] [create] Created (PullQEl_hw_read1beach_robot/conv53)
[2026-02-28 17:40:54.983] [1780] [HailoRT] [info] [filter_elements.cpp:372] [create] Created (PostInferEl1beach_robot/conv53 | Quantization - src_type: UINT8, dst_type FLOAT32, limvals_min: -15.7441, limvals_max: 0)
[2026-02-28 17:40:54.984] [1780] [HailoRT] [info] [queue_elements.cpp:800] [create] Created (UserBuffQEl1beach_robot/conv53 | timeout: 10s)
[2026-02-28 17:40:54.984] [1780] [HailoRT] [info] [vstream.cpp:1114] [OutputVStreamImpl] Creating beach_robot/conv53...
[2026-02-28 17:40:54.984] [1780] [HailoRT] [info] [vstream_builder.cpp:220] [create_outputs] Output pipeline 'beach_robot/conv53': HW >> (HwReadEl1beach_robot/conv53 | hw_frame_size: 3200) >> (PullQEl_hw_read1beach_robot/conv53) >> (PostInferEl1beach_robot/conv53 | Quantization - src_type: UINT8, dst_type FLOAT32, limvals_min: -15.7441, limvals_max: 0) >> (UserBuffQEl1beach_robot/conv53 | timeout: 10s)
[2026-02-28 17:40:54.984] [1780] [HailoRT] [info] [edge_elements.cpp:287] [create] Created (HwReadEl2beach_robot/conv62 | hw_frame_size: 25600)
[2026-02-28 17:40:54.984] [1780] [HailoRT] [info] [queue_elements.cpp:657] [create] Created (PullQEl_hw_read2beach_robot/conv62)
[2026-02-28 17:40:54.984] [1780] [HailoRT] [info] [filter_elements.cpp:372] [create] Created (PostInferEl2beach_robot/conv62 | Quantization - src_type: UINT8, dst_type FLOAT32, limvals_min: -8.27399, limvals_max: 14.6594)
[2026-02-28 17:40:54.984] [1780] [HailoRT] [info] [queue_elements.cpp:800] [create] Created (UserBuffQEl2beach_robot/conv62 | timeout: 10s)
[2026-02-28 17:40:54.984] [1780] [HailoRT] [info] [vstream.cpp:1114] [OutputVStreamImpl] Creating beach_robot/conv62...
[2026-02-28 17:40:54.984] [1780] [HailoRT] [info] [vstream_builder.cpp:220] [create_outputs] Output pipeline 'beach_robot/conv62': HW >> (HwReadEl2beach_robot/conv62 | hw_frame_size: 25600) >> (PullQEl_hw_read2beach_robot/conv62) >> (PostInferEl2beach_robot/conv62 | Quantization - src_type: UINT8, dst_type FLOAT32, limvals_min: -8.27399, limvals_max: 14.6594) >> (UserBuffQEl2beach_robot/conv62 | timeout: 10s)
[2026-02-28 17:40:54.984] [1780] [HailoRT] [info] [edge_elements.cpp:287] [create] Created (HwReadEl0beach_robot/conv63 | hw_frame_size: 3200)
[2026-02-28 17:40:54.984] [1780] [HailoRT] [info] [queue_elements.cpp:657] [create] Created (PullQEl_hw_read0beach_robot/conv63)
[2026-02-28 17:40:54.984] [1780] [HailoRT] [info] [filter_elements.cpp:372] [create] Created (PostInferEl0beach_robot/conv63 | Quantization - src_type: UINT8, dst_type FLOAT32, limvals_min: -15.2921, limvals_max: 1.44388 | Reorder - src_order: FCR, src_shape: (20, 20, 8), dst_order: FCR, dst_shape: (20, 20, 2))
[2026-02-28 17:40:54.984] [1780] [HailoRT] [info] [queue_elements.cpp:800] [create] Created (UserBuffQEl0beach_robot/conv63 | timeout: 10s)
[2026-02-28 17:40:54.984] [1780] [HailoRT] [info] [vstream.cpp:1114] [OutputVStreamImpl] Creating beach_robot/conv63...
[2026-02-28 17:40:54.984] [1780] [HailoRT] [info] [vstream_builder.cpp:220] [create_outputs] Output pipeline 'beach_robot/conv63': HW >> (HwReadEl0beach_robot/conv63 | hw_frame_size: 3200) >> (PullQEl_hw_read0beach_robot/conv63) >> (PostInferEl0beach_robot/conv63 | Quantization - src_type: UINT8, dst_type FLOAT32, limvals_min: -15.2921, limvals_max: 1.44388 | Reorder - src_order: FCR, src_shape: (20, 20, 8), dst_order: FCR, dst_shape: (20, 20, 2)) >> (UserBuffQEl0beach_robot/conv63 | timeout: 10s)
[2026-02-28 17:40:54.984] [1780] [HailoRT] [info] [core_op.cpp:156] [activate] Activating beach_robot took 0.513016 milliseconds. Note that the function is asynchronous and thus the network is not fully activated yet.
[2026-02-28 17:40:54.984] [1780] [HailoRT] [info] [core_op.cpp:156] [activate] Activating beach_robot took 0.523683 milliseconds. Note that the function is asynchronous and thus the network is not fully activated yet.
[2026-02-28 17:40:55.004] [1769] [HailoRT] [info] [vdevice_native_stream.cpp:331] [read_impl] Failed read from stream HAILO_STREAM_NOT_ACTIVATED(72) (device: 0001:01:00.0)
[2026-02-28 17:40:55.004] [1770] [HailoRT] [info] [vdevice_native_stream.cpp:331] [read_impl] Failed read from stream HAILO_STREAM_NOT_ACTIVATED(72) (device: 0001:01:00.0)
[2026-02-28 17:40:55.004] [1768] [HailoRT] [info] [vdevice_native_stream.cpp:331] [read_impl] Failed read from stream HAILO_STREAM_NOT_ACTIVATED(72) (device: 0001:01:00.0)
[2026-02-28 17:40:55.004] [1772] [HailoRT] [info] [vdevice_native_stream.cpp:331] [read_impl] Failed read from stream HAILO_STREAM_NOT_ACTIVATED(72) (device: 0001:01:00.0)
[2026-02-28 17:40:55.004] [1773] [HailoRT] [info] [vdevice_native_stream.cpp:331] [read_impl] Failed read from stream HAILO_STREAM_NOT_ACTIVATED(72) (device: 0001:01:00.0)
[2026-02-28 17:40:55.004] [1771] [HailoRT] [info] [vdevice_native_stream.cpp:331] [read_impl] Failed read from stream HAILO_STREAM_NOT_ACTIVATED(72) (device: 0001:01:00.0)
[2026-02-28 17:40:55.004] [1780] [HailoRT] [info] [core_op.cpp:186] [deactivate] Deactivating took 0.50446 ms
[2026-02-28 17:40:55.004] [1780] [HailoRT] [info] [core_op.cpp:186] [deactivate] Deactivating took 0.518275 ms
[2026-02-28 17:40:55.004] [30321] [HailoRT] [info] [edge_elements.cpp:396] [run_pull] Reading from stream was aborted!
[2026-02-28 17:40:55.004] [30321] [HailoRT] [info] [queue_elements.cpp:738] [run_in_thread] run_pull of queue element PullQEl_hw_read0beach_robot/conv41 was aborted!
[2026-02-28 17:40:55.004] [30322] [HailoRT] [info] [queue_elements.cpp:855] [run_in_thread] Shutdown event was signaled in dequeue of UserBuffQEl0beach_robot/conv41!
[2026-02-28 17:40:55.004] [30321] [HailoRT] [info] [queue_elements.cpp:68] [operator()] Thread in element PullQEl_hw_read0beach_robot/conv41 is not running anymore, exiting..
[2026-02-28 17:40:55.004] [1780] [HailoRT] [info] [queue_elements.cpp:46] [~BaseQueueElement] Queue element PullQEl_hw_read0beach_robot/conv41 has 0 frames in his Queue on destruction
[2026-02-28 17:40:55.004] [30322] [HailoRT] [info] [queue_elements.cpp:68] [operator()] Thread in element UserBuffQEl0beach_robot/conv41 is not running anymore, exiting..
[2026-02-28 17:40:55.004] [1780] [HailoRT] [info] [queue_elements.cpp:46] [~BaseQueueElement] Queue element UserBuffQEl0beach_robot/conv41 has 0 frames in his Queue on destruction
[2026-02-28 17:40:55.004] [30323] [HailoRT] [info] [edge_elements.cpp:396] [run_pull] Reading from stream was aborted!
[2026-02-28 17:40:55.004] [30323] [HailoRT] [info] [queue_elements.cpp:738] [run_in_thread] run_pull of queue element PullQEl_hw_read7beach_robot/conv42 was aborted!
[2026-02-28 17:40:55.004] [30324] [HailoRT] [info] [queue_elements.cpp:855] [run_in_thread] Shutdown event was signaled in dequeue of UserBuffQEl7beach_robot/conv42!
[2026-02-28 17:40:55.004] [30323] [HailoRT] [info] [queue_elements.cpp:68] [operator()] Thread in element PullQEl_hw_read7beach_robot/conv42 is not running anymore, exiting..
[2026-02-28 17:40:55.004] [1780] [HailoRT] [info] [queue_elements.cpp:46] [~BaseQueueElement] Queue element PullQEl_hw_read7beach_robot/conv42 has 0 frames in his Queue on destruction
[2026-02-28 17:40:55.004] [30324] [HailoRT] [info] [queue_elements.cpp:68] [operator()] Thread in element UserBuffQEl7beach_robot/conv42 is not running anymore, exiting..
[2026-02-28 17:40:55.004] [1780] [HailoRT] [info] [queue_elements.cpp:46] [~BaseQueueElement] Queue element UserBuffQEl7beach_robot/conv42 has 0 frames in his Queue on destruction
[2026-02-28 17:40:55.004] [30325] [HailoRT] [info] [edge_elements.cpp:396] [run_pull] Reading from stream was aborted!
[2026-02-28 17:40:55.004] [30325] [HailoRT] [info] [queue_elements.cpp:738] [run_in_thread] run_pull of queue element PullQEl_hw_read3beach_robot/conv52 was aborted!
[2026-02-28 17:40:55.004] [30326] [HailoRT] [info] [queue_elements.cpp:855] [run_in_thread] Shutdown event was signaled in dequeue of UserBuffQEl3beach_robot/conv52!
[2026-02-28 17:40:55.004] [30325] [HailoRT] [info] [queue_elements.cpp:68] [operator()] Thread in element PullQEl_hw_read3beach_robot/conv52 is not running anymore, exiting..
[2026-02-28 17:40:55.004] [1780] [HailoRT] [info] [queue_elements.cpp:46] [~BaseQueueElement] Queue element PullQEl_hw_read3beach_robot/conv52 has 0 frames in his Queue on destruction
[2026-02-28 17:40:55.004] [30326] [HailoRT] [info] [queue_elements.cpp:68] [operator()] Thread in element UserBuffQEl3beach_robot/conv52 is not running anymore, exiting..
[2026-02-28 17:40:55.004] [1780] [HailoRT] [info] [queue_elements.cpp:46] [~BaseQueueElement] Queue element UserBuffQEl3beach_robot/conv52 has 0 frames in his Queue on destruction
[2026-02-28 17:40:55.004] [30327] [HailoRT] [info] [edge_elements.cpp:396] [run_pull] Reading from stream was aborted!
[2026-02-28 17:40:55.004] [30328] [HailoRT] [info] [queue_elements.cpp:855] [run_in_thread] Shutdown event was signaled in dequeue of UserBuffQEl1beach_robot/conv53!
[2026-02-28 17:40:55.004] [30327] [HailoRT] [info] [queue_elements.cpp:738] [run_in_thread] run_pull of queue element PullQEl_hw_read1beach_robot/conv53 was aborted!
[2026-02-28 17:40:55.004] [30327] [HailoRT] [info] [queue_elements.cpp:68] [operator()] Thread in element PullQEl_hw_read1beach_robot/conv53 is not running anymore, exiting..
[2026-02-28 17:40:55.004] [1780] [HailoRT] [info] [queue_elements.cpp:46] [~BaseQueueElement] Queue element PullQEl_hw_read1beach_robot/conv53 has 0 frames in his Queue on destruction
[2026-02-28 17:40:55.005] [30328] [HailoRT] [info] [queue_elements.cpp:68] [operator()] Thread in element UserBuffQEl1beach_robot/conv53 is not running anymore, exiting..
[2026-02-28 17:40:55.005] [1780] [HailoRT] [info] [queue_elements.cpp:46] [~BaseQueueElement] Queue element UserBuffQEl1beach_robot/conv53 has 0 frames in his Queue on destruction
[2026-02-28 17:40:55.005] [30329] [HailoRT] [info] [edge_elements.cpp:396] [run_pull] Reading from stream was aborted!
[2026-02-28 17:40:55.005] [30330] [HailoRT] [info] [queue_elements.cpp:855] [run_in_thread] Shutdown event was signaled in dequeue of UserBuffQEl2beach_robot/conv62!
[2026-02-28 17:40:55.005] [30329] [HailoRT] [info] [queue_elements.cpp:738] [run_in_thread] run_pull of queue element PullQEl_hw_read2beach_robot/conv62 was aborted!
[2026-02-28 17:40:55.005] [30329] [HailoRT] [info] [queue_elements.cpp:68] [operator()] Thread in element PullQEl_hw_read2beach_robot/conv62 is not running anymore, exiting..
[2026-02-28 17:40:55.005] [1780] [HailoRT] [info] [queue_elements.cpp:46] [~BaseQueueElement] Queue element PullQEl_hw_read2beach_robot/conv62 has 0 frames in his Queue on destruction
[2026-02-28 17:40:55.005] [30330] [HailoRT] [info] [queue_elements.cpp:68] [operator()] Thread in element UserBuffQEl2beach_robot/conv62 is not running anymore, exiting..
[2026-02-28 17:40:55.005] [1780] [HailoRT] [info] [queue_elements.cpp:46] [~BaseQueueElement] Queue element UserBuffQEl2beach_robot/conv62 has 0 frames in his Queue on destruction
[2026-02-28 17:40:55.005] [30331] [HailoRT] [info] [edge_elements.cpp:396] [run_pull] Reading from stream was aborted!
[2026-02-28 17:40:55.005] [30332] [HailoRT] [info] [queue_elements.cpp:855] [run_in_thread] Shutdown event was signaled in dequeue of UserBuffQEl0beach_robot/conv63!
[2026-02-28 17:40:55.005] [30331] [HailoRT] [info] [queue_elements.cpp:738] [run_in_thread] run_pull of queue element PullQEl_hw_read0beach_robot/conv63 was aborted!
[2026-02-28 17:40:55.005] [30331] [HailoRT] [info] [queue_elements.cpp:68] [operator()] Thread in element PullQEl_hw_read0beach_robot/conv63 is not running anymore, exiting..
[2026-02-28 17:40:55.005] [1780] [HailoRT] [info] [queue_elements.cpp:46] [~BaseQueueElement] Queue element PullQEl_hw_read0beach_robot/conv63 has 0 frames in his Queue on destruction
[2026-02-28 17:40:55.005] [30332] [HailoRT] [info] [queue_elements.cpp:68] [operator()] Thread in element UserBuffQEl0beach_robot/conv63 is not running anymore, exiting..
[2026-02-28 17:40:55.005] [1780] [HailoRT] [info] [queue_elements.cpp:46] [~BaseQueueElement] Queue element UserBuffQEl0beach_robot/conv63 has 0 frames in his Queue on destruction
[2026-02-28 17:40:55.395] [1780] [HailoRT] [info] [edge_elements.cpp:52] [create] Created (HwWriteEl2beach_robot/input_layer1 | hw_frame_size: 1228800)
[2026-02-28 17:40:55.395] [1780] [HailoRT] [info] [vstream.cpp:754] [InputVStreamImpl] Creating beach_robot/input_layer1...
[2026-02-28 17:40:55.395] [1780] [HailoRT] [info] [vstream_builder.cpp:102] [create_inputs] Input pipeline 'beach_robot/input_layer1': (HwWriteEl2beach_robot/input_layer1 | hw_frame_size: 1228800) >> HW
[2026-02-28 17:40:55.395] [1780] [HailoRT] [info] [edge_elements.cpp:287] [create] Created (HwReadEl0beach_robot/conv41 | hw_frame_size: 409600)
[2026-02-28 17:40:55.395] [1780] [HailoRT] [info] [queue_elements.cpp:657] [create] Created (PullQEl_hw_read0beach_robot/conv41)
[2026-02-28 17:40:55.395] [1780] [HailoRT] [info] [filter_elements.cpp:372] [create] Created (PostInferEl0beach_robot/conv41 | Quantization - src_type: UINT8, dst_type FLOAT32, limvals_min: -10.8307, limvals_max: 18.5504)
[2026-02-28 17:40:55.396] [1780] [HailoRT] [info] [queue_elements.cpp:800] [create] Created (UserBuffQEl0beach_robot/conv41 | timeout: 10s)
[2026-02-28 17:40:55.396] [1780] [HailoRT] [info] [vstream.cpp:1114] [OutputVStreamImpl] Creating beach_robot/conv41...
[2026-02-28 17:40:55.396] [1780] [HailoRT] [info] [vstream_builder.cpp:220] [create_outputs] Output pipeline 'beach_robot/conv41': HW >> (HwReadEl0beach_robot/conv41 | hw_frame_size: 409600) >> (PullQEl_hw_read0beach_robot/conv41) >> (PostInferEl0beach_robot/conv41 | Quantization - src_type: UINT8, dst_type FLOAT32, limvals_min: -10.8307, limvals_max: 18.5504) >> (UserBuffQEl0beach_robot/conv41 | timeout: 10s)
[2026-02-28 17:40:55.396] [1780] [HailoRT] [info] [edge_elements.cpp:287] [create] Created (HwReadEl7beach_robot/conv42 | hw_frame_size: 12800)
[2026-02-28 17:40:55.396] [1780] [HailoRT] [info] [queue_elements.cpp:657] [create] Created (PullQEl_hw_read7beach_robot/conv42)
[2026-02-28 17:40:55.396] [1780] [HailoRT] [info] [filter_elements.cpp:372] [create] Created (PostInferEl7beach_robot/conv42 | Quantization - src_type: UINT8, dst_type FLOAT32, limvals_min: -25.6857, limvals_max: 0)
[2026-02-28 17:40:55.396] [1780] [HailoRT] [info] [queue_elements.cpp:800] [create] Created (UserBuffQEl7beach_robot/conv42 | timeout: 10s)
[2026-02-28 17:40:55.396] [1780] [HailoRT] [info] [vstream.cpp:1114] [OutputVStreamImpl] Creating beach_robot/conv42...
[2026-02-28 17:40:55.396] [1780] [HailoRT] [info] [vstream_builder.cpp:220] [create_outputs] Output pipeline 'beach_robot/conv42': HW >> (HwReadEl7beach_robot/conv42 | hw_frame_size: 12800) >> (PullQEl_hw_read7beach_robot/conv42) >> (PostInferEl7beach_robot/conv42 | Quantization - src_type: UINT8, dst_type FLOAT32, limvals_min: -25.6857, limvals_max: 0) >> (UserBuffQEl7beach_robot/conv42 | timeout: 10s)
[2026-02-28 17:40:55.396] [1780] [HailoRT] [info] [edge_elements.cpp:287] [create] Created (HwReadEl3beach_robot/conv52 | hw_frame_size: 102400)
[2026-02-28 17:40:55.396] [1780] [HailoRT] [info] [queue_elements.cpp:657] [create] Created (PullQEl_hw_read3beach_robot/conv52)
[2026-02-28 17:40:55.396] [1780] [HailoRT] [info] [filter_elements.cpp:372] [create] Created (PostInferEl3beach_robot/conv52 | Quantization - src_type: UINT8, dst_type FLOAT32, limvals_min: -6.53754, limvals_max: 19.9239)
[2026-02-28 17:40:55.396] [1780] [HailoRT] [info] [queue_elements.cpp:800] [create] Created (UserBuffQEl3beach_robot/conv52 | timeout: 10s)
[2026-02-28 17:40:55.396] [1780] [HailoRT] [info] [vstream.cpp:1114] [OutputVStreamImpl] Creating beach_robot/conv52...
[2026-02-28 17:40:55.396] [1780] [HailoRT] [info] [vstream_builder.cpp:220] [create_outputs] Output pipeline 'beach_robot/conv52': HW >> (HwReadEl3beach_robot/conv52 | hw_frame_size: 102400) >> (PullQEl_hw_read3beach_robot/conv52) >> (PostInferEl3beach_robot/conv52 | Quantization - src_type: UINT8, dst_type FLOAT32, limvals_min: -6.53754, limvals_max: 19.9239) >> (UserBuffQEl3beach_robot/conv52 | timeout: 10s)
[2026-02-28 17:40:55.396] [1780] [HailoRT] [info] [edge_elements.cpp:287] [create] Created (HwReadEl1beach_robot/conv53 | hw_frame_size: 3200)
[2026-02-28 17:40:55.396] [1780] [HailoRT] [info] [queue_elements.cpp:657] [create] Created (PullQEl_hw_read1beach_robot/conv53)
[2026-02-28 17:40:55.396] [1780] [HailoRT] [info] [filter_elements.cpp:372] [create] Created (PostInferEl1beach_robot/conv53 | Quantization - src_type: UINT8, dst_type FLOAT32, limvals_min: -15.7441, limvals_max: 0)
[2026-02-28 17:40:55.396] [1780] [HailoRT] [info] [queue_elements.cpp:800] [create] Created (UserBuffQEl1beach_robot/conv53 | timeout: 10s)
[2026-02-28 17:40:55.396] [1780] [HailoRT] [info] [vstream.cpp:1114] [OutputVStreamImpl] Creating beach_robot/conv53...
[2026-02-28 17:40:55.396] [1780] [HailoRT] [info] [vstream_builder.cpp:220] [create_outputs] Output pipeline 'beach_robot/conv53': HW >> (HwReadEl1beach_robot/conv53 | hw_frame_size: 3200) >> (PullQEl_hw_read1beach_robot/conv53) >> (PostInferEl1beach_robot/conv53 | Quantization - src_type: UINT8, dst_type FLOAT32, limvals_min: -15.7441, limvals_max: 0) >> (UserBuffQEl1beach_robot/conv53 | timeout: 10s)
[2026-02-28 17:40:55.396] [1780] [HailoRT] [info] [edge_elements.cpp:287] [create] Created (HwReadEl2beach_robot/conv62 | hw_frame_size: 25600)
[2026-02-28 17:40:55.396] [1780] [HailoRT] [info] [queue_elements.cpp:657] [create] Created (PullQEl_hw_read2beach_robot/conv62)
[2026-02-28 17:40:55.396] [1780] [HailoRT] [info] [filter_elements.cpp:372] [create] Created (PostInferEl2beach_robot/conv62 | Quantization - src_type: UINT8, dst_type FLOAT32, limvals_min: -8.27399, limvals_max: 14.6594)
[2026-02-28 17:40:55.396] [1780] [HailoRT] [info] [queue_elements.cpp:800] [create] Created (UserBuffQEl2beach_robot/conv62 | timeout: 10s)
[2026-02-28 17:40:55.396] [1780] [HailoRT] [info] [vstream.cpp:1114] [OutputVStreamImpl] Creating beach_robot/conv62...
[2026-02-28 17:40:55.396] [1780] [HailoRT] [info] [vstream_builder.cpp:220] [create_outputs] Output pipeline 'beach_robot/conv62': HW >> (HwReadEl2beach_robot/conv62 | hw_frame_size: 25600) >> (PullQEl_hw_read2beach_robot/conv62) >> (PostInferEl2beach_robot/conv62 | Quantization - src_type: UINT8, dst_type FLOAT32, limvals_min: -8.27399, limvals_max: 14.6594) >> (UserBuffQEl2beach_robot/conv62 | timeout: 10s)
[2026-02-28 17:40:55.396] [1780] [HailoRT] [info] [edge_elements.cpp:287] [create] Created (HwReadEl0beach_robot/conv63 | hw_frame_size: 3200)
[2026-02-28 17:40:55.396] [1780] [HailoRT] [info] [queue_elements.cpp:657] [create] Created (PullQEl_hw_read0beach_robot/conv63)
[2026-02-28 17:40:55.396] [1780] [HailoRT] [info] [filter_elements.cpp:372] [create] Created (PostInferEl0beach_robot/conv63 | Quantization - src_type: UINT8, dst_type FLOAT32, limvals_min: -15.2921, limvals_max: 1.44388 | Reorder - src_order: FCR, src_shape: (20, 20, 8), dst_order: FCR, dst_shape: (20, 20, 2))
[2026-02-28 17:40:55.396] [1780] [HailoRT] [info] [queue_elements.cpp:800] [create] Created (UserBuffQEl0beach_robot/conv63 | timeout: 10s)
[2026-02-28 17:40:55.396] [1780] [HailoRT] [info] [vstream.cpp:1114] [OutputVStreamImpl] Creating beach_robot/conv63...
[2026-02-28 17:40:55.396] [1780] [HailoRT] [info] [vstream_builder.cpp:220] [create_outputs] Output pipeline 'beach_robot/conv63': HW >> (HwReadEl0beach_robot/conv63 | hw_frame_size: 3200) >> (PullQEl_hw_read0beach_robot/conv63) >> (PostInferEl0beach_robot/conv63 | Quantization - src_type: UINT8, dst_type FLOAT32, limvals_min: -15.2921, limvals_max: 1.44388 | Reorder - src_order: FCR, src_shape: (20, 20, 8), dst_order: FCR, dst_shape: (20, 20, 2)) >> (UserBuffQEl0beach_robot/conv63 | timeout: 10s)
[2026-02-28 17:40:55.397] [1780] [HailoRT] [info] [core_op.cpp:156] [activate] Activating beach_robot took 0.51459 milliseconds. Note that the function is asynchronous and thus the network is not fully activated yet.
[2026-02-28 17:40:55.397] [1780] [HailoRT] [info] [core_op.cpp:156] [activate] Activating beach_robot took 0.526034 milliseconds. Note that the function is asynchronous and thus the network is not fully activated yet.
[2026-02-28 17:40:55.416] [1768] [HailoRT] [info] [vdevice_native_stream.cpp:331] [read_impl] Failed read from stream HAILO_STREAM_NOT_ACTIVATED(72) (device: 0001:01:00.0)
[2026-02-28 17:40:55.416] [1770] [HailoRT] [info] [vdevice_native_stream.cpp:331] [read_impl] Failed read from stream HAILO_STREAM_NOT_ACTIVATED(72) (device: 0001:01:00.0)
[2026-02-28 17:40:55.416] [1773] [HailoRT] [info] [vdevice_native_stream.cpp:331] [read_impl] Failed read from stream HAILO_STREAM_NOT_ACTIVATED(72) (device: 0001:01:00.0)
[2026-02-28 17:40:55.416] [1772] [HailoRT] [info] [vdevice_native_stream.cpp:331] [read_impl] Failed read from stream HAILO_STREAM_NOT_ACTIVATED(72) (device: 0001:01:00.0)
[2026-02-28 17:40:55.416] [1771] [HailoRT] [info] [vdevice_native_stream.cpp:331] [read_impl] Failed read from stream HAILO_STREAM_NOT_ACTIVATED(72) (device: 0001:01:00.0)
[2026-02-28 17:40:55.416] [1769] [HailoRT] [info] [vdevice_native_stream.cpp:331] [read_impl] Failed read from stream HAILO_STREAM_NOT_ACTIVATED(72) (device: 0001:01:00.0)
[2026-02-28 17:40:55.417] [1780] [HailoRT] [info] [core_op.cpp:186] [deactivate] Deactivating took 0.506109 ms
[2026-02-28 17:40:55.417] [1780] [HailoRT] [info] [core_op.cpp:186] [deactivate] Deactivating took 0.520738 ms
[2026-02-28 17:40:55.417] [30340] [HailoRT] [info] [edge_elements.cpp:396] [run_pull] Reading from stream was aborted!
[2026-02-28 17:40:55.417] [30340] [HailoRT] [info] [queue_elements.cpp:738] [run_in_thread] run_pull of queue element PullQEl_hw_read0beach_robot/conv41 was aborted!
[2026-02-28 17:40:55.417] [30341] [HailoRT] [info] [queue_elements.cpp:855] [run_in_thread] Shutdown event was signaled in dequeue of UserBuffQEl0beach_robot/conv41!
[2026-02-28 17:40:55.417] [30340] [HailoRT] [info] [queue_elements.cpp:68] [operator()] Thread in element PullQEl_hw_read0beach_robot/conv41 is not running anymore, exiting..
[2026-02-28 17:40:55.417] [1780] [HailoRT] [info] [queue_elements.cpp:46] [~BaseQueueElement] Queue element PullQEl_hw_read0beach_robot/conv41 has 0 frames in his Queue on destruction
[2026-02-28 17:40:55.417] [30341] [HailoRT] [info] [queue_elements.cpp:68] [operator()] Thread in element UserBuffQEl0beach_robot/conv41 is not running anymore, exiting..
[2026-02-28 17:40:55.417] [1780] [HailoRT] [info] [queue_elements.cpp:46] [~BaseQueueElement] Queue element UserBuffQEl0beach_robot/conv41 has 0 frames in his Queue on destruction
[2026-02-28 17:40:55.417] [30343] [HailoRT] [info] [queue_elements.cpp:855] [run_in_thread] Shutdown event was signaled in dequeue of UserBuffQEl7beach_robot/conv42!
[2026-02-28 17:40:55.417] [30342] [HailoRT] [info] [edge_elements.cpp:396] [run_pull] Reading from stream was aborted!
[2026-02-28 17:40:55.417] [30342] [HailoRT] [info] [queue_elements.cpp:738] [run_in_thread] run_pull of queue element PullQEl_hw_read7beach_robot/conv42 was aborted!
[2026-02-28 17:40:55.417] [30342] [HailoRT] [info] [queue_elements.cpp:68] [operator()] Thread in element PullQEl_hw_read7beach_robot/conv42 is not running anymore, exiting..
[2026-02-28 17:40:55.417] [1780] [HailoRT] [info] [queue_elements.cpp:46] [~BaseQueueElement] Queue element PullQEl_hw_read7beach_robot/conv42 has 0 frames in his Queue on destruction
[2026-02-28 17:40:55.417] [30343] [HailoRT] [info] [queue_elements.cpp:68] [operator()] Thread in element UserBuffQEl7beach_robot/conv42 is not running anymore, exiting..
[2026-02-28 17:40:55.417] [1780] [HailoRT] [info] [queue_elements.cpp:46] [~BaseQueueElement] Queue element UserBuffQEl7beach_robot/conv42 has 0 frames in his Queue on destruction
[2026-02-28 17:40:55.417] [30344] [HailoRT] [info] [edge_elements.cpp:396] [run_pull] Reading from stream was aborted!
[2026-02-28 17:40:55.417] [30344] [HailoRT] [info] [queue_elements.cpp:738] [run_in_thread] run_pull of queue element PullQEl_hw_read3beach_robot/conv52 was aborted!
[2026-02-28 17:40:55.417] [30345] [HailoRT] [info] [queue_elements.cpp:855] [run_in_thread] Shutdown event was signaled in dequeue of UserBuffQEl3beach_robot/conv52!
[2026-02-28 17:40:55.417] [30344] [HailoRT] [info] [queue_elements.cpp:68] [operator()] Thread in element PullQEl_hw_read3beach_robot/conv52 is not running anymore, exiting..
[2026-02-28 17:40:55.417] [1780] [HailoRT] [info] [queue_elements.cpp:46] [~BaseQueueElement] Queue element PullQEl_hw_read3beach_robot/conv52 has 0 frames in his Queue on destruction
[2026-02-28 17:40:55.417] [30345] [HailoRT] [info] [queue_elements.cpp:68] [operator()] Thread in element UserBuffQEl3beach_robot/conv52 is not running anymore, exiting..
[2026-02-28 17:40:55.417] [1780] [HailoRT] [info] [queue_elements.cpp:46] [~BaseQueueElement] Queue element UserBuffQEl3beach_robot/conv52 has 0 frames in his Queue on destruction
[2026-02-28 17:40:55.417] [30346] [HailoRT] [info] [edge_elements.cpp:396] [run_pull] Reading from stream was aborted!
[2026-02-28 17:40:55.417] [30346] [HailoRT] [info] [queue_elements.cpp:738] [run_in_thread] run_pull of queue element PullQEl_hw_read1beach_robot/conv53 was aborted!
[2026-02-28 17:40:55.417] [30347] [HailoRT] [info] [queue_elements.cpp:855] [run_in_thread] Shutdown event was signaled in dequeue of UserBuffQEl1beach_robot/conv53!
[2026-02-28 17:40:55.417] [30346] [HailoRT] [info] [queue_elements.cpp:68] [operator()] Thread in element PullQEl_hw_read1beach_robot/conv53 is not running anymore, exiting..
[2026-02-28 17:40:55.417] [1780] [HailoRT] [info] [queue_elements.cpp:46] [~BaseQueueElement] Queue element PullQEl_hw_read1beach_robot/conv53 has 0 frames in his Queue on destruction
[2026-02-28 17:40:55.417] [30347] [HailoRT] [info] [queue_elements.cpp:68] [operator()] Thread in element UserBuffQEl1beach_robot/conv53 is not running anymore, exiting..
[2026-02-28 17:40:55.417] [1780] [HailoRT] [info] [queue_elements.cpp:46] [~BaseQueueElement] Queue element UserBuffQEl1beach_robot/conv53 has 0 frames in his Queue on destruction
[2026-02-28 17:40:55.417] [30348] [HailoRT] [info] [edge_elements.cpp:396] [run_pull] Reading from stream was aborted!
[2026-02-28 17:40:55.417] [30348] [HailoRT] [info] [queue_elements.cpp:738] [run_in_thread] run_pull of queue element PullQEl_hw_read2beach_robot/conv62 was aborted!
[2026-02-28 17:40:55.417] [30349] [HailoRT] [info] [queue_elements.cpp:855] [run_in_thread] Shutdown event was signaled in dequeue of UserBuffQEl2beach_robot/conv62!
[2026-02-28 17:40:55.417] [30348] [HailoRT] [info] [queue_elements.cpp:68] [operator()] Thread in element PullQEl_hw_read2beach_robot/conv62 is not running anymore, exiting..
[2026-02-28 17:40:55.417] [1780] [HailoRT] [info] [queue_elements.cpp:46] [~BaseQueueElement] Queue element PullQEl_hw_read2beach_robot/conv62 has 0 frames in his Queue on destruction
[2026-02-28 17:40:55.417] [30349] [HailoRT] [info] [queue_elements.cpp:68] [operator()] Thread in element UserBuffQEl2beach_robot/conv62 is not running anymore, exiting..
[2026-02-28 17:40:55.417] [1780] [HailoRT] [info] [queue_elements.cpp:46] [~BaseQueueElement] Queue element UserBuffQEl2beach_robot/conv62 has 0 frames in his Queue on destruction
[2026-02-28 17:40:55.417] [30350] [HailoRT] [info] [edge_elements.cpp:396] [run_pull] Reading from stream was aborted!
[2026-02-28 17:40:55.417] [30351] [HailoRT] [info] [queue_elements.cpp:855] [run_in_thread] Shutdown event was signaled in dequeue of UserBuffQEl0beach_robot/conv63!
[2026-02-28 17:40:55.417] [30350] [HailoRT] [info] [queue_elements.cpp:738] [run_in_thread] run_pull of queue element PullQEl_hw_read0beach_robot/conv63 was aborted!
[2026-02-28 17:40:55.417] [30350] [HailoRT] [info] [queue_elements.cpp:68] [operator()] Thread in element PullQEl_hw_read0beach_robot/conv63 is not running anymore, exiting..
[2026-02-28 17:40:55.417] [1780] [HailoRT] [info] [queue_elements.cpp:46] [~BaseQueueElement] Queue element PullQEl_hw_read0beach_robot/conv63 has 0 frames in his Queue on destruction
[2026-02-28 17:40:55.417] [30351] [HailoRT] [info] [queue_elements.cpp:68] [operator()] Thread in element UserBuffQEl0beach_robot/conv63 is not running anymore, exiting..
[2026-02-28 17:40:55.417] [1780] [HailoRT] [info] [queue_elements.cpp:46] [~BaseQueueElement] Queue element UserBuffQEl0beach_robot/conv63 has 0 frames in his Queue on destruction
[2026-02-28 17:40:55.808] [1780] [HailoRT] [info] [edge_elements.cpp:52] [create] Created (HwWriteEl2beach_robot/input_layer1 | hw_frame_size: 1228800)
[2026-02-28 17:40:55.809] [1780] [HailoRT] [info] [vstream.cpp:754] [InputVStreamImpl] Creating beach_robot/input_layer1...
[2026-02-28 17:40:55.809] [1780] [HailoRT] [info] [vstream_builder.cpp:102] [create_inputs] Input pipeline 'beach_robot/input_layer1': (HwWriteEl2beach_robot/input_layer1 | hw_frame_size: 1228800) >> HW
[2026-02-28 17:40:55.809] [1780] [HailoRT] [info] [edge_elements.cpp:287] [create] Created (HwReadEl0beach_robot/conv41 | hw_frame_size: 409600)
[2026-02-28 17:40:55.809] [1780] [HailoRT] [info] [queue_elements.cpp:657] [create] Created (PullQEl_hw_read0beach_robot/conv41)
[2026-02-28 17:40:55.809] [1780] [HailoRT] [info] [filter_elements.cpp:372] [create] Created (PostInferEl0beach_robot/conv41 | Quantization - src_type: UINT8, dst_type FLOAT32, limvals_min: -10.8307, limvals_max: 18.5504)
[2026-02-28 17:40:55.809] [1780] [HailoRT] [info] [queue_elements.cpp:800] [create] Created (UserBuffQEl0beach_robot/conv41 | timeout: 10s)
[2026-02-28 17:40:55.809] [1780] [HailoRT] [info] [vstream.cpp:1114] [OutputVStreamImpl] Creating beach_robot/conv41...
[2026-02-28 17:40:55.809] [1780] [HailoRT] [info] [vstream_builder.cpp:220] [create_outputs] Output pipeline 'beach_robot/conv41': HW >> (HwReadEl0beach_robot/conv41 | hw_frame_size: 409600) >> (PullQEl_hw_read0beach_robot/conv41) >> (PostInferEl0beach_robot/conv41 | Quantization - src_type: UINT8, dst_type FLOAT32, limvals_min: -10.8307, limvals_max: 18.5504) >> (UserBuffQEl0beach_robot/conv41 | timeout: 10s)
[2026-02-28 17:40:55.809] [1780] [HailoRT] [info] [edge_elements.cpp:287] [create] Created (HwReadEl7beach_robot/conv42 | hw_frame_size: 12800)
[2026-02-28 17:40:55.809] [1780] [HailoRT] [info] [queue_elements.cpp:657] [create] Created (PullQEl_hw_read7beach_robot/conv42)
[2026-02-28 17:40:55.809] [1780] [HailoRT] [info] [filter_elements.cpp:372] [create] Created (PostInferEl7beach_robot/conv42 | Quantization - src_type: UINT8, dst_type FLOAT32, limvals_min: -25.6857, limvals_max: 0)
[2026-02-28 17:40:55.809] [1780] [HailoRT] [info] [queue_elements.cpp:800] [create] Created (UserBuffQEl7beach_robot/conv42 | timeout: 10s)
[2026-02-28 17:40:55.809] [1780] [HailoRT] [info] [vstream.cpp:1114] [OutputVStreamImpl] Creating beach_robot/conv42...
[2026-02-28 17:40:55.809] [1780] [HailoRT] [info] [vstream_builder.cpp:220] [create_outputs] Output pipeline 'beach_robot/conv42': HW >> (HwReadEl7beach_robot/conv42 | hw_frame_size: 12800) >> (PullQEl_hw_read7beach_robot/conv42) >> (PostInferEl7beach_robot/conv42 | Quantization - src_type: UINT8, dst_type FLOAT32, limvals_min: -25.6857, limvals_max: 0) >> (UserBuffQEl7beach_robot/conv42 | timeout: 10s)
[2026-02-28 17:40:55.809] [1780] [HailoRT] [info] [edge_elements.cpp:287] [create] Created (HwReadEl3beach_robot/conv52 | hw_frame_size: 102400)
[2026-02-28 17:40:55.809] [1780] [HailoRT] [info] [queue_elements.cpp:657] [create] Created (PullQEl_hw_read3beach_robot/conv52)
[2026-02-28 17:40:55.809] [1780] [HailoRT] [info] [filter_elements.cpp:372] [create] Created (PostInferEl3beach_robot/conv52 | Quantization - src_type: UINT8, dst_type FLOAT32, limvals_min: -6.53754, limvals_max: 19.9239)
[2026-02-28 17:40:55.809] [1780] [HailoRT] [info] [queue_elements.cpp:800] [create] Created (UserBuffQEl3beach_robot/conv52 | timeout: 10s)
[2026-02-28 17:40:55.809] [1780] [HailoRT] [info] [vstream.cpp:1114] [OutputVStreamImpl] Creating beach_robot/conv52...
[2026-02-28 17:40:55.809] [1780] [HailoRT] [info] [vstream_builder.cpp:220] [create_outputs] Output pipeline 'beach_robot/conv52': HW >> (HwReadEl3beach_robot/conv52 | hw_frame_size: 102400) >> (PullQEl_hw_read3beach_robot/conv52) >> (PostInferEl3beach_robot/conv52 | Quantization - src_type: UINT8, dst_type FLOAT32, limvals_min: -6.53754, limvals_max: 19.9239) >> (UserBuffQEl3beach_robot/conv52 | timeout: 10s)
[2026-02-28 17:40:55.809] [1780] [HailoRT] [info] [edge_elements.cpp:287] [create] Created (HwReadEl1beach_robot/conv53 | hw_frame_size: 3200)
[2026-02-28 17:40:55.809] [1780] [HailoRT] [info] [queue_elements.cpp:657] [create] Created (PullQEl_hw_read1beach_robot/conv53)
[2026-02-28 17:40:55.809] [1780] [HailoRT] [info] [filter_elements.cpp:372] [create] Created (PostInferEl1beach_robot/conv53 | Quantization - src_type: UINT8, dst_type FLOAT32, limvals_min: -15.7441, limvals_max: 0)
[2026-02-28 17:40:55.809] [1780] [HailoRT] [info] [queue_elements.cpp:800] [create] Created (UserBuffQEl1beach_robot/conv53 | timeout: 10s)
[2026-02-28 17:40:55.809] [1780] [HailoRT] [info] [vstream.cpp:1114] [OutputVStreamImpl] Creating beach_robot/conv53...
[2026-02-28 17:40:55.809] [1780] [HailoRT] [info] [vstream_builder.cpp:220] [create_outputs] Output pipeline 'beach_robot/conv53': HW >> (HwReadEl1beach_robot/conv53 | hw_frame_size: 3200) >> (PullQEl_hw_read1beach_robot/conv53) >> (PostInferEl1beach_robot/conv53 | Quantization - src_type: UINT8, dst_type FLOAT32, limvals_min: -15.7441, limvals_max: 0) >> (UserBuffQEl1beach_robot/conv53 | timeout: 10s)
[2026-02-28 17:40:55.809] [1780] [HailoRT] [info] [edge_elements.cpp:287] [create] Created (HwReadEl2beach_robot/conv62 | hw_frame_size: 25600)
[2026-02-28 17:40:55.810] [1780] [HailoRT] [info] [queue_elements.cpp:657] [create] Created (PullQEl_hw_read2beach_robot/conv62)
[2026-02-28 17:40:55.810] [1780] [HailoRT] [info] [filter_elements.cpp:372] [create] Created (PostInferEl2beach_robot/conv62 | Quantization - src_type: UINT8, dst_type FLOAT32, limvals_min: -8.27399, limvals_max: 14.6594)
[2026-02-28 17:40:55.810] [1780] [HailoRT] [info] [queue_elements.cpp:800] [create] Created (UserBuffQEl2beach_robot/conv62 | timeout: 10s)
[2026-02-28 17:40:55.810] [1780] [HailoRT] [info] [vstream.cpp:1114] [OutputVStreamImpl] Creating beach_robot/conv62...
[2026-02-28 17:40:55.810] [1780] [HailoRT] [info] [vstream_builder.cpp:220] [create_outputs] Output pipeline 'beach_robot/conv62': HW >> (HwReadEl2beach_robot/conv62 | hw_frame_size: 25600) >> (PullQEl_hw_read2beach_robot/conv62) >> (PostInferEl2beach_robot/conv62 | Quantization - src_type: UINT8, dst_type FLOAT32, limvals_min: -8.27399, limvals_max: 14.6594) >> (UserBuffQEl2beach_robot/conv62 | timeout: 10s)
[2026-02-28 17:40:55.810] [1780] [HailoRT] [info] [edge_elements.cpp:287] [create] Created (HwReadEl0beach_robot/conv63 | hw_frame_size: 3200)
[2026-02-28 17:40:55.810] [1780] [HailoRT] [info] [queue_elements.cpp:657] [create] Created (PullQEl_hw_read0beach_robot/conv63)
[2026-02-28 17:40:55.810] [1780] [HailoRT] [info] [filter_elements.cpp:372] [create] Created (PostInferEl0beach_robot/conv63 | Quantization - src_type: UINT8, dst_type FLOAT32, limvals_min: -15.2921, limvals_max: 1.44388 | Reorder - src_order: FCR, src_shape: (20, 20, 8), dst_order: FCR, dst_shape: (20, 20, 2))
[2026-02-28 17:40:55.810] [1780] [HailoRT] [info] [queue_elements.cpp:800] [create] Created (UserBuffQEl0beach_robot/conv63 | timeout: 10s)
[2026-02-28 17:40:55.810] [1780] [HailoRT] [info] [vstream.cpp:1114] [OutputVStreamImpl] Creating beach_robot/conv63...
[2026-02-28 17:40:55.810] [1780] [HailoRT] [info] [vstream_builder.cpp:220] [create_outputs] Output pipeline 'beach_robot/conv63': HW >> (HwReadEl0beach_robot/conv63 | hw_frame_size: 3200) >> (PullQEl_hw_read0beach_robot/conv63) >> (PostInferEl0beach_robot/conv63 | Quantization - src_type: UINT8, dst_type FLOAT32, limvals_min: -15.2921, limvals_max: 1.44388 | Reorder - src_order: FCR, src_shape: (20, 20, 8), dst_order: FCR, dst_shape: (20, 20, 2)) >> (UserBuffQEl0beach_robot/conv63 | timeout: 10s)
[2026-02-28 17:40:55.810] [1780] [HailoRT] [info] [core_op.cpp:156] [activate] Activating beach_robot took 0.515627 milliseconds. Note that the function is asynchronous and thus the network is not fully activated yet.
[2026-02-28 17:40:55.810] [1780] [HailoRT] [info] [core_op.cpp:156] [activate] Activating beach_robot took 0.527608 milliseconds. Note that the function is asynchronous and thus the network is not fully activated yet.
[2026-02-28 17:40:55.830] [1770] [HailoRT] [info] [vdevice_native_stream.cpp:331] [read_impl] Failed read from stream HAILO_STREAM_NOT_ACTIVATED(72) (device: 0001:01:00.0)
[2026-02-28 17:40:55.830] [1771] [HailoRT] [info] [vdevice_native_stream.cpp:331] [read_impl] Failed read from stream HAILO_STREAM_NOT_ACTIVATED(72) (device: 0001:01:00.0)
[2026-02-28 17:40:55.830] [1772] [HailoRT] [info] [vdevice_native_stream.cpp:331] [read_impl] Failed read from stream HAILO_STREAM_NOT_ACTIVATED(72) (device: 0001:01:00.0)
[2026-02-28 17:40:55.830] [1769] [HailoRT] [info] [vdevice_native_stream.cpp:331] [read_impl] Failed read from stream HAILO_STREAM_NOT_ACTIVATED(72) (device: 0001:01:00.0)
[2026-02-28 17:40:55.830] [1773] [HailoRT] [info] [vdevice_native_stream.cpp:331] [read_impl] Failed read from stream HAILO_STREAM_NOT_ACTIVATED(72) (device: 0001:01:00.0)
[2026-02-28 17:40:55.830] [1768] [HailoRT] [info] [vdevice_native_stream.cpp:331] [read_impl] Failed read from stream HAILO_STREAM_NOT_ACTIVATED(72) (device: 0001:01:00.0)
[2026-02-28 17:40:55.830] [1780] [HailoRT] [info] [core_op.cpp:186] [deactivate] Deactivating took 0.499146 ms
[2026-02-28 17:40:55.830] [1780] [HailoRT] [info] [core_op.cpp:186] [deactivate] Deactivating took 0.512201 ms
[2026-02-28 17:40:55.830] [30359] [HailoRT] [info] [edge_elements.cpp:396] [run_pull] Reading from stream was aborted!
[2026-02-28 17:40:55.830] [30360] [HailoRT] [info] [queue_elements.cpp:855] [run_in_thread] Shutdown event was signaled in dequeue of UserBuffQEl0beach_robot/conv41!
[2026-02-28 17:40:55.830] [30359] [HailoRT] [info] [queue_elements.cpp:738] [run_in_thread] run_pull of queue element PullQEl_hw_read0beach_robot/conv41 was aborted!
[2026-02-28 17:40:55.830] [30359] [HailoRT] [info] [queue_elements.cpp:68] [operator()] Thread in element PullQEl_hw_read0beach_robot/conv41 is not running anymore, exiting..
[2026-02-28 17:40:55.830] [1780] [HailoRT] [info] [queue_elements.cpp:46] [~BaseQueueElement] Queue element PullQEl_hw_read0beach_robot/conv41 has 0 frames in his Queue on destruction
[2026-02-28 17:40:55.830] [30360] [HailoRT] [info] [queue_elements.cpp:68] [operator()] Thread in element UserBuffQEl0beach_robot/conv41 is not running anymore, exiting..
[2026-02-28 17:40:55.830] [1780] [HailoRT] [info] [queue_elements.cpp:46] [~BaseQueueElement] Queue element UserBuffQEl0beach_robot/conv41 has 0 frames in his Queue on destruction
[2026-02-28 17:40:55.830] [30361] [HailoRT] [info] [edge_elements.cpp:396] [run_pull] Reading from stream was aborted!
[2026-02-28 17:40:55.830] [30362] [HailoRT] [info] [queue_elements.cpp:855] [run_in_thread] Shutdown event was signaled in dequeue of UserBuffQEl7beach_robot/conv42!
[2026-02-28 17:40:55.830] [30361] [HailoRT] [info] [queue_elements.cpp:738] [run_in_thread] run_pull of queue element PullQEl_hw_read7beach_robot/conv42 was aborted!
[2026-02-28 17:40:55.830] [30361] [HailoRT] [info] [queue_elements.cpp:68] [operator()] Thread in element PullQEl_hw_read7beach_robot/conv42 is not running anymore, exiting..
[2026-02-28 17:40:55.830] [1780] [HailoRT] [info] [queue_elements.cpp:46] [~BaseQueueElement] Queue element PullQEl_hw_read7beach_robot/conv42 has 0 frames in his Queue on destruction
[2026-02-28 17:40:55.830] [30362] [HailoRT] [info] [queue_elements.cpp:68] [operator()] Thread in element UserBuffQEl7beach_robot/conv42 is not running anymore, exiting..
[2026-02-28 17:40:55.830] [1780] [HailoRT] [info] [queue_elements.cpp:46] [~BaseQueueElement] Queue element UserBuffQEl7beach_robot/conv42 has 0 frames in his Queue on destruction
[2026-02-28 17:40:55.830] [30363] [HailoRT] [info] [edge_elements.cpp:396] [run_pull] Reading from stream was aborted!
[2026-02-28 17:40:55.830] [30364] [HailoRT] [info] [queue_elements.cpp:855] [run_in_thread] Shutdown event was signaled in dequeue of UserBuffQEl3beach_robot/conv52!
[2026-02-28 17:40:55.830] [30363] [HailoRT] [info] [queue_elements.cpp:738] [run_in_thread] run_pull of queue element PullQEl_hw_read3beach_robot/conv52 was aborted!
[2026-02-28 17:40:55.830] [30363] [HailoRT] [info] [queue_elements.cpp:68] [operator()] Thread in element PullQEl_hw_read3beach_robot/conv52 is not running anymore, exiting..
[2026-02-28 17:40:55.830] [1780] [HailoRT] [info] [queue_elements.cpp:46] [~BaseQueueElement] Queue element PullQEl_hw_read3beach_robot/conv52 has 0 frames in his Queue on destruction
[2026-02-28 17:40:55.830] [30364] [HailoRT] [info] [queue_elements.cpp:68] [operator()] Thread in element UserBuffQEl3beach_robot/conv52 is not running anymore, exiting..
[2026-02-28 17:40:55.830] [1780] [HailoRT] [info] [queue_elements.cpp:46] [~BaseQueueElement] Queue element UserBuffQEl3beach_robot/conv52 has 0 frames in his Queue on destruction
[2026-02-28 17:40:55.830] [30365] [HailoRT] [info] [edge_elements.cpp:396] [run_pull] Reading from stream was aborted!
[2026-02-28 17:40:55.830] [30366] [HailoRT] [info] [queue_elements.cpp:855] [run_in_thread] Shutdown event was signaled in dequeue of UserBuffQEl1beach_robot/conv53!
[2026-02-28 17:40:55.830] [30365] [HailoRT] [info] [queue_elements.cpp:738] [run_in_thread] run_pull of queue element PullQEl_hw_read1beach_robot/conv53 was aborted!
[2026-02-28 17:40:55.830] [30365] [HailoRT] [info] [queue_elements.cpp:68] [operator()] Thread in element PullQEl_hw_read1beach_robot/conv53 is not running anymore, exiting..
[2026-02-28 17:40:55.830] [1780] [HailoRT] [info] [queue_elements.cpp:46] [~BaseQueueElement] Queue element PullQEl_hw_read1beach_robot/conv53 has 0 frames in his Queue on destruction
[2026-02-28 17:40:55.830] [30366] [HailoRT] [info] [queue_elements.cpp:68] [operator()] Thread in element UserBuffQEl1beach_robot/conv53 is not running anymore, exiting..
[2026-02-28 17:40:55.830] [1780] [HailoRT] [info] [queue_elements.cpp:46] [~BaseQueueElement] Queue element UserBuffQEl1beach_robot/conv53 has 0 frames in his Queue on destruction
[2026-02-28 17:40:55.831] [30367] [HailoRT] [info] [edge_elements.cpp:396] [run_pull] Reading from stream was aborted!
[2026-02-28 17:40:55.831] [30367] [HailoRT] [info] [queue_elements.cpp:738] [run_in_thread] run_pull of queue element PullQEl_hw_read2beach_robot/conv62 was aborted!
[2026-02-28 17:40:55.831] [30368] [HailoRT] [info] [queue_elements.cpp:855] [run_in_thread] Shutdown event was signaled in dequeue of UserBuffQEl2beach_robot/conv62!
[2026-02-28 17:40:55.831] [30367] [HailoRT] [info] [queue_elements.cpp:68] [operator()] Thread in element PullQEl_hw_read2beach_robot/conv62 is not running anymore, exiting..
[2026-02-28 17:40:55.831] [1780] [HailoRT] [info] [queue_elements.cpp:46] [~BaseQueueElement] Queue element PullQEl_hw_read2beach_robot/conv62 has 0 frames in his Queue on destruction
[2026-02-28 17:40:55.831] [30368] [HailoRT] [info] [queue_elements.cpp:68] [operator()] Thread in element UserBuffQEl2beach_robot/conv62 is not running anymore, exiting..
[2026-02-28 17:40:55.831] [1780] [HailoRT] [info] [queue_elements.cpp:46] [~BaseQueueElement] Queue element UserBuffQEl2beach_robot/conv62 has 0 frames in his Queue on destruction
[2026-02-28 17:40:55.831] [30369] [HailoRT] [info] [edge_elements.cpp:396] [run_pull] Reading from stream was aborted!
[2026-02-28 17:40:55.831] [30370] [HailoRT] [info] [queue_elements.cpp:855] [run_in_thread] Shutdown event was signaled in dequeue of UserBuffQEl0beach_robot/conv63!
[2026-02-28 17:40:55.831] [30369] [HailoRT] [info] [queue_elements.cpp:738] [run_in_thread] run_pull of queue element PullQEl_hw_read0beach_robot/conv63 was aborted!
[2026-02-28 17:40:55.831] [30369] [HailoRT] [info] [queue_elements.cpp:68] [operator()] Thread in element PullQEl_hw_read0beach_robot/conv63 is not running anymore, exiting..
[2026-02-28 17:40:55.831] [1780] [HailoRT] [info] [queue_elements.cpp:46] [~BaseQueueElement] Queue element PullQEl_hw_read0beach_robot/conv63 has 0 frames in his Queue on destruction
[2026-02-28 17:40:55.831] [30370] [HailoRT] [info] [queue_elements.cpp:68] [operator()] Thread in element UserBuffQEl0beach_robot/conv63 is not running anymore, exiting..
[2026-02-28 17:40:55.831] [1780] [HailoRT] [info] [queue_elements.cpp:46] [~BaseQueueElement] Queue element UserBuffQEl0beach_robot/conv63 has 0 frames in his Queue on destruction
[2026-02-28 17:40:56.223] [1780] [HailoRT] [info] [edge_elements.cpp:52] [create] Created (HwWriteEl2beach_robot/input_layer1 | hw_frame_size: 1228800)
[2026-02-28 17:40:56.223] [1780] [HailoRT] [info] [vstream.cpp:754] [InputVStreamImpl] Creating beach_robot/input_layer1...
[2026-02-28 17:40:56.223] [1780] [HailoRT] [info] [vstream_builder.cpp:102] [create_inputs] Input pipeline 'beach_robot/input_layer1': (HwWriteEl2beach_robot/input_layer1 | hw_frame_size: 1228800) >> HW
[2026-02-28 17:40:56.223] [1780] [HailoRT] [info] [edge_elements.cpp:287] [create] Created (HwReadEl0beach_robot/conv41 | hw_frame_size: 409600)
[2026-02-28 17:40:56.223] [1780] [HailoRT] [info] [queue_elements.cpp:657] [create] Created (PullQEl_hw_read0beach_robot/conv41)
[2026-02-28 17:40:56.223] [1780] [HailoRT] [info] [filter_elements.cpp:372] [create] Created (PostInferEl0beach_robot/conv41 | Quantization - src_type: UINT8, dst_type FLOAT32, limvals_min: -10.8307, limvals_max: 18.5504)
[2026-02-28 17:40:56.223] [1780] [HailoRT] [info] [queue_elements.cpp:800] [create] Created (UserBuffQEl0beach_robot/conv41 | timeout: 10s)
[2026-02-28 17:40:56.223] [1780] [HailoRT] [info] [vstream.cpp:1114] [OutputVStreamImpl] Creating beach_robot/conv41...
[2026-02-28 17:40:56.223] [1780] [HailoRT] [info] [vstream_builder.cpp:220] [create_outputs] Output pipeline 'beach_robot/conv41': HW >> (HwReadEl0beach_robot/conv41 | hw_frame_size: 409600) >> (PullQEl_hw_read0beach_robot/conv41) >> (PostInferEl0beach_robot/conv41 | Quantization - src_type: UINT8, dst_type FLOAT32, limvals_min: -10.8307, limvals_max: 18.5504) >> (UserBuffQEl0beach_robot/conv41 | timeout: 10s)
[2026-02-28 17:40:56.223] [1780] [HailoRT] [info] [edge_elements.cpp:287] [create] Created (HwReadEl7beach_robot/conv42 | hw_frame_size: 12800)
[2026-02-28 17:40:56.223] [1780] [HailoRT] [info] [queue_elements.cpp:657] [create] Created (PullQEl_hw_read7beach_robot/conv42)
[2026-02-28 17:40:56.223] [1780] [HailoRT] [info] [filter_elements.cpp:372] [create] Created (PostInferEl7beach_robot/conv42 | Quantization - src_type: UINT8, dst_type FLOAT32, limvals_min: -25.6857, limvals_max: 0)
[2026-02-28 17:40:56.223] [1780] [HailoRT] [info] [queue_elements.cpp:800] [create] Created (UserBuffQEl7beach_robot/conv42 | timeout: 10s)
[2026-02-28 17:40:56.223] [1780] [HailoRT] [info] [vstream.cpp:1114] [OutputVStreamImpl] Creating beach_robot/conv42...
[2026-02-28 17:40:56.223] [1780] [HailoRT] [info] [vstream_builder.cpp:220] [create_outputs] Output pipeline 'beach_robot/conv42': HW >> (HwReadEl7beach_robot/conv42 | hw_frame_size: 12800) >> (PullQEl_hw_read7beach_robot/conv42) >> (PostInferEl7beach_robot/conv42 | Quantization - src_type: UINT8, dst_type FLOAT32, limvals_min: -25.6857, limvals_max: 0) >> (UserBuffQEl7beach_robot/conv42 | timeout: 10s)
[2026-02-28 17:40:56.223] [1780] [HailoRT] [info] [edge_elements.cpp:287] [create] Created (HwReadEl3beach_robot/conv52 | hw_frame_size: 102400)
[2026-02-28 17:40:56.223] [1780] [HailoRT] [info] [queue_elements.cpp:657] [create] Created (PullQEl_hw_read3beach_robot/conv52)
[2026-02-28 17:40:56.223] [1780] [HailoRT] [info] [filter_elements.cpp:372] [create] Created (PostInferEl3beach_robot/conv52 | Quantization - src_type: UINT8, dst_type FLOAT32, limvals_min: -6.53754, limvals_max: 19.9239)
[2026-02-28 17:40:56.223] [1780] [HailoRT] [info] [queue_elements.cpp:800] [create] Created (UserBuffQEl3beach_robot/conv52 | timeout: 10s)
[2026-02-28 17:40:56.223] [1780] [HailoRT] [info] [vstream.cpp:1114] [OutputVStreamImpl] Creating beach_robot/conv52...
[2026-02-28 17:40:56.223] [1780] [HailoRT] [info] [vstream_builder.cpp:220] [create_outputs] Output pipeline 'beach_robot/conv52': HW >> (HwReadEl3beach_robot/conv52 | hw_frame_size: 102400) >> (PullQEl_hw_read3beach_robot/conv52) >> (PostInferEl3beach_robot/conv52 | Quantization - src_type: UINT8, dst_type FLOAT32, limvals_min: -6.53754, limvals_max: 19.9239) >> (UserBuffQEl3beach_robot/conv52 | timeout: 10s)
[2026-02-28 17:40:56.224] [1780] [HailoRT] [info] [edge_elements.cpp:287] [create] Created (HwReadEl1beach_robot/conv53 | hw_frame_size: 3200)
[2026-02-28 17:40:56.224] [1780] [HailoRT] [info] [queue_elements.cpp:657] [create] Created (PullQEl_hw_read1beach_robot/conv53)
[2026-02-28 17:40:56.224] [1780] [HailoRT] [info] [filter_elements.cpp:372] [create] Created (PostInferEl1beach_robot/conv53 | Quantization - src_type: UINT8, dst_type FLOAT32, limvals_min: -15.7441, limvals_max: 0)
[2026-02-28 17:40:56.224] [1780] [HailoRT] [info] [queue_elements.cpp:800] [create] Created (UserBuffQEl1beach_robot/conv53 | timeout: 10s)
[2026-02-28 17:40:56.224] [1780] [HailoRT] [info] [vstream.cpp:1114] [OutputVStreamImpl] Creating beach_robot/conv53...
[2026-02-28 17:40:56.224] [1780] [HailoRT] [info] [vstream_builder.cpp:220] [create_outputs] Output pipeline 'beach_robot/conv53': HW >> (HwReadEl1beach_robot/conv53 | hw_frame_size: 3200) >> (PullQEl_hw_read1beach_robot/conv53) >> (PostInferEl1beach_robot/conv53 | Quantization - src_type: UINT8, dst_type FLOAT32, limvals_min: -15.7441, limvals_max: 0) >> (UserBuffQEl1beach_robot/conv53 | timeout: 10s)
[2026-02-28 17:40:56.224] [1780] [HailoRT] [info] [edge_elements.cpp:287] [create] Created (HwReadEl2beach_robot/conv62 | hw_frame_size: 25600)
[2026-02-28 17:40:56.224] [1780] [HailoRT] [info] [queue_elements.cpp:657] [create] Created (PullQEl_hw_read2beach_robot/conv62)
[2026-02-28 17:40:56.224] [1780] [HailoRT] [info] [filter_elements.cpp:372] [create] Created (PostInferEl2beach_robot/conv62 | Quantization - src_type: UINT8, dst_type FLOAT32, limvals_min: -8.27399, limvals_max: 14.6594)
[2026-02-28 17:40:56.224] [1780] [HailoRT] [info] [queue_elements.cpp:800] [create] Created (UserBuffQEl2beach_robot/conv62 | timeout: 10s)
[2026-02-28 17:40:56.224] [1780] [HailoRT] [info] [vstream.cpp:1114] [OutputVStreamImpl] Creating beach_robot/conv62...
[2026-02-28 17:40:56.224] [1780] [HailoRT] [info] [vstream_builder.cpp:220] [create_outputs] Output pipeline 'beach_robot/conv62': HW >> (HwReadEl2beach_robot/conv62 | hw_frame_size: 25600) >> (PullQEl_hw_read2beach_robot/conv62) >> (PostInferEl2beach_robot/conv62 | Quantization - src_type: UINT8, dst_type FLOAT32, limvals_min: -8.27399, limvals_max: 14.6594) >> (UserBuffQEl2beach_robot/conv62 | timeout: 10s)
[2026-02-28 17:40:56.224] [1780] [HailoRT] [info] [edge_elements.cpp:287] [create] Created (HwReadEl0beach_robot/conv63 | hw_frame_size: 3200)
[2026-02-28 17:40:56.224] [1780] [HailoRT] [info] [queue_elements.cpp:657] [create] Created (PullQEl_hw_read0beach_robot/conv63)
[2026-02-28 17:40:56.224] [1780] [HailoRT] [info] [filter_elements.cpp:372] [create] Created (PostInferEl0beach_robot/conv63 | Quantization - src_type: UINT8, dst_type FLOAT32, limvals_min: -15.2921, limvals_max: 1.44388 | Reorder - src_order: FCR, src_shape: (20, 20, 8), dst_order: FCR, dst_shape: (20, 20, 2))
[2026-02-28 17:40:56.224] [1780] [HailoRT] [info] [queue_elements.cpp:800] [create] Created (UserBuffQEl0beach_robot/conv63 | timeout: 10s)
[2026-02-28 17:40:56.224] [1780] [HailoRT] [info] [vstream.cpp:1114] [OutputVStreamImpl] Creating beach_robot/conv63...
[2026-02-28 17:40:56.224] [1780] [HailoRT] [info] [vstream_builder.cpp:220] [create_outputs] Output pipeline 'beach_robot/conv63': HW >> (HwReadEl0beach_robot/conv63 | hw_frame_size: 3200) >> (PullQEl_hw_read0beach_robot/conv63) >> (PostInferEl0beach_robot/conv63 | Quantization - src_type: UINT8, dst_type FLOAT32, limvals_min: -15.2921, limvals_max: 1.44388 | Reorder - src_order: FCR, src_shape: (20, 20, 8), dst_order: FCR, dst_shape: (20, 20, 2)) >> (UserBuffQEl0beach_robot/conv63 | timeout: 10s)
[2026-02-28 17:40:56.225] [1780] [HailoRT] [info] [core_op.cpp:156] [activate] Activating beach_robot took 0.513572 milliseconds. Note that the function is asynchronous and thus the network is not fully activated yet.
[2026-02-28 17:40:56.225] [1780] [HailoRT] [info] [core_op.cpp:156] [activate] Activating beach_robot took 0.524387 milliseconds. Note that the function is asynchronous and thus the network is not fully activated yet.
[2026-02-28 17:40:56.244] [1770] [HailoRT] [info] [vdevice_native_stream.cpp:331] [read_impl] Failed read from stream HAILO_STREAM_NOT_ACTIVATED(72) (device: 0001:01:00.0)
[2026-02-28 17:40:56.244] [1773] [HailoRT] [info] [vdevice_native_stream.cpp:331] [read_impl] Failed read from stream HAILO_STREAM_NOT_ACTIVATED(72) (device: 0001:01:00.0)
[2026-02-28 17:40:56.244] [1768] [HailoRT] [info] [vdevice_native_stream.cpp:331] [read_impl] Failed read from stream HAILO_STREAM_NOT_ACTIVATED(72) (device: 0001:01:00.0)
[2026-02-28 17:40:56.244] [1771] [HailoRT] [info] [vdevice_native_stream.cpp:331] [read_impl] Failed read from stream HAILO_STREAM_NOT_ACTIVATED(72) (device: 0001:01:00.0)
[2026-02-28 17:40:56.244] [1769] [HailoRT] [info] [vdevice_native_stream.cpp:331] [read_impl] Failed read from stream HAILO_STREAM_NOT_ACTIVATED(72) (device: 0001:01:00.0)
[2026-02-28 17:40:56.244] [1772] [HailoRT] [info] [vdevice_native_stream.cpp:331] [read_impl] Failed read from stream HAILO_STREAM_NOT_ACTIVATED(72) (device: 0001:01:00.0)
[2026-02-28 17:40:56.244] [1780] [HailoRT] [info] [core_op.cpp:186] [deactivate] Deactivating took 0.499608 ms
[2026-02-28 17:40:56.244] [1780] [HailoRT] [info] [core_op.cpp:186] [deactivate] Deactivating took 0.514164 ms
[2026-02-28 17:40:56.244] [30378] [HailoRT] [info] [edge_elements.cpp:396] [run_pull] Reading from stream was aborted!
[2026-02-28 17:40:56.244] [30379] [HailoRT] [info] [queue_elements.cpp:855] [run_in_thread] Shutdown event was signaled in dequeue of UserBuffQEl0beach_robot/conv41!
[2026-02-28 17:40:56.244] [30378] [HailoRT] [info] [queue_elements.cpp:738] [run_in_thread] run_pull of queue element PullQEl_hw_read0beach_robot/conv41 was aborted!
[2026-02-28 17:40:56.244] [30378] [HailoRT] [info] [queue_elements.cpp:68] [operator()] Thread in element PullQEl_hw_read0beach_robot/conv41 is not running anymore, exiting..
[2026-02-28 17:40:56.244] [1780] [HailoRT] [info] [queue_elements.cpp:46] [~BaseQueueElement] Queue element PullQEl_hw_read0beach_robot/conv41 has 0 frames in his Queue on destruction
[2026-02-28 17:40:56.244] [30379] [HailoRT] [info] [queue_elements.cpp:68] [operator()] Thread in element UserBuffQEl0beach_robot/conv41 is not running anymore, exiting..
[2026-02-28 17:40:56.244] [1780] [HailoRT] [info] [queue_elements.cpp:46] [~BaseQueueElement] Queue element UserBuffQEl0beach_robot/conv41 has 0 frames in his Queue on destruction
[2026-02-28 17:40:56.244] [30380] [HailoRT] [info] [edge_elements.cpp:396] [run_pull] Reading from stream was aborted!
[2026-02-28 17:40:56.244] [30380] [HailoRT] [info] [queue_elements.cpp:738] [run_in_thread] run_pull of queue element PullQEl_hw_read7beach_robot/conv42 was aborted!
[2026-02-28 17:40:56.244] [30381] [HailoRT] [info] [queue_elements.cpp:855] [run_in_thread] Shutdown event was signaled in dequeue of UserBuffQEl7beach_robot/conv42!
[2026-02-28 17:40:56.244] [30380] [HailoRT] [info] [queue_elements.cpp:68] [operator()] Thread in element PullQEl_hw_read7beach_robot/conv42 is not running anymore, exiting..
[2026-02-28 17:40:56.244] [1780] [HailoRT] [info] [queue_elements.cpp:46] [~BaseQueueElement] Queue element PullQEl_hw_read7beach_robot/conv42 has 0 frames in his Queue on destruction
[2026-02-28 17:40:56.244] [30381] [HailoRT] [info] [queue_elements.cpp:68] [operator()] Thread in element UserBuffQEl7beach_robot/conv42 is not running anymore, exiting..
[2026-02-28 17:40:56.244] [1780] [HailoRT] [info] [queue_elements.cpp:46] [~BaseQueueElement] Queue element UserBuffQEl7beach_robot/conv42 has 0 frames in his Queue on destruction
[2026-02-28 17:40:56.244] [30382] [HailoRT] [info] [edge_elements.cpp:396] [run_pull] Reading from stream was aborted!
[2026-02-28 17:40:56.244] [30383] [HailoRT] [info] [queue_elements.cpp:855] [run_in_thread] Shutdown event was signaled in dequeue of UserBuffQEl3beach_robot/conv52!
[2026-02-28 17:40:56.244] [30382] [HailoRT] [info] [queue_elements.cpp:738] [run_in_thread] run_pull of queue element PullQEl_hw_read3beach_robot/conv52 was aborted!
[2026-02-28 17:40:56.245] [30382] [HailoRT] [info] [queue_elements.cpp:68] [operator()] Thread in element PullQEl_hw_read3beach_robot/conv52 is not running anymore, exiting..
[2026-02-28 17:40:56.245] [1780] [HailoRT] [info] [queue_elements.cpp:46] [~BaseQueueElement] Queue element PullQEl_hw_read3beach_robot/conv52 has 0 frames in his Queue on destruction
[2026-02-28 17:40:56.245] [30383] [HailoRT] [info] [queue_elements.cpp:68] [operator()] Thread in element UserBuffQEl3beach_robot/conv52 is not running anymore, exiting..
[2026-02-28 17:40:56.245] [1780] [HailoRT] [info] [queue_elements.cpp:46] [~BaseQueueElement] Queue element UserBuffQEl3beach_robot/conv52 has 0 frames in his Queue on destruction
[2026-02-28 17:40:56.245] [30384] [HailoRT] [info] [edge_elements.cpp:396] [run_pull] Reading from stream was aborted!
[2026-02-28 17:40:56.245] [30384] [HailoRT] [info] [queue_elements.cpp:738] [run_in_thread] run_pull of queue element PullQEl_hw_read1beach_robot/conv53 was aborted!
[2026-02-28 17:40:56.245] [30385] [HailoRT] [info] [queue_elements.cpp:855] [run_in_thread] Shutdown event was signaled in dequeue of UserBuffQEl1beach_robot/conv53!
[2026-02-28 17:40:56.245] [30384] [HailoRT] [info] [queue_elements.cpp:68] [operator()] Thread in element PullQEl_hw_read1beach_robot/conv53 is not running anymore, exiting..
[2026-02-28 17:40:56.245] [1780] [HailoRT] [info] [queue_elements.cpp:46] [~BaseQueueElement] Queue element PullQEl_hw_read1beach_robot/conv53 has 0 frames in his Queue on destruction
[2026-02-28 17:40:56.245] [30385] [HailoRT] [info] [queue_elements.cpp:68] [operator()] Thread in element UserBuffQEl1beach_robot/conv53 is not running anymore, exiting..
[2026-02-28 17:40:56.245] [1780] [HailoRT] [info] [queue_elements.cpp:46] [~BaseQueueElement] Queue element UserBuffQEl1beach_robot/conv53 has 0 frames in his Queue on destruction
[2026-02-28 17:40:56.245] [30386] [HailoRT] [info] [edge_elements.cpp:396] [run_pull] Reading from stream was aborted!
[2026-02-28 17:40:56.245] [30386] [HailoRT] [info] [queue_elements.cpp:738] [run_in_thread] run_pull of queue element PullQEl_hw_read2beach_robot/conv62 was aborted!
[2026-02-28 17:40:56.245] [30387] [HailoRT] [info] [queue_elements.cpp:855] [run_in_thread] Shutdown event was signaled in dequeue of UserBuffQEl2beach_robot/conv62!
[2026-02-28 17:40:56.245] [30386] [HailoRT] [info] [queue_elements.cpp:68] [operator()] Thread in element PullQEl_hw_read2beach_robot/conv62 is not running anymore, exiting..
[2026-02-28 17:40:56.245] [1780] [HailoRT] [info] [queue_elements.cpp:46] [~BaseQueueElement] Queue element PullQEl_hw_read2beach_robot/conv62 has 0 frames in his Queue on destruction
[2026-02-28 17:40:56.245] [30387] [HailoRT] [info] [queue_elements.cpp:68] [operator()] Thread in element UserBuffQEl2beach_robot/conv62 is not running anymore, exiting..
[2026-02-28 17:40:56.245] [1780] [HailoRT] [info] [queue_elements.cpp:46] [~BaseQueueElement] Queue element UserBuffQEl2beach_robot/conv62 has 0 frames in his Queue on destruction
[2026-02-28 17:40:56.245] [30388] [HailoRT] [info] [edge_elements.cpp:396] [run_pull] Reading from stream was aborted!
[2026-02-28 17:40:56.245] [30388] [HailoRT] [info] [queue_elements.cpp:738] [run_in_thread] run_pull of queue element PullQEl_hw_read0beach_robot/conv63 was aborted!
[2026-02-28 17:40:56.245] [30389] [HailoRT] [info] [queue_elements.cpp:855] [run_in_thread] Shutdown event was signaled in dequeue of UserBuffQEl0beach_robot/conv63!
[2026-02-28 17:40:56.245] [30388] [HailoRT] [info] [queue_elements.cpp:68] [operator()] Thread in element PullQEl_hw_read0beach_robot/conv63 is not running anymore, exiting..
[2026-02-28 17:40:56.245] [1780] [HailoRT] [info] [queue_elements.cpp:46] [~BaseQueueElement] Queue element PullQEl_hw_read0beach_robot/conv63 has 0 frames in his Queue on destruction
[2026-02-28 17:40:56.245] [30389] [HailoRT] [info] [queue_elements.cpp:68] [operator()] Thread in element UserBuffQEl0beach_robot/conv63 is not running anymore, exiting..
[2026-02-28 17:40:56.245] [1780] [HailoRT] [info] [queue_elements.cpp:46] [~BaseQueueElement] Queue element UserBuffQEl0beach_robot/conv63 has 0 frames in his Queue on destruction
[2026-02-28 17:40:56.636] [1780] [HailoRT] [info] [edge_elements.cpp:52] [create] Created (HwWriteEl2beach_robot/input_layer1 | hw_frame_size: 1228800)
[2026-02-28 17:40:56.636] [1780] [HailoRT] [info] [vstream.cpp:754] [InputVStreamImpl] Creating beach_robot/input_layer1...
[2026-02-28 17:40:56.636] [1780] [HailoRT] [info] [vstream_builder.cpp:102] [create_inputs] Input pipeline 'beach_robot/input_layer1': (HwWriteEl2beach_robot/input_layer1 | hw_frame_size: 1228800) >> HW
[2026-02-28 17:40:56.636] [1780] [HailoRT] [info] [edge_elements.cpp:287] [create] Created (HwReadEl0beach_robot/conv41 | hw_frame_size: 409600)
[2026-02-28 17:40:56.636] [1780] [HailoRT] [info] [queue_elements.cpp:657] [create] Created (PullQEl_hw_read0beach_robot/conv41)
[2026-02-28 17:40:56.636] [1780] [HailoRT] [info] [filter_elements.cpp:372] [create] Created (PostInferEl0beach_robot/conv41 | Quantization - src_type: UINT8, dst_type FLOAT32, limvals_min: -10.8307, limvals_max: 18.5504)
[2026-02-28 17:40:56.637] [1780] [HailoRT] [info] [queue_elements.cpp:800] [create] Created (UserBuffQEl0beach_robot/conv41 | timeout: 10s)
[2026-02-28 17:40:56.637] [1780] [HailoRT] [info] [vstream.cpp:1114] [OutputVStreamImpl] Creating beach_robot/conv41...
[2026-02-28 17:40:56.637] [1780] [HailoRT] [info] [vstream_builder.cpp:220] [create_outputs] Output pipeline 'beach_robot/conv41': HW >> (HwReadEl0beach_robot/conv41 | hw_frame_size: 409600) >> (PullQEl_hw_read0beach_robot/conv41) >> (PostInferEl0beach_robot/conv41 | Quantization - src_type: UINT8, dst_type FLOAT32, limvals_min: -10.8307, limvals_max: 18.5504) >> (UserBuffQEl0beach_robot/conv41 | timeout: 10s)
[2026-02-28 17:40:56.637] [1780] [HailoRT] [info] [edge_elements.cpp:287] [create] Created (HwReadEl7beach_robot/conv42 | hw_frame_size: 12800)
[2026-02-28 17:40:56.637] [1780] [HailoRT] [info] [queue_elements.cpp:657] [create] Created (PullQEl_hw_read7beach_robot/conv42)
[2026-02-28 17:40:56.637] [1780] [HailoRT] [info] [filter_elements.cpp:372] [create] Created (PostInferEl7beach_robot/conv42 | Quantization - src_type: UINT8, dst_type FLOAT32, limvals_min: -25.6857, limvals_max: 0)
[2026-02-28 17:40:56.637] [1780] [HailoRT] [info] [queue_elements.cpp:800] [create] Created (UserBuffQEl7beach_robot/conv42 | timeout: 10s)
[2026-02-28 17:40:56.637] [1780] [HailoRT] [info] [vstream.cpp:1114] [OutputVStreamImpl] Creating beach_robot/conv42...
[2026-02-28 17:40:56.637] [1780] [HailoRT] [info] [vstream_builder.cpp:220] [create_outputs] Output pipeline 'beach_robot/conv42': HW >> (HwReadEl7beach_robot/conv42 | hw_frame_size: 12800) >> (PullQEl_hw_read7beach_robot/conv42) >> (PostInferEl7beach_robot/conv42 | Quantization - src_type: UINT8, dst_type FLOAT32, limvals_min: -25.6857, limvals_max: 0) >> (UserBuffQEl7beach_robot/conv42 | timeout: 10s)
[2026-02-28 17:40:56.637] [1780] [HailoRT] [info] [edge_elements.cpp:287] [create] Created (HwReadEl3beach_robot/conv52 | hw_frame_size: 102400)
[2026-02-28 17:40:56.637] [1780] [HailoRT] [info] [queue_elements.cpp:657] [create] Created (PullQEl_hw_read3beach_robot/conv52)
[2026-02-28 17:40:56.637] [1780] [HailoRT] [info] [filter_elements.cpp:372] [create] Created (PostInferEl3beach_robot/conv52 | Quantization - src_type: UINT8, dst_type FLOAT32, limvals_min: -6.53754, limvals_max: 19.9239)
[2026-02-28 17:40:56.637] [1780] [HailoRT] [info] [queue_elements.cpp:800] [create] Created (UserBuffQEl3beach_robot/conv52 | timeout: 10s)
[2026-02-28 17:40:56.637] [1780] [HailoRT] [info] [vstream.cpp:1114] [OutputVStreamImpl] Creating beach_robot/conv52...
[2026-02-28 17:40:56.637] [1780] [HailoRT] [info] [vstream_builder.cpp:220] [create_outputs] Output pipeline 'beach_robot/conv52': HW >> (HwReadEl3beach_robot/conv52 | hw_frame_size: 102400) >> (PullQEl_hw_read3beach_robot/conv52) >> (PostInferEl3beach_robot/conv52 | Quantization - src_type: UINT8, dst_type FLOAT32, limvals_min: -6.53754, limvals_max: 19.9239) >> (UserBuffQEl3beach_robot/conv52 | timeout: 10s)
[2026-02-28 17:40:56.637] [1780] [HailoRT] [info] [edge_elements.cpp:287] [create] Created (HwReadEl1beach_robot/conv53 | hw_frame_size: 3200)
[2026-02-28 17:40:56.637] [1780] [HailoRT] [info] [queue_elements.cpp:657] [create] Created (PullQEl_hw_read1beach_robot/conv53)
[2026-02-28 17:40:56.637] [1780] [HailoRT] [info] [filter_elements.cpp:372] [create] Created (PostInferEl1beach_robot/conv53 | Quantization - src_type: UINT8, dst_type FLOAT32, limvals_min: -15.7441, limvals_max: 0)
[2026-02-28 17:40:56.637] [1780] [HailoRT] [info] [queue_elements.cpp:800] [create] Created (UserBuffQEl1beach_robot/conv53 | timeout: 10s)
[2026-02-28 17:40:56.637] [1780] [HailoRT] [info] [vstream.cpp:1114] [OutputVStreamImpl] Creating beach_robot/conv53...
[2026-02-28 17:40:56.637] [1780] [HailoRT] [info] [vstream_builder.cpp:220] [create_outputs] Output pipeline 'beach_robot/conv53': HW >> (HwReadEl1beach_robot/conv53 | hw_frame_size: 3200) >> (PullQEl_hw_read1beach_robot/conv53) >> (PostInferEl1beach_robot/conv53 | Quantization - src_type: UINT8, dst_type FLOAT32, limvals_min: -15.7441, limvals_max: 0) >> (UserBuffQEl1beach_robot/conv53 | timeout: 10s)
[2026-02-28 17:40:56.637] [1780] [HailoRT] [info] [edge_elements.cpp:287] [create] Created (HwReadEl2beach_robot/conv62 | hw_frame_size: 25600)
[2026-02-28 17:40:56.637] [1780] [HailoRT] [info] [queue_elements.cpp:657] [create] Created (PullQEl_hw_read2beach_robot/conv62)
[2026-02-28 17:40:56.637] [1780] [HailoRT] [info] [filter_elements.cpp:372] [create] Created (PostInferEl2beach_robot/conv62 | Quantization - src_type: UINT8, dst_type FLOAT32, limvals_min: -8.27399, limvals_max: 14.6594)
[2026-02-28 17:40:56.637] [1780] [HailoRT] [info] [queue_elements.cpp:800] [create] Created (UserBuffQEl2beach_robot/conv62 | timeout: 10s)
[2026-02-28 17:40:56.637] [1780] [HailoRT] [info] [vstream.cpp:1114] [OutputVStreamImpl] Creating beach_robot/conv62...
[2026-02-28 17:40:56.637] [1780] [HailoRT] [info] [vstream_builder.cpp:220] [create_outputs] Output pipeline 'beach_robot/conv62': HW >> (HwReadEl2beach_robot/conv62 | hw_frame_size: 25600) >> (PullQEl_hw_read2beach_robot/conv62) >> (PostInferEl2beach_robot/conv62 | Quantization - src_type: UINT8, dst_type FLOAT32, limvals_min: -8.27399, limvals_max: 14.6594) >> (UserBuffQEl2beach_robot/conv62 | timeout: 10s)
[2026-02-28 17:40:56.637] [1780] [HailoRT] [info] [edge_elements.cpp:287] [create] Created (HwReadEl0beach_robot/conv63 | hw_frame_size: 3200)
[2026-02-28 17:40:56.637] [1780] [HailoRT] [info] [queue_elements.cpp:657] [create] Created (PullQEl_hw_read0beach_robot/conv63)
[2026-02-28 17:40:56.637] [1780] [HailoRT] [info] [filter_elements.cpp:372] [create] Created (PostInferEl0beach_robot/conv63 | Quantization - src_type: UINT8, dst_type FLOAT32, limvals_min: -15.2921, limvals_max: 1.44388 | Reorder - src_order: FCR, src_shape: (20, 20, 8), dst_order: FCR, dst_shape: (20, 20, 2))
[2026-02-28 17:40:56.637] [1780] [HailoRT] [info] [queue_elements.cpp:800] [create] Created (UserBuffQEl0beach_robot/conv63 | timeout: 10s)
[2026-02-28 17:40:56.637] [1780] [HailoRT] [info] [vstream.cpp:1114] [OutputVStreamImpl] Creating beach_robot/conv63...
[2026-02-28 17:40:56.637] [1780] [HailoRT] [info] [vstream_builder.cpp:220] [create_outputs] Output pipeline 'beach_robot/conv63': HW >> (HwReadEl0beach_robot/conv63 | hw_frame_size: 3200) >> (PullQEl_hw_read0beach_robot/conv63) >> (PostInferEl0beach_robot/conv63 | Quantization - src_type: UINT8, dst_type FLOAT32, limvals_min: -15.2921, limvals_max: 1.44388 | Reorder - src_order: FCR, src_shape: (20, 20, 8), dst_order: FCR, dst_shape: (20, 20, 2)) >> (UserBuffQEl0beach_robot/conv63 | timeout: 10s)
[2026-02-28 17:40:56.638] [1780] [HailoRT] [info] [core_op.cpp:156] [activate] Activating beach_robot took 0.513424 milliseconds. Note that the function is asynchronous and thus the network is not fully activated yet.
[2026-02-28 17:40:56.638] [1780] [HailoRT] [info] [core_op.cpp:156] [activate] Activating beach_robot took 0.524738 milliseconds. Note that the function is asynchronous and thus the network is not fully activated yet.
[2026-02-28 17:40:56.657] [1770] [HailoRT] [info] [vdevice_native_stream.cpp:331] [read_impl] Failed read from stream HAILO_STREAM_NOT_ACTIVATED(72) (device: 0001:01:00.0)
[2026-02-28 17:40:56.657] [1773] [HailoRT] [info] [vdevice_native_stream.cpp:331] [read_impl] Failed read from stream HAILO_STREAM_NOT_ACTIVATED(72) (device: 0001:01:00.0)
[2026-02-28 17:40:56.657] [1769] [HailoRT] [info] [vdevice_native_stream.cpp:331] [read_impl] Failed read from stream HAILO_STREAM_NOT_ACTIVATED(72) (device: 0001:01:00.0)
[2026-02-28 17:40:56.657] [1772] [HailoRT] [info] [vdevice_native_stream.cpp:331] [read_impl] Failed read from stream HAILO_STREAM_NOT_ACTIVATED(72) (device: 0001:01:00.0)
[2026-02-28 17:40:56.657] [1771] [HailoRT] [info] [vdevice_native_stream.cpp:331] [read_impl] Failed read from stream HAILO_STREAM_NOT_ACTIVATED(72) (device: 0001:01:00.0)
[2026-02-28 17:40:56.657] [1768] [HailoRT] [info] [vdevice_native_stream.cpp:331] [read_impl] Failed read from stream HAILO_STREAM_NOT_ACTIVATED(72) (device: 0001:01:00.0)
[2026-02-28 17:40:56.658] [1780] [HailoRT] [info] [core_op.cpp:186] [deactivate] Deactivating took 0.496331 ms
[2026-02-28 17:40:56.658] [1780] [HailoRT] [info] [core_op.cpp:186] [deactivate] Deactivating took 0.523645 ms
[2026-02-28 17:40:56.658] [30397] [HailoRT] [info] [edge_elements.cpp:396] [run_pull] Reading from stream was aborted!
[2026-02-28 17:40:56.658] [30397] [HailoRT] [info] [queue_elements.cpp:738] [run_in_thread] run_pull of queue element PullQEl_hw_read0beach_robot/conv41 was aborted!
[2026-02-28 17:40:56.658] [30398] [HailoRT] [info] [queue_elements.cpp:855] [run_in_thread] Shutdown event was signaled in dequeue of UserBuffQEl0beach_robot/conv41!
[2026-02-28 17:40:56.658] [30397] [HailoRT] [info] [queue_elements.cpp:68] [operator()] Thread in element PullQEl_hw_read0beach_robot/conv41 is not running anymore, exiting..
[2026-02-28 17:40:56.658] [1780] [HailoRT] [info] [queue_elements.cpp:46] [~BaseQueueElement] Queue element PullQEl_hw_read0beach_robot/conv41 has 0 frames in his Queue on destruction
[2026-02-28 17:40:56.658] [30398] [HailoRT] [info] [queue_elements.cpp:68] [operator()] Thread in element UserBuffQEl0beach_robot/conv41 is not running anymore, exiting..
[2026-02-28 17:40:56.658] [1780] [HailoRT] [info] [queue_elements.cpp:46] [~BaseQueueElement] Queue element UserBuffQEl0beach_robot/conv41 has 0 frames in his Queue on destruction
[2026-02-28 17:40:56.658] [30399] [HailoRT] [info] [edge_elements.cpp:396] [run_pull] Reading from stream was aborted!
[2026-02-28 17:40:56.658] [30399] [HailoRT] [info] [queue_elements.cpp:738] [run_in_thread] run_pull of queue element PullQEl_hw_read7beach_robot/conv42 was aborted!
[2026-02-28 17:40:56.658] [30400] [HailoRT] [info] [queue_elements.cpp:855] [run_in_thread] Shutdown event was signaled in dequeue of UserBuffQEl7beach_robot/conv42!
[2026-02-28 17:40:56.658] [30399] [HailoRT] [info] [queue_elements.cpp:68] [operator()] Thread in element PullQEl_hw_read7beach_robot/conv42 is not running anymore, exiting..
[2026-02-28 17:40:56.658] [1780] [HailoRT] [info] [queue_elements.cpp:46] [~BaseQueueElement] Queue element PullQEl_hw_read7beach_robot/conv42 has 0 frames in his Queue on destruction
[2026-02-28 17:40:56.658] [30400] [HailoRT] [info] [queue_elements.cpp:68] [operator()] Thread in element UserBuffQEl7beach_robot/conv42 is not running anymore, exiting..
[2026-02-28 17:40:56.658] [1780] [HailoRT] [info] [queue_elements.cpp:46] [~BaseQueueElement] Queue element UserBuffQEl7beach_robot/conv42 has 0 frames in his Queue on destruction
[2026-02-28 17:40:56.658] [30401] [HailoRT] [info] [edge_elements.cpp:396] [run_pull] Reading from stream was aborted!
[2026-02-28 17:40:56.658] [30401] [HailoRT] [info] [queue_elements.cpp:738] [run_in_thread] run_pull of queue element PullQEl_hw_read3beach_robot/conv52 was aborted!
[2026-02-28 17:40:56.658] [30402] [HailoRT] [info] [queue_elements.cpp:855] [run_in_thread] Shutdown event was signaled in dequeue of UserBuffQEl3beach_robot/conv52!
[2026-02-28 17:40:56.658] [30401] [HailoRT] [info] [queue_elements.cpp:68] [operator()] Thread in element PullQEl_hw_read3beach_robot/conv52 is not running anymore, exiting..
[2026-02-28 17:40:56.658] [1780] [HailoRT] [info] [queue_elements.cpp:46] [~BaseQueueElement] Queue element PullQEl_hw_read3beach_robot/conv52 has 0 frames in his Queue on destruction
[2026-02-28 17:40:56.658] [30402] [HailoRT] [info] [queue_elements.cpp:68] [operator()] Thread in element UserBuffQEl3beach_robot/conv52 is not running anymore, exiting..
[2026-02-28 17:40:56.658] [1780] [HailoRT] [info] [queue_elements.cpp:46] [~BaseQueueElement] Queue element UserBuffQEl3beach_robot/conv52 has 0 frames in his Queue on destruction
[2026-02-28 17:40:56.658] [30403] [HailoRT] [info] [edge_elements.cpp:396] [run_pull] Reading from stream was aborted!
[2026-02-28 17:40:56.658] [30403] [HailoRT] [info] [queue_elements.cpp:738] [run_in_thread] run_pull of queue element PullQEl_hw_read1beach_robot/conv53 was aborted!
[2026-02-28 17:40:56.658] [30404] [HailoRT] [info] [queue_elements.cpp:855] [run_in_thread] Shutdown event was signaled in dequeue of UserBuffQEl1beach_robot/conv53!
[2026-02-28 17:40:56.658] [30403] [HailoRT] [info] [queue_elements.cpp:68] [operator()] Thread in element PullQEl_hw_read1beach_robot/conv53 is not running anymore, exiting..
[2026-02-28 17:40:56.658] [1780] [HailoRT] [info] [queue_elements.cpp:46] [~BaseQueueElement] Queue element PullQEl_hw_read1beach_robot/conv53 has 0 frames in his Queue on destruction
[2026-02-28 17:40:56.658] [30404] [HailoRT] [info] [queue_elements.cpp:68] [operator()] Thread in element UserBuffQEl1beach_robot/conv53 is not running anymore, exiting..
[2026-02-28 17:40:56.658] [1780] [HailoRT] [info] [queue_elements.cpp:46] [~BaseQueueElement] Queue element UserBuffQEl1beach_robot/conv53 has 0 frames in his Queue on destruction
[2026-02-28 17:40:56.658] [30405] [HailoRT] [info] [edge_elements.cpp:396] [run_pull] Reading from stream was aborted!
[2026-02-28 17:40:56.658] [30406] [HailoRT] [info] [queue_elements.cpp:855] [run_in_thread] Shutdown event was signaled in dequeue of UserBuffQEl2beach_robot/conv62!
[2026-02-28 17:40:56.658] [30405] [HailoRT] [info] [queue_elements.cpp:738] [run_in_thread] run_pull of queue element PullQEl_hw_read2beach_robot/conv62 was aborted!
[2026-02-28 17:40:56.658] [30405] [HailoRT] [info] [queue_elements.cpp:68] [operator()] Thread in element PullQEl_hw_read2beach_robot/conv62 is not running anymore, exiting..
[2026-02-28 17:40:56.658] [1780] [HailoRT] [info] [queue_elements.cpp:46] [~BaseQueueElement] Queue element PullQEl_hw_read2beach_robot/conv62 has 0 frames in his Queue on destruction
[2026-02-28 17:40:56.658] [30406] [HailoRT] [info] [queue_elements.cpp:68] [operator()] Thread in element UserBuffQEl2beach_robot/conv62 is not running anymore, exiting..
[2026-02-28 17:40:56.658] [1780] [HailoRT] [info] [queue_elements.cpp:46] [~BaseQueueElement] Queue element UserBuffQEl2beach_robot/conv62 has 0 frames in his Queue on destruction
[2026-02-28 17:40:56.658] [30407] [HailoRT] [info] [edge_elements.cpp:396] [run_pull] Reading from stream was aborted!
[2026-02-28 17:40:56.658] [30408] [HailoRT] [info] [queue_elements.cpp:855] [run_in_thread] Shutdown event was signaled in dequeue of UserBuffQEl0beach_robot/conv63!
[2026-02-28 17:40:56.658] [30407] [HailoRT] [info] [queue_elements.cpp:738] [run_in_thread] run_pull of queue element PullQEl_hw_read0beach_robot/conv63 was aborted!
[2026-02-28 17:40:56.658] [30407] [HailoRT] [info] [queue_elements.cpp:68] [operator()] Thread in element PullQEl_hw_read0beach_robot/conv63 is not running anymore, exiting..
[2026-02-28 17:40:56.658] [1780] [HailoRT] [info] [queue_elements.cpp:46] [~BaseQueueElement] Queue element PullQEl_hw_read0beach_robot/conv63 has 0 frames in his Queue on destruction
[2026-02-28 17:40:56.658] [30408] [HailoRT] [info] [queue_elements.cpp:68] [operator()] Thread in element UserBuffQEl0beach_robot/conv63 is not running anymore, exiting..
[2026-02-28 17:40:56.658] [1780] [HailoRT] [info] [queue_elements.cpp:46] [~BaseQueueElement] Queue element UserBuffQEl0beach_robot/conv63 has 0 frames in his Queue on destruction
[2026-02-28 17:40:57.050] [1780] [HailoRT] [info] [edge_elements.cpp:52] [create] Created (HwWriteEl2beach_robot/input_layer1 | hw_frame_size: 1228800)
[2026-02-28 17:40:57.050] [1780] [HailoRT] [info] [vstream.cpp:754] [InputVStreamImpl] Creating beach_robot/input_layer1...
[2026-02-28 17:40:57.050] [1780] [HailoRT] [info] [vstream_builder.cpp:102] [create_inputs] Input pipeline 'beach_robot/input_layer1': (HwWriteEl2beach_robot/input_layer1 | hw_frame_size: 1228800) >> HW
[2026-02-28 17:40:57.050] [1780] [HailoRT] [info] [edge_elements.cpp:287] [create] Created (HwReadEl0beach_robot/conv41 | hw_frame_size: 409600)
[2026-02-28 17:40:57.050] [1780] [HailoRT] [info] [queue_elements.cpp:657] [create] Created (PullQEl_hw_read0beach_robot/conv41)
[2026-02-28 17:40:57.050] [1780] [HailoRT] [info] [filter_elements.cpp:372] [create] Created (PostInferEl0beach_robot/conv41 | Quantization - src_type: UINT8, dst_type FLOAT32, limvals_min: -10.8307, limvals_max: 18.5504)
[2026-02-28 17:40:57.050] [1780] [HailoRT] [info] [queue_elements.cpp:800] [create] Created (UserBuffQEl0beach_robot/conv41 | timeout: 10s)
[2026-02-28 17:40:57.050] [1780] [HailoRT] [info] [vstream.cpp:1114] [OutputVStreamImpl] Creating beach_robot/conv41...
[2026-02-28 17:40:57.050] [1780] [HailoRT] [info] [vstream_builder.cpp:220] [create_outputs] Output pipeline 'beach_robot/conv41': HW >> (HwReadEl0beach_robot/conv41 | hw_frame_size: 409600) >> (PullQEl_hw_read0beach_robot/conv41) >> (PostInferEl0beach_robot/conv41 | Quantization - src_type: UINT8, dst_type FLOAT32, limvals_min: -10.8307, limvals_max: 18.5504) >> (UserBuffQEl0beach_robot/conv41 | timeout: 10s)
[2026-02-28 17:40:57.050] [1780] [HailoRT] [info] [edge_elements.cpp:287] [create] Created (HwReadEl7beach_robot/conv42 | hw_frame_size: 12800)
[2026-02-28 17:40:57.050] [1780] [HailoRT] [info] [queue_elements.cpp:657] [create] Created (PullQEl_hw_read7beach_robot/conv42)
[2026-02-28 17:40:57.050] [1780] [HailoRT] [info] [filter_elements.cpp:372] [create] Created (PostInferEl7beach_robot/conv42 | Quantization - src_type: UINT8, dst_type FLOAT32, limvals_min: -25.6857, limvals_max: 0)
[2026-02-28 17:40:57.050] [1780] [HailoRT] [info] [queue_elements.cpp:800] [create] Created (UserBuffQEl7beach_robot/conv42 | timeout: 10s)
[2026-02-28 17:40:57.051] [1780] [HailoRT] [info] [vstream.cpp:1114] [OutputVStreamImpl] Creating beach_robot/conv42...
[2026-02-28 17:40:57.051] [1780] [HailoRT] [info] [vstream_builder.cpp:220] [create_outputs] Output pipeline 'beach_robot/conv42': HW >> (HwReadEl7beach_robot/conv42 | hw_frame_size: 12800) >> (PullQEl_hw_read7beach_robot/conv42) >> (PostInferEl7beach_robot/conv42 | Quantization - src_type: UINT8, dst_type FLOAT32, limvals_min: -25.6857, limvals_max: 0) >> (UserBuffQEl7beach_robot/conv42 | timeout: 10s)
[2026-02-28 17:40:57.051] [1780] [HailoRT] [info] [edge_elements.cpp:287] [create] Created (HwReadEl3beach_robot/conv52 | hw_frame_size: 102400)
[2026-02-28 17:40:57.051] [1780] [HailoRT] [info] [queue_elements.cpp:657] [create] Created (PullQEl_hw_read3beach_robot/conv52)
[2026-02-28 17:40:57.051] [1780] [HailoRT] [info] [filter_elements.cpp:372] [create] Created (PostInferEl3beach_robot/conv52 | Quantization - src_type: UINT8, dst_type FLOAT32, limvals_min: -6.53754, limvals_max: 19.9239)
[2026-02-28 17:40:57.051] [1780] [HailoRT] [info] [queue_elements.cpp:800] [create] Created (UserBuffQEl3beach_robot/conv52 | timeout: 10s)
[2026-02-28 17:40:57.051] [1780] [HailoRT] [info] [vstream.cpp:1114] [OutputVStreamImpl] Creating beach_robot/conv52...
[2026-02-28 17:40:57.051] [1780] [HailoRT] [info] [vstream_builder.cpp:220] [create_outputs] Output pipeline 'beach_robot/conv52': HW >> (HwReadEl3beach_robot/conv52 | hw_frame_size: 102400) >> (PullQEl_hw_read3beach_robot/conv52) >> (PostInferEl3beach_robot/conv52 | Quantization - src_type: UINT8, dst_type FLOAT32, limvals_min: -6.53754, limvals_max: 19.9239) >> (UserBuffQEl3beach_robot/conv52 | timeout: 10s)
[2026-02-28 17:40:57.051] [1780] [HailoRT] [info] [edge_elements.cpp:287] [create] Created (HwReadEl1beach_robot/conv53 | hw_frame_size: 3200)
[2026-02-28 17:40:57.051] [1780] [HailoRT] [info] [queue_elements.cpp:657] [create] Created (PullQEl_hw_read1beach_robot/conv53)
[2026-02-28 17:40:57.051] [1780] [HailoRT] [info] [filter_elements.cpp:372] [create] Created (PostInferEl1beach_robot/conv53 | Quantization - src_type: UINT8, dst_type FLOAT32, limvals_min: -15.7441, limvals_max: 0)
[2026-02-28 17:40:57.051] [1780] [HailoRT] [info] [queue_elements.cpp:800] [create] Created (UserBuffQEl1beach_robot/conv53 | timeout: 10s)
[2026-02-28 17:40:57.051] [1780] [HailoRT] [info] [vstream.cpp:1114] [OutputVStreamImpl] Creating beach_robot/conv53...
[2026-02-28 17:40:57.051] [1780] [HailoRT] [info] [vstream_builder.cpp:220] [create_outputs] Output pipeline 'beach_robot/conv53': HW >> (HwReadEl1beach_robot/conv53 | hw_frame_size: 3200) >> (PullQEl_hw_read1beach_robot/conv53) >> (PostInferEl1beach_robot/conv53 | Quantization - src_type: UINT8, dst_type FLOAT32, limvals_min: -15.7441, limvals_max: 0) >> (UserBuffQEl1beach_robot/conv53 | timeout: 10s)
[2026-02-28 17:40:57.051] [1780] [HailoRT] [info] [edge_elements.cpp:287] [create] Created (HwReadEl2beach_robot/conv62 | hw_frame_size: 25600)
[2026-02-28 17:40:57.051] [1780] [HailoRT] [info] [queue_elements.cpp:657] [create] Created (PullQEl_hw_read2beach_robot/conv62)
[2026-02-28 17:40:57.051] [1780] [HailoRT] [info] [filter_elements.cpp:372] [create] Created (PostInferEl2beach_robot/conv62 | Quantization - src_type: UINT8, dst_type FLOAT32, limvals_min: -8.27399, limvals_max: 14.6594)
[2026-02-28 17:40:57.051] [1780] [HailoRT] [info] [queue_elements.cpp:800] [create] Created (UserBuffQEl2beach_robot/conv62 | timeout: 10s)
[2026-02-28 17:40:57.051] [1780] [HailoRT] [info] [vstream.cpp:1114] [OutputVStreamImpl] Creating beach_robot/conv62...
[2026-02-28 17:40:57.051] [1780] [HailoRT] [info] [vstream_builder.cpp:220] [create_outputs] Output pipeline 'beach_robot/conv62': HW >> (HwReadEl2beach_robot/conv62 | hw_frame_size: 25600) >> (PullQEl_hw_read2beach_robot/conv62) >> (PostInferEl2beach_robot/conv62 | Quantization - src_type: UINT8, dst_type FLOAT32, limvals_min: -8.27399, limvals_max: 14.6594) >> (UserBuffQEl2beach_robot/conv62 | timeout: 10s)
[2026-02-28 17:40:57.051] [1780] [HailoRT] [info] [edge_elements.cpp:287] [create] Created (HwReadEl0beach_robot/conv63 | hw_frame_size: 3200)
[2026-02-28 17:40:57.051] [1780] [HailoRT] [info] [queue_elements.cpp:657] [create] Created (PullQEl_hw_read0beach_robot/conv63)
[2026-02-28 17:40:57.051] [1780] [HailoRT] [info] [filter_elements.cpp:372] [create] Created (PostInferEl0beach_robot/conv63 | Quantization - src_type: UINT8, dst_type FLOAT32, limvals_min: -15.2921, limvals_max: 1.44388 | Reorder - src_order: FCR, src_shape: (20, 20, 8), dst_order: FCR, dst_shape: (20, 20, 2))
[2026-02-28 17:40:57.051] [1780] [HailoRT] [info] [queue_elements.cpp:800] [create] Created (UserBuffQEl0beach_robot/conv63 | timeout: 10s)
[2026-02-28 17:40:57.051] [1780] [HailoRT] [info] [vstream.cpp:1114] [OutputVStreamImpl] Creating beach_robot/conv63...
[2026-02-28 17:40:57.051] [1780] [HailoRT] [info] [vstream_builder.cpp:220] [create_outputs] Output pipeline 'beach_robot/conv63': HW >> (HwReadEl0beach_robot/conv63 | hw_frame_size: 3200) >> (PullQEl_hw_read0beach_robot/conv63) >> (PostInferEl0beach_robot/conv63 | Quantization - src_type: UINT8, dst_type FLOAT32, limvals_min: -15.2921, limvals_max: 1.44388 | Reorder - src_order: FCR, src_shape: (20, 20, 8), dst_order: FCR, dst_shape: (20, 20, 2)) >> (UserBuffQEl0beach_robot/conv63 | timeout: 10s)
[2026-02-28 17:40:57.052] [1780] [HailoRT] [info] [core_op.cpp:156] [activate] Activating beach_robot took 0.513164 milliseconds. Note that the function is asynchronous and thus the network is not fully activated yet.
[2026-02-28 17:40:57.052] [1780] [HailoRT] [info] [core_op.cpp:156] [activate] Activating beach_robot took 0.524293 milliseconds. Note that the function is asynchronous and thus the network is not fully activated yet.
[2026-02-28 17:40:57.071] [1768] [HailoRT] [info] [vdevice_native_stream.cpp:331] [read_impl] Failed read from stream HAILO_STREAM_NOT_ACTIVATED(72) (device: 0001:01:00.0)
[2026-02-28 17:40:57.071] [1770] [HailoRT] [info] [vdevice_native_stream.cpp:331] [read_impl] Failed read from stream HAILO_STREAM_NOT_ACTIVATED(72) (device: 0001:01:00.0)
[2026-02-28 17:40:57.071] [1772] [HailoRT] [info] [vdevice_native_stream.cpp:331] [read_impl] Failed read from stream HAILO_STREAM_NOT_ACTIVATED(72) (device: 0001:01:00.0)
[2026-02-28 17:40:57.071] [1769] [HailoRT] [info] [vdevice_native_stream.cpp:331] [read_impl] Failed read from stream HAILO_STREAM_NOT_ACTIVATED(72) (device: 0001:01:00.0)
[2026-02-28 17:40:57.071] [1771] [HailoRT] [info] [vdevice_native_stream.cpp:331] [read_impl] Failed read from stream HAILO_STREAM_NOT_ACTIVATED(72) (device: 0001:01:00.0)
[2026-02-28 17:40:57.071] [1773] [HailoRT] [info] [vdevice_native_stream.cpp:331] [read_impl] Failed read from stream HAILO_STREAM_NOT_ACTIVATED(72) (device: 0001:01:00.0)
[2026-02-28 17:40:57.071] [1780] [HailoRT] [info] [core_op.cpp:186] [deactivate] Deactivating took 0.509997 ms
[2026-02-28 17:40:57.071] [1780] [HailoRT] [info] [core_op.cpp:186] [deactivate] Deactivating took 0.522683 ms
[2026-02-28 17:40:57.071] [30416] [HailoRT] [info] [edge_elements.cpp:396] [run_pull] Reading from stream was aborted!
[2026-02-28 17:40:57.071] [30417] [HailoRT] [info] [queue_elements.cpp:855] [run_in_thread] Shutdown event was signaled in dequeue of UserBuffQEl0beach_robot/conv41!
[2026-02-28 17:40:57.071] [30416] [HailoRT] [info] [queue_elements.cpp:738] [run_in_thread] run_pull of queue element PullQEl_hw_read0beach_robot/conv41 was aborted!
[2026-02-28 17:40:57.071] [30416] [HailoRT] [info] [queue_elements.cpp:68] [operator()] Thread in element PullQEl_hw_read0beach_robot/conv41 is not running anymore, exiting..
[2026-02-28 17:40:57.072] [1780] [HailoRT] [info] [queue_elements.cpp:46] [~BaseQueueElement] Queue element PullQEl_hw_read0beach_robot/conv41 has 0 frames in his Queue on destruction
[2026-02-28 17:40:57.072] [30417] [HailoRT] [info] [queue_elements.cpp:68] [operator()] Thread in element UserBuffQEl0beach_robot/conv41 is not running anymore, exiting..
[2026-02-28 17:40:57.072] [1780] [HailoRT] [info] [queue_elements.cpp:46] [~BaseQueueElement] Queue element UserBuffQEl0beach_robot/conv41 has 0 frames in his Queue on destruction
[2026-02-28 17:40:57.072] [30419] [HailoRT] [info] [queue_elements.cpp:855] [run_in_thread] Shutdown event was signaled in dequeue of UserBuffQEl7beach_robot/conv42!
[2026-02-28 17:40:57.072] [30418] [HailoRT] [info] [edge_elements.cpp:396] [run_pull] Reading from stream was aborted!
[2026-02-28 17:40:57.072] [30418] [HailoRT] [info] [queue_elements.cpp:738] [run_in_thread] run_pull of queue element PullQEl_hw_read7beach_robot/conv42 was aborted!
[2026-02-28 17:40:57.072] [30418] [HailoRT] [info] [queue_elements.cpp:68] [operator()] Thread in element PullQEl_hw_read7beach_robot/conv42 is not running anymore, exiting..
[2026-02-28 17:40:57.072] [1780] [HailoRT] [info] [queue_elements.cpp:46] [~BaseQueueElement] Queue element PullQEl_hw_read7beach_robot/conv42 has 0 frames in his Queue on destruction
[2026-02-28 17:40:57.072] [30419] [HailoRT] [info] [queue_elements.cpp:68] [operator()] Thread in element UserBuffQEl7beach_robot/conv42 is not running anymore, exiting..
[2026-02-28 17:40:57.072] [1780] [HailoRT] [info] [queue_elements.cpp:46] [~BaseQueueElement] Queue element UserBuffQEl7beach_robot/conv42 has 0 frames in his Queue on destruction
[2026-02-28 17:40:57.072] [30420] [HailoRT] [info] [edge_elements.cpp:396] [run_pull] Reading from stream was aborted!
[2026-02-28 17:40:57.072] [30421] [HailoRT] [info] [queue_elements.cpp:855] [run_in_thread] Shutdown event was signaled in dequeue of UserBuffQEl3beach_robot/conv52!
[2026-02-28 17:40:57.072] [30420] [HailoRT] [info] [queue_elements.cpp:738] [run_in_thread] run_pull of queue element PullQEl_hw_read3beach_robot/conv52 was aborted!
[2026-02-28 17:40:57.072] [30420] [HailoRT] [info] [queue_elements.cpp:68] [operator()] Thread in element PullQEl_hw_read3beach_robot/conv52 is not running anymore, exiting..
[2026-02-28 17:40:57.072] [1780] [HailoRT] [info] [queue_elements.cpp:46] [~BaseQueueElement] Queue element PullQEl_hw_read3beach_robot/conv52 has 0 frames in his Queue on destruction
[2026-02-28 17:40:57.072] [30421] [HailoRT] [info] [queue_elements.cpp:68] [operator()] Thread in element UserBuffQEl3beach_robot/conv52 is not running anymore, exiting..
[2026-02-28 17:40:57.072] [1780] [HailoRT] [info] [queue_elements.cpp:46] [~BaseQueueElement] Queue element UserBuffQEl3beach_robot/conv52 has 0 frames in his Queue on destruction
[2026-02-28 17:40:57.072] [30422] [HailoRT] [info] [edge_elements.cpp:396] [run_pull] Reading from stream was aborted!
[2026-02-28 17:40:57.072] [30422] [HailoRT] [info] [queue_elements.cpp:738] [run_in_thread] run_pull of queue element PullQEl_hw_read1beach_robot/conv53 was aborted!
[2026-02-28 17:40:57.072] [30423] [HailoRT] [info] [queue_elements.cpp:855] [run_in_thread] Shutdown event was signaled in dequeue of UserBuffQEl1beach_robot/conv53!
[2026-02-28 17:40:57.072] [30422] [HailoRT] [info] [queue_elements.cpp:68] [operator()] Thread in element PullQEl_hw_read1beach_robot/conv53 is not running anymore, exiting..
[2026-02-28 17:40:57.072] [1780] [HailoRT] [info] [queue_elements.cpp:46] [~BaseQueueElement] Queue element PullQEl_hw_read1beach_robot/conv53 has 0 frames in his Queue on destruction
[2026-02-28 17:40:57.072] [30423] [HailoRT] [info] [queue_elements.cpp:68] [operator()] Thread in element UserBuffQEl1beach_robot/conv53 is not running anymore, exiting..
[2026-02-28 17:40:57.072] [1780] [HailoRT] [info] [queue_elements.cpp:46] [~BaseQueueElement] Queue element UserBuffQEl1beach_robot/conv53 has 0 frames in his Queue on destruction
[2026-02-28 17:40:57.072] [30424] [HailoRT] [info] [edge_elements.cpp:396] [run_pull] Reading from stream was aborted!
[2026-02-28 17:40:57.072] [30425] [HailoRT] [info] [queue_elements.cpp:855] [run_in_thread] Shutdown event was signaled in dequeue of UserBuffQEl2beach_robot/conv62!
[2026-02-28 17:40:57.072] [30424] [HailoRT] [info] [queue_elements.cpp:738] [run_in_thread] run_pull of queue element PullQEl_hw_read2beach_robot/conv62 was aborted!
[2026-02-28 17:40:57.072] [30424] [HailoRT] [info] [queue_elements.cpp:68] [operator()] Thread in element PullQEl_hw_read2beach_robot/conv62 is not running anymore, exiting..
[2026-02-28 17:40:57.072] [1780] [HailoRT] [info] [queue_elements.cpp:46] [~BaseQueueElement] Queue element PullQEl_hw_read2beach_robot/conv62 has 0 frames in his Queue on destruction
[2026-02-28 17:40:57.072] [30425] [HailoRT] [info] [queue_elements.cpp:68] [operator()] Thread in element UserBuffQEl2beach_robot/conv62 is not running anymore, exiting..
[2026-02-28 17:40:57.072] [1780] [HailoRT] [info] [queue_elements.cpp:46] [~BaseQueueElement] Queue element UserBuffQEl2beach_robot/conv62 has 0 frames in his Queue on destruction
[2026-02-28 17:40:57.072] [30427] [HailoRT] [info] [queue_elements.cpp:855] [run_in_thread] Shutdown event was signaled in dequeue of UserBuffQEl0beach_robot/conv63!
[2026-02-28 17:40:57.072] [30426] [HailoRT] [info] [edge_elements.cpp:396] [run_pull] Reading from stream was aborted!
[2026-02-28 17:40:57.072] [30426] [HailoRT] [info] [queue_elements.cpp:738] [run_in_thread] run_pull of queue element PullQEl_hw_read0beach_robot/conv63 was aborted!
[2026-02-28 17:40:57.072] [30426] [HailoRT] [info] [queue_elements.cpp:68] [operator()] Thread in element PullQEl_hw_read0beach_robot/conv63 is not running anymore, exiting..
[2026-02-28 17:40:57.072] [1780] [HailoRT] [info] [queue_elements.cpp:46] [~BaseQueueElement] Queue element PullQEl_hw_read0beach_robot/conv63 has 0 frames in his Queue on destruction
[2026-02-28 17:40:57.072] [30427] [HailoRT] [info] [queue_elements.cpp:68] [operator()] Thread in element UserBuffQEl0beach_robot/conv63 is not running anymore, exiting..
[2026-02-28 17:40:57.072] [1780] [HailoRT] [info] [queue_elements.cpp:46] [~BaseQueueElement] Queue element UserBuffQEl0beach_robot/conv63 has 0 frames in his Queue on destruction
[2026-02-28 17:40:57.464] [1780] [HailoRT] [info] [edge_elements.cpp:52] [create] Created (HwWriteEl2beach_robot/input_layer1 | hw_frame_size: 1228800)
[2026-02-28 17:40:57.464] [1780] [HailoRT] [info] [vstream.cpp:754] [InputVStreamImpl] Creating beach_robot/input_layer1...
[2026-02-28 17:40:57.464] [1780] [HailoRT] [info] [vstream_builder.cpp:102] [create_inputs] Input pipeline 'beach_robot/input_layer1': (HwWriteEl2beach_robot/input_layer1 | hw_frame_size: 1228800) >> HW
[2026-02-28 17:40:57.464] [1780] [HailoRT] [info] [edge_elements.cpp:287] [create] Created (HwReadEl0beach_robot/conv41 | hw_frame_size: 409600)
[2026-02-28 17:40:57.464] [1780] [HailoRT] [info] [queue_elements.cpp:657] [create] Created (PullQEl_hw_read0beach_robot/conv41)
[2026-02-28 17:40:57.464] [1780] [HailoRT] [info] [filter_elements.cpp:372] [create] Created (PostInferEl0beach_robot/conv41 | Quantization - src_type: UINT8, dst_type FLOAT32, limvals_min: -10.8307, limvals_max: 18.5504)
[2026-02-28 17:40:57.464] [1780] [HailoRT] [info] [queue_elements.cpp:800] [create] Created (UserBuffQEl0beach_robot/conv41 | timeout: 10s)
[2026-02-28 17:40:57.464] [1780] [HailoRT] [info] [vstream.cpp:1114] [OutputVStreamImpl] Creating beach_robot/conv41...
[2026-02-28 17:40:57.464] [1780] [HailoRT] [info] [vstream_builder.cpp:220] [create_outputs] Output pipeline 'beach_robot/conv41': HW >> (HwReadEl0beach_robot/conv41 | hw_frame_size: 409600) >> (PullQEl_hw_read0beach_robot/conv41) >> (PostInferEl0beach_robot/conv41 | Quantization - src_type: UINT8, dst_type FLOAT32, limvals_min: -10.8307, limvals_max: 18.5504) >> (UserBuffQEl0beach_robot/conv41 | timeout: 10s)
[2026-02-28 17:40:57.464] [1780] [HailoRT] [info] [edge_elements.cpp:287] [create] Created (HwReadEl7beach_robot/conv42 | hw_frame_size: 12800)
[2026-02-28 17:40:57.464] [1780] [HailoRT] [info] [queue_elements.cpp:657] [create] Created (PullQEl_hw_read7beach_robot/conv42)
[2026-02-28 17:40:57.464] [1780] [HailoRT] [info] [filter_elements.cpp:372] [create] Created (PostInferEl7beach_robot/conv42 | Quantization - src_type: UINT8, dst_type FLOAT32, limvals_min: -25.6857, limvals_max: 0)
[2026-02-28 17:40:57.464] [1780] [HailoRT] [info] [queue_elements.cpp:800] [create] Created (UserBuffQEl7beach_robot/conv42 | timeout: 10s)
[2026-02-28 17:40:57.464] [1780] [HailoRT] [info] [vstream.cpp:1114] [OutputVStreamImpl] Creating beach_robot/conv42...
[2026-02-28 17:40:57.464] [1780] [HailoRT] [info] [vstream_builder.cpp:220] [create_outputs] Output pipeline 'beach_robot/conv42': HW >> (HwReadEl7beach_robot/conv42 | hw_frame_size: 12800) >> (PullQEl_hw_read7beach_robot/conv42) >> (PostInferEl7beach_robot/conv42 | Quantization - src_type: UINT8, dst_type FLOAT32, limvals_min: -25.6857, limvals_max: 0) >> (UserBuffQEl7beach_robot/conv42 | timeout: 10s)
[2026-02-28 17:40:57.464] [1780] [HailoRT] [info] [edge_elements.cpp:287] [create] Created (HwReadEl3beach_robot/conv52 | hw_frame_size: 102400)
[2026-02-28 17:40:57.464] [1780] [HailoRT] [info] [queue_elements.cpp:657] [create] Created (PullQEl_hw_read3beach_robot/conv52)
[2026-02-28 17:40:57.464] [1780] [HailoRT] [info] [filter_elements.cpp:372] [create] Created (PostInferEl3beach_robot/conv52 | Quantization - src_type: UINT8, dst_type FLOAT32, limvals_min: -6.53754, limvals_max: 19.9239)
[2026-02-28 17:40:57.464] [1780] [HailoRT] [info] [queue_elements.cpp:800] [create] Created (UserBuffQEl3beach_robot/conv52 | timeout: 10s)
[2026-02-28 17:40:57.464] [1780] [HailoRT] [info] [vstream.cpp:1114] [OutputVStreamImpl] Creating beach_robot/conv52...
[2026-02-28 17:40:57.464] [1780] [HailoRT] [info] [vstream_builder.cpp:220] [create_outputs] Output pipeline 'beach_robot/conv52': HW >> (HwReadEl3beach_robot/conv52 | hw_frame_size: 102400) >> (PullQEl_hw_read3beach_robot/conv52) >> (PostInferEl3beach_robot/conv52 | Quantization - src_type: UINT8, dst_type FLOAT32, limvals_min: -6.53754, limvals_max: 19.9239) >> (UserBuffQEl3beach_robot/conv52 | timeout: 10s)
[2026-02-28 17:40:57.464] [1780] [HailoRT] [info] [edge_elements.cpp:287] [create] Created (HwReadEl1beach_robot/conv53 | hw_frame_size: 3200)
[2026-02-28 17:40:57.464] [1780] [HailoRT] [info] [queue_elements.cpp:657] [create] Created (PullQEl_hw_read1beach_robot/conv53)
[2026-02-28 17:40:57.464] [1780] [HailoRT] [info] [filter_elements.cpp:372] [create] Created (PostInferEl1beach_robot/conv53 | Quantization - src_type: UINT8, dst_type FLOAT32, limvals_min: -15.7441, limvals_max: 0)
[2026-02-28 17:40:57.464] [1780] [HailoRT] [info] [queue_elements.cpp:800] [create] Created (UserBuffQEl1beach_robot/conv53 | timeout: 10s)
[2026-02-28 17:40:57.464] [1780] [HailoRT] [info] [vstream.cpp:1114] [OutputVStreamImpl] Creating beach_robot/conv53...
[2026-02-28 17:40:57.464] [1780] [HailoRT] [info] [vstream_builder.cpp:220] [create_outputs] Output pipeline 'beach_robot/conv53': HW >> (HwReadEl1beach_robot/conv53 | hw_frame_size: 3200) >> (PullQEl_hw_read1beach_robot/conv53) >> (PostInferEl1beach_robot/conv53 | Quantization - src_type: UINT8, dst_type FLOAT32, limvals_min: -15.7441, limvals_max: 0) >> (UserBuffQEl1beach_robot/conv53 | timeout: 10s)
[2026-02-28 17:40:57.465] [1780] [HailoRT] [info] [edge_elements.cpp:287] [create] Created (HwReadEl2beach_robot/conv62 | hw_frame_size: 25600)
[2026-02-28 17:40:57.465] [1780] [HailoRT] [info] [queue_elements.cpp:657] [create] Created (PullQEl_hw_read2beach_robot/conv62)
[2026-02-28 17:40:57.465] [1780] [HailoRT] [info] [filter_elements.cpp:372] [create] Created (PostInferEl2beach_robot/conv62 | Quantization - src_type: UINT8, dst_type FLOAT32, limvals_min: -8.27399, limvals_max: 14.6594)
[2026-02-28 17:40:57.465] [1780] [HailoRT] [info] [queue_elements.cpp:800] [create] Created (UserBuffQEl2beach_robot/conv62 | timeout: 10s)
[2026-02-28 17:40:57.465] [1780] [HailoRT] [info] [vstream.cpp:1114] [OutputVStreamImpl] Creating beach_robot/conv62...
[2026-02-28 17:40:57.465] [1780] [HailoRT] [info] [vstream_builder.cpp:220] [create_outputs] Output pipeline 'beach_robot/conv62': HW >> (HwReadEl2beach_robot/conv62 | hw_frame_size: 25600) >> (PullQEl_hw_read2beach_robot/conv62) >> (PostInferEl2beach_robot/conv62 | Quantization - src_type: UINT8, dst_type FLOAT32, limvals_min: -8.27399, limvals_max: 14.6594) >> (UserBuffQEl2beach_robot/conv62 | timeout: 10s)
[2026-02-28 17:40:57.465] [1780] [HailoRT] [info] [edge_elements.cpp:287] [create] Created (HwReadEl0beach_robot/conv63 | hw_frame_size: 3200)
[2026-02-28 17:40:57.465] [1780] [HailoRT] [info] [queue_elements.cpp:657] [create] Created (PullQEl_hw_read0beach_robot/conv63)
[2026-02-28 17:40:57.465] [1780] [HailoRT] [info] [filter_elements.cpp:372] [create] Created (PostInferEl0beach_robot/conv63 | Quantization - src_type: UINT8, dst_type FLOAT32, limvals_min: -15.2921, limvals_max: 1.44388 | Reorder - src_order: FCR, src_shape: (20, 20, 8), dst_order: FCR, dst_shape: (20, 20, 2))
[2026-02-28 17:40:57.465] [1780] [HailoRT] [info] [queue_elements.cpp:800] [create] Created (UserBuffQEl0beach_robot/conv63 | timeout: 10s)
[2026-02-28 17:40:57.465] [1780] [HailoRT] [info] [vstream.cpp:1114] [OutputVStreamImpl] Creating beach_robot/conv63...
[2026-02-28 17:40:57.465] [1780] [HailoRT] [info] [vstream_builder.cpp:220] [create_outputs] Output pipeline 'beach_robot/conv63': HW >> (HwReadEl0beach_robot/conv63 | hw_frame_size: 3200) >> (PullQEl_hw_read0beach_robot/conv63) >> (PostInferEl0beach_robot/conv63 | Quantization - src_type: UINT8, dst_type FLOAT32, limvals_min: -15.2921, limvals_max: 1.44388 | Reorder - src_order: FCR, src_shape: (20, 20, 8), dst_order: FCR, dst_shape: (20, 20, 2)) >> (UserBuffQEl0beach_robot/conv63 | timeout: 10s)
[2026-02-28 17:40:57.465] [1780] [HailoRT] [info] [core_op.cpp:156] [activate] Activating beach_robot took 0.52009 milliseconds. Note that the function is asynchronous and thus the network is not fully activated yet.
[2026-02-28 17:40:57.465] [1780] [HailoRT] [info] [core_op.cpp:156] [activate] Activating beach_robot took 0.530978 milliseconds. Note that the function is asynchronous and thus the network is not fully activated yet.
[2026-02-28 17:40:57.485] [1768] [HailoRT] [info] [vdevice_native_stream.cpp:331] [read_impl] Failed read from stream HAILO_STREAM_NOT_ACTIVATED(72) (device: 0001:01:00.0)
[2026-02-28 17:40:57.485] [1770] [HailoRT] [info] [vdevice_native_stream.cpp:331] [read_impl] Failed read from stream HAILO_STREAM_NOT_ACTIVATED(72) (device: 0001:01:00.0)
[2026-02-28 17:40:57.485] [1772] [HailoRT] [info] [vdevice_native_stream.cpp:331] [read_impl] Failed read from stream HAILO_STREAM_NOT_ACTIVATED(72) (device: 0001:01:00.0)
[2026-02-28 17:40:57.485] [1771] [HailoRT] [info] [vdevice_native_stream.cpp:331] [read_impl] Failed read from stream HAILO_STREAM_NOT_ACTIVATED(72) (device: 0001:01:00.0)
[2026-02-28 17:40:57.485] [1773] [HailoRT] [info] [vdevice_native_stream.cpp:331] [read_impl] Failed read from stream HAILO_STREAM_NOT_ACTIVATED(72) (device: 0001:01:00.0)
[2026-02-28 17:40:57.485] [1769] [HailoRT] [info] [vdevice_native_stream.cpp:331] [read_impl] Failed read from stream HAILO_STREAM_NOT_ACTIVATED(72) (device: 0001:01:00.0)
[2026-02-28 17:40:57.485] [1780] [HailoRT] [info] [core_op.cpp:186] [deactivate] Deactivating took 0.518219 ms
[2026-02-28 17:40:57.485] [1780] [HailoRT] [info] [core_op.cpp:186] [deactivate] Deactivating took 0.532016 ms
[2026-02-28 17:40:57.485] [30435] [HailoRT] [info] [edge_elements.cpp:396] [run_pull] Reading from stream was aborted!
[2026-02-28 17:40:57.485] [30435] [HailoRT] [info] [queue_elements.cpp:738] [run_in_thread] run_pull of queue element PullQEl_hw_read0beach_robot/conv41 was aborted!
[2026-02-28 17:40:57.485] [30436] [HailoRT] [info] [queue_elements.cpp:855] [run_in_thread] Shutdown event was signaled in dequeue of UserBuffQEl0beach_robot/conv41!
[2026-02-28 17:40:57.485] [30435] [HailoRT] [info] [queue_elements.cpp:68] [operator()] Thread in element PullQEl_hw_read0beach_robot/conv41 is not running anymore, exiting..
[2026-02-28 17:40:57.485] [1780] [HailoRT] [info] [queue_elements.cpp:46] [~BaseQueueElement] Queue element PullQEl_hw_read0beach_robot/conv41 has 0 frames in his Queue on destruction
[2026-02-28 17:40:57.485] [30436] [HailoRT] [info] [queue_elements.cpp:68] [operator()] Thread in element UserBuffQEl0beach_robot/conv41 is not running anymore, exiting..
[2026-02-28 17:40:57.485] [1780] [HailoRT] [info] [queue_elements.cpp:46] [~BaseQueueElement] Queue element UserBuffQEl0beach_robot/conv41 has 0 frames in his Queue on destruction
[2026-02-28 17:40:57.485] [30437] [HailoRT] [info] [edge_elements.cpp:396] [run_pull] Reading from stream was aborted!
[2026-02-28 17:40:57.485] [30437] [HailoRT] [info] [queue_elements.cpp:738] [run_in_thread] run_pull of queue element PullQEl_hw_read7beach_robot/conv42 was aborted!
[2026-02-28 17:40:57.485] [30438] [HailoRT] [info] [queue_elements.cpp:855] [run_in_thread] Shutdown event was signaled in dequeue of UserBuffQEl7beach_robot/conv42!
[2026-02-28 17:40:57.485] [30437] [HailoRT] [info] [queue_elements.cpp:68] [operator()] Thread in element PullQEl_hw_read7beach_robot/conv42 is not running anymore, exiting..
[2026-02-28 17:40:57.485] [1780] [HailoRT] [info] [queue_elements.cpp:46] [~BaseQueueElement] Queue element PullQEl_hw_read7beach_robot/conv42 has 0 frames in his Queue on destruction
[2026-02-28 17:40:57.485] [30438] [HailoRT] [info] [queue_elements.cpp:68] [operator()] Thread in element UserBuffQEl7beach_robot/conv42 is not running anymore, exiting..
[2026-02-28 17:40:57.485] [1780] [HailoRT] [info] [queue_elements.cpp:46] [~BaseQueueElement] Queue element UserBuffQEl7beach_robot/conv42 has 0 frames in his Queue on destruction
[2026-02-28 17:40:57.485] [30439] [HailoRT] [info] [edge_elements.cpp:396] [run_pull] Reading from stream was aborted!
[2026-02-28 17:40:57.485] [30439] [HailoRT] [info] [queue_elements.cpp:738] [run_in_thread] run_pull of queue element PullQEl_hw_read3beach_robot/conv52 was aborted!
[2026-02-28 17:40:57.485] [30440] [HailoRT] [info] [queue_elements.cpp:855] [run_in_thread] Shutdown event was signaled in dequeue of UserBuffQEl3beach_robot/conv52!
[2026-02-28 17:40:57.486] [30439] [HailoRT] [info] [queue_elements.cpp:68] [operator()] Thread in element PullQEl_hw_read3beach_robot/conv52 is not running anymore, exiting..
[2026-02-28 17:40:57.486] [1780] [HailoRT] [info] [queue_elements.cpp:46] [~BaseQueueElement] Queue element PullQEl_hw_read3beach_robot/conv52 has 0 frames in his Queue on destruction
[2026-02-28 17:40:57.486] [30440] [HailoRT] [info] [queue_elements.cpp:68] [operator()] Thread in element UserBuffQEl3beach_robot/conv52 is not running anymore, exiting..
[2026-02-28 17:40:57.486] [1780] [HailoRT] [info] [queue_elements.cpp:46] [~BaseQueueElement] Queue element UserBuffQEl3beach_robot/conv52 has 0 frames in his Queue on destruction
[2026-02-28 17:40:57.486] [30441] [HailoRT] [info] [edge_elements.cpp:396] [run_pull] Reading from stream was aborted!
[2026-02-28 17:40:57.486] [30441] [HailoRT] [info] [queue_elements.cpp:738] [run_in_thread] run_pull of queue element PullQEl_hw_read1beach_robot/conv53 was aborted!
[2026-02-28 17:40:57.486] [30442] [HailoRT] [info] [queue_elements.cpp:855] [run_in_thread] Shutdown event was signaled in dequeue of UserBuffQEl1beach_robot/conv53!
[2026-02-28 17:40:57.486] [30441] [HailoRT] [info] [queue_elements.cpp:68] [operator()] Thread in element PullQEl_hw_read1beach_robot/conv53 is not running anymore, exiting..
[2026-02-28 17:40:57.486] [1780] [HailoRT] [info] [queue_elements.cpp:46] [~BaseQueueElement] Queue element PullQEl_hw_read1beach_robot/conv53 has 0 frames in his Queue on destruction
[2026-02-28 17:40:57.486] [30442] [HailoRT] [info] [queue_elements.cpp:68] [operator()] Thread in element UserBuffQEl1beach_robot/conv53 is not running anymore, exiting..
[2026-02-28 17:40:57.486] [1780] [HailoRT] [info] [queue_elements.cpp:46] [~BaseQueueElement] Queue element UserBuffQEl1beach_robot/conv53 has 0 frames in his Queue on destruction
[2026-02-28 17:40:57.486] [30443] [HailoRT] [info] [edge_elements.cpp:396] [run_pull] Reading from stream was aborted!
[2026-02-28 17:40:57.486] [30443] [HailoRT] [info] [queue_elements.cpp:738] [run_in_thread] run_pull of queue element PullQEl_hw_read2beach_robot/conv62 was aborted!
[2026-02-28 17:40:57.486] [30444] [HailoRT] [info] [queue_elements.cpp:855] [run_in_thread] Shutdown event was signaled in dequeue of UserBuffQEl2beach_robot/conv62!
[2026-02-28 17:40:57.486] [30443] [HailoRT] [info] [queue_elements.cpp:68] [operator()] Thread in element PullQEl_hw_read2beach_robot/conv62 is not running anymore, exiting..
[2026-02-28 17:40:57.486] [1780] [HailoRT] [info] [queue_elements.cpp:46] [~BaseQueueElement] Queue element PullQEl_hw_read2beach_robot/conv62 has 0 frames in his Queue on destruction
[2026-02-28 17:40:57.486] [30444] [HailoRT] [info] [queue_elements.cpp:68] [operator()] Thread in element UserBuffQEl2beach_robot/conv62 is not running anymore, exiting..
[2026-02-28 17:40:57.486] [1780] [HailoRT] [info] [queue_elements.cpp:46] [~BaseQueueElement] Queue element UserBuffQEl2beach_robot/conv62 has 0 frames in his Queue on destruction
[2026-02-28 17:40:57.486] [30445] [HailoRT] [info] [edge_elements.cpp:396] [run_pull] Reading from stream was aborted!
[2026-02-28 17:40:57.486] [30445] [HailoRT] [info] [queue_elements.cpp:738] [run_in_thread] run_pull of queue element PullQEl_hw_read0beach_robot/conv63 was aborted!
[2026-02-28 17:40:57.486] [30446] [HailoRT] [info] [queue_elements.cpp:855] [run_in_thread] Shutdown event was signaled in dequeue of UserBuffQEl0beach_robot/conv63!
[2026-02-28 17:40:57.486] [30445] [HailoRT] [info] [queue_elements.cpp:68] [operator()] Thread in element PullQEl_hw_read0beach_robot/conv63 is not running anymore, exiting..
[2026-02-28 17:40:57.486] [1780] [HailoRT] [info] [queue_elements.cpp:46] [~BaseQueueElement] Queue element PullQEl_hw_read0beach_robot/conv63 has 0 frames in his Queue on destruction
[2026-02-28 17:40:57.486] [30446] [HailoRT] [info] [queue_elements.cpp:68] [operator()] Thread in element UserBuffQEl0beach_robot/conv63 is not running anymore, exiting..
[2026-02-28 17:40:57.486] [1780] [HailoRT] [info] [queue_elements.cpp:46] [~BaseQueueElement] Queue element UserBuffQEl0beach_robot/conv63 has 0 frames in his Queue on destruction
[2026-02-28 17:40:57.877] [1780] [HailoRT] [info] [edge_elements.cpp:52] [create] Created (HwWriteEl2beach_robot/input_layer1 | hw_frame_size: 1228800)
[2026-02-28 17:40:57.878] [1780] [HailoRT] [info] [vstream.cpp:754] [InputVStreamImpl] Creating beach_robot/input_layer1...
[2026-02-28 17:40:57.878] [1780] [HailoRT] [info] [vstream_builder.cpp:102] [create_inputs] Input pipeline 'beach_robot/input_layer1': (HwWriteEl2beach_robot/input_layer1 | hw_frame_size: 1228800) >> HW
[2026-02-28 17:40:57.878] [1780] [HailoRT] [info] [edge_elements.cpp:287] [create] Created (HwReadEl0beach_robot/conv41 | hw_frame_size: 409600)
[2026-02-28 17:40:57.878] [1780] [HailoRT] [info] [queue_elements.cpp:657] [create] Created (PullQEl_hw_read0beach_robot/conv41)
[2026-02-28 17:40:57.878] [1780] [HailoRT] [info] [filter_elements.cpp:372] [create] Created (PostInferEl0beach_robot/conv41 | Quantization - src_type: UINT8, dst_type FLOAT32, limvals_min: -10.8307, limvals_max: 18.5504)
[2026-02-28 17:40:57.878] [1780] [HailoRT] [info] [queue_elements.cpp:800] [create] Created (UserBuffQEl0beach_robot/conv41 | timeout: 10s)
[2026-02-28 17:40:57.878] [1780] [HailoRT] [info] [vstream.cpp:1114] [OutputVStreamImpl] Creating beach_robot/conv41...
[2026-02-28 17:40:57.878] [1780] [HailoRT] [info] [vstream_builder.cpp:220] [create_outputs] Output pipeline 'beach_robot/conv41': HW >> (HwReadEl0beach_robot/conv41 | hw_frame_size: 409600) >> (PullQEl_hw_read0beach_robot/conv41) >> (PostInferEl0beach_robot/conv41 | Quantization - src_type: UINT8, dst_type FLOAT32, limvals_min: -10.8307, limvals_max: 18.5504) >> (UserBuffQEl0beach_robot/conv41 | timeout: 10s)
[2026-02-28 17:40:57.878] [1780] [HailoRT] [info] [edge_elements.cpp:287] [create] Created (HwReadEl7beach_robot/conv42 | hw_frame_size: 12800)
[2026-02-28 17:40:57.878] [1780] [HailoRT] [info] [queue_elements.cpp:657] [create] Created (PullQEl_hw_read7beach_robot/conv42)
[2026-02-28 17:40:57.878] [1780] [HailoRT] [info] [filter_elements.cpp:372] [create] Created (PostInferEl7beach_robot/conv42 | Quantization - src_type: UINT8, dst_type FLOAT32, limvals_min: -25.6857, limvals_max: 0)
[2026-02-28 17:40:57.878] [1780] [HailoRT] [info] [queue_elements.cpp:800] [create] Created (UserBuffQEl7beach_robot/conv42 | timeout: 10s)
[2026-02-28 17:40:57.878] [1780] [HailoRT] [info] [vstream.cpp:1114] [OutputVStreamImpl] Creating beach_robot/conv42...
[2026-02-28 17:40:57.878] [1780] [HailoRT] [info] [vstream_builder.cpp:220] [create_outputs] Output pipeline 'beach_robot/conv42': HW >> (HwReadEl7beach_robot/conv42 | hw_frame_size: 12800) >> (PullQEl_hw_read7beach_robot/conv42) >> (PostInferEl7beach_robot/conv42 | Quantization - src_type: UINT8, dst_type FLOAT32, limvals_min: -25.6857, limvals_max: 0) >> (UserBuffQEl7beach_robot/conv42 | timeout: 10s)
[2026-02-28 17:40:57.878] [1780] [HailoRT] [info] [edge_elements.cpp:287] [create] Created (HwReadEl3beach_robot/conv52 | hw_frame_size: 102400)
[2026-02-28 17:40:57.878] [1780] [HailoRT] [info] [queue_elements.cpp:657] [create] Created (PullQEl_hw_read3beach_robot/conv52)
[2026-02-28 17:40:57.878] [1780] [HailoRT] [info] [filter_elements.cpp:372] [create] Created (PostInferEl3beach_robot/conv52 | Quantization - src_type: UINT8, dst_type FLOAT32, limvals_min: -6.53754, limvals_max: 19.9239)
[2026-02-28 17:40:57.878] [1780] [HailoRT] [info] [queue_elements.cpp:800] [create] Created (UserBuffQEl3beach_robot/conv52 | timeout: 10s)
[2026-02-28 17:40:57.878] [1780] [HailoRT] [info] [vstream.cpp:1114] [OutputVStreamImpl] Creating beach_robot/conv52...
[2026-02-28 17:40:57.878] [1780] [HailoRT] [info] [vstream_builder.cpp:220] [create_outputs] Output pipeline 'beach_robot/conv52': HW >> (HwReadEl3beach_robot/conv52 | hw_frame_size: 102400) >> (PullQEl_hw_read3beach_robot/conv52) >> (PostInferEl3beach_robot/conv52 | Quantization - src_type: UINT8, dst_type FLOAT32, limvals_min: -6.53754, limvals_max: 19.9239) >> (UserBuffQEl3beach_robot/conv52 | timeout: 10s)
[2026-02-28 17:40:57.878] [1780] [HailoRT] [info] [edge_elements.cpp:287] [create] Created (HwReadEl1beach_robot/conv53 | hw_frame_size: 3200)
[2026-02-28 17:40:57.878] [1780] [HailoRT] [info] [queue_elements.cpp:657] [create] Created (PullQEl_hw_read1beach_robot/conv53)
[2026-02-28 17:40:57.878] [1780] [HailoRT] [info] [filter_elements.cpp:372] [create] Created (PostInferEl1beach_robot/conv53 | Quantization - src_type: UINT8, dst_type FLOAT32, limvals_min: -15.7441, limvals_max: 0)
[2026-02-28 17:40:57.878] [1780] [HailoRT] [info] [queue_elements.cpp:800] [create] Created (UserBuffQEl1beach_robot/conv53 | timeout: 10s)
[2026-02-28 17:40:57.878] [1780] [HailoRT] [info] [vstream.cpp:1114] [OutputVStreamImpl] Creating beach_robot/conv53...
[2026-02-28 17:40:57.878] [1780] [HailoRT] [info] [vstream_builder.cpp:220] [create_outputs] Output pipeline 'beach_robot/conv53': HW >> (HwReadEl1beach_robot/conv53 | hw_frame_size: 3200) >> (PullQEl_hw_read1beach_robot/conv53) >> (PostInferEl1beach_robot/conv53 | Quantization - src_type: UINT8, dst_type FLOAT32, limvals_min: -15.7441, limvals_max: 0) >> (UserBuffQEl1beach_robot/conv53 | timeout: 10s)
[2026-02-28 17:40:57.878] [1780] [HailoRT] [info] [edge_elements.cpp:287] [create] Created (HwReadEl2beach_robot/conv62 | hw_frame_size: 25600)
[2026-02-28 17:40:57.879] [1780] [HailoRT] [info] [queue_elements.cpp:657] [create] Created (PullQEl_hw_read2beach_robot/conv62)
[2026-02-28 17:40:57.879] [1780] [HailoRT] [info] [filter_elements.cpp:372] [create] Created (PostInferEl2beach_robot/conv62 | Quantization - src_type: UINT8, dst_type FLOAT32, limvals_min: -8.27399, limvals_max: 14.6594)
[2026-02-28 17:40:57.879] [1780] [HailoRT] [info] [queue_elements.cpp:800] [create] Created (UserBuffQEl2beach_robot/conv62 | timeout: 10s)
[2026-02-28 17:40:57.879] [1780] [HailoRT] [info] [vstream.cpp:1114] [OutputVStreamImpl] Creating beach_robot/conv62...
[2026-02-28 17:40:57.879] [1780] [HailoRT] [info] [vstream_builder.cpp:220] [create_outputs] Output pipeline 'beach_robot/conv62': HW >> (HwReadEl2beach_robot/conv62 | hw_frame_size: 25600) >> (PullQEl_hw_read2beach_robot/conv62) >> (PostInferEl2beach_robot/conv62 | Quantization - src_type: UINT8, dst_type FLOAT32, limvals_min: -8.27399, limvals_max: 14.6594) >> (UserBuffQEl2beach_robot/conv62 | timeout: 10s)
[2026-02-28 17:40:57.879] [1780] [HailoRT] [info] [edge_elements.cpp:287] [create] Created (HwReadEl0beach_robot/conv63 | hw_frame_size: 3200)
[2026-02-28 17:40:57.879] [1780] [HailoRT] [info] [queue_elements.cpp:657] [create] Created (PullQEl_hw_read0beach_robot/conv63)
[2026-02-28 17:40:57.879] [1780] [HailoRT] [info] [filter_elements.cpp:372] [create] Created (PostInferEl0beach_robot/conv63 | Quantization - src_type: UINT8, dst_type FLOAT32, limvals_min: -15.2921, limvals_max: 1.44388 | Reorder - src_order: FCR, src_shape: (20, 20, 8), dst_order: FCR, dst_shape: (20, 20, 2))
[2026-02-28 17:40:57.879] [1780] [HailoRT] [info] [queue_elements.cpp:800] [create] Created (UserBuffQEl0beach_robot/conv63 | timeout: 10s)
[2026-02-28 17:40:57.879] [1780] [HailoRT] [info] [vstream.cpp:1114] [OutputVStreamImpl] Creating beach_robot/conv63...
[2026-02-28 17:40:57.879] [1780] [HailoRT] [info] [vstream_builder.cpp:220] [create_outputs] Output pipeline 'beach_robot/conv63': HW >> (HwReadEl0beach_robot/conv63 | hw_frame_size: 3200) >> (PullQEl_hw_read0beach_robot/conv63) >> (PostInferEl0beach_robot/conv63 | Quantization - src_type: UINT8, dst_type FLOAT32, limvals_min: -15.2921, limvals_max: 1.44388 | Reorder - src_order: FCR, src_shape: (20, 20, 8), dst_order: FCR, dst_shape: (20, 20, 2)) >> (UserBuffQEl0beach_robot/conv63 | timeout: 10s)
[2026-02-28 17:40:57.879] [1780] [HailoRT] [info] [core_op.cpp:156] [activate] Activating beach_robot took 0.51446 milliseconds. Note that the function is asynchronous and thus the network is not fully activated yet.
[2026-02-28 17:40:57.879] [1780] [HailoRT] [info] [core_op.cpp:156] [activate] Activating beach_robot took 0.536238 milliseconds. Note that the function is asynchronous and thus the network is not fully activated yet.
[2026-02-28 17:40:57.898] [1769] [HailoRT] [info] [vdevice_native_stream.cpp:331] [read_impl] Failed read from stream HAILO_STREAM_NOT_ACTIVATED(72) (device: 0001:01:00.0)
[2026-02-28 17:40:57.899] [1773] [HailoRT] [info] [vdevice_native_stream.cpp:331] [read_impl] Failed read from stream HAILO_STREAM_NOT_ACTIVATED(72) (device: 0001:01:00.0)
[2026-02-28 17:40:57.899] [1771] [HailoRT] [info] [vdevice_native_stream.cpp:331] [read_impl] Failed read from stream HAILO_STREAM_NOT_ACTIVATED(72) (device: 0001:01:00.0)
[2026-02-28 17:40:57.899] [1772] [HailoRT] [info] [vdevice_native_stream.cpp:331] [read_impl] Failed read from stream HAILO_STREAM_NOT_ACTIVATED(72) (device: 0001:01:00.0)
[2026-02-28 17:40:57.898] [1768] [HailoRT] [info] [vdevice_native_stream.cpp:331] [read_impl] Failed read from stream HAILO_STREAM_NOT_ACTIVATED(72) (device: 0001:01:00.0)
[2026-02-28 17:40:57.898] [1770] [HailoRT] [info] [vdevice_native_stream.cpp:331] [read_impl] Failed read from stream HAILO_STREAM_NOT_ACTIVATED(72) (device: 0001:01:00.0)
[2026-02-28 17:40:57.899] [1780] [HailoRT] [info] [core_op.cpp:186] [deactivate] Deactivating took 0.507275 ms
[2026-02-28 17:40:57.899] [1780] [HailoRT] [info] [core_op.cpp:186] [deactivate] Deactivating took 0.520794 ms
[2026-02-28 17:40:57.899] [30454] [HailoRT] [info] [edge_elements.cpp:396] [run_pull] Reading from stream was aborted!
[2026-02-28 17:40:57.899] [30454] [HailoRT] [info] [queue_elements.cpp:738] [run_in_thread] run_pull of queue element PullQEl_hw_read0beach_robot/conv41 was aborted!
[2026-02-28 17:40:57.899] [30455] [HailoRT] [info] [queue_elements.cpp:855] [run_in_thread] Shutdown event was signaled in dequeue of UserBuffQEl0beach_robot/conv41!
[2026-02-28 17:40:57.899] [30454] [HailoRT] [info] [queue_elements.cpp:68] [operator()] Thread in element PullQEl_hw_read0beach_robot/conv41 is not running anymore, exiting..
[2026-02-28 17:40:57.899] [1780] [HailoRT] [info] [queue_elements.cpp:46] [~BaseQueueElement] Queue element PullQEl_hw_read0beach_robot/conv41 has 0 frames in his Queue on destruction
[2026-02-28 17:40:57.899] [30455] [HailoRT] [info] [queue_elements.cpp:68] [operator()] Thread in element UserBuffQEl0beach_robot/conv41 is not running anymore, exiting..
[2026-02-28 17:40:57.899] [1780] [HailoRT] [info] [queue_elements.cpp:46] [~BaseQueueElement] Queue element UserBuffQEl0beach_robot/conv41 has 0 frames in his Queue on destruction
[2026-02-28 17:40:57.899] [30457] [HailoRT] [info] [queue_elements.cpp:855] [run_in_thread] Shutdown event was signaled in dequeue of UserBuffQEl7beach_robot/conv42!
[2026-02-28 17:40:57.899] [30456] [HailoRT] [info] [edge_elements.cpp:396] [run_pull] Reading from stream was aborted!
[2026-02-28 17:40:57.899] [30456] [HailoRT] [info] [queue_elements.cpp:738] [run_in_thread] run_pull of queue element PullQEl_hw_read7beach_robot/conv42 was aborted!
[2026-02-28 17:40:57.899] [30456] [HailoRT] [info] [queue_elements.cpp:68] [operator()] Thread in element PullQEl_hw_read7beach_robot/conv42 is not running anymore, exiting..
[2026-02-28 17:40:57.899] [1780] [HailoRT] [info] [queue_elements.cpp:46] [~BaseQueueElement] Queue element PullQEl_hw_read7beach_robot/conv42 has 0 frames in his Queue on destruction
[2026-02-28 17:40:57.899] [30457] [HailoRT] [info] [queue_elements.cpp:68] [operator()] Thread in element UserBuffQEl7beach_robot/conv42 is not running anymore, exiting..
[2026-02-28 17:40:57.899] [1780] [HailoRT] [info] [queue_elements.cpp:46] [~BaseQueueElement] Queue element UserBuffQEl7beach_robot/conv42 has 0 frames in his Queue on destruction
[2026-02-28 17:40:57.899] [30458] [HailoRT] [info] [edge_elements.cpp:396] [run_pull] Reading from stream was aborted!
[2026-02-28 17:40:57.899] [30458] [HailoRT] [info] [queue_elements.cpp:738] [run_in_thread] run_pull of queue element PullQEl_hw_read3beach_robot/conv52 was aborted!
[2026-02-28 17:40:57.899] [30459] [HailoRT] [info] [queue_elements.cpp:855] [run_in_thread] Shutdown event was signaled in dequeue of UserBuffQEl3beach_robot/conv52!
[2026-02-28 17:40:57.899] [30458] [HailoRT] [info] [queue_elements.cpp:68] [operator()] Thread in element PullQEl_hw_read3beach_robot/conv52 is not running anymore, exiting..
[2026-02-28 17:40:57.899] [1780] [HailoRT] [info] [queue_elements.cpp:46] [~BaseQueueElement] Queue element PullQEl_hw_read3beach_robot/conv52 has 0 frames in his Queue on destruction
[2026-02-28 17:40:57.899] [30459] [HailoRT] [info] [queue_elements.cpp:68] [operator()] Thread in element UserBuffQEl3beach_robot/conv52 is not running anymore, exiting..
[2026-02-28 17:40:57.899] [1780] [HailoRT] [info] [queue_elements.cpp:46] [~BaseQueueElement] Queue element UserBuffQEl3beach_robot/conv52 has 0 frames in his Queue on destruction
[2026-02-28 17:40:57.899] [30460] [HailoRT] [info] [edge_elements.cpp:396] [run_pull] Reading from stream was aborted!
[2026-02-28 17:40:57.899] [30461] [HailoRT] [info] [queue_elements.cpp:855] [run_in_thread] Shutdown event was signaled in dequeue of UserBuffQEl1beach_robot/conv53!
[2026-02-28 17:40:57.899] [30460] [HailoRT] [info] [queue_elements.cpp:738] [run_in_thread] run_pull of queue element PullQEl_hw_read1beach_robot/conv53 was aborted!
[2026-02-28 17:40:57.899] [30460] [HailoRT] [info] [queue_elements.cpp:68] [operator()] Thread in element PullQEl_hw_read1beach_robot/conv53 is not running anymore, exiting..
[2026-02-28 17:40:57.899] [1780] [HailoRT] [info] [queue_elements.cpp:46] [~BaseQueueElement] Queue element PullQEl_hw_read1beach_robot/conv53 has 0 frames in his Queue on destruction
[2026-02-28 17:40:57.899] [30461] [HailoRT] [info] [queue_elements.cpp:68] [operator()] Thread in element UserBuffQEl1beach_robot/conv53 is not running anymore, exiting..
[2026-02-28 17:40:57.899] [1780] [HailoRT] [info] [queue_elements.cpp:46] [~BaseQueueElement] Queue element UserBuffQEl1beach_robot/conv53 has 0 frames in his Queue on destruction
[2026-02-28 17:40:57.899] [30462] [HailoRT] [info] [edge_elements.cpp:396] [run_pull] Reading from stream was aborted!
[2026-02-28 17:40:57.899] [30462] [HailoRT] [info] [queue_elements.cpp:738] [run_in_thread] run_pull of queue element PullQEl_hw_read2beach_robot/conv62 was aborted!
[2026-02-28 17:40:57.899] [30463] [HailoRT] [info] [queue_elements.cpp:855] [run_in_thread] Shutdown event was signaled in dequeue of UserBuffQEl2beach_robot/conv62!
[2026-02-28 17:40:57.899] [30462] [HailoRT] [info] [queue_elements.cpp:68] [operator()] Thread in element PullQEl_hw_read2beach_robot/conv62 is not running anymore, exiting..
[2026-02-28 17:40:57.900] [1780] [HailoRT] [info] [queue_elements.cpp:46] [~BaseQueueElement] Queue element PullQEl_hw_read2beach_robot/conv62 has 0 frames in his Queue on destruction
[2026-02-28 17:40:57.900] [30463] [HailoRT] [info] [queue_elements.cpp:68] [operator()] Thread in element UserBuffQEl2beach_robot/conv62 is not running anymore, exiting..
[2026-02-28 17:40:57.900] [1780] [HailoRT] [info] [queue_elements.cpp:46] [~BaseQueueElement] Queue element UserBuffQEl2beach_robot/conv62 has 0 frames in his Queue on destruction
[2026-02-28 17:40:57.900] [30464] [HailoRT] [info] [edge_elements.cpp:396] [run_pull] Reading from stream was aborted!
[2026-02-28 17:40:57.900] [30464] [HailoRT] [info] [queue_elements.cpp:738] [run_in_thread] run_pull of queue element PullQEl_hw_read0beach_robot/conv63 was aborted!
[2026-02-28 17:40:57.900] [30465] [HailoRT] [info] [queue_elements.cpp:855] [run_in_thread] Shutdown event was signaled in dequeue of UserBuffQEl0beach_robot/conv63!
[2026-02-28 17:40:57.900] [30464] [HailoRT] [info] [queue_elements.cpp:68] [operator()] Thread in element PullQEl_hw_read0beach_robot/conv63 is not running anymore, exiting..
[2026-02-28 17:40:57.900] [1780] [HailoRT] [info] [queue_elements.cpp:46] [~BaseQueueElement] Queue element PullQEl_hw_read0beach_robot/conv63 has 0 frames in his Queue on destruction
[2026-02-28 17:40:57.900] [30465] [HailoRT] [info] [queue_elements.cpp:68] [operator()] Thread in element UserBuffQEl0beach_robot/conv63 is not running anymore, exiting..
[2026-02-28 17:40:57.900] [1780] [HailoRT] [info] [queue_elements.cpp:46] [~BaseQueueElement] Queue element UserBuffQEl0beach_robot/conv63 has 0 frames in his Queue on destruction
[2026-02-28 17:40:58.290] [1780] [HailoRT] [info] [edge_elements.cpp:52] [create] Created (HwWriteEl2beach_robot/input_layer1 | hw_frame_size: 1228800)
[2026-02-28 17:40:58.290] [1780] [HailoRT] [info] [vstream.cpp:754] [InputVStreamImpl] Creating beach_robot/input_layer1...
[2026-02-28 17:40:58.290] [1780] [HailoRT] [info] [vstream_builder.cpp:102] [create_inputs] Input pipeline 'beach_robot/input_layer1': (HwWriteEl2beach_robot/input_layer1 | hw_frame_size: 1228800) >> HW
[2026-02-28 17:40:58.291] [1780] [HailoRT] [info] [edge_elements.cpp:287] [create] Created (HwReadEl0beach_robot/conv41 | hw_frame_size: 409600)
[2026-02-28 17:40:58.291] [1780] [HailoRT] [info] [queue_elements.cpp:657] [create] Created (PullQEl_hw_read0beach_robot/conv41)
[2026-02-28 17:40:58.291] [1780] [HailoRT] [info] [filter_elements.cpp:372] [create] Created (PostInferEl0beach_robot/conv41 | Quantization - src_type: UINT8, dst_type FLOAT32, limvals_min: -10.8307, limvals_max: 18.5504)
[2026-02-28 17:40:58.291] [1780] [HailoRT] [info] [queue_elements.cpp:800] [create] Created (UserBuffQEl0beach_robot/conv41 | timeout: 10s)
[2026-02-28 17:40:58.291] [1780] [HailoRT] [info] [vstream.cpp:1114] [OutputVStreamImpl] Creating beach_robot/conv41...
[2026-02-28 17:40:58.291] [1780] [HailoRT] [info] [vstream_builder.cpp:220] [create_outputs] Output pipeline 'beach_robot/conv41': HW >> (HwReadEl0beach_robot/conv41 | hw_frame_size: 409600) >> (PullQEl_hw_read0beach_robot/conv41) >> (PostInferEl0beach_robot/conv41 | Quantization - src_type: UINT8, dst_type FLOAT32, limvals_min: -10.8307, limvals_max: 18.5504) >> (UserBuffQEl0beach_robot/conv41 | timeout: 10s)
[2026-02-28 17:40:58.291] [1780] [HailoRT] [info] [edge_elements.cpp:287] [create] Created (HwReadEl7beach_robot/conv42 | hw_frame_size: 12800)
[2026-02-28 17:40:58.291] [1780] [HailoRT] [info] [queue_elements.cpp:657] [create] Created (PullQEl_hw_read7beach_robot/conv42)
[2026-02-28 17:40:58.291] [1780] [HailoRT] [info] [filter_elements.cpp:372] [create] Created (PostInferEl7beach_robot/conv42 | Quantization - src_type: UINT8, dst_type FLOAT32, limvals_min: -25.6857, limvals_max: 0)
[2026-02-28 17:40:58.291] [1780] [HailoRT] [info] [queue_elements.cpp:800] [create] Created (UserBuffQEl7beach_robot/conv42 | timeout: 10s)
[2026-02-28 17:40:58.291] [1780] [HailoRT] [info] [vstream.cpp:1114] [OutputVStreamImpl] Creating beach_robot/conv42...
[2026-02-28 17:40:58.291] [1780] [HailoRT] [info] [vstream_builder.cpp:220] [create_outputs] Output pipeline 'beach_robot/conv42': HW >> (HwReadEl7beach_robot/conv42 | hw_frame_size: 12800) >> (PullQEl_hw_read7beach_robot/conv42) >> (PostInferEl7beach_robot/conv42 | Quantization - src_type: UINT8, dst_type FLOAT32, limvals_min: -25.6857, limvals_max: 0) >> (UserBuffQEl7beach_robot/conv42 | timeout: 10s)
[2026-02-28 17:40:58.291] [1780] [HailoRT] [info] [edge_elements.cpp:287] [create] Created (HwReadEl3beach_robot/conv52 | hw_frame_size: 102400)
[2026-02-28 17:40:58.291] [1780] [HailoRT] [info] [queue_elements.cpp:657] [create] Created (PullQEl_hw_read3beach_robot/conv52)
[2026-02-28 17:40:58.291] [1780] [HailoRT] [info] [filter_elements.cpp:372] [create] Created (PostInferEl3beach_robot/conv52 | Quantization - src_type: UINT8, dst_type FLOAT32, limvals_min: -6.53754, limvals_max: 19.9239)
[2026-02-28 17:40:58.291] [1780] [HailoRT] [info] [queue_elements.cpp:800] [create] Created (UserBuffQEl3beach_robot/conv52 | timeout: 10s)
[2026-02-28 17:40:58.291] [1780] [HailoRT] [info] [vstream.cpp:1114] [OutputVStreamImpl] Creating beach_robot/conv52...
[2026-02-28 17:40:58.291] [1780] [HailoRT] [info] [vstream_builder.cpp:220] [create_outputs] Output pipeline 'beach_robot/conv52': HW >> (HwReadEl3beach_robot/conv52 | hw_frame_size: 102400) >> (PullQEl_hw_read3beach_robot/conv52) >> (PostInferEl3beach_robot/conv52 | Quantization - src_type: UINT8, dst_type FLOAT32, limvals_min: -6.53754, limvals_max: 19.9239) >> (UserBuffQEl3beach_robot/conv52 | timeout: 10s)
[2026-02-28 17:40:58.291] [1780] [HailoRT] [info] [edge_elements.cpp:287] [create] Created (HwReadEl1beach_robot/conv53 | hw_frame_size: 3200)
[2026-02-28 17:40:58.291] [1780] [HailoRT] [info] [queue_elements.cpp:657] [create] Created (PullQEl_hw_read1beach_robot/conv53)
[2026-02-28 17:40:58.291] [1780] [HailoRT] [info] [filter_elements.cpp:372] [create] Created (PostInferEl1beach_robot/conv53 | Quantization - src_type: UINT8, dst_type FLOAT32, limvals_min: -15.7441, limvals_max: 0)
[2026-02-28 17:40:58.291] [1780] [HailoRT] [info] [queue_elements.cpp:800] [create] Created (UserBuffQEl1beach_robot/conv53 | timeout: 10s)
[2026-02-28 17:40:58.291] [1780] [HailoRT] [info] [vstream.cpp:1114] [OutputVStreamImpl] Creating beach_robot/conv53...
[2026-02-28 17:40:58.291] [1780] [HailoRT] [info] [vstream_builder.cpp:220] [create_outputs] Output pipeline 'beach_robot/conv53': HW >> (HwReadEl1beach_robot/conv53 | hw_frame_size: 3200) >> (PullQEl_hw_read1beach_robot/conv53) >> (PostInferEl1beach_robot/conv53 | Quantization - src_type: UINT8, dst_type FLOAT32, limvals_min: -15.7441, limvals_max: 0) >> (UserBuffQEl1beach_robot/conv53 | timeout: 10s)
[2026-02-28 17:40:58.291] [1780] [HailoRT] [info] [edge_elements.cpp:287] [create] Created (HwReadEl2beach_robot/conv62 | hw_frame_size: 25600)
[2026-02-28 17:40:58.291] [1780] [HailoRT] [info] [queue_elements.cpp:657] [create] Created (PullQEl_hw_read2beach_robot/conv62)
[2026-02-28 17:40:58.291] [1780] [HailoRT] [info] [filter_elements.cpp:372] [create] Created (PostInferEl2beach_robot/conv62 | Quantization - src_type: UINT8, dst_type FLOAT32, limvals_min: -8.27399, limvals_max: 14.6594)
[2026-02-28 17:40:58.292] [1780] [HailoRT] [info] [queue_elements.cpp:800] [create] Created (UserBuffQEl2beach_robot/conv62 | timeout: 10s)
[2026-02-28 17:40:58.292] [1780] [HailoRT] [info] [vstream.cpp:1114] [OutputVStreamImpl] Creating beach_robot/conv62...
[2026-02-28 17:40:58.292] [1780] [HailoRT] [info] [vstream_builder.cpp:220] [create_outputs] Output pipeline 'beach_robot/conv62': HW >> (HwReadEl2beach_robot/conv62 | hw_frame_size: 25600) >> (PullQEl_hw_read2beach_robot/conv62) >> (PostInferEl2beach_robot/conv62 | Quantization - src_type: UINT8, dst_type FLOAT32, limvals_min: -8.27399, limvals_max: 14.6594) >> (UserBuffQEl2beach_robot/conv62 | timeout: 10s)
[2026-02-28 17:40:58.292] [1780] [HailoRT] [info] [edge_elements.cpp:287] [create] Created (HwReadEl0beach_robot/conv63 | hw_frame_size: 3200)
[2026-02-28 17:40:58.292] [1780] [HailoRT] [info] [queue_elements.cpp:657] [create] Created (PullQEl_hw_read0beach_robot/conv63)
[2026-02-28 17:40:58.292] [1780] [HailoRT] [info] [filter_elements.cpp:372] [create] Created (PostInferEl0beach_robot/conv63 | Quantization - src_type: UINT8, dst_type FLOAT32, limvals_min: -15.2921, limvals_max: 1.44388 | Reorder - src_order: FCR, src_shape: (20, 20, 8), dst_order: FCR, dst_shape: (20, 20, 2))
[2026-02-28 17:40:58.292] [1780] [HailoRT] [info] [queue_elements.cpp:800] [create] Created (UserBuffQEl0beach_robot/conv63 | timeout: 10s)
[2026-02-28 17:40:58.292] [1780] [HailoRT] [info] [vstream.cpp:1114] [OutputVStreamImpl] Creating beach_robot/conv63...
[2026-02-28 17:40:58.292] [1780] [HailoRT] [info] [vstream_builder.cpp:220] [create_outputs] Output pipeline 'beach_robot/conv63': HW >> (HwReadEl0beach_robot/conv63 | hw_frame_size: 3200) >> (PullQEl_hw_read0beach_robot/conv63) >> (PostInferEl0beach_robot/conv63 | Quantization - src_type: UINT8, dst_type FLOAT32, limvals_min: -15.2921, limvals_max: 1.44388 | Reorder - src_order: FCR, src_shape: (20, 20, 8), dst_order: FCR, dst_shape: (20, 20, 2)) >> (UserBuffQEl0beach_robot/conv63 | timeout: 10s)
[2026-02-28 17:40:58.292] [1780] [HailoRT] [info] [core_op.cpp:156] [activate] Activating beach_robot took 0.517015 milliseconds. Note that the function is asynchronous and thus the network is not fully activated yet.
[2026-02-28 17:40:58.292] [1780] [HailoRT] [info] [core_op.cpp:156] [activate] Activating beach_robot took 0.52796 milliseconds. Note that the function is asynchronous and thus the network is not fully activated yet.
[2026-02-28 17:40:58.311] [1770] [HailoRT] [info] [vdevice_native_stream.cpp:331] [read_impl] Failed read from stream HAILO_STREAM_NOT_ACTIVATED(72) (device: 0001:01:00.0)
[2026-02-28 17:40:58.311] [1773] [HailoRT] [info] [vdevice_native_stream.cpp:331] [read_impl] Failed read from stream HAILO_STREAM_NOT_ACTIVATED(72) (device: 0001:01:00.0)
[2026-02-28 17:40:58.311] [1768] [HailoRT] [info] [vdevice_native_stream.cpp:331] [read_impl] Failed read from stream HAILO_STREAM_NOT_ACTIVATED(72) (device: 0001:01:00.0)
[2026-02-28 17:40:58.311] [1771] [HailoRT] [info] [vdevice_native_stream.cpp:331] [read_impl] Failed read from stream HAILO_STREAM_NOT_ACTIVATED(72) (device: 0001:01:00.0)
[2026-02-28 17:40:58.311] [1772] [HailoRT] [info] [vdevice_native_stream.cpp:331] [read_impl] Failed read from stream HAILO_STREAM_NOT_ACTIVATED(72) (device: 0001:01:00.0)
[2026-02-28 17:40:58.311] [1769] [HailoRT] [info] [vdevice_native_stream.cpp:331] [read_impl] Failed read from stream HAILO_STREAM_NOT_ACTIVATED(72) (device: 0001:01:00.0)
[2026-02-28 17:40:58.312] [1780] [HailoRT] [info] [core_op.cpp:186] [deactivate] Deactivating took 0.506812 ms
[2026-02-28 17:40:58.312] [1780] [HailoRT] [info] [core_op.cpp:186] [deactivate] Deactivating took 0.520349 ms
[2026-02-28 17:40:58.312] [30473] [HailoRT] [info] [edge_elements.cpp:396] [run_pull] Reading from stream was aborted!
[2026-02-28 17:40:58.312] [30474] [HailoRT] [info] [queue_elements.cpp:855] [run_in_thread] Shutdown event was signaled in dequeue of UserBuffQEl0beach_robot/conv41!
[2026-02-28 17:40:58.312] [30473] [HailoRT] [info] [queue_elements.cpp:738] [run_in_thread] run_pull of queue element PullQEl_hw_read0beach_robot/conv41 was aborted!
[2026-02-28 17:40:58.312] [30473] [HailoRT] [info] [queue_elements.cpp:68] [operator()] Thread in element PullQEl_hw_read0beach_robot/conv41 is not running anymore, exiting..
[2026-02-28 17:40:58.312] [1780] [HailoRT] [info] [queue_elements.cpp:46] [~BaseQueueElement] Queue element PullQEl_hw_read0beach_robot/conv41 has 0 frames in his Queue on destruction
[2026-02-28 17:40:58.312] [30474] [HailoRT] [info] [queue_elements.cpp:68] [operator()] Thread in element UserBuffQEl0beach_robot/conv41 is not running anymore, exiting..
[2026-02-28 17:40:58.312] [1780] [HailoRT] [info] [queue_elements.cpp:46] [~BaseQueueElement] Queue element UserBuffQEl0beach_robot/conv41 has 0 frames in his Queue on destruction
[2026-02-28 17:40:58.312] [30475] [HailoRT] [info] [edge_elements.cpp:396] [run_pull] Reading from stream was aborted!
[2026-02-28 17:40:58.312] [30475] [HailoRT] [info] [queue_elements.cpp:738] [run_in_thread] run_pull of queue element PullQEl_hw_read7beach_robot/conv42 was aborted!
[2026-02-28 17:40:58.312] [30476] [HailoRT] [info] [queue_elements.cpp:855] [run_in_thread] Shutdown event was signaled in dequeue of UserBuffQEl7beach_robot/conv42!
[2026-02-28 17:40:58.312] [30475] [HailoRT] [info] [queue_elements.cpp:68] [operator()] Thread in element PullQEl_hw_read7beach_robot/conv42 is not running anymore, exiting..
[2026-02-28 17:40:58.312] [1780] [HailoRT] [info] [queue_elements.cpp:46] [~BaseQueueElement] Queue element PullQEl_hw_read7beach_robot/conv42 has 0 frames in his Queue on destruction
[2026-02-28 17:40:58.312] [30476] [HailoRT] [info] [queue_elements.cpp:68] [operator()] Thread in element UserBuffQEl7beach_robot/conv42 is not running anymore, exiting..
[2026-02-28 17:40:58.312] [1780] [HailoRT] [info] [queue_elements.cpp:46] [~BaseQueueElement] Queue element UserBuffQEl7beach_robot/conv42 has 0 frames in his Queue on destruction
[2026-02-28 17:40:58.312] [30477] [HailoRT] [info] [edge_elements.cpp:396] [run_pull] Reading from stream was aborted!
[2026-02-28 17:40:58.312] [30478] [HailoRT] [info] [queue_elements.cpp:855] [run_in_thread] Shutdown event was signaled in dequeue of UserBuffQEl3beach_robot/conv52!
[2026-02-28 17:40:58.312] [30477] [HailoRT] [info] [queue_elements.cpp:738] [run_in_thread] run_pull of queue element PullQEl_hw_read3beach_robot/conv52 was aborted!
[2026-02-28 17:40:58.312] [30477] [HailoRT] [info] [queue_elements.cpp:68] [operator()] Thread in element PullQEl_hw_read3beach_robot/conv52 is not running anymore, exiting..
[2026-02-28 17:40:58.312] [1780] [HailoRT] [info] [queue_elements.cpp:46] [~BaseQueueElement] Queue element PullQEl_hw_read3beach_robot/conv52 has 0 frames in his Queue on destruction
[2026-02-28 17:40:58.312] [30478] [HailoRT] [info] [queue_elements.cpp:68] [operator()] Thread in element UserBuffQEl3beach_robot/conv52 is not running anymore, exiting..
[2026-02-28 17:40:58.312] [1780] [HailoRT] [info] [queue_elements.cpp:46] [~BaseQueueElement] Queue element UserBuffQEl3beach_robot/conv52 has 0 frames in his Queue on destruction
[2026-02-28 17:40:58.312] [30479] [HailoRT] [info] [edge_elements.cpp:396] [run_pull] Reading from stream was aborted!
[2026-02-28 17:40:58.312] [30480] [HailoRT] [info] [queue_elements.cpp:855] [run_in_thread] Shutdown event was signaled in dequeue of UserBuffQEl1beach_robot/conv53!
[2026-02-28 17:40:58.312] [30479] [HailoRT] [info] [queue_elements.cpp:738] [run_in_thread] run_pull of queue element PullQEl_hw_read1beach_robot/conv53 was aborted!
[2026-02-28 17:40:58.312] [30479] [HailoRT] [info] [queue_elements.cpp:68] [operator()] Thread in element PullQEl_hw_read1beach_robot/conv53 is not running anymore, exiting..
[2026-02-28 17:40:58.312] [1780] [HailoRT] [info] [queue_elements.cpp:46] [~BaseQueueElement] Queue element PullQEl_hw_read1beach_robot/conv53 has 0 frames in his Queue on destruction
[2026-02-28 17:40:58.312] [30480] [HailoRT] [info] [queue_elements.cpp:68] [operator()] Thread in element UserBuffQEl1beach_robot/conv53 is not running anymore, exiting..
[2026-02-28 17:40:58.312] [1780] [HailoRT] [info] [queue_elements.cpp:46] [~BaseQueueElement] Queue element UserBuffQEl1beach_robot/conv53 has 0 frames in his Queue on destruction
[2026-02-28 17:40:58.312] [30481] [HailoRT] [info] [edge_elements.cpp:396] [run_pull] Reading from stream was aborted!
[2026-02-28 17:40:58.312] [30482] [HailoRT] [info] [queue_elements.cpp:855] [run_in_thread] Shutdown event was signaled in dequeue of UserBuffQEl2beach_robot/conv62!
[2026-02-28 17:40:58.312] [30481] [HailoRT] [info] [queue_elements.cpp:738] [run_in_thread] run_pull of queue element PullQEl_hw_read2beach_robot/conv62 was aborted!
[2026-02-28 17:40:58.312] [30481] [HailoRT] [info] [queue_elements.cpp:68] [operator()] Thread in element PullQEl_hw_read2beach_robot/conv62 is not running anymore, exiting..
[2026-02-28 17:40:58.312] [1780] [HailoRT] [info] [queue_elements.cpp:46] [~BaseQueueElement] Queue element PullQEl_hw_read2beach_robot/conv62 has 0 frames in his Queue on destruction
[2026-02-28 17:40:58.312] [30482] [HailoRT] [info] [queue_elements.cpp:68] [operator()] Thread in element UserBuffQEl2beach_robot/conv62 is not running anymore, exiting..
[2026-02-28 17:40:58.312] [1780] [HailoRT] [info] [queue_elements.cpp:46] [~BaseQueueElement] Queue element UserBuffQEl2beach_robot/conv62 has 0 frames in his Queue on destruction
[2026-02-28 17:40:58.313] [30483] [HailoRT] [info] [edge_elements.cpp:396] [run_pull] Reading from stream was aborted!
[2026-02-28 17:40:58.313] [30484] [HailoRT] [info] [queue_elements.cpp:855] [run_in_thread] Shutdown event was signaled in dequeue of UserBuffQEl0beach_robot/conv63!
[2026-02-28 17:40:58.313] [30483] [HailoRT] [info] [queue_elements.cpp:738] [run_in_thread] run_pull of queue element PullQEl_hw_read0beach_robot/conv63 was aborted!
[2026-02-28 17:40:58.313] [30483] [HailoRT] [info] [queue_elements.cpp:68] [operator()] Thread in element PullQEl_hw_read0beach_robot/conv63 is not running anymore, exiting..
[2026-02-28 17:40:58.313] [1780] [HailoRT] [info] [queue_elements.cpp:46] [~BaseQueueElement] Queue element PullQEl_hw_read0beach_robot/conv63 has 0 frames in his Queue on destruction
[2026-02-28 17:40:58.313] [30484] [HailoRT] [info] [queue_elements.cpp:68] [operator()] Thread in element UserBuffQEl0beach_robot/conv63 is not running anymore, exiting..
[2026-02-28 17:40:58.313] [1780] [HailoRT] [info] [queue_elements.cpp:46] [~BaseQueueElement] Queue element UserBuffQEl0beach_robot/conv63 has 0 frames in his Queue on destruction
[2026-02-28 17:40:58.703] [1780] [HailoRT] [info] [edge_elements.cpp:52] [create] Created (HwWriteEl2beach_robot/input_layer1 | hw_frame_size: 1228800)
[2026-02-28 17:40:58.703] [1780] [HailoRT] [info] [vstream.cpp:754] [InputVStreamImpl] Creating beach_robot/input_layer1...
[2026-02-28 17:40:58.703] [1780] [HailoRT] [info] [vstream_builder.cpp:102] [create_inputs] Input pipeline 'beach_robot/input_layer1': (HwWriteEl2beach_robot/input_layer1 | hw_frame_size: 1228800) >> HW
[2026-02-28 17:40:58.703] [1780] [HailoRT] [info] [edge_elements.cpp:287] [create] Created (HwReadEl0beach_robot/conv41 | hw_frame_size: 409600)
[2026-02-28 17:40:58.703] [1780] [HailoRT] [info] [queue_elements.cpp:657] [create] Created (PullQEl_hw_read0beach_robot/conv41)
[2026-02-28 17:40:58.703] [1780] [HailoRT] [info] [filter_elements.cpp:372] [create] Created (PostInferEl0beach_robot/conv41 | Quantization - src_type: UINT8, dst_type FLOAT32, limvals_min: -10.8307, limvals_max: 18.5504)
[2026-02-28 17:40:58.703] [1780] [HailoRT] [info] [queue_elements.cpp:800] [create] Created (UserBuffQEl0beach_robot/conv41 | timeout: 10s)
[2026-02-28 17:40:58.703] [1780] [HailoRT] [info] [vstream.cpp:1114] [OutputVStreamImpl] Creating beach_robot/conv41...
[2026-02-28 17:40:58.703] [1780] [HailoRT] [info] [vstream_builder.cpp:220] [create_outputs] Output pipeline 'beach_robot/conv41': HW >> (HwReadEl0beach_robot/conv41 | hw_frame_size: 409600) >> (PullQEl_hw_read0beach_robot/conv41) >> (PostInferEl0beach_robot/conv41 | Quantization - src_type: UINT8, dst_type FLOAT32, limvals_min: -10.8307, limvals_max: 18.5504) >> (UserBuffQEl0beach_robot/conv41 | timeout: 10s)
[2026-02-28 17:40:58.703] [1780] [HailoRT] [info] [edge_elements.cpp:287] [create] Created (HwReadEl7beach_robot/conv42 | hw_frame_size: 12800)
[2026-02-28 17:40:58.703] [1780] [HailoRT] [info] [queue_elements.cpp:657] [create] Created (PullQEl_hw_read7beach_robot/conv42)
[2026-02-28 17:40:58.703] [1780] [HailoRT] [info] [filter_elements.cpp:372] [create] Created (PostInferEl7beach_robot/conv42 | Quantization - src_type: UINT8, dst_type FLOAT32, limvals_min: -25.6857, limvals_max: 0)
[2026-02-28 17:40:58.703] [1780] [HailoRT] [info] [queue_elements.cpp:800] [create] Created (UserBuffQEl7beach_robot/conv42 | timeout: 10s)
[2026-02-28 17:40:58.703] [1780] [HailoRT] [info] [vstream.cpp:1114] [OutputVStreamImpl] Creating beach_robot/conv42...
[2026-02-28 17:40:58.703] [1780] [HailoRT] [info] [vstream_builder.cpp:220] [create_outputs] Output pipeline 'beach_robot/conv42': HW >> (HwReadEl7beach_robot/conv42 | hw_frame_size: 12800) >> (PullQEl_hw_read7beach_robot/conv42) >> (PostInferEl7beach_robot/conv42 | Quantization - src_type: UINT8, dst_type FLOAT32, limvals_min: -25.6857, limvals_max: 0) >> (UserBuffQEl7beach_robot/conv42 | timeout: 10s)
[2026-02-28 17:40:58.703] [1780] [HailoRT] [info] [edge_elements.cpp:287] [create] Created (HwReadEl3beach_robot/conv52 | hw_frame_size: 102400)
[2026-02-28 17:40:58.703] [1780] [HailoRT] [info] [queue_elements.cpp:657] [create] Created (PullQEl_hw_read3beach_robot/conv52)
[2026-02-28 17:40:58.703] [1780] [HailoRT] [info] [filter_elements.cpp:372] [create] Created (PostInferEl3beach_robot/conv52 | Quantization - src_type: UINT8, dst_type FLOAT32, limvals_min: -6.53754, limvals_max: 19.9239)
[2026-02-28 17:40:58.703] [1780] [HailoRT] [info] [queue_elements.cpp:800] [create] Created (UserBuffQEl3beach_robot/conv52 | timeout: 10s)
[2026-02-28 17:40:58.703] [1780] [HailoRT] [info] [vstream.cpp:1114] [OutputVStreamImpl] Creating beach_robot/conv52...
[2026-02-28 17:40:58.704] [1780] [HailoRT] [info] [vstream_builder.cpp:220] [create_outputs] Output pipeline 'beach_robot/conv52': HW >> (HwReadEl3beach_robot/conv52 | hw_frame_size: 102400) >> (PullQEl_hw_read3beach_robot/conv52) >> (PostInferEl3beach_robot/conv52 | Quantization - src_type: UINT8, dst_type FLOAT32, limvals_min: -6.53754, limvals_max: 19.9239) >> (UserBuffQEl3beach_robot/conv52 | timeout: 10s)
[2026-02-28 17:40:58.704] [1780] [HailoRT] [info] [edge_elements.cpp:287] [create] Created (HwReadEl1beach_robot/conv53 | hw_frame_size: 3200)
[2026-02-28 17:40:58.704] [1780] [HailoRT] [info] [queue_elements.cpp:657] [create] Created (PullQEl_hw_read1beach_robot/conv53)
[2026-02-28 17:40:58.704] [1780] [HailoRT] [info] [filter_elements.cpp:372] [create] Created (PostInferEl1beach_robot/conv53 | Quantization - src_type: UINT8, dst_type FLOAT32, limvals_min: -15.7441, limvals_max: 0)
[2026-02-28 17:40:58.704] [1780] [HailoRT] [info] [queue_elements.cpp:800] [create] Created (UserBuffQEl1beach_robot/conv53 | timeout: 10s)
[2026-02-28 17:40:58.704] [1780] [HailoRT] [info] [vstream.cpp:1114] [OutputVStreamImpl] Creating beach_robot/conv53...
[2026-02-28 17:40:58.704] [1780] [HailoRT] [info] [vstream_builder.cpp:220] [create_outputs] Output pipeline 'beach_robot/conv53': HW >> (HwReadEl1beach_robot/conv53 | hw_frame_size: 3200) >> (PullQEl_hw_read1beach_robot/conv53) >> (PostInferEl1beach_robot/conv53 | Quantization - src_type: UINT8, dst_type FLOAT32, limvals_min: -15.7441, limvals_max: 0) >> (UserBuffQEl1beach_robot/conv53 | timeout: 10s)
[2026-02-28 17:40:58.704] [1780] [HailoRT] [info] [edge_elements.cpp:287] [create] Created (HwReadEl2beach_robot/conv62 | hw_frame_size: 25600)
[2026-02-28 17:40:58.704] [1780] [HailoRT] [info] [queue_elements.cpp:657] [create] Created (PullQEl_hw_read2beach_robot/conv62)
[2026-02-28 17:40:58.704] [1780] [HailoRT] [info] [filter_elements.cpp:372] [create] Created (PostInferEl2beach_robot/conv62 | Quantization - src_type: UINT8, dst_type FLOAT32, limvals_min: -8.27399, limvals_max: 14.6594)
[2026-02-28 17:40:58.704] [1780] [HailoRT] [info] [queue_elements.cpp:800] [create] Created (UserBuffQEl2beach_robot/conv62 | timeout: 10s)
[2026-02-28 17:40:58.704] [1780] [HailoRT] [info] [vstream.cpp:1114] [OutputVStreamImpl] Creating beach_robot/conv62...
[2026-02-28 17:40:58.704] [1780] [HailoRT] [info] [vstream_builder.cpp:220] [create_outputs] Output pipeline 'beach_robot/conv62': HW >> (HwReadEl2beach_robot/conv62 | hw_frame_size: 25600) >> (PullQEl_hw_read2beach_robot/conv62) >> (PostInferEl2beach_robot/conv62 | Quantization - src_type: UINT8, dst_type FLOAT32, limvals_min: -8.27399, limvals_max: 14.6594) >> (UserBuffQEl2beach_robot/conv62 | timeout: 10s)
[2026-02-28 17:40:58.704] [1780] [HailoRT] [info] [edge_elements.cpp:287] [create] Created (HwReadEl0beach_robot/conv63 | hw_frame_size: 3200)
[2026-02-28 17:40:58.704] [1780] [HailoRT] [info] [queue_elements.cpp:657] [create] Created (PullQEl_hw_read0beach_robot/conv63)
[2026-02-28 17:40:58.704] [1780] [HailoRT] [info] [filter_elements.cpp:372] [create] Created (PostInferEl0beach_robot/conv63 | Quantization - src_type: UINT8, dst_type FLOAT32, limvals_min: -15.2921, limvals_max: 1.44388 | Reorder - src_order: FCR, src_shape: (20, 20, 8), dst_order: FCR, dst_shape: (20, 20, 2))
[2026-02-28 17:40:58.704] [1780] [HailoRT] [info] [queue_elements.cpp:800] [create] Created (UserBuffQEl0beach_robot/conv63 | timeout: 10s)
[2026-02-28 17:40:58.704] [1780] [HailoRT] [info] [vstream.cpp:1114] [OutputVStreamImpl] Creating beach_robot/conv63...
[2026-02-28 17:40:58.704] [1780] [HailoRT] [info] [vstream_builder.cpp:220] [create_outputs] Output pipeline 'beach_robot/conv63': HW >> (HwReadEl0beach_robot/conv63 | hw_frame_size: 3200) >> (PullQEl_hw_read0beach_robot/conv63) >> (PostInferEl0beach_robot/conv63 | Quantization - src_type: UINT8, dst_type FLOAT32, limvals_min: -15.2921, limvals_max: 1.44388 | Reorder - src_order: FCR, src_shape: (20, 20, 8), dst_order: FCR, dst_shape: (20, 20, 2)) >> (UserBuffQEl0beach_robot/conv63 | timeout: 10s)
[2026-02-28 17:40:58.705] [1780] [HailoRT] [info] [core_op.cpp:156] [activate] Activating beach_robot took 0.515182 milliseconds. Note that the function is asynchronous and thus the network is not fully activated yet.
[2026-02-28 17:40:58.705] [1780] [HailoRT] [info] [core_op.cpp:156] [activate] Activating beach_robot took 0.526016 milliseconds. Note that the function is asynchronous and thus the network is not fully activated yet.
[2026-02-28 17:40:58.724] [1770] [HailoRT] [info] [vdevice_native_stream.cpp:331] [read_impl] Failed read from stream HAILO_STREAM_NOT_ACTIVATED(72) (device: 0001:01:00.0)
[2026-02-28 17:40:58.724] [1768] [HailoRT] [info] [vdevice_native_stream.cpp:331] [read_impl] Failed read from stream HAILO_STREAM_NOT_ACTIVATED(72) (device: 0001:01:00.0)
[2026-02-28 17:40:58.724] [1769] [HailoRT] [info] [vdevice_native_stream.cpp:331] [read_impl] Failed read from stream HAILO_STREAM_NOT_ACTIVATED(72) (device: 0001:01:00.0)
[2026-02-28 17:40:58.724] [1772] [HailoRT] [info] [vdevice_native_stream.cpp:331] [read_impl] Failed read from stream HAILO_STREAM_NOT_ACTIVATED(72) (device: 0001:01:00.0)
[2026-02-28 17:40:58.724] [1771] [HailoRT] [info] [vdevice_native_stream.cpp:331] [read_impl] Failed read from stream HAILO_STREAM_NOT_ACTIVATED(72) (device: 0001:01:00.0)
[2026-02-28 17:40:58.724] [1773] [HailoRT] [info] [vdevice_native_stream.cpp:331] [read_impl] Failed read from stream HAILO_STREAM_NOT_ACTIVATED(72) (device: 0001:01:00.0)
[2026-02-28 17:40:58.724] [1780] [HailoRT] [info] [core_op.cpp:186] [deactivate] Deactivating took 0.493293 ms
[2026-02-28 17:40:58.724] [1780] [HailoRT] [info] [core_op.cpp:186] [deactivate] Deactivating took 0.507868 ms
[2026-02-28 17:40:58.724] [30492] [HailoRT] [info] [edge_elements.cpp:396] [run_pull] Reading from stream was aborted!
[2026-02-28 17:40:58.724] [30492] [HailoRT] [info] [queue_elements.cpp:738] [run_in_thread] run_pull of queue element PullQEl_hw_read0beach_robot/conv41 was aborted!
[2026-02-28 17:40:58.724] [30493] [HailoRT] [info] [queue_elements.cpp:855] [run_in_thread] Shutdown event was signaled in dequeue of UserBuffQEl0beach_robot/conv41!
[2026-02-28 17:40:58.724] [30492] [HailoRT] [info] [queue_elements.cpp:68] [operator()] Thread in element PullQEl_hw_read0beach_robot/conv41 is not running anymore, exiting..
[2026-02-28 17:40:58.724] [1780] [HailoRT] [info] [queue_elements.cpp:46] [~BaseQueueElement] Queue element PullQEl_hw_read0beach_robot/conv41 has 0 frames in his Queue on destruction
[2026-02-28 17:40:58.724] [30493] [HailoRT] [info] [queue_elements.cpp:68] [operator()] Thread in element UserBuffQEl0beach_robot/conv41 is not running anymore, exiting..
[2026-02-28 17:40:58.724] [1780] [HailoRT] [info] [queue_elements.cpp:46] [~BaseQueueElement] Queue element UserBuffQEl0beach_robot/conv41 has 0 frames in his Queue on destruction
[2026-02-28 17:40:58.724] [30494] [HailoRT] [info] [edge_elements.cpp:396] [run_pull] Reading from stream was aborted!
[2026-02-28 17:40:58.724] [30495] [HailoRT] [info] [queue_elements.cpp:855] [run_in_thread] Shutdown event was signaled in dequeue of UserBuffQEl7beach_robot/conv42!
[2026-02-28 17:40:58.724] [30494] [HailoRT] [info] [queue_elements.cpp:738] [run_in_thread] run_pull of queue element PullQEl_hw_read7beach_robot/conv42 was aborted!
[2026-02-28 17:40:58.725] [30494] [HailoRT] [info] [queue_elements.cpp:68] [operator()] Thread in element PullQEl_hw_read7beach_robot/conv42 is not running anymore, exiting..
[2026-02-28 17:40:58.725] [1780] [HailoRT] [info] [queue_elements.cpp:46] [~BaseQueueElement] Queue element PullQEl_hw_read7beach_robot/conv42 has 0 frames in his Queue on destruction
[2026-02-28 17:40:58.725] [30495] [HailoRT] [info] [queue_elements.cpp:68] [operator()] Thread in element UserBuffQEl7beach_robot/conv42 is not running anymore, exiting..
[2026-02-28 17:40:58.725] [1780] [HailoRT] [info] [queue_elements.cpp:46] [~BaseQueueElement] Queue element UserBuffQEl7beach_robot/conv42 has 0 frames in his Queue on destruction
[2026-02-28 17:40:58.725] [30496] [HailoRT] [info] [edge_elements.cpp:396] [run_pull] Reading from stream was aborted!
[2026-02-28 17:40:58.725] [30497] [HailoRT] [info] [queue_elements.cpp:855] [run_in_thread] Shutdown event was signaled in dequeue of UserBuffQEl3beach_robot/conv52!
[2026-02-28 17:40:58.725] [30496] [HailoRT] [info] [queue_elements.cpp:738] [run_in_thread] run_pull of queue element PullQEl_hw_read3beach_robot/conv52 was aborted!
[2026-02-28 17:40:58.725] [30496] [HailoRT] [info] [queue_elements.cpp:68] [operator()] Thread in element PullQEl_hw_read3beach_robot/conv52 is not running anymore, exiting..
[2026-02-28 17:40:58.725] [1780] [HailoRT] [info] [queue_elements.cpp:46] [~BaseQueueElement] Queue element PullQEl_hw_read3beach_robot/conv52 has 0 frames in his Queue on destruction
[2026-02-28 17:40:58.725] [30497] [HailoRT] [info] [queue_elements.cpp:68] [operator()] Thread in element UserBuffQEl3beach_robot/conv52 is not running anymore, exiting..
[2026-02-28 17:40:58.725] [1780] [HailoRT] [info] [queue_elements.cpp:46] [~BaseQueueElement] Queue element UserBuffQEl3beach_robot/conv52 has 0 frames in his Queue on destruction
[2026-02-28 17:40:58.725] [30498] [HailoRT] [info] [edge_elements.cpp:396] [run_pull] Reading from stream was aborted!
[2026-02-28 17:40:58.725] [30498] [HailoRT] [info] [queue_elements.cpp:738] [run_in_thread] run_pull of queue element PullQEl_hw_read1beach_robot/conv53 was aborted!
[2026-02-28 17:40:58.725] [30499] [HailoRT] [info] [queue_elements.cpp:855] [run_in_thread] Shutdown event was signaled in dequeue of UserBuffQEl1beach_robot/conv53!
[2026-02-28 17:40:58.725] [30498] [HailoRT] [info] [queue_elements.cpp:68] [operator()] Thread in element PullQEl_hw_read1beach_robot/conv53 is not running anymore, exiting..
[2026-02-28 17:40:58.725] [1780] [HailoRT] [info] [queue_elements.cpp:46] [~BaseQueueElement] Queue element PullQEl_hw_read1beach_robot/conv53 has 0 frames in his Queue on destruction
[2026-02-28 17:40:58.725] [30499] [HailoRT] [info] [queue_elements.cpp:68] [operator()] Thread in element UserBuffQEl1beach_robot/conv53 is not running anymore, exiting..
[2026-02-28 17:40:58.725] [1780] [HailoRT] [info] [queue_elements.cpp:46] [~BaseQueueElement] Queue element UserBuffQEl1beach_robot/conv53 has 0 frames in his Queue on destruction
[2026-02-28 17:40:58.725] [30500] [HailoRT] [info] [edge_elements.cpp:396] [run_pull] Reading from stream was aborted!
[2026-02-28 17:40:58.725] [30500] [HailoRT] [info] [queue_elements.cpp:738] [run_in_thread] run_pull of queue element PullQEl_hw_read2beach_robot/conv62 was aborted!
[2026-02-28 17:40:58.725] [30501] [HailoRT] [info] [queue_elements.cpp:855] [run_in_thread] Shutdown event was signaled in dequeue of UserBuffQEl2beach_robot/conv62!
[2026-02-28 17:40:58.725] [30500] [HailoRT] [info] [queue_elements.cpp:68] [operator()] Thread in element PullQEl_hw_read2beach_robot/conv62 is not running anymore, exiting..
[2026-02-28 17:40:58.725] [1780] [HailoRT] [info] [queue_elements.cpp:46] [~BaseQueueElement] Queue element PullQEl_hw_read2beach_robot/conv62 has 0 frames in his Queue on destruction
[2026-02-28 17:40:58.725] [30501] [HailoRT] [info] [queue_elements.cpp:68] [operator()] Thread in element UserBuffQEl2beach_robot/conv62 is not running anymore, exiting..
[2026-02-28 17:40:58.725] [1780] [HailoRT] [info] [queue_elements.cpp:46] [~BaseQueueElement] Queue element UserBuffQEl2beach_robot/conv62 has 0 frames in his Queue on destruction
[2026-02-28 17:40:58.725] [30502] [HailoRT] [info] [edge_elements.cpp:396] [run_pull] Reading from stream was aborted!
[2026-02-28 17:40:58.725] [30503] [HailoRT] [info] [queue_elements.cpp:855] [run_in_thread] Shutdown event was signaled in dequeue of UserBuffQEl0beach_robot/conv63!
[2026-02-28 17:40:58.725] [30502] [HailoRT] [info] [queue_elements.cpp:738] [run_in_thread] run_pull of queue element PullQEl_hw_read0beach_robot/conv63 was aborted!
[2026-02-28 17:40:58.725] [30502] [HailoRT] [info] [queue_elements.cpp:68] [operator()] Thread in element PullQEl_hw_read0beach_robot/conv63 is not running anymore, exiting..
[2026-02-28 17:40:58.725] [1780] [HailoRT] [info] [queue_elements.cpp:46] [~BaseQueueElement] Queue element PullQEl_hw_read0beach_robot/conv63 has 0 frames in his Queue on destruction
[2026-02-28 17:40:58.725] [30503] [HailoRT] [info] [queue_elements.cpp:68] [operator()] Thread in element UserBuffQEl0beach_robot/conv63 is not running anymore, exiting..
[2026-02-28 17:40:58.725] [1780] [HailoRT] [info] [queue_elements.cpp:46] [~BaseQueueElement] Queue element UserBuffQEl0beach_robot/conv63 has 0 frames in his Queue on destruction
[2026-02-28 17:40:59.123] [1780] [HailoRT] [info] [edge_elements.cpp:52] [create] Created (HwWriteEl2beach_robot/input_layer1 | hw_frame_size: 1228800)
[2026-02-28 17:40:59.123] [1780] [HailoRT] [info] [vstream.cpp:754] [InputVStreamImpl] Creating beach_robot/input_layer1...
[2026-02-28 17:40:59.123] [1780] [HailoRT] [info] [vstream_builder.cpp:102] [create_inputs] Input pipeline 'beach_robot/input_layer1': (HwWriteEl2beach_robot/input_layer1 | hw_frame_size: 1228800) >> HW
[2026-02-28 17:40:59.123] [1780] [HailoRT] [info] [edge_elements.cpp:287] [create] Created (HwReadEl0beach_robot/conv41 | hw_frame_size: 409600)
[2026-02-28 17:40:59.123] [1780] [HailoRT] [info] [queue_elements.cpp:657] [create] Created (PullQEl_hw_read0beach_robot/conv41)
[2026-02-28 17:40:59.123] [1780] [HailoRT] [info] [filter_elements.cpp:372] [create] Created (PostInferEl0beach_robot/conv41 | Quantization - src_type: UINT8, dst_type FLOAT32, limvals_min: -10.8307, limvals_max: 18.5504)
[2026-02-28 17:40:59.123] [1780] [HailoRT] [info] [queue_elements.cpp:800] [create] Created (UserBuffQEl0beach_robot/conv41 | timeout: 10s)
[2026-02-28 17:40:59.123] [1780] [HailoRT] [info] [vstream.cpp:1114] [OutputVStreamImpl] Creating beach_robot/conv41...
[2026-02-28 17:40:59.123] [1780] [HailoRT] [info] [vstream_builder.cpp:220] [create_outputs] Output pipeline 'beach_robot/conv41': HW >> (HwReadEl0beach_robot/conv41 | hw_frame_size: 409600) >> (PullQEl_hw_read0beach_robot/conv41) >> (PostInferEl0beach_robot/conv41 | Quantization - src_type: UINT8, dst_type FLOAT32, limvals_min: -10.8307, limvals_max: 18.5504) >> (UserBuffQEl0beach_robot/conv41 | timeout: 10s)
[2026-02-28 17:40:59.123] [1780] [HailoRT] [info] [edge_elements.cpp:287] [create] Created (HwReadEl7beach_robot/conv42 | hw_frame_size: 12800)
[2026-02-28 17:40:59.123] [1780] [HailoRT] [info] [queue_elements.cpp:657] [create] Created (PullQEl_hw_read7beach_robot/conv42)
[2026-02-28 17:40:59.123] [1780] [HailoRT] [info] [filter_elements.cpp:372] [create] Created (PostInferEl7beach_robot/conv42 | Quantization - src_type: UINT8, dst_type FLOAT32, limvals_min: -25.6857, limvals_max: 0)
[2026-02-28 17:40:59.123] [1780] [HailoRT] [info] [queue_elements.cpp:800] [create] Created (UserBuffQEl7beach_robot/conv42 | timeout: 10s)
[2026-02-28 17:40:59.123] [1780] [HailoRT] [info] [vstream.cpp:1114] [OutputVStreamImpl] Creating beach_robot/conv42...
[2026-02-28 17:40:59.123] [1780] [HailoRT] [info] [vstream_builder.cpp:220] [create_outputs] Output pipeline 'beach_robot/conv42': HW >> (HwReadEl7beach_robot/conv42 | hw_frame_size: 12800) >> (PullQEl_hw_read7beach_robot/conv42) >> (PostInferEl7beach_robot/conv42 | Quantization - src_type: UINT8, dst_type FLOAT32, limvals_min: -25.6857, limvals_max: 0) >> (UserBuffQEl7beach_robot/conv42 | timeout: 10s)
[2026-02-28 17:40:59.123] [1780] [HailoRT] [info] [edge_elements.cpp:287] [create] Created (HwReadEl3beach_robot/conv52 | hw_frame_size: 102400)
[2026-02-28 17:40:59.123] [1780] [HailoRT] [info] [queue_elements.cpp:657] [create] Created (PullQEl_hw_read3beach_robot/conv52)
[2026-02-28 17:40:59.123] [1780] [HailoRT] [info] [filter_elements.cpp:372] [create] Created (PostInferEl3beach_robot/conv52 | Quantization - src_type: UINT8, dst_type FLOAT32, limvals_min: -6.53754, limvals_max: 19.9239)
[2026-02-28 17:40:59.123] [1780] [HailoRT] [info] [queue_elements.cpp:800] [create] Created (UserBuffQEl3beach_robot/conv52 | timeout: 10s)
[2026-02-28 17:40:59.124] [1780] [HailoRT] [info] [vstream.cpp:1114] [OutputVStreamImpl] Creating beach_robot/conv52...
[2026-02-28 17:40:59.124] [1780] [HailoRT] [info] [vstream_builder.cpp:220] [create_outputs] Output pipeline 'beach_robot/conv52': HW >> (HwReadEl3beach_robot/conv52 | hw_frame_size: 102400) >> (PullQEl_hw_read3beach_robot/conv52) >> (PostInferEl3beach_robot/conv52 | Quantization - src_type: UINT8, dst_type FLOAT32, limvals_min: -6.53754, limvals_max: 19.9239) >> (UserBuffQEl3beach_robot/conv52 | timeout: 10s)
[2026-02-28 17:40:59.124] [1780] [HailoRT] [info] [edge_elements.cpp:287] [create] Created (HwReadEl1beach_robot/conv53 | hw_frame_size: 3200)
[2026-02-28 17:40:59.124] [1780] [HailoRT] [info] [queue_elements.cpp:657] [create] Created (PullQEl_hw_read1beach_robot/conv53)
[2026-02-28 17:40:59.124] [1780] [HailoRT] [info] [filter_elements.cpp:372] [create] Created (PostInferEl1beach_robot/conv53 | Quantization - src_type: UINT8, dst_type FLOAT32, limvals_min: -15.7441, limvals_max: 0)
[2026-02-28 17:40:59.124] [1780] [HailoRT] [info] [queue_elements.cpp:800] [create] Created (UserBuffQEl1beach_robot/conv53 | timeout: 10s)
[2026-02-28 17:40:59.124] [1780] [HailoRT] [info] [vstream.cpp:1114] [OutputVStreamImpl] Creating beach_robot/conv53...
[2026-02-28 17:40:59.124] [1780] [HailoRT] [info] [vstream_builder.cpp:220] [create_outputs] Output pipeline 'beach_robot/conv53': HW >> (HwReadEl1beach_robot/conv53 | hw_frame_size: 3200) >> (PullQEl_hw_read1beach_robot/conv53) >> (PostInferEl1beach_robot/conv53 | Quantization - src_type: UINT8, dst_type FLOAT32, limvals_min: -15.7441, limvals_max: 0) >> (UserBuffQEl1beach_robot/conv53 | timeout: 10s)
[2026-02-28 17:40:59.124] [1780] [HailoRT] [info] [edge_elements.cpp:287] [create] Created (HwReadEl2beach_robot/conv62 | hw_frame_size: 25600)
[2026-02-28 17:40:59.124] [1780] [HailoRT] [info] [queue_elements.cpp:657] [create] Created (PullQEl_hw_read2beach_robot/conv62)
[2026-02-28 17:40:59.124] [1780] [HailoRT] [info] [filter_elements.cpp:372] [create] Created (PostInferEl2beach_robot/conv62 | Quantization - src_type: UINT8, dst_type FLOAT32, limvals_min: -8.27399, limvals_max: 14.6594)
[2026-02-28 17:40:59.124] [1780] [HailoRT] [info] [queue_elements.cpp:800] [create] Created (UserBuffQEl2beach_robot/conv62 | timeout: 10s)
[2026-02-28 17:40:59.124] [1780] [HailoRT] [info] [vstream.cpp:1114] [OutputVStreamImpl] Creating beach_robot/conv62...
[2026-02-28 17:40:59.124] [1780] [HailoRT] [info] [vstream_builder.cpp:220] [create_outputs] Output pipeline 'beach_robot/conv62': HW >> (HwReadEl2beach_robot/conv62 | hw_frame_size: 25600) >> (PullQEl_hw_read2beach_robot/conv62) >> (PostInferEl2beach_robot/conv62 | Quantization - src_type: UINT8, dst_type FLOAT32, limvals_min: -8.27399, limvals_max: 14.6594) >> (UserBuffQEl2beach_robot/conv62 | timeout: 10s)
[2026-02-28 17:40:59.124] [1780] [HailoRT] [info] [edge_elements.cpp:287] [create] Created (HwReadEl0beach_robot/conv63 | hw_frame_size: 3200)
[2026-02-28 17:40:59.124] [1780] [HailoRT] [info] [queue_elements.cpp:657] [create] Created (PullQEl_hw_read0beach_robot/conv63)
[2026-02-28 17:40:59.124] [1780] [HailoRT] [info] [filter_elements.cpp:372] [create] Created (PostInferEl0beach_robot/conv63 | Quantization - src_type: UINT8, dst_type FLOAT32, limvals_min: -15.2921, limvals_max: 1.44388 | Reorder - src_order: FCR, src_shape: (20, 20, 8), dst_order: FCR, dst_shape: (20, 20, 2))
[2026-02-28 17:40:59.124] [1780] [HailoRT] [info] [queue_elements.cpp:800] [create] Created (UserBuffQEl0beach_robot/conv63 | timeout: 10s)
[2026-02-28 17:40:59.124] [1780] [HailoRT] [info] [vstream.cpp:1114] [OutputVStreamImpl] Creating beach_robot/conv63...
[2026-02-28 17:40:59.124] [1780] [HailoRT] [info] [vstream_builder.cpp:220] [create_outputs] Output pipeline 'beach_robot/conv63': HW >> (HwReadEl0beach_robot/conv63 | hw_frame_size: 3200) >> (PullQEl_hw_read0beach_robot/conv63) >> (PostInferEl0beach_robot/conv63 | Quantization - src_type: UINT8, dst_type FLOAT32, limvals_min: -15.2921, limvals_max: 1.44388 | Reorder - src_order: FCR, src_shape: (20, 20, 8), dst_order: FCR, dst_shape: (20, 20, 2)) >> (UserBuffQEl0beach_robot/conv63 | timeout: 10s)
[2026-02-28 17:40:59.125] [1780] [HailoRT] [info] [core_op.cpp:156] [activate] Activating beach_robot took 0.512553 milliseconds. Note that the function is asynchronous and thus the network is not fully activated yet.
[2026-02-28 17:40:59.125] [1780] [HailoRT] [info] [core_op.cpp:156] [activate] Activating beach_robot took 0.523905 milliseconds. Note that the function is asynchronous and thus the network is not fully activated yet.
[2026-02-28 17:40:59.144] [1770] [HailoRT] [info] [vdevice_native_stream.cpp:331] [read_impl] Failed read from stream HAILO_STREAM_NOT_ACTIVATED(72) (device: 0001:01:00.0)
[2026-02-28 17:40:59.144] [1773] [HailoRT] [info] [vdevice_native_stream.cpp:331] [read_impl] Failed read from stream HAILO_STREAM_NOT_ACTIVATED(72) (device: 0001:01:00.0)
[2026-02-28 17:40:59.144] [1768] [HailoRT] [info] [vdevice_native_stream.cpp:331] [read_impl] Failed read from stream HAILO_STREAM_NOT_ACTIVATED(72) (device: 0001:01:00.0)
[2026-02-28 17:40:59.144] [1771] [HailoRT] [info] [vdevice_native_stream.cpp:331] [read_impl] Failed read from stream HAILO_STREAM_NOT_ACTIVATED(72) (device: 0001:01:00.0)
[2026-02-28 17:40:59.144] [1772] [HailoRT] [info] [vdevice_native_stream.cpp:331] [read_impl] Failed read from stream HAILO_STREAM_NOT_ACTIVATED(72) (device: 0001:01:00.0)
[2026-02-28 17:40:59.144] [1769] [HailoRT] [info] [vdevice_native_stream.cpp:331] [read_impl] Failed read from stream HAILO_STREAM_NOT_ACTIVATED(72) (device: 0001:01:00.0)
[2026-02-28 17:40:59.144] [1780] [HailoRT] [info] [core_op.cpp:186] [deactivate] Deactivating took 0.505053 ms
[2026-02-28 17:40:59.144] [1780] [HailoRT] [info] [core_op.cpp:186] [deactivate] Deactivating took 0.51996 ms
[2026-02-28 17:40:59.144] [30511] [HailoRT] [info] [edge_elements.cpp:396] [run_pull] Reading from stream was aborted!
[2026-02-28 17:40:59.144] [30512] [HailoRT] [info] [queue_elements.cpp:855] [run_in_thread] Shutdown event was signaled in dequeue of UserBuffQEl0beach_robot/conv41!
[2026-02-28 17:40:59.144] [30511] [HailoRT] [info] [queue_elements.cpp:738] [run_in_thread] run_pull of queue element PullQEl_hw_read0beach_robot/conv41 was aborted!
[2026-02-28 17:40:59.144] [30511] [HailoRT] [info] [queue_elements.cpp:68] [operator()] Thread in element PullQEl_hw_read0beach_robot/conv41 is not running anymore, exiting..
[2026-02-28 17:40:59.144] [1780] [HailoRT] [info] [queue_elements.cpp:46] [~BaseQueueElement] Queue element PullQEl_hw_read0beach_robot/conv41 has 0 frames in his Queue on destruction
[2026-02-28 17:40:59.144] [30512] [HailoRT] [info] [queue_elements.cpp:68] [operator()] Thread in element UserBuffQEl0beach_robot/conv41 is not running anymore, exiting..
[2026-02-28 17:40:59.144] [1780] [HailoRT] [info] [queue_elements.cpp:46] [~BaseQueueElement] Queue element UserBuffQEl0beach_robot/conv41 has 0 frames in his Queue on destruction
[2026-02-28 17:40:59.144] [30513] [HailoRT] [info] [edge_elements.cpp:396] [run_pull] Reading from stream was aborted!
[2026-02-28 17:40:59.144] [30513] [HailoRT] [info] [queue_elements.cpp:738] [run_in_thread] run_pull of queue element PullQEl_hw_read7beach_robot/conv42 was aborted!
[2026-02-28 17:40:59.145] [30514] [HailoRT] [info] [queue_elements.cpp:855] [run_in_thread] Shutdown event was signaled in dequeue of UserBuffQEl7beach_robot/conv42!
[2026-02-28 17:40:59.145] [30513] [HailoRT] [info] [queue_elements.cpp:68] [operator()] Thread in element PullQEl_hw_read7beach_robot/conv42 is not running anymore, exiting..
[2026-02-28 17:40:59.145] [1780] [HailoRT] [info] [queue_elements.cpp:46] [~BaseQueueElement] Queue element PullQEl_hw_read7beach_robot/conv42 has 0 frames in his Queue on destruction
[2026-02-28 17:40:59.145] [30514] [HailoRT] [info] [queue_elements.cpp:68] [operator()] Thread in element UserBuffQEl7beach_robot/conv42 is not running anymore, exiting..
[2026-02-28 17:40:59.145] [1780] [HailoRT] [info] [queue_elements.cpp:46] [~BaseQueueElement] Queue element UserBuffQEl7beach_robot/conv42 has 0 frames in his Queue on destruction
[2026-02-28 17:40:59.145] [30515] [HailoRT] [info] [edge_elements.cpp:396] [run_pull] Reading from stream was aborted!
[2026-02-28 17:40:59.145] [30516] [HailoRT] [info] [queue_elements.cpp:855] [run_in_thread] Shutdown event was signaled in dequeue of UserBuffQEl3beach_robot/conv52!
[2026-02-28 17:40:59.145] [30515] [HailoRT] [info] [queue_elements.cpp:738] [run_in_thread] run_pull of queue element PullQEl_hw_read3beach_robot/conv52 was aborted!
[2026-02-28 17:40:59.145] [30515] [HailoRT] [info] [queue_elements.cpp:68] [operator()] Thread in element PullQEl_hw_read3beach_robot/conv52 is not running anymore, exiting..
[2026-02-28 17:40:59.145] [1780] [HailoRT] [info] [queue_elements.cpp:46] [~BaseQueueElement] Queue element PullQEl_hw_read3beach_robot/conv52 has 0 frames in his Queue on destruction
[2026-02-28 17:40:59.145] [30516] [HailoRT] [info] [queue_elements.cpp:68] [operator()] Thread in element UserBuffQEl3beach_robot/conv52 is not running anymore, exiting..
[2026-02-28 17:40:59.145] [1780] [HailoRT] [info] [queue_elements.cpp:46] [~BaseQueueElement] Queue element UserBuffQEl3beach_robot/conv52 has 0 frames in his Queue on destruction
[2026-02-28 17:40:59.145] [30517] [HailoRT] [info] [edge_elements.cpp:396] [run_pull] Reading from stream was aborted!
[2026-02-28 17:40:59.145] [30517] [HailoRT] [info] [queue_elements.cpp:738] [run_in_thread] run_pull of queue element PullQEl_hw_read1beach_robot/conv53 was aborted!
[2026-02-28 17:40:59.145] [30518] [HailoRT] [info] [queue_elements.cpp:855] [run_in_thread] Shutdown event was signaled in dequeue of UserBuffQEl1beach_robot/conv53!
[2026-02-28 17:40:59.145] [30517] [HailoRT] [info] [queue_elements.cpp:68] [operator()] Thread in element PullQEl_hw_read1beach_robot/conv53 is not running anymore, exiting..
[2026-02-28 17:40:59.145] [1780] [HailoRT] [info] [queue_elements.cpp:46] [~BaseQueueElement] Queue element PullQEl_hw_read1beach_robot/conv53 has 0 frames in his Queue on destruction
[2026-02-28 17:40:59.145] [30518] [HailoRT] [info] [queue_elements.cpp:68] [operator()] Thread in element UserBuffQEl1beach_robot/conv53 is not running anymore, exiting..
[2026-02-28 17:40:59.145] [1780] [HailoRT] [info] [queue_elements.cpp:46] [~BaseQueueElement] Queue element UserBuffQEl1beach_robot/conv53 has 0 frames in his Queue on destruction
[2026-02-28 17:40:59.145] [30519] [HailoRT] [info] [edge_elements.cpp:396] [run_pull] Reading from stream was aborted!
[2026-02-28 17:40:59.145] [30519] [HailoRT] [info] [queue_elements.cpp:738] [run_in_thread] run_pull of queue element PullQEl_hw_read2beach_robot/conv62 was aborted!
[2026-02-28 17:40:59.145] [30520] [HailoRT] [info] [queue_elements.cpp:855] [run_in_thread] Shutdown event was signaled in dequeue of UserBuffQEl2beach_robot/conv62!
[2026-02-28 17:40:59.145] [30519] [HailoRT] [info] [queue_elements.cpp:68] [operator()] Thread in element PullQEl_hw_read2beach_robot/conv62 is not running anymore, exiting..
[2026-02-28 17:40:59.145] [1780] [HailoRT] [info] [queue_elements.cpp:46] [~BaseQueueElement] Queue element PullQEl_hw_read2beach_robot/conv62 has 0 frames in his Queue on destruction
[2026-02-28 17:40:59.145] [30520] [HailoRT] [info] [queue_elements.cpp:68] [operator()] Thread in element UserBuffQEl2beach_robot/conv62 is not running anymore, exiting..
[2026-02-28 17:40:59.145] [1780] [HailoRT] [info] [queue_elements.cpp:46] [~BaseQueueElement] Queue element UserBuffQEl2beach_robot/conv62 has 0 frames in his Queue on destruction
[2026-02-28 17:40:59.145] [30521] [HailoRT] [info] [edge_elements.cpp:396] [run_pull] Reading from stream was aborted!
[2026-02-28 17:40:59.145] [30522] [HailoRT] [info] [queue_elements.cpp:855] [run_in_thread] Shutdown event was signaled in dequeue of UserBuffQEl0beach_robot/conv63!
[2026-02-28 17:40:59.145] [30521] [HailoRT] [info] [queue_elements.cpp:738] [run_in_thread] run_pull of queue element PullQEl_hw_read0beach_robot/conv63 was aborted!
[2026-02-28 17:40:59.145] [30521] [HailoRT] [info] [queue_elements.cpp:68] [operator()] Thread in element PullQEl_hw_read0beach_robot/conv63 is not running anymore, exiting..
[2026-02-28 17:40:59.145] [1780] [HailoRT] [info] [queue_elements.cpp:46] [~BaseQueueElement] Queue element PullQEl_hw_read0beach_robot/conv63 has 0 frames in his Queue on destruction
[2026-02-28 17:40:59.145] [30522] [HailoRT] [info] [queue_elements.cpp:68] [operator()] Thread in element UserBuffQEl0beach_robot/conv63 is not running anymore, exiting..
[2026-02-28 17:40:59.145] [1780] [HailoRT] [info] [queue_elements.cpp:46] [~BaseQueueElement] Queue element UserBuffQEl0beach_robot/conv63 has 0 frames in his Queue on destruction
[2026-02-28 17:40:59.536] [1780] [HailoRT] [info] [edge_elements.cpp:52] [create] Created (HwWriteEl2beach_robot/input_layer1 | hw_frame_size: 1228800)
[2026-02-28 17:40:59.536] [1780] [HailoRT] [info] [vstream.cpp:754] [InputVStreamImpl] Creating beach_robot/input_layer1...
[2026-02-28 17:40:59.536] [1780] [HailoRT] [info] [vstream_builder.cpp:102] [create_inputs] Input pipeline 'beach_robot/input_layer1': (HwWriteEl2beach_robot/input_layer1 | hw_frame_size: 1228800) >> HW
[2026-02-28 17:40:59.536] [1780] [HailoRT] [info] [edge_elements.cpp:287] [create] Created (HwReadEl0beach_robot/conv41 | hw_frame_size: 409600)
[2026-02-28 17:40:59.536] [1780] [HailoRT] [info] [queue_elements.cpp:657] [create] Created (PullQEl_hw_read0beach_robot/conv41)
[2026-02-28 17:40:59.536] [1780] [HailoRT] [info] [filter_elements.cpp:372] [create] Created (PostInferEl0beach_robot/conv41 | Quantization - src_type: UINT8, dst_type FLOAT32, limvals_min: -10.8307, limvals_max: 18.5504)
[2026-02-28 17:40:59.536] [1780] [HailoRT] [info] [queue_elements.cpp:800] [create] Created (UserBuffQEl0beach_robot/conv41 | timeout: 10s)
[2026-02-28 17:40:59.536] [1780] [HailoRT] [info] [vstream.cpp:1114] [OutputVStreamImpl] Creating beach_robot/conv41...
[2026-02-28 17:40:59.536] [1780] [HailoRT] [info] [vstream_builder.cpp:220] [create_outputs] Output pipeline 'beach_robot/conv41': HW >> (HwReadEl0beach_robot/conv41 | hw_frame_size: 409600) >> (PullQEl_hw_read0beach_robot/conv41) >> (PostInferEl0beach_robot/conv41 | Quantization - src_type: UINT8, dst_type FLOAT32, limvals_min: -10.8307, limvals_max: 18.5504) >> (UserBuffQEl0beach_robot/conv41 | timeout: 10s)
[2026-02-28 17:40:59.536] [1780] [HailoRT] [info] [edge_elements.cpp:287] [create] Created (HwReadEl7beach_robot/conv42 | hw_frame_size: 12800)
[2026-02-28 17:40:59.536] [1780] [HailoRT] [info] [queue_elements.cpp:657] [create] Created (PullQEl_hw_read7beach_robot/conv42)
[2026-02-28 17:40:59.536] [1780] [HailoRT] [info] [filter_elements.cpp:372] [create] Created (PostInferEl7beach_robot/conv42 | Quantization - src_type: UINT8, dst_type FLOAT32, limvals_min: -25.6857, limvals_max: 0)
[2026-02-28 17:40:59.536] [1780] [HailoRT] [info] [queue_elements.cpp:800] [create] Created (UserBuffQEl7beach_robot/conv42 | timeout: 10s)
[2026-02-28 17:40:59.536] [1780] [HailoRT] [info] [vstream.cpp:1114] [OutputVStreamImpl] Creating beach_robot/conv42...
[2026-02-28 17:40:59.536] [1780] [HailoRT] [info] [vstream_builder.cpp:220] [create_outputs] Output pipeline 'beach_robot/conv42': HW >> (HwReadEl7beach_robot/conv42 | hw_frame_size: 12800) >> (PullQEl_hw_read7beach_robot/conv42) >> (PostInferEl7beach_robot/conv42 | Quantization - src_type: UINT8, dst_type FLOAT32, limvals_min: -25.6857, limvals_max: 0) >> (UserBuffQEl7beach_robot/conv42 | timeout: 10s)
[2026-02-28 17:40:59.536] [1780] [HailoRT] [info] [edge_elements.cpp:287] [create] Created (HwReadEl3beach_robot/conv52 | hw_frame_size: 102400)
[2026-02-28 17:40:59.536] [1780] [HailoRT] [info] [queue_elements.cpp:657] [create] Created (PullQEl_hw_read3beach_robot/conv52)
[2026-02-28 17:40:59.536] [1780] [HailoRT] [info] [filter_elements.cpp:372] [create] Created (PostInferEl3beach_robot/conv52 | Quantization - src_type: UINT8, dst_type FLOAT32, limvals_min: -6.53754, limvals_max: 19.9239)
[2026-02-28 17:40:59.536] [1780] [HailoRT] [info] [queue_elements.cpp:800] [create] Created (UserBuffQEl3beach_robot/conv52 | timeout: 10s)
[2026-02-28 17:40:59.536] [1780] [HailoRT] [info] [vstream.cpp:1114] [OutputVStreamImpl] Creating beach_robot/conv52...
[2026-02-28 17:40:59.536] [1780] [HailoRT] [info] [vstream_builder.cpp:220] [create_outputs] Output pipeline 'beach_robot/conv52': HW >> (HwReadEl3beach_robot/conv52 | hw_frame_size: 102400) >> (PullQEl_hw_read3beach_robot/conv52) >> (PostInferEl3beach_robot/conv52 | Quantization - src_type: UINT8, dst_type FLOAT32, limvals_min: -6.53754, limvals_max: 19.9239) >> (UserBuffQEl3beach_robot/conv52 | timeout: 10s)
[2026-02-28 17:40:59.536] [1780] [HailoRT] [info] [edge_elements.cpp:287] [create] Created (HwReadEl1beach_robot/conv53 | hw_frame_size: 3200)
[2026-02-28 17:40:59.536] [1780] [HailoRT] [info] [queue_elements.cpp:657] [create] Created (PullQEl_hw_read1beach_robot/conv53)
[2026-02-28 17:40:59.536] [1780] [HailoRT] [info] [filter_elements.cpp:372] [create] Created (PostInferEl1beach_robot/conv53 | Quantization - src_type: UINT8, dst_type FLOAT32, limvals_min: -15.7441, limvals_max: 0)
[2026-02-28 17:40:59.536] [1780] [HailoRT] [info] [queue_elements.cpp:800] [create] Created (UserBuffQEl1beach_robot/conv53 | timeout: 10s)
[2026-02-28 17:40:59.536] [1780] [HailoRT] [info] [vstream.cpp:1114] [OutputVStreamImpl] Creating beach_robot/conv53...
[2026-02-28 17:40:59.536] [1780] [HailoRT] [info] [vstream_builder.cpp:220] [create_outputs] Output pipeline 'beach_robot/conv53': HW >> (HwReadEl1beach_robot/conv53 | hw_frame_size: 3200) >> (PullQEl_hw_read1beach_robot/conv53) >> (PostInferEl1beach_robot/conv53 | Quantization - src_type: UINT8, dst_type FLOAT32, limvals_min: -15.7441, limvals_max: 0) >> (UserBuffQEl1beach_robot/conv53 | timeout: 10s)
[2026-02-28 17:40:59.536] [1780] [HailoRT] [info] [edge_elements.cpp:287] [create] Created (HwReadEl2beach_robot/conv62 | hw_frame_size: 25600)
[2026-02-28 17:40:59.537] [1780] [HailoRT] [info] [queue_elements.cpp:657] [create] Created (PullQEl_hw_read2beach_robot/conv62)
[2026-02-28 17:40:59.537] [1780] [HailoRT] [info] [filter_elements.cpp:372] [create] Created (PostInferEl2beach_robot/conv62 | Quantization - src_type: UINT8, dst_type FLOAT32, limvals_min: -8.27399, limvals_max: 14.6594)
[2026-02-28 17:40:59.537] [1780] [HailoRT] [info] [queue_elements.cpp:800] [create] Created (UserBuffQEl2beach_robot/conv62 | timeout: 10s)
[2026-02-28 17:40:59.537] [1780] [HailoRT] [info] [vstream.cpp:1114] [OutputVStreamImpl] Creating beach_robot/conv62...
[2026-02-28 17:40:59.537] [1780] [HailoRT] [info] [vstream_builder.cpp:220] [create_outputs] Output pipeline 'beach_robot/conv62': HW >> (HwReadEl2beach_robot/conv62 | hw_frame_size: 25600) >> (PullQEl_hw_read2beach_robot/conv62) >> (PostInferEl2beach_robot/conv62 | Quantization - src_type: UINT8, dst_type FLOAT32, limvals_min: -8.27399, limvals_max: 14.6594) >> (UserBuffQEl2beach_robot/conv62 | timeout: 10s)
[2026-02-28 17:40:59.537] [1780] [HailoRT] [info] [edge_elements.cpp:287] [create] Created (HwReadEl0beach_robot/conv63 | hw_frame_size: 3200)
[2026-02-28 17:40:59.537] [1780] [HailoRT] [info] [queue_elements.cpp:657] [create] Created (PullQEl_hw_read0beach_robot/conv63)
[2026-02-28 17:40:59.537] [1780] [HailoRT] [info] [filter_elements.cpp:372] [create] Created (PostInferEl0beach_robot/conv63 | Quantization - src_type: UINT8, dst_type FLOAT32, limvals_min: -15.2921, limvals_max: 1.44388 | Reorder - src_order: FCR, src_shape: (20, 20, 8), dst_order: FCR, dst_shape: (20, 20, 2))
[2026-02-28 17:40:59.537] [1780] [HailoRT] [info] [queue_elements.cpp:800] [create] Created (UserBuffQEl0beach_robot/conv63 | timeout: 10s)
[2026-02-28 17:40:59.537] [1780] [HailoRT] [info] [vstream.cpp:1114] [OutputVStreamImpl] Creating beach_robot/conv63...
[2026-02-28 17:40:59.537] [1780] [HailoRT] [info] [vstream_builder.cpp:220] [create_outputs] Output pipeline 'beach_robot/conv63': HW >> (HwReadEl0beach_robot/conv63 | hw_frame_size: 3200) >> (PullQEl_hw_read0beach_robot/conv63) >> (PostInferEl0beach_robot/conv63 | Quantization - src_type: UINT8, dst_type FLOAT32, limvals_min: -15.2921, limvals_max: 1.44388 | Reorder - src_order: FCR, src_shape: (20, 20, 8), dst_order: FCR, dst_shape: (20, 20, 2)) >> (UserBuffQEl0beach_robot/conv63 | timeout: 10s)
[2026-02-28 17:40:59.537] [1780] [HailoRT] [info] [core_op.cpp:156] [activate] Activating beach_robot took 0.520108 milliseconds. Note that the function is asynchronous and thus the network is not fully activated yet.
[2026-02-28 17:40:59.537] [1780] [HailoRT] [info] [core_op.cpp:156] [activate] Activating beach_robot took 0.530757 milliseconds. Note that the function is asynchronous and thus the network is not fully activated yet.
[2026-02-28 17:40:59.557] [1769] [HailoRT] [info] [vdevice_native_stream.cpp:331] [read_impl] Failed read from stream HAILO_STREAM_NOT_ACTIVATED(72) (device: 0001:01:00.0)
[2026-02-28 17:40:59.557] [1770] [HailoRT] [info] [vdevice_native_stream.cpp:331] [read_impl] Failed read from stream HAILO_STREAM_NOT_ACTIVATED(72) (device: 0001:01:00.0)
[2026-02-28 17:40:59.557] [1773] [HailoRT] [info] [vdevice_native_stream.cpp:331] [read_impl] Failed read from stream HAILO_STREAM_NOT_ACTIVATED(72) (device: 0001:01:00.0)
[2026-02-28 17:40:59.557] [1771] [HailoRT] [info] [vdevice_native_stream.cpp:331] [read_impl] Failed read from stream HAILO_STREAM_NOT_ACTIVATED(72) (device: 0001:01:00.0)
[2026-02-28 17:40:59.557] [1768] [HailoRT] [info] [vdevice_native_stream.cpp:331] [read_impl] Failed read from stream HAILO_STREAM_NOT_ACTIVATED(72) (device: 0001:01:00.0)
[2026-02-28 17:40:59.557] [1772] [HailoRT] [info] [vdevice_native_stream.cpp:331] [read_impl] Failed read from stream HAILO_STREAM_NOT_ACTIVATED(72) (device: 0001:01:00.0)
[2026-02-28 17:40:59.557] [1780] [HailoRT] [info] [core_op.cpp:186] [deactivate] Deactivating took 0.50546 ms
[2026-02-28 17:40:59.557] [1780] [HailoRT] [info] [core_op.cpp:186] [deactivate] Deactivating took 0.520516 ms
[2026-02-28 17:40:59.557] [30530] [HailoRT] [info] [edge_elements.cpp:396] [run_pull] Reading from stream was aborted!
[2026-02-28 17:40:59.557] [30531] [HailoRT] [info] [queue_elements.cpp:855] [run_in_thread] Shutdown event was signaled in dequeue of UserBuffQEl0beach_robot/conv41!
[2026-02-28 17:40:59.557] [30530] [HailoRT] [info] [queue_elements.cpp:738] [run_in_thread] run_pull of queue element PullQEl_hw_read0beach_robot/conv41 was aborted!
[2026-02-28 17:40:59.557] [30530] [HailoRT] [info] [queue_elements.cpp:68] [operator()] Thread in element PullQEl_hw_read0beach_robot/conv41 is not running anymore, exiting..
[2026-02-28 17:40:59.557] [1780] [HailoRT] [info] [queue_elements.cpp:46] [~BaseQueueElement] Queue element PullQEl_hw_read0beach_robot/conv41 has 0 frames in his Queue on destruction
[2026-02-28 17:40:59.557] [30531] [HailoRT] [info] [queue_elements.cpp:68] [operator()] Thread in element UserBuffQEl0beach_robot/conv41 is not running anymore, exiting..
[2026-02-28 17:40:59.557] [1780] [HailoRT] [info] [queue_elements.cpp:46] [~BaseQueueElement] Queue element UserBuffQEl0beach_robot/conv41 has 0 frames in his Queue on destruction
[2026-02-28 17:40:59.557] [30532] [HailoRT] [info] [edge_elements.cpp:396] [run_pull] Reading from stream was aborted!
[2026-02-28 17:40:59.557] [30533] [HailoRT] [info] [queue_elements.cpp:855] [run_in_thread] Shutdown event was signaled in dequeue of UserBuffQEl7beach_robot/conv42!
[2026-02-28 17:40:59.557] [30532] [HailoRT] [info] [queue_elements.cpp:738] [run_in_thread] run_pull of queue element PullQEl_hw_read7beach_robot/conv42 was aborted!
[2026-02-28 17:40:59.557] [30532] [HailoRT] [info] [queue_elements.cpp:68] [operator()] Thread in element PullQEl_hw_read7beach_robot/conv42 is not running anymore, exiting..
[2026-02-28 17:40:59.557] [1780] [HailoRT] [info] [queue_elements.cpp:46] [~BaseQueueElement] Queue element PullQEl_hw_read7beach_robot/conv42 has 0 frames in his Queue on destruction
[2026-02-28 17:40:59.557] [30533] [HailoRT] [info] [queue_elements.cpp:68] [operator()] Thread in element UserBuffQEl7beach_robot/conv42 is not running anymore, exiting..
[2026-02-28 17:40:59.557] [1780] [HailoRT] [info] [queue_elements.cpp:46] [~BaseQueueElement] Queue element UserBuffQEl7beach_robot/conv42 has 0 frames in his Queue on destruction
[2026-02-28 17:40:59.557] [30534] [HailoRT] [info] [edge_elements.cpp:396] [run_pull] Reading from stream was aborted!
[2026-02-28 17:40:59.557] [30535] [HailoRT] [info] [queue_elements.cpp:855] [run_in_thread] Shutdown event was signaled in dequeue of UserBuffQEl3beach_robot/conv52!
[2026-02-28 17:40:59.557] [30534] [HailoRT] [info] [queue_elements.cpp:738] [run_in_thread] run_pull of queue element PullQEl_hw_read3beach_robot/conv52 was aborted!
[2026-02-28 17:40:59.557] [30534] [HailoRT] [info] [queue_elements.cpp:68] [operator()] Thread in element PullQEl_hw_read3beach_robot/conv52 is not running anymore, exiting..
[2026-02-28 17:40:59.557] [1780] [HailoRT] [info] [queue_elements.cpp:46] [~BaseQueueElement] Queue element PullQEl_hw_read3beach_robot/conv52 has 0 frames in his Queue on destruction
[2026-02-28 17:40:59.557] [30535] [HailoRT] [info] [queue_elements.cpp:68] [operator()] Thread in element UserBuffQEl3beach_robot/conv52 is not running anymore, exiting..
[2026-02-28 17:40:59.557] [1780] [HailoRT] [info] [queue_elements.cpp:46] [~BaseQueueElement] Queue element UserBuffQEl3beach_robot/conv52 has 0 frames in his Queue on destruction
[2026-02-28 17:40:59.557] [30537] [HailoRT] [info] [queue_elements.cpp:855] [run_in_thread] Shutdown event was signaled in dequeue of UserBuffQEl1beach_robot/conv53!
[2026-02-28 17:40:59.557] [30536] [HailoRT] [info] [edge_elements.cpp:396] [run_pull] Reading from stream was aborted!
[2026-02-28 17:40:59.557] [30536] [HailoRT] [info] [queue_elements.cpp:738] [run_in_thread] run_pull of queue element PullQEl_hw_read1beach_robot/conv53 was aborted!
[2026-02-28 17:40:59.557] [30536] [HailoRT] [info] [queue_elements.cpp:68] [operator()] Thread in element PullQEl_hw_read1beach_robot/conv53 is not running anymore, exiting..
[2026-02-28 17:40:59.557] [1780] [HailoRT] [info] [queue_elements.cpp:46] [~BaseQueueElement] Queue element PullQEl_hw_read1beach_robot/conv53 has 0 frames in his Queue on destruction
[2026-02-28 17:40:59.557] [30537] [HailoRT] [info] [queue_elements.cpp:68] [operator()] Thread in element UserBuffQEl1beach_robot/conv53 is not running anymore, exiting..
[2026-02-28 17:40:59.557] [1780] [HailoRT] [info] [queue_elements.cpp:46] [~BaseQueueElement] Queue element UserBuffQEl1beach_robot/conv53 has 0 frames in his Queue on destruction
[2026-02-28 17:40:59.558] [30538] [HailoRT] [info] [edge_elements.cpp:396] [run_pull] Reading from stream was aborted!
[2026-02-28 17:40:59.558] [30538] [HailoRT] [info] [queue_elements.cpp:738] [run_in_thread] run_pull of queue element PullQEl_hw_read2beach_robot/conv62 was aborted!
[2026-02-28 17:40:59.558] [30539] [HailoRT] [info] [queue_elements.cpp:855] [run_in_thread] Shutdown event was signaled in dequeue of UserBuffQEl2beach_robot/conv62!
[2026-02-28 17:40:59.558] [30538] [HailoRT] [info] [queue_elements.cpp:68] [operator()] Thread in element PullQEl_hw_read2beach_robot/conv62 is not running anymore, exiting..
[2026-02-28 17:40:59.558] [1780] [HailoRT] [info] [queue_elements.cpp:46] [~BaseQueueElement] Queue element PullQEl_hw_read2beach_robot/conv62 has 0 frames in his Queue on destruction
[2026-02-28 17:40:59.558] [30539] [HailoRT] [info] [queue_elements.cpp:68] [operator()] Thread in element UserBuffQEl2beach_robot/conv62 is not running anymore, exiting..
[2026-02-28 17:40:59.558] [1780] [HailoRT] [info] [queue_elements.cpp:46] [~BaseQueueElement] Queue element UserBuffQEl2beach_robot/conv62 has 0 frames in his Queue on destruction
[2026-02-28 17:40:59.558] [30540] [HailoRT] [info] [edge_elements.cpp:396] [run_pull] Reading from stream was aborted!
[2026-02-28 17:40:59.558] [30541] [HailoRT] [info] [queue_elements.cpp:855] [run_in_thread] Shutdown event was signaled in dequeue of UserBuffQEl0beach_robot/conv63!
[2026-02-28 17:40:59.558] [30540] [HailoRT] [info] [queue_elements.cpp:738] [run_in_thread] run_pull of queue element PullQEl_hw_read0beach_robot/conv63 was aborted!
[2026-02-28 17:40:59.558] [30540] [HailoRT] [info] [queue_elements.cpp:68] [operator()] Thread in element PullQEl_hw_read0beach_robot/conv63 is not running anymore, exiting..
[2026-02-28 17:40:59.558] [1780] [HailoRT] [info] [queue_elements.cpp:46] [~BaseQueueElement] Queue element PullQEl_hw_read0beach_robot/conv63 has 0 frames in his Queue on destruction
[2026-02-28 17:40:59.558] [30541] [HailoRT] [info] [queue_elements.cpp:68] [operator()] Thread in element UserBuffQEl0beach_robot/conv63 is not running anymore, exiting..
[2026-02-28 17:40:59.558] [1780] [HailoRT] [info] [queue_elements.cpp:46] [~BaseQueueElement] Queue element UserBuffQEl0beach_robot/conv63 has 0 frames in his Queue on destruction
[2026-02-28 17:40:59.948] [1780] [HailoRT] [info] [edge_elements.cpp:52] [create] Created (HwWriteEl2beach_robot/input_layer1 | hw_frame_size: 1228800)
[2026-02-28 17:40:59.948] [1780] [HailoRT] [info] [vstream.cpp:754] [InputVStreamImpl] Creating beach_robot/input_layer1...
[2026-02-28 17:40:59.948] [1780] [HailoRT] [info] [vstream_builder.cpp:102] [create_inputs] Input pipeline 'beach_robot/input_layer1': (HwWriteEl2beach_robot/input_layer1 | hw_frame_size: 1228800) >> HW
[2026-02-28 17:40:59.948] [1780] [HailoRT] [info] [edge_elements.cpp:287] [create] Created (HwReadEl0beach_robot/conv41 | hw_frame_size: 409600)
[2026-02-28 17:40:59.949] [1780] [HailoRT] [info] [queue_elements.cpp:657] [create] Created (PullQEl_hw_read0beach_robot/conv41)
[2026-02-28 17:40:59.949] [1780] [HailoRT] [info] [filter_elements.cpp:372] [create] Created (PostInferEl0beach_robot/conv41 | Quantization - src_type: UINT8, dst_type FLOAT32, limvals_min: -10.8307, limvals_max: 18.5504)
[2026-02-28 17:40:59.949] [1780] [HailoRT] [info] [queue_elements.cpp:800] [create] Created (UserBuffQEl0beach_robot/conv41 | timeout: 10s)
[2026-02-28 17:40:59.949] [1780] [HailoRT] [info] [vstream.cpp:1114] [OutputVStreamImpl] Creating beach_robot/conv41...
[2026-02-28 17:40:59.949] [1780] [HailoRT] [info] [vstream_builder.cpp:220] [create_outputs] Output pipeline 'beach_robot/conv41': HW >> (HwReadEl0beach_robot/conv41 | hw_frame_size: 409600) >> (PullQEl_hw_read0beach_robot/conv41) >> (PostInferEl0beach_robot/conv41 | Quantization - src_type: UINT8, dst_type FLOAT32, limvals_min: -10.8307, limvals_max: 18.5504) >> (UserBuffQEl0beach_robot/conv41 | timeout: 10s)
[2026-02-28 17:40:59.949] [1780] [HailoRT] [info] [edge_elements.cpp:287] [create] Created (HwReadEl7beach_robot/conv42 | hw_frame_size: 12800)
[2026-02-28 17:40:59.949] [1780] [HailoRT] [info] [queue_elements.cpp:657] [create] Created (PullQEl_hw_read7beach_robot/conv42)
[2026-02-28 17:40:59.949] [1780] [HailoRT] [info] [filter_elements.cpp:372] [create] Created (PostInferEl7beach_robot/conv42 | Quantization - src_type: UINT8, dst_type FLOAT32, limvals_min: -25.6857, limvals_max: 0)
[2026-02-28 17:40:59.949] [1780] [HailoRT] [info] [queue_elements.cpp:800] [create] Created (UserBuffQEl7beach_robot/conv42 | timeout: 10s)
[2026-02-28 17:40:59.949] [1780] [HailoRT] [info] [vstream.cpp:1114] [OutputVStreamImpl] Creating beach_robot/conv42...
[2026-02-28 17:40:59.949] [1780] [HailoRT] [info] [vstream_builder.cpp:220] [create_outputs] Output pipeline 'beach_robot/conv42': HW >> (HwReadEl7beach_robot/conv42 | hw_frame_size: 12800) >> (PullQEl_hw_read7beach_robot/conv42) >> (PostInferEl7beach_robot/conv42 | Quantization - src_type: UINT8, dst_type FLOAT32, limvals_min: -25.6857, limvals_max: 0) >> (UserBuffQEl7beach_robot/conv42 | timeout: 10s)
[2026-02-28 17:40:59.949] [1780] [HailoRT] [info] [edge_elements.cpp:287] [create] Created (HwReadEl3beach_robot/conv52 | hw_frame_size: 102400)
[2026-02-28 17:40:59.949] [1780] [HailoRT] [info] [queue_elements.cpp:657] [create] Created (PullQEl_hw_read3beach_robot/conv52)
[2026-02-28 17:40:59.949] [1780] [HailoRT] [info] [filter_elements.cpp:372] [create] Created (PostInferEl3beach_robot/conv52 | Quantization - src_type: UINT8, dst_type FLOAT32, limvals_min: -6.53754, limvals_max: 19.9239)
[2026-02-28 17:40:59.949] [1780] [HailoRT] [info] [queue_elements.cpp:800] [create] Created (UserBuffQEl3beach_robot/conv52 | timeout: 10s)
[2026-02-28 17:40:59.949] [1780] [HailoRT] [info] [vstream.cpp:1114] [OutputVStreamImpl] Creating beach_robot/conv52...
[2026-02-28 17:40:59.949] [1780] [HailoRT] [info] [vstream_builder.cpp:220] [create_outputs] Output pipeline 'beach_robot/conv52': HW >> (HwReadEl3beach_robot/conv52 | hw_frame_size: 102400) >> (PullQEl_hw_read3beach_robot/conv52) >> (PostInferEl3beach_robot/conv52 | Quantization - src_type: UINT8, dst_type FLOAT32, limvals_min: -6.53754, limvals_max: 19.9239) >> (UserBuffQEl3beach_robot/conv52 | timeout: 10s)
[2026-02-28 17:40:59.949] [1780] [HailoRT] [info] [edge_elements.cpp:287] [create] Created (HwReadEl1beach_robot/conv53 | hw_frame_size: 3200)
[2026-02-28 17:40:59.949] [1780] [HailoRT] [info] [queue_elements.cpp:657] [create] Created (PullQEl_hw_read1beach_robot/conv53)
[2026-02-28 17:40:59.949] [1780] [HailoRT] [info] [filter_elements.cpp:372] [create] Created (PostInferEl1beach_robot/conv53 | Quantization - src_type: UINT8, dst_type FLOAT32, limvals_min: -15.7441, limvals_max: 0)
[2026-02-28 17:40:59.949] [1780] [HailoRT] [info] [queue_elements.cpp:800] [create] Created (UserBuffQEl1beach_robot/conv53 | timeout: 10s)
[2026-02-28 17:40:59.949] [1780] [HailoRT] [info] [vstream.cpp:1114] [OutputVStreamImpl] Creating beach_robot/conv53...
[2026-02-28 17:40:59.949] [1780] [HailoRT] [info] [vstream_builder.cpp:220] [create_outputs] Output pipeline 'beach_robot/conv53': HW >> (HwReadEl1beach_robot/conv53 | hw_frame_size: 3200) >> (PullQEl_hw_read1beach_robot/conv53) >> (PostInferEl1beach_robot/conv53 | Quantization - src_type: UINT8, dst_type FLOAT32, limvals_min: -15.7441, limvals_max: 0) >> (UserBuffQEl1beach_robot/conv53 | timeout: 10s)
[2026-02-28 17:40:59.949] [1780] [HailoRT] [info] [edge_elements.cpp:287] [create] Created (HwReadEl2beach_robot/conv62 | hw_frame_size: 25600)
[2026-02-28 17:40:59.949] [1780] [HailoRT] [info] [queue_elements.cpp:657] [create] Created (PullQEl_hw_read2beach_robot/conv62)
[2026-02-28 17:40:59.949] [1780] [HailoRT] [info] [filter_elements.cpp:372] [create] Created (PostInferEl2beach_robot/conv62 | Quantization - src_type: UINT8, dst_type FLOAT32, limvals_min: -8.27399, limvals_max: 14.6594)
[2026-02-28 17:40:59.949] [1780] [HailoRT] [info] [queue_elements.cpp:800] [create] Created (UserBuffQEl2beach_robot/conv62 | timeout: 10s)
[2026-02-28 17:40:59.949] [1780] [HailoRT] [info] [vstream.cpp:1114] [OutputVStreamImpl] Creating beach_robot/conv62...
[2026-02-28 17:40:59.949] [1780] [HailoRT] [info] [vstream_builder.cpp:220] [create_outputs] Output pipeline 'beach_robot/conv62': HW >> (HwReadEl2beach_robot/conv62 | hw_frame_size: 25600) >> (PullQEl_hw_read2beach_robot/conv62) >> (PostInferEl2beach_robot/conv62 | Quantization - src_type: UINT8, dst_type FLOAT32, limvals_min: -8.27399, limvals_max: 14.6594) >> (UserBuffQEl2beach_robot/conv62 | timeout: 10s)
[2026-02-28 17:40:59.949] [1780] [HailoRT] [info] [edge_elements.cpp:287] [create] Created (HwReadEl0beach_robot/conv63 | hw_frame_size: 3200)
[2026-02-28 17:40:59.950] [1780] [HailoRT] [info] [queue_elements.cpp:657] [create] Created (PullQEl_hw_read0beach_robot/conv63)
[2026-02-28 17:40:59.950] [1780] [HailoRT] [info] [filter_elements.cpp:372] [create] Created (PostInferEl0beach_robot/conv63 | Quantization - src_type: UINT8, dst_type FLOAT32, limvals_min: -15.2921, limvals_max: 1.44388 | Reorder - src_order: FCR, src_shape: (20, 20, 8), dst_order: FCR, dst_shape: (20, 20, 2))
[2026-02-28 17:40:59.950] [1780] [HailoRT] [info] [queue_elements.cpp:800] [create] Created (UserBuffQEl0beach_robot/conv63 | timeout: 10s)
[2026-02-28 17:40:59.950] [1780] [HailoRT] [info] [vstream.cpp:1114] [OutputVStreamImpl] Creating beach_robot/conv63...
[2026-02-28 17:40:59.950] [1780] [HailoRT] [info] [vstream_builder.cpp:220] [create_outputs] Output pipeline 'beach_robot/conv63': HW >> (HwReadEl0beach_robot/conv63 | hw_frame_size: 3200) >> (PullQEl_hw_read0beach_robot/conv63) >> (PostInferEl0beach_robot/conv63 | Quantization - src_type: UINT8, dst_type FLOAT32, limvals_min: -15.2921, limvals_max: 1.44388 | Reorder - src_order: FCR, src_shape: (20, 20, 8), dst_order: FCR, dst_shape: (20, 20, 2)) >> (UserBuffQEl0beach_robot/conv63 | timeout: 10s)
[2026-02-28 17:40:59.950] [1780] [HailoRT] [info] [core_op.cpp:156] [activate] Activating beach_robot took 0.517183 milliseconds. Note that the function is asynchronous and thus the network is not fully activated yet.
[2026-02-28 17:40:59.950] [1780] [HailoRT] [info] [core_op.cpp:156] [activate] Activating beach_robot took 0.52759 milliseconds. Note that the function is asynchronous and thus the network is not fully activated yet.
[2026-02-28 17:40:59.969] [1770] [HailoRT] [info] [vdevice_native_stream.cpp:331] [read_impl] Failed read from stream HAILO_STREAM_NOT_ACTIVATED(72) (device: 0001:01:00.0)
[2026-02-28 17:40:59.969] [1773] [HailoRT] [info] [vdevice_native_stream.cpp:331] [read_impl] Failed read from stream HAILO_STREAM_NOT_ACTIVATED(72) (device: 0001:01:00.0)
[2026-02-28 17:40:59.969] [1768] [HailoRT] [info] [vdevice_native_stream.cpp:331] [read_impl] Failed read from stream HAILO_STREAM_NOT_ACTIVATED(72) (device: 0001:01:00.0)
[2026-02-28 17:40:59.969] [1771] [HailoRT] [info] [vdevice_native_stream.cpp:331] [read_impl] Failed read from stream HAILO_STREAM_NOT_ACTIVATED(72) (device: 0001:01:00.0)
[2026-02-28 17:40:59.969] [1772] [HailoRT] [info] [vdevice_native_stream.cpp:331] [read_impl] Failed read from stream HAILO_STREAM_NOT_ACTIVATED(72) (device: 0001:01:00.0)
[2026-02-28 17:40:59.969] [1769] [HailoRT] [info] [vdevice_native_stream.cpp:331] [read_impl] Failed read from stream HAILO_STREAM_NOT_ACTIVATED(72) (device: 0001:01:00.0)
[2026-02-28 17:40:59.970] [1780] [HailoRT] [info] [core_op.cpp:186] [deactivate] Deactivating took 0.503942 ms
[2026-02-28 17:40:59.970] [1780] [HailoRT] [info] [core_op.cpp:186] [deactivate] Deactivating took 0.517423 ms
[2026-02-28 17:40:59.970] [30549] [HailoRT] [info] [edge_elements.cpp:396] [run_pull] Reading from stream was aborted!
[2026-02-28 17:40:59.970] [30550] [HailoRT] [info] [queue_elements.cpp:855] [run_in_thread] Shutdown event was signaled in dequeue of UserBuffQEl0beach_robot/conv41!
[2026-02-28 17:40:59.970] [30549] [HailoRT] [info] [queue_elements.cpp:738] [run_in_thread] run_pull of queue element PullQEl_hw_read0beach_robot/conv41 was aborted!
[2026-02-28 17:40:59.970] [30549] [HailoRT] [info] [queue_elements.cpp:68] [operator()] Thread in element PullQEl_hw_read0beach_robot/conv41 is not running anymore, exiting..
[2026-02-28 17:40:59.970] [1780] [HailoRT] [info] [queue_elements.cpp:46] [~BaseQueueElement] Queue element PullQEl_hw_read0beach_robot/conv41 has 0 frames in his Queue on destruction
[2026-02-28 17:40:59.970] [30550] [HailoRT] [info] [queue_elements.cpp:68] [operator()] Thread in element UserBuffQEl0beach_robot/conv41 is not running anymore, exiting..
[2026-02-28 17:40:59.970] [1780] [HailoRT] [info] [queue_elements.cpp:46] [~BaseQueueElement] Queue element UserBuffQEl0beach_robot/conv41 has 0 frames in his Queue on destruction
[2026-02-28 17:40:59.970] [30551] [HailoRT] [info] [edge_elements.cpp:396] [run_pull] Reading from stream was aborted!
[2026-02-28 17:40:59.970] [30551] [HailoRT] [info] [queue_elements.cpp:738] [run_in_thread] run_pull of queue element PullQEl_hw_read7beach_robot/conv42 was aborted!
[2026-02-28 17:40:59.970] [30552] [HailoRT] [info] [queue_elements.cpp:855] [run_in_thread] Shutdown event was signaled in dequeue of UserBuffQEl7beach_robot/conv42!
[2026-02-28 17:40:59.970] [30551] [HailoRT] [info] [queue_elements.cpp:68] [operator()] Thread in element PullQEl_hw_read7beach_robot/conv42 is not running anymore, exiting..
[2026-02-28 17:40:59.970] [1780] [HailoRT] [info] [queue_elements.cpp:46] [~BaseQueueElement] Queue element PullQEl_hw_read7beach_robot/conv42 has 0 frames in his Queue on destruction
[2026-02-28 17:40:59.970] [30552] [HailoRT] [info] [queue_elements.cpp:68] [operator()] Thread in element UserBuffQEl7beach_robot/conv42 is not running anymore, exiting..
[2026-02-28 17:40:59.970] [1780] [HailoRT] [info] [queue_elements.cpp:46] [~BaseQueueElement] Queue element UserBuffQEl7beach_robot/conv42 has 0 frames in his Queue on destruction
[2026-02-28 17:40:59.970] [30553] [HailoRT] [info] [edge_elements.cpp:396] [run_pull] Reading from stream was aborted!
[2026-02-28 17:40:59.970] [30554] [HailoRT] [info] [queue_elements.cpp:855] [run_in_thread] Shutdown event was signaled in dequeue of UserBuffQEl3beach_robot/conv52!
[2026-02-28 17:40:59.970] [30553] [HailoRT] [info] [queue_elements.cpp:738] [run_in_thread] run_pull of queue element PullQEl_hw_read3beach_robot/conv52 was aborted!
[2026-02-28 17:40:59.970] [30553] [HailoRT] [info] [queue_elements.cpp:68] [operator()] Thread in element PullQEl_hw_read3beach_robot/conv52 is not running anymore, exiting..
[2026-02-28 17:40:59.970] [1780] [HailoRT] [info] [queue_elements.cpp:46] [~BaseQueueElement] Queue element PullQEl_hw_read3beach_robot/conv52 has 0 frames in his Queue on destruction
[2026-02-28 17:40:59.970] [30554] [HailoRT] [info] [queue_elements.cpp:68] [operator()] Thread in element UserBuffQEl3beach_robot/conv52 is not running anymore, exiting..
[2026-02-28 17:40:59.970] [1780] [HailoRT] [info] [queue_elements.cpp:46] [~BaseQueueElement] Queue element UserBuffQEl3beach_robot/conv52 has 0 frames in his Queue on destruction
[2026-02-28 17:40:59.970] [30555] [HailoRT] [info] [edge_elements.cpp:396] [run_pull] Reading from stream was aborted!
[2026-02-28 17:40:59.970] [30555] [HailoRT] [info] [queue_elements.cpp:738] [run_in_thread] run_pull of queue element PullQEl_hw_read1beach_robot/conv53 was aborted!
[2026-02-28 17:40:59.970] [30556] [HailoRT] [info] [queue_elements.cpp:855] [run_in_thread] Shutdown event was signaled in dequeue of UserBuffQEl1beach_robot/conv53!
[2026-02-28 17:40:59.970] [30555] [HailoRT] [info] [queue_elements.cpp:68] [operator()] Thread in element PullQEl_hw_read1beach_robot/conv53 is not running anymore, exiting..
[2026-02-28 17:40:59.970] [1780] [HailoRT] [info] [queue_elements.cpp:46] [~BaseQueueElement] Queue element PullQEl_hw_read1beach_robot/conv53 has 0 frames in his Queue on destruction
[2026-02-28 17:40:59.970] [30556] [HailoRT] [info] [queue_elements.cpp:68] [operator()] Thread in element UserBuffQEl1beach_robot/conv53 is not running anymore, exiting..
[2026-02-28 17:40:59.970] [1780] [HailoRT] [info] [queue_elements.cpp:46] [~BaseQueueElement] Queue element UserBuffQEl1beach_robot/conv53 has 0 frames in his Queue on destruction
[2026-02-28 17:40:59.970] [30557] [HailoRT] [info] [edge_elements.cpp:396] [run_pull] Reading from stream was aborted!
[2026-02-28 17:40:59.970] [30558] [HailoRT] [info] [queue_elements.cpp:855] [run_in_thread] Shutdown event was signaled in dequeue of UserBuffQEl2beach_robot/conv62!
[2026-02-28 17:40:59.970] [30557] [HailoRT] [info] [queue_elements.cpp:738] [run_in_thread] run_pull of queue element PullQEl_hw_read2beach_robot/conv62 was aborted!
[2026-02-28 17:40:59.970] [30557] [HailoRT] [info] [queue_elements.cpp:68] [operator()] Thread in element PullQEl_hw_read2beach_robot/conv62 is not running anymore, exiting..
[2026-02-28 17:40:59.970] [1780] [HailoRT] [info] [queue_elements.cpp:46] [~BaseQueueElement] Queue element PullQEl_hw_read2beach_robot/conv62 has 0 frames in his Queue on destruction
[2026-02-28 17:40:59.970] [30558] [HailoRT] [info] [queue_elements.cpp:68] [operator()] Thread in element UserBuffQEl2beach_robot/conv62 is not running anymore, exiting..
[2026-02-28 17:40:59.970] [1780] [HailoRT] [info] [queue_elements.cpp:46] [~BaseQueueElement] Queue element UserBuffQEl2beach_robot/conv62 has 0 frames in his Queue on destruction
[2026-02-28 17:40:59.970] [30559] [HailoRT] [info] [edge_elements.cpp:396] [run_pull] Reading from stream was aborted!
[2026-02-28 17:40:59.970] [30559] [HailoRT] [info] [queue_elements.cpp:738] [run_in_thread] run_pull of queue element PullQEl_hw_read0beach_robot/conv63 was aborted!
[2026-02-28 17:40:59.970] [30560] [HailoRT] [info] [queue_elements.cpp:855] [run_in_thread] Shutdown event was signaled in dequeue of UserBuffQEl0beach_robot/conv63!
[2026-02-28 17:40:59.970] [30559] [HailoRT] [info] [queue_elements.cpp:68] [operator()] Thread in element PullQEl_hw_read0beach_robot/conv63 is not running anymore, exiting..
[2026-02-28 17:40:59.970] [1780] [HailoRT] [info] [queue_elements.cpp:46] [~BaseQueueElement] Queue element PullQEl_hw_read0beach_robot/conv63 has 0 frames in his Queue on destruction
[2026-02-28 17:40:59.970] [30560] [HailoRT] [info] [queue_elements.cpp:68] [operator()] Thread in element UserBuffQEl0beach_robot/conv63 is not running anymore, exiting..
[2026-02-28 17:40:59.970] [1780] [HailoRT] [info] [queue_elements.cpp:46] [~BaseQueueElement] Queue element UserBuffQEl0beach_robot/conv63 has 0 frames in his Queue on destruction
[2026-02-28 17:41:00.361] [1780] [HailoRT] [info] [edge_elements.cpp:52] [create] Created (HwWriteEl2beach_robot/input_layer1 | hw_frame_size: 1228800)
[2026-02-28 17:41:00.361] [1780] [HailoRT] [info] [vstream.cpp:754] [InputVStreamImpl] Creating beach_robot/input_layer1...
[2026-02-28 17:41:00.362] [1780] [HailoRT] [info] [vstream_builder.cpp:102] [create_inputs] Input pipeline 'beach_robot/input_layer1': (HwWriteEl2beach_robot/input_layer1 | hw_frame_size: 1228800) >> HW
[2026-02-28 17:41:00.362] [1780] [HailoRT] [info] [edge_elements.cpp:287] [create] Created (HwReadEl0beach_robot/conv41 | hw_frame_size: 409600)
[2026-02-28 17:41:00.362] [1780] [HailoRT] [info] [queue_elements.cpp:657] [create] Created (PullQEl_hw_read0beach_robot/conv41)
[2026-02-28 17:41:00.362] [1780] [HailoRT] [info] [filter_elements.cpp:372] [create] Created (PostInferEl0beach_robot/conv41 | Quantization - src_type: UINT8, dst_type FLOAT32, limvals_min: -10.8307, limvals_max: 18.5504)
[2026-02-28 17:41:00.362] [1780] [HailoRT] [info] [queue_elements.cpp:800] [create] Created (UserBuffQEl0beach_robot/conv41 | timeout: 10s)
[2026-02-28 17:41:00.362] [1780] [HailoRT] [info] [vstream.cpp:1114] [OutputVStreamImpl] Creating beach_robot/conv41...
[2026-02-28 17:41:00.362] [1780] [HailoRT] [info] [vstream_builder.cpp:220] [create_outputs] Output pipeline 'beach_robot/conv41': HW >> (HwReadEl0beach_robot/conv41 | hw_frame_size: 409600) >> (PullQEl_hw_read0beach_robot/conv41) >> (PostInferEl0beach_robot/conv41 | Quantization - src_type: UINT8, dst_type FLOAT32, limvals_min: -10.8307, limvals_max: 18.5504) >> (UserBuffQEl0beach_robot/conv41 | timeout: 10s)
[2026-02-28 17:41:00.362] [1780] [HailoRT] [info] [edge_elements.cpp:287] [create] Created (HwReadEl7beach_robot/conv42 | hw_frame_size: 12800)
[2026-02-28 17:41:00.362] [1780] [HailoRT] [info] [queue_elements.cpp:657] [create] Created (PullQEl_hw_read7beach_robot/conv42)
[2026-02-28 17:41:00.362] [1780] [HailoRT] [info] [filter_elements.cpp:372] [create] Created (PostInferEl7beach_robot/conv42 | Quantization - src_type: UINT8, dst_type FLOAT32, limvals_min: -25.6857, limvals_max: 0)
[2026-02-28 17:41:00.362] [1780] [HailoRT] [info] [queue_elements.cpp:800] [create] Created (UserBuffQEl7beach_robot/conv42 | timeout: 10s)
[2026-02-28 17:41:00.362] [1780] [HailoRT] [info] [vstream.cpp:1114] [OutputVStreamImpl] Creating beach_robot/conv42...
[2026-02-28 17:41:00.362] [1780] [HailoRT] [info] [vstream_builder.cpp:220] [create_outputs] Output pipeline 'beach_robot/conv42': HW >> (HwReadEl7beach_robot/conv42 | hw_frame_size: 12800) >> (PullQEl_hw_read7beach_robot/conv42) >> (PostInferEl7beach_robot/conv42 | Quantization - src_type: UINT8, dst_type FLOAT32, limvals_min: -25.6857, limvals_max: 0) >> (UserBuffQEl7beach_robot/conv42 | timeout: 10s)
[2026-02-28 17:41:00.362] [1780] [HailoRT] [info] [edge_elements.cpp:287] [create] Created (HwReadEl3beach_robot/conv52 | hw_frame_size: 102400)
[2026-02-28 17:41:00.362] [1780] [HailoRT] [info] [queue_elements.cpp:657] [create] Created (PullQEl_hw_read3beach_robot/conv52)
[2026-02-28 17:41:00.362] [1780] [HailoRT] [info] [filter_elements.cpp:372] [create] Created (PostInferEl3beach_robot/conv52 | Quantization - src_type: UINT8, dst_type FLOAT32, limvals_min: -6.53754, limvals_max: 19.9239)
[2026-02-28 17:41:00.362] [1780] [HailoRT] [info] [queue_elements.cpp:800] [create] Created (UserBuffQEl3beach_robot/conv52 | timeout: 10s)
[2026-02-28 17:41:00.362] [1780] [HailoRT] [info] [vstream.cpp:1114] [OutputVStreamImpl] Creating beach_robot/conv52...
[2026-02-28 17:41:00.362] [1780] [HailoRT] [info] [vstream_builder.cpp:220] [create_outputs] Output pipeline 'beach_robot/conv52': HW >> (HwReadEl3beach_robot/conv52 | hw_frame_size: 102400) >> (PullQEl_hw_read3beach_robot/conv52) >> (PostInferEl3beach_robot/conv52 | Quantization - src_type: UINT8, dst_type FLOAT32, limvals_min: -6.53754, limvals_max: 19.9239) >> (UserBuffQEl3beach_robot/conv52 | timeout: 10s)
[2026-02-28 17:41:00.362] [1780] [HailoRT] [info] [edge_elements.cpp:287] [create] Created (HwReadEl1beach_robot/conv53 | hw_frame_size: 3200)
[2026-02-28 17:41:00.362] [1780] [HailoRT] [info] [queue_elements.cpp:657] [create] Created (PullQEl_hw_read1beach_robot/conv53)
[2026-02-28 17:41:00.362] [1780] [HailoRT] [info] [filter_elements.cpp:372] [create] Created (PostInferEl1beach_robot/conv53 | Quantization - src_type: UINT8, dst_type FLOAT32, limvals_min: -15.7441, limvals_max: 0)
[2026-02-28 17:41:00.362] [1780] [HailoRT] [info] [queue_elements.cpp:800] [create] Created (UserBuffQEl1beach_robot/conv53 | timeout: 10s)
[2026-02-28 17:41:00.362] [1780] [HailoRT] [info] [vstream.cpp:1114] [OutputVStreamImpl] Creating beach_robot/conv53...
[2026-02-28 17:41:00.362] [1780] [HailoRT] [info] [vstream_builder.cpp:220] [create_outputs] Output pipeline 'beach_robot/conv53': HW >> (HwReadEl1beach_robot/conv53 | hw_frame_size: 3200) >> (PullQEl_hw_read1beach_robot/conv53) >> (PostInferEl1beach_robot/conv53 | Quantization - src_type: UINT8, dst_type FLOAT32, limvals_min: -15.7441, limvals_max: 0) >> (UserBuffQEl1beach_robot/conv53 | timeout: 10s)
[2026-02-28 17:41:00.362] [1780] [HailoRT] [info] [edge_elements.cpp:287] [create] Created (HwReadEl2beach_robot/conv62 | hw_frame_size: 25600)
[2026-02-28 17:41:00.363] [1780] [HailoRT] [info] [queue_elements.cpp:657] [create] Created (PullQEl_hw_read2beach_robot/conv62)
[2026-02-28 17:41:00.363] [1780] [HailoRT] [info] [filter_elements.cpp:372] [create] Created (PostInferEl2beach_robot/conv62 | Quantization - src_type: UINT8, dst_type FLOAT32, limvals_min: -8.27399, limvals_max: 14.6594)
[2026-02-28 17:41:00.363] [1780] [HailoRT] [info] [queue_elements.cpp:800] [create] Created (UserBuffQEl2beach_robot/conv62 | timeout: 10s)
[2026-02-28 17:41:00.363] [1780] [HailoRT] [info] [vstream.cpp:1114] [OutputVStreamImpl] Creating beach_robot/conv62...
[2026-02-28 17:41:00.363] [1780] [HailoRT] [info] [vstream_builder.cpp:220] [create_outputs] Output pipeline 'beach_robot/conv62': HW >> (HwReadEl2beach_robot/conv62 | hw_frame_size: 25600) >> (PullQEl_hw_read2beach_robot/conv62) >> (PostInferEl2beach_robot/conv62 | Quantization - src_type: UINT8, dst_type FLOAT32, limvals_min: -8.27399, limvals_max: 14.6594) >> (UserBuffQEl2beach_robot/conv62 | timeout: 10s)
[2026-02-28 17:41:00.363] [1780] [HailoRT] [info] [edge_elements.cpp:287] [create] Created (HwReadEl0beach_robot/conv63 | hw_frame_size: 3200)
[2026-02-28 17:41:00.363] [1780] [HailoRT] [info] [queue_elements.cpp:657] [create] Created (PullQEl_hw_read0beach_robot/conv63)
[2026-02-28 17:41:00.363] [1780] [HailoRT] [info] [filter_elements.cpp:372] [create] Created (PostInferEl0beach_robot/conv63 | Quantization - src_type: UINT8, dst_type FLOAT32, limvals_min: -15.2921, limvals_max: 1.44388 | Reorder - src_order: FCR, src_shape: (20, 20, 8), dst_order: FCR, dst_shape: (20, 20, 2))
[2026-02-28 17:41:00.363] [1780] [HailoRT] [info] [queue_elements.cpp:800] [create] Created (UserBuffQEl0beach_robot/conv63 | timeout: 10s)
[2026-02-28 17:41:00.363] [1780] [HailoRT] [info] [vstream.cpp:1114] [OutputVStreamImpl] Creating beach_robot/conv63...
[2026-02-28 17:41:00.363] [1780] [HailoRT] [info] [vstream_builder.cpp:220] [create_outputs] Output pipeline 'beach_robot/conv63': HW >> (HwReadEl0beach_robot/conv63 | hw_frame_size: 3200) >> (PullQEl_hw_read0beach_robot/conv63) >> (PostInferEl0beach_robot/conv63 | Quantization - src_type: UINT8, dst_type FLOAT32, limvals_min: -15.2921, limvals_max: 1.44388 | Reorder - src_order: FCR, src_shape: (20, 20, 8), dst_order: FCR, dst_shape: (20, 20, 2)) >> (UserBuffQEl0beach_robot/conv63 | timeout: 10s)
[2026-02-28 17:41:00.363] [1780] [HailoRT] [info] [core_op.cpp:156] [activate] Activating beach_robot took 0.513405 milliseconds. Note that the function is asynchronous and thus the network is not fully activated yet.
[2026-02-28 17:41:00.363] [1780] [HailoRT] [info] [core_op.cpp:156] [activate] Activating beach_robot took 0.52409 milliseconds. Note that the function is asynchronous and thus the network is not fully activated yet.
[2026-02-28 17:41:00.382] [1768] [HailoRT] [info] [vdevice_native_stream.cpp:331] [read_impl] Failed read from stream HAILO_STREAM_NOT_ACTIVATED(72) (device: 0001:01:00.0)
[2026-02-28 17:41:00.382] [1769] [HailoRT] [info] [vdevice_native_stream.cpp:331] [read_impl] Failed read from stream HAILO_STREAM_NOT_ACTIVATED(72) (device: 0001:01:00.0)
[2026-02-28 17:41:00.382] [1772] [HailoRT] [info] [vdevice_native_stream.cpp:331] [read_impl] Failed read from stream HAILO_STREAM_NOT_ACTIVATED(72) (device: 0001:01:00.0)
[2026-02-28 17:41:00.382] [1771] [HailoRT] [info] [vdevice_native_stream.cpp:331] [read_impl] Failed read from stream HAILO_STREAM_NOT_ACTIVATED(72) (device: 0001:01:00.0)
[2026-02-28 17:41:00.382] [1770] [HailoRT] [info] [vdevice_native_stream.cpp:331] [read_impl] Failed read from stream HAILO_STREAM_NOT_ACTIVATED(72) (device: 0001:01:00.0)
[2026-02-28 17:41:00.383] [1773] [HailoRT] [info] [vdevice_native_stream.cpp:331] [read_impl] Failed read from stream HAILO_STREAM_NOT_ACTIVATED(72) (device: 0001:01:00.0)
[2026-02-28 17:41:00.383] [1780] [HailoRT] [info] [core_op.cpp:186] [deactivate] Deactivating took 0.511219 ms
[2026-02-28 17:41:00.383] [1780] [HailoRT] [info] [core_op.cpp:186] [deactivate] Deactivating took 0.525997 ms
[2026-02-28 17:41:00.383] [30568] [HailoRT] [info] [edge_elements.cpp:396] [run_pull] Reading from stream was aborted!
[2026-02-28 17:41:00.383] [30569] [HailoRT] [info] [queue_elements.cpp:855] [run_in_thread] Shutdown event was signaled in dequeue of UserBuffQEl0beach_robot/conv41!
[2026-02-28 17:41:00.383] [30568] [HailoRT] [info] [queue_elements.cpp:738] [run_in_thread] run_pull of queue element PullQEl_hw_read0beach_robot/conv41 was aborted!
[2026-02-28 17:41:00.383] [30568] [HailoRT] [info] [queue_elements.cpp:68] [operator()] Thread in element PullQEl_hw_read0beach_robot/conv41 is not running anymore, exiting..
[2026-02-28 17:41:00.383] [1780] [HailoRT] [info] [queue_elements.cpp:46] [~BaseQueueElement] Queue element PullQEl_hw_read0beach_robot/conv41 has 0 frames in his Queue on destruction
[2026-02-28 17:41:00.383] [30569] [HailoRT] [info] [queue_elements.cpp:68] [operator()] Thread in element UserBuffQEl0beach_robot/conv41 is not running anymore, exiting..
[2026-02-28 17:41:00.383] [1780] [HailoRT] [info] [queue_elements.cpp:46] [~BaseQueueElement] Queue element UserBuffQEl0beach_robot/conv41 has 0 frames in his Queue on destruction
[2026-02-28 17:41:00.383] [30570] [HailoRT] [info] [edge_elements.cpp:396] [run_pull] Reading from stream was aborted!
[2026-02-28 17:41:00.383] [30570] [HailoRT] [info] [queue_elements.cpp:738] [run_in_thread] run_pull of queue element PullQEl_hw_read7beach_robot/conv42 was aborted!
[2026-02-28 17:41:00.383] [30571] [HailoRT] [info] [queue_elements.cpp:855] [run_in_thread] Shutdown event was signaled in dequeue of UserBuffQEl7beach_robot/conv42!
[2026-02-28 17:41:00.383] [30570] [HailoRT] [info] [queue_elements.cpp:68] [operator()] Thread in element PullQEl_hw_read7beach_robot/conv42 is not running anymore, exiting..
[2026-02-28 17:41:00.383] [1780] [HailoRT] [info] [queue_elements.cpp:46] [~BaseQueueElement] Queue element PullQEl_hw_read7beach_robot/conv42 has 0 frames in his Queue on destruction
[2026-02-28 17:41:00.383] [30571] [HailoRT] [info] [queue_elements.cpp:68] [operator()] Thread in element UserBuffQEl7beach_robot/conv42 is not running anymore, exiting..
[2026-02-28 17:41:00.383] [1780] [HailoRT] [info] [queue_elements.cpp:46] [~BaseQueueElement] Queue element UserBuffQEl7beach_robot/conv42 has 0 frames in his Queue on destruction
[2026-02-28 17:41:00.383] [30572] [HailoRT] [info] [edge_elements.cpp:396] [run_pull] Reading from stream was aborted!
[2026-02-28 17:41:00.383] [30573] [HailoRT] [info] [queue_elements.cpp:855] [run_in_thread] Shutdown event was signaled in dequeue of UserBuffQEl3beach_robot/conv52!
[2026-02-28 17:41:00.383] [30572] [HailoRT] [info] [queue_elements.cpp:738] [run_in_thread] run_pull of queue element PullQEl_hw_read3beach_robot/conv52 was aborted!
[2026-02-28 17:41:00.383] [30572] [HailoRT] [info] [queue_elements.cpp:68] [operator()] Thread in element PullQEl_hw_read3beach_robot/conv52 is not running anymore, exiting..
[2026-02-28 17:41:00.383] [1780] [HailoRT] [info] [queue_elements.cpp:46] [~BaseQueueElement] Queue element PullQEl_hw_read3beach_robot/conv52 has 0 frames in his Queue on destruction
[2026-02-28 17:41:00.383] [30573] [HailoRT] [info] [queue_elements.cpp:68] [operator()] Thread in element UserBuffQEl3beach_robot/conv52 is not running anymore, exiting..
[2026-02-28 17:41:00.383] [1780] [HailoRT] [info] [queue_elements.cpp:46] [~BaseQueueElement] Queue element UserBuffQEl3beach_robot/conv52 has 0 frames in his Queue on destruction
[2026-02-28 17:41:00.383] [30574] [HailoRT] [info] [edge_elements.cpp:396] [run_pull] Reading from stream was aborted!
[2026-02-28 17:41:00.383] [30574] [HailoRT] [info] [queue_elements.cpp:738] [run_in_thread] run_pull of queue element PullQEl_hw_read1beach_robot/conv53 was aborted!
[2026-02-28 17:41:00.383] [30575] [HailoRT] [info] [queue_elements.cpp:855] [run_in_thread] Shutdown event was signaled in dequeue of UserBuffQEl1beach_robot/conv53!
[2026-02-28 17:41:00.383] [30574] [HailoRT] [info] [queue_elements.cpp:68] [operator()] Thread in element PullQEl_hw_read1beach_robot/conv53 is not running anymore, exiting..
[2026-02-28 17:41:00.383] [1780] [HailoRT] [info] [queue_elements.cpp:46] [~BaseQueueElement] Queue element PullQEl_hw_read1beach_robot/conv53 has 0 frames in his Queue on destruction
[2026-02-28 17:41:00.384] [30575] [HailoRT] [info] [queue_elements.cpp:68] [operator()] Thread in element UserBuffQEl1beach_robot/conv53 is not running anymore, exiting..
[2026-02-28 17:41:00.384] [1780] [HailoRT] [info] [queue_elements.cpp:46] [~BaseQueueElement] Queue element UserBuffQEl1beach_robot/conv53 has 0 frames in his Queue on destruction
[2026-02-28 17:41:00.384] [30576] [HailoRT] [info] [edge_elements.cpp:396] [run_pull] Reading from stream was aborted!
[2026-02-28 17:41:00.384] [30576] [HailoRT] [info] [queue_elements.cpp:738] [run_in_thread] run_pull of queue element PullQEl_hw_read2beach_robot/conv62 was aborted!
[2026-02-28 17:41:00.384] [30577] [HailoRT] [info] [queue_elements.cpp:855] [run_in_thread] Shutdown event was signaled in dequeue of UserBuffQEl2beach_robot/conv62!
[2026-02-28 17:41:00.384] [30576] [HailoRT] [info] [queue_elements.cpp:68] [operator()] Thread in element PullQEl_hw_read2beach_robot/conv62 is not running anymore, exiting..
[2026-02-28 17:41:00.384] [1780] [HailoRT] [info] [queue_elements.cpp:46] [~BaseQueueElement] Queue element PullQEl_hw_read2beach_robot/conv62 has 0 frames in his Queue on destruction
[2026-02-28 17:41:00.384] [30577] [HailoRT] [info] [queue_elements.cpp:68] [operator()] Thread in element UserBuffQEl2beach_robot/conv62 is not running anymore, exiting..
[2026-02-28 17:41:00.384] [1780] [HailoRT] [info] [queue_elements.cpp:46] [~BaseQueueElement] Queue element UserBuffQEl2beach_robot/conv62 has 0 frames in his Queue on destruction
[2026-02-28 17:41:00.384] [30578] [HailoRT] [info] [edge_elements.cpp:396] [run_pull] Reading from stream was aborted!
[2026-02-28 17:41:00.384] [30579] [HailoRT] [info] [queue_elements.cpp:855] [run_in_thread] Shutdown event was signaled in dequeue of UserBuffQEl0beach_robot/conv63!
[2026-02-28 17:41:00.384] [30578] [HailoRT] [info] [queue_elements.cpp:738] [run_in_thread] run_pull of queue element PullQEl_hw_read0beach_robot/conv63 was aborted!
[2026-02-28 17:41:00.384] [30578] [HailoRT] [info] [queue_elements.cpp:68] [operator()] Thread in element PullQEl_hw_read0beach_robot/conv63 is not running anymore, exiting..
[2026-02-28 17:41:00.384] [1780] [HailoRT] [info] [queue_elements.cpp:46] [~BaseQueueElement] Queue element PullQEl_hw_read0beach_robot/conv63 has 0 frames in his Queue on destruction
[2026-02-28 17:41:00.384] [30579] [HailoRT] [info] [queue_elements.cpp:68] [operator()] Thread in element UserBuffQEl0beach_robot/conv63 is not running anymore, exiting..
[2026-02-28 17:41:00.384] [1780] [HailoRT] [info] [queue_elements.cpp:46] [~BaseQueueElement] Queue element UserBuffQEl0beach_robot/conv63 has 0 frames in his Queue on destruction
[2026-02-28 17:41:00.776] [1780] [HailoRT] [info] [edge_elements.cpp:52] [create] Created (HwWriteEl2beach_robot/input_layer1 | hw_frame_size: 1228800)
[2026-02-28 17:41:00.776] [1780] [HailoRT] [info] [vstream.cpp:754] [InputVStreamImpl] Creating beach_robot/input_layer1...
[2026-02-28 17:41:00.776] [1780] [HailoRT] [info] [vstream_builder.cpp:102] [create_inputs] Input pipeline 'beach_robot/input_layer1': (HwWriteEl2beach_robot/input_layer1 | hw_frame_size: 1228800) >> HW
[2026-02-28 17:41:00.776] [1780] [HailoRT] [info] [edge_elements.cpp:287] [create] Created (HwReadEl0beach_robot/conv41 | hw_frame_size: 409600)
[2026-02-28 17:41:00.776] [1780] [HailoRT] [info] [queue_elements.cpp:657] [create] Created (PullQEl_hw_read0beach_robot/conv41)
[2026-02-28 17:41:00.776] [1780] [HailoRT] [info] [filter_elements.cpp:372] [create] Created (PostInferEl0beach_robot/conv41 | Quantization - src_type: UINT8, dst_type FLOAT32, limvals_min: -10.8307, limvals_max: 18.5504)
[2026-02-28 17:41:00.776] [1780] [HailoRT] [info] [queue_elements.cpp:800] [create] Created (UserBuffQEl0beach_robot/conv41 | timeout: 10s)
[2026-02-28 17:41:00.776] [1780] [HailoRT] [info] [vstream.cpp:1114] [OutputVStreamImpl] Creating beach_robot/conv41...
[2026-02-28 17:41:00.776] [1780] [HailoRT] [info] [vstream_builder.cpp:220] [create_outputs] Output pipeline 'beach_robot/conv41': HW >> (HwReadEl0beach_robot/conv41 | hw_frame_size: 409600) >> (PullQEl_hw_read0beach_robot/conv41) >> (PostInferEl0beach_robot/conv41 | Quantization - src_type: UINT8, dst_type FLOAT32, limvals_min: -10.8307, limvals_max: 18.5504) >> (UserBuffQEl0beach_robot/conv41 | timeout: 10s)
[2026-02-28 17:41:00.776] [1780] [HailoRT] [info] [edge_elements.cpp:287] [create] Created (HwReadEl7beach_robot/conv42 | hw_frame_size: 12800)
[2026-02-28 17:41:00.776] [1780] [HailoRT] [info] [queue_elements.cpp:657] [create] Created (PullQEl_hw_read7beach_robot/conv42)
[2026-02-28 17:41:00.776] [1780] [HailoRT] [info] [filter_elements.cpp:372] [create] Created (PostInferEl7beach_robot/conv42 | Quantization - src_type: UINT8, dst_type FLOAT32, limvals_min: -25.6857, limvals_max: 0)
[2026-02-28 17:41:00.776] [1780] [HailoRT] [info] [queue_elements.cpp:800] [create] Created (UserBuffQEl7beach_robot/conv42 | timeout: 10s)
[2026-02-28 17:41:00.776] [1780] [HailoRT] [info] [vstream.cpp:1114] [OutputVStreamImpl] Creating beach_robot/conv42...
[2026-02-28 17:41:00.776] [1780] [HailoRT] [info] [vstream_builder.cpp:220] [create_outputs] Output pipeline 'beach_robot/conv42': HW >> (HwReadEl7beach_robot/conv42 | hw_frame_size: 12800) >> (PullQEl_hw_read7beach_robot/conv42) >> (PostInferEl7beach_robot/conv42 | Quantization - src_type: UINT8, dst_type FLOAT32, limvals_min: -25.6857, limvals_max: 0) >> (UserBuffQEl7beach_robot/conv42 | timeout: 10s)
[2026-02-28 17:41:00.776] [1780] [HailoRT] [info] [edge_elements.cpp:287] [create] Created (HwReadEl3beach_robot/conv52 | hw_frame_size: 102400)
[2026-02-28 17:41:00.776] [1780] [HailoRT] [info] [queue_elements.cpp:657] [create] Created (PullQEl_hw_read3beach_robot/conv52)
[2026-02-28 17:41:00.776] [1780] [HailoRT] [info] [filter_elements.cpp:372] [create] Created (PostInferEl3beach_robot/conv52 | Quantization - src_type: UINT8, dst_type FLOAT32, limvals_min: -6.53754, limvals_max: 19.9239)
[2026-02-28 17:41:00.777] [1780] [HailoRT] [info] [queue_elements.cpp:800] [create] Created (UserBuffQEl3beach_robot/conv52 | timeout: 10s)
[2026-02-28 17:41:00.777] [1780] [HailoRT] [info] [vstream.cpp:1114] [OutputVStreamImpl] Creating beach_robot/conv52...
[2026-02-28 17:41:00.777] [1780] [HailoRT] [info] [vstream_builder.cpp:220] [create_outputs] Output pipeline 'beach_robot/conv52': HW >> (HwReadEl3beach_robot/conv52 | hw_frame_size: 102400) >> (PullQEl_hw_read3beach_robot/conv52) >> (PostInferEl3beach_robot/conv52 | Quantization - src_type: UINT8, dst_type FLOAT32, limvals_min: -6.53754, limvals_max: 19.9239) >> (UserBuffQEl3beach_robot/conv52 | timeout: 10s)
[2026-02-28 17:41:00.777] [1780] [HailoRT] [info] [edge_elements.cpp:287] [create] Created (HwReadEl1beach_robot/conv53 | hw_frame_size: 3200)
[2026-02-28 17:41:00.777] [1780] [HailoRT] [info] [queue_elements.cpp:657] [create] Created (PullQEl_hw_read1beach_robot/conv53)
[2026-02-28 17:41:00.777] [1780] [HailoRT] [info] [filter_elements.cpp:372] [create] Created (PostInferEl1beach_robot/conv53 | Quantization - src_type: UINT8, dst_type FLOAT32, limvals_min: -15.7441, limvals_max: 0)
[2026-02-28 17:41:00.777] [1780] [HailoRT] [info] [queue_elements.cpp:800] [create] Created (UserBuffQEl1beach_robot/conv53 | timeout: 10s)
[2026-02-28 17:41:00.777] [1780] [HailoRT] [info] [vstream.cpp:1114] [OutputVStreamImpl] Creating beach_robot/conv53...
[2026-02-28 17:41:00.777] [1780] [HailoRT] [info] [vstream_builder.cpp:220] [create_outputs] Output pipeline 'beach_robot/conv53': HW >> (HwReadEl1beach_robot/conv53 | hw_frame_size: 3200) >> (PullQEl_hw_read1beach_robot/conv53) >> (PostInferEl1beach_robot/conv53 | Quantization - src_type: UINT8, dst_type FLOAT32, limvals_min: -15.7441, limvals_max: 0) >> (UserBuffQEl1beach_robot/conv53 | timeout: 10s)
[2026-02-28 17:41:00.777] [1780] [HailoRT] [info] [edge_elements.cpp:287] [create] Created (HwReadEl2beach_robot/conv62 | hw_frame_size: 25600)
[2026-02-28 17:41:00.777] [1780] [HailoRT] [info] [queue_elements.cpp:657] [create] Created (PullQEl_hw_read2beach_robot/conv62)
[2026-02-28 17:41:00.777] [1780] [HailoRT] [info] [filter_elements.cpp:372] [create] Created (PostInferEl2beach_robot/conv62 | Quantization - src_type: UINT8, dst_type FLOAT32, limvals_min: -8.27399, limvals_max: 14.6594)
[2026-02-28 17:41:00.777] [1780] [HailoRT] [info] [queue_elements.cpp:800] [create] Created (UserBuffQEl2beach_robot/conv62 | timeout: 10s)
[2026-02-28 17:41:00.777] [1780] [HailoRT] [info] [vstream.cpp:1114] [OutputVStreamImpl] Creating beach_robot/conv62...
[2026-02-28 17:41:00.777] [1780] [HailoRT] [info] [vstream_builder.cpp:220] [create_outputs] Output pipeline 'beach_robot/conv62': HW >> (HwReadEl2beach_robot/conv62 | hw_frame_size: 25600) >> (PullQEl_hw_read2beach_robot/conv62) >> (PostInferEl2beach_robot/conv62 | Quantization - src_type: UINT8, dst_type FLOAT32, limvals_min: -8.27399, limvals_max: 14.6594) >> (UserBuffQEl2beach_robot/conv62 | timeout: 10s)
[2026-02-28 17:41:00.777] [1780] [HailoRT] [info] [edge_elements.cpp:287] [create] Created (HwReadEl0beach_robot/conv63 | hw_frame_size: 3200)
[2026-02-28 17:41:00.777] [1780] [HailoRT] [info] [queue_elements.cpp:657] [create] Created (PullQEl_hw_read0beach_robot/conv63)
[2026-02-28 17:41:00.777] [1780] [HailoRT] [info] [filter_elements.cpp:372] [create] Created (PostInferEl0beach_robot/conv63 | Quantization - src_type: UINT8, dst_type FLOAT32, limvals_min: -15.2921, limvals_max: 1.44388 | Reorder - src_order: FCR, src_shape: (20, 20, 8), dst_order: FCR, dst_shape: (20, 20, 2))
[2026-02-28 17:41:00.777] [1780] [HailoRT] [info] [queue_elements.cpp:800] [create] Created (UserBuffQEl0beach_robot/conv63 | timeout: 10s)
[2026-02-28 17:41:00.777] [1780] [HailoRT] [info] [vstream.cpp:1114] [OutputVStreamImpl] Creating beach_robot/conv63...
[2026-02-28 17:41:00.777] [1780] [HailoRT] [info] [vstream_builder.cpp:220] [create_outputs] Output pipeline 'beach_robot/conv63': HW >> (HwReadEl0beach_robot/conv63 | hw_frame_size: 3200) >> (PullQEl_hw_read0beach_robot/conv63) >> (PostInferEl0beach_robot/conv63 | Quantization - src_type: UINT8, dst_type FLOAT32, limvals_min: -15.2921, limvals_max: 1.44388 | Reorder - src_order: FCR, src_shape: (20, 20, 8), dst_order: FCR, dst_shape: (20, 20, 2)) >> (UserBuffQEl0beach_robot/conv63 | timeout: 10s)
[2026-02-28 17:41:00.778] [1780] [HailoRT] [info] [core_op.cpp:156] [activate] Activating beach_robot took 0.544089 milliseconds. Note that the function is asynchronous and thus the network is not fully activated yet.
[2026-02-28 17:41:00.778] [1780] [HailoRT] [info] [core_op.cpp:156] [activate] Activating beach_robot took 0.555719 milliseconds. Note that the function is asynchronous and thus the network is not fully activated yet.
[2026-02-28 17:41:00.797] [1770] [HailoRT] [info] [vdevice_native_stream.cpp:331] [read_impl] Failed read from stream HAILO_STREAM_NOT_ACTIVATED(72) (device: 0001:01:00.0)
[2026-02-28 17:41:00.797] [1771] [HailoRT] [info] [vdevice_native_stream.cpp:331] [read_impl] Failed read from stream HAILO_STREAM_NOT_ACTIVATED(72) (device: 0001:01:00.0)
[2026-02-28 17:41:00.797] [1768] [HailoRT] [info] [vdevice_native_stream.cpp:331] [read_impl] Failed read from stream HAILO_STREAM_NOT_ACTIVATED(72) (device: 0001:01:00.0)
[2026-02-28 17:41:00.797] [1769] [HailoRT] [info] [vdevice_native_stream.cpp:331] [read_impl] Failed read from stream HAILO_STREAM_NOT_ACTIVATED(72) (device: 0001:01:00.0)
[2026-02-28 17:41:00.797] [1772] [HailoRT] [info] [vdevice_native_stream.cpp:331] [read_impl] Failed read from stream HAILO_STREAM_NOT_ACTIVATED(72) (device: 0001:01:00.0)
[2026-02-28 17:41:00.797] [1773] [HailoRT] [info] [vdevice_native_stream.cpp:331] [read_impl] Failed read from stream HAILO_STREAM_NOT_ACTIVATED(72) (device: 0001:01:00.0)
[2026-02-28 17:41:00.797] [1780] [HailoRT] [info] [core_op.cpp:186] [deactivate] Deactivating took 0.513664 ms
[2026-02-28 17:41:00.797] [1780] [HailoRT] [info] [core_op.cpp:186] [deactivate] Deactivating took 0.526256 ms
[2026-02-28 17:41:00.797] [30587] [HailoRT] [info] [edge_elements.cpp:396] [run_pull] Reading from stream was aborted!
[2026-02-28 17:41:00.797] [30588] [HailoRT] [info] [queue_elements.cpp:855] [run_in_thread] Shutdown event was signaled in dequeue of UserBuffQEl0beach_robot/conv41!
[2026-02-28 17:41:00.797] [30587] [HailoRT] [info] [queue_elements.cpp:738] [run_in_thread] run_pull of queue element PullQEl_hw_read0beach_robot/conv41 was aborted!
[2026-02-28 17:41:00.797] [30587] [HailoRT] [info] [queue_elements.cpp:68] [operator()] Thread in element PullQEl_hw_read0beach_robot/conv41 is not running anymore, exiting..
[2026-02-28 17:41:00.797] [1780] [HailoRT] [info] [queue_elements.cpp:46] [~BaseQueueElement] Queue element PullQEl_hw_read0beach_robot/conv41 has 0 frames in his Queue on destruction
[2026-02-28 17:41:00.798] [30588] [HailoRT] [info] [queue_elements.cpp:68] [operator()] Thread in element UserBuffQEl0beach_robot/conv41 is not running anymore, exiting..
[2026-02-28 17:41:00.798] [1780] [HailoRT] [info] [queue_elements.cpp:46] [~BaseQueueElement] Queue element UserBuffQEl0beach_robot/conv41 has 0 frames in his Queue on destruction
[2026-02-28 17:41:00.798] [30590] [HailoRT] [info] [queue_elements.cpp:855] [run_in_thread] Shutdown event was signaled in dequeue of UserBuffQEl7beach_robot/conv42!
[2026-02-28 17:41:00.798] [30589] [HailoRT] [info] [edge_elements.cpp:396] [run_pull] Reading from stream was aborted!
[2026-02-28 17:41:00.798] [30589] [HailoRT] [info] [queue_elements.cpp:738] [run_in_thread] run_pull of queue element PullQEl_hw_read7beach_robot/conv42 was aborted!
[2026-02-28 17:41:00.798] [30589] [HailoRT] [info] [queue_elements.cpp:68] [operator()] Thread in element PullQEl_hw_read7beach_robot/conv42 is not running anymore, exiting..
[2026-02-28 17:41:00.798] [1780] [HailoRT] [info] [queue_elements.cpp:46] [~BaseQueueElement] Queue element PullQEl_hw_read7beach_robot/conv42 has 0 frames in his Queue on destruction
[2026-02-28 17:41:00.798] [30590] [HailoRT] [info] [queue_elements.cpp:68] [operator()] Thread in element UserBuffQEl7beach_robot/conv42 is not running anymore, exiting..
[2026-02-28 17:41:00.798] [1780] [HailoRT] [info] [queue_elements.cpp:46] [~BaseQueueElement] Queue element UserBuffQEl7beach_robot/conv42 has 0 frames in his Queue on destruction
[2026-02-28 17:41:00.798] [30591] [HailoRT] [info] [edge_elements.cpp:396] [run_pull] Reading from stream was aborted!
[2026-02-28 17:41:00.798] [30591] [HailoRT] [info] [queue_elements.cpp:738] [run_in_thread] run_pull of queue element PullQEl_hw_read3beach_robot/conv52 was aborted!
[2026-02-28 17:41:00.798] [30592] [HailoRT] [info] [queue_elements.cpp:855] [run_in_thread] Shutdown event was signaled in dequeue of UserBuffQEl3beach_robot/conv52!
[2026-02-28 17:41:00.798] [30591] [HailoRT] [info] [queue_elements.cpp:68] [operator()] Thread in element PullQEl_hw_read3beach_robot/conv52 is not running anymore, exiting..
[2026-02-28 17:41:00.798] [1780] [HailoRT] [info] [queue_elements.cpp:46] [~BaseQueueElement] Queue element PullQEl_hw_read3beach_robot/conv52 has 0 frames in his Queue on destruction
[2026-02-28 17:41:00.798] [30592] [HailoRT] [info] [queue_elements.cpp:68] [operator()] Thread in element UserBuffQEl3beach_robot/conv52 is not running anymore, exiting..
[2026-02-28 17:41:00.798] [1780] [HailoRT] [info] [queue_elements.cpp:46] [~BaseQueueElement] Queue element UserBuffQEl3beach_robot/conv52 has 0 frames in his Queue on destruction
[2026-02-28 17:41:00.798] [30593] [HailoRT] [info] [edge_elements.cpp:396] [run_pull] Reading from stream was aborted!
[2026-02-28 17:41:00.798] [30593] [HailoRT] [info] [queue_elements.cpp:738] [run_in_thread] run_pull of queue element PullQEl_hw_read1beach_robot/conv53 was aborted!
[2026-02-28 17:41:00.798] [30594] [HailoRT] [info] [queue_elements.cpp:855] [run_in_thread] Shutdown event was signaled in dequeue of UserBuffQEl1beach_robot/conv53!
[2026-02-28 17:41:00.798] [30593] [HailoRT] [info] [queue_elements.cpp:68] [operator()] Thread in element PullQEl_hw_read1beach_robot/conv53 is not running anymore, exiting..
[2026-02-28 17:41:00.798] [1780] [HailoRT] [info] [queue_elements.cpp:46] [~BaseQueueElement] Queue element PullQEl_hw_read1beach_robot/conv53 has 0 frames in his Queue on destruction
[2026-02-28 17:41:00.798] [30594] [HailoRT] [info] [queue_elements.cpp:68] [operator()] Thread in element UserBuffQEl1beach_robot/conv53 is not running anymore, exiting..
[2026-02-28 17:41:00.798] [1780] [HailoRT] [info] [queue_elements.cpp:46] [~BaseQueueElement] Queue element UserBuffQEl1beach_robot/conv53 has 0 frames in his Queue on destruction
[2026-02-28 17:41:00.798] [30595] [HailoRT] [info] [edge_elements.cpp:396] [run_pull] Reading from stream was aborted!
[2026-02-28 17:41:00.798] [30596] [HailoRT] [info] [queue_elements.cpp:855] [run_in_thread] Shutdown event was signaled in dequeue of UserBuffQEl2beach_robot/conv62!
[2026-02-28 17:41:00.798] [30595] [HailoRT] [info] [queue_elements.cpp:738] [run_in_thread] run_pull of queue element PullQEl_hw_read2beach_robot/conv62 was aborted!
[2026-02-28 17:41:00.798] [30595] [HailoRT] [info] [queue_elements.cpp:68] [operator()] Thread in element PullQEl_hw_read2beach_robot/conv62 is not running anymore, exiting..
[2026-02-28 17:41:00.798] [1780] [HailoRT] [info] [queue_elements.cpp:46] [~BaseQueueElement] Queue element PullQEl_hw_read2beach_robot/conv62 has 0 frames in his Queue on destruction
[2026-02-28 17:41:00.798] [30596] [HailoRT] [info] [queue_elements.cpp:68] [operator()] Thread in element UserBuffQEl2beach_robot/conv62 is not running anymore, exiting..
[2026-02-28 17:41:00.798] [1780] [HailoRT] [info] [queue_elements.cpp:46] [~BaseQueueElement] Queue element UserBuffQEl2beach_robot/conv62 has 0 frames in his Queue on destruction
[2026-02-28 17:41:00.798] [30597] [HailoRT] [info] [edge_elements.cpp:396] [run_pull] Reading from stream was aborted!
[2026-02-28 17:41:00.798] [30597] [HailoRT] [info] [queue_elements.cpp:738] [run_in_thread] run_pull of queue element PullQEl_hw_read0beach_robot/conv63 was aborted!
[2026-02-28 17:41:00.798] [30598] [HailoRT] [info] [queue_elements.cpp:855] [run_in_thread] Shutdown event was signaled in dequeue of UserBuffQEl0beach_robot/conv63!
[2026-02-28 17:41:00.798] [30597] [HailoRT] [info] [queue_elements.cpp:68] [operator()] Thread in element PullQEl_hw_read0beach_robot/conv63 is not running anymore, exiting..
[2026-02-28 17:41:00.798] [1780] [HailoRT] [info] [queue_elements.cpp:46] [~BaseQueueElement] Queue element PullQEl_hw_read0beach_robot/conv63 has 0 frames in his Queue on destruction
[2026-02-28 17:41:00.798] [30598] [HailoRT] [info] [queue_elements.cpp:68] [operator()] Thread in element UserBuffQEl0beach_robot/conv63 is not running anymore, exiting..
[2026-02-28 17:41:00.798] [1780] [HailoRT] [info] [queue_elements.cpp:46] [~BaseQueueElement] Queue element UserBuffQEl0beach_robot/conv63 has 0 frames in his Queue on destruction
[2026-02-28 17:41:01.190] [1780] [HailoRT] [info] [edge_elements.cpp:52] [create] Created (HwWriteEl2beach_robot/input_layer1 | hw_frame_size: 1228800)
[2026-02-28 17:41:01.190] [1780] [HailoRT] [info] [vstream.cpp:754] [InputVStreamImpl] Creating beach_robot/input_layer1...
[2026-02-28 17:41:01.190] [1780] [HailoRT] [info] [vstream_builder.cpp:102] [create_inputs] Input pipeline 'beach_robot/input_layer1': (HwWriteEl2beach_robot/input_layer1 | hw_frame_size: 1228800) >> HW
[2026-02-28 17:41:01.190] [1780] [HailoRT] [info] [edge_elements.cpp:287] [create] Created (HwReadEl0beach_robot/conv41 | hw_frame_size: 409600)
[2026-02-28 17:41:01.190] [1780] [HailoRT] [info] [queue_elements.cpp:657] [create] Created (PullQEl_hw_read0beach_robot/conv41)
[2026-02-28 17:41:01.190] [1780] [HailoRT] [info] [filter_elements.cpp:372] [create] Created (PostInferEl0beach_robot/conv41 | Quantization - src_type: UINT8, dst_type FLOAT32, limvals_min: -10.8307, limvals_max: 18.5504)
[2026-02-28 17:41:01.190] [1780] [HailoRT] [info] [queue_elements.cpp:800] [create] Created (UserBuffQEl0beach_robot/conv41 | timeout: 10s)
[2026-02-28 17:41:01.190] [1780] [HailoRT] [info] [vstream.cpp:1114] [OutputVStreamImpl] Creating beach_robot/conv41...
[2026-02-28 17:41:01.190] [1780] [HailoRT] [info] [vstream_builder.cpp:220] [create_outputs] Output pipeline 'beach_robot/conv41': HW >> (HwReadEl0beach_robot/conv41 | hw_frame_size: 409600) >> (PullQEl_hw_read0beach_robot/conv41) >> (PostInferEl0beach_robot/conv41 | Quantization - src_type: UINT8, dst_type FLOAT32, limvals_min: -10.8307, limvals_max: 18.5504) >> (UserBuffQEl0beach_robot/conv41 | timeout: 10s)
[2026-02-28 17:41:01.190] [1780] [HailoRT] [info] [edge_elements.cpp:287] [create] Created (HwReadEl7beach_robot/conv42 | hw_frame_size: 12800)
[2026-02-28 17:41:01.190] [1780] [HailoRT] [info] [queue_elements.cpp:657] [create] Created (PullQEl_hw_read7beach_robot/conv42)
[2026-02-28 17:41:01.190] [1780] [HailoRT] [info] [filter_elements.cpp:372] [create] Created (PostInferEl7beach_robot/conv42 | Quantization - src_type: UINT8, dst_type FLOAT32, limvals_min: -25.6857, limvals_max: 0)
[2026-02-28 17:41:01.190] [1780] [HailoRT] [info] [queue_elements.cpp:800] [create] Created (UserBuffQEl7beach_robot/conv42 | timeout: 10s)
[2026-02-28 17:41:01.190] [1780] [HailoRT] [info] [vstream.cpp:1114] [OutputVStreamImpl] Creating beach_robot/conv42...
[2026-02-28 17:41:01.190] [1780] [HailoRT] [info] [vstream_builder.cpp:220] [create_outputs] Output pipeline 'beach_robot/conv42': HW >> (HwReadEl7beach_robot/conv42 | hw_frame_size: 12800) >> (PullQEl_hw_read7beach_robot/conv42) >> (PostInferEl7beach_robot/conv42 | Quantization - src_type: UINT8, dst_type FLOAT32, limvals_min: -25.6857, limvals_max: 0) >> (UserBuffQEl7beach_robot/conv42 | timeout: 10s)
[2026-02-28 17:41:01.190] [1780] [HailoRT] [info] [edge_elements.cpp:287] [create] Created (HwReadEl3beach_robot/conv52 | hw_frame_size: 102400)
[2026-02-28 17:41:01.190] [1780] [HailoRT] [info] [queue_elements.cpp:657] [create] Created (PullQEl_hw_read3beach_robot/conv52)
[2026-02-28 17:41:01.190] [1780] [HailoRT] [info] [filter_elements.cpp:372] [create] Created (PostInferEl3beach_robot/conv52 | Quantization - src_type: UINT8, dst_type FLOAT32, limvals_min: -6.53754, limvals_max: 19.9239)
[2026-02-28 17:41:01.190] [1780] [HailoRT] [info] [queue_elements.cpp:800] [create] Created (UserBuffQEl3beach_robot/conv52 | timeout: 10s)
[2026-02-28 17:41:01.190] [1780] [HailoRT] [info] [vstream.cpp:1114] [OutputVStreamImpl] Creating beach_robot/conv52...
[2026-02-28 17:41:01.190] [1780] [HailoRT] [info] [vstream_builder.cpp:220] [create_outputs] Output pipeline 'beach_robot/conv52': HW >> (HwReadEl3beach_robot/conv52 | hw_frame_size: 102400) >> (PullQEl_hw_read3beach_robot/conv52) >> (PostInferEl3beach_robot/conv52 | Quantization - src_type: UINT8, dst_type FLOAT32, limvals_min: -6.53754, limvals_max: 19.9239) >> (UserBuffQEl3beach_robot/conv52 | timeout: 10s)
[2026-02-28 17:41:01.190] [1780] [HailoRT] [info] [edge_elements.cpp:287] [create] Created (HwReadEl1beach_robot/conv53 | hw_frame_size: 3200)
[2026-02-28 17:41:01.191] [1780] [HailoRT] [info] [queue_elements.cpp:657] [create] Created (PullQEl_hw_read1beach_robot/conv53)
[2026-02-28 17:41:01.191] [1780] [HailoRT] [info] [filter_elements.cpp:372] [create] Created (PostInferEl1beach_robot/conv53 | Quantization - src_type: UINT8, dst_type FLOAT32, limvals_min: -15.7441, limvals_max: 0)
[2026-02-28 17:41:01.191] [1780] [HailoRT] [info] [queue_elements.cpp:800] [create] Created (UserBuffQEl1beach_robot/conv53 | timeout: 10s)
[2026-02-28 17:41:01.191] [1780] [HailoRT] [info] [vstream.cpp:1114] [OutputVStreamImpl] Creating beach_robot/conv53...
[2026-02-28 17:41:01.191] [1780] [HailoRT] [info] [vstream_builder.cpp:220] [create_outputs] Output pipeline 'beach_robot/conv53': HW >> (HwReadEl1beach_robot/conv53 | hw_frame_size: 3200) >> (PullQEl_hw_read1beach_robot/conv53) >> (PostInferEl1beach_robot/conv53 | Quantization - src_type: UINT8, dst_type FLOAT32, limvals_min: -15.7441, limvals_max: 0) >> (UserBuffQEl1beach_robot/conv53 | timeout: 10s)
[2026-02-28 17:41:01.191] [1780] [HailoRT] [info] [edge_elements.cpp:287] [create] Created (HwReadEl2beach_robot/conv62 | hw_frame_size: 25600)
[2026-02-28 17:41:01.191] [1780] [HailoRT] [info] [queue_elements.cpp:657] [create] Created (PullQEl_hw_read2beach_robot/conv62)
[2026-02-28 17:41:01.191] [1780] [HailoRT] [info] [filter_elements.cpp:372] [create] Created (PostInferEl2beach_robot/conv62 | Quantization - src_type: UINT8, dst_type FLOAT32, limvals_min: -8.27399, limvals_max: 14.6594)
[2026-02-28 17:41:01.191] [1780] [HailoRT] [info] [queue_elements.cpp:800] [create] Created (UserBuffQEl2beach_robot/conv62 | timeout: 10s)
[2026-02-28 17:41:01.191] [1780] [HailoRT] [info] [vstream.cpp:1114] [OutputVStreamImpl] Creating beach_robot/conv62...
[2026-02-28 17:41:01.191] [1780] [HailoRT] [info] [vstream_builder.cpp:220] [create_outputs] Output pipeline 'beach_robot/conv62': HW >> (HwReadEl2beach_robot/conv62 | hw_frame_size: 25600) >> (PullQEl_hw_read2beach_robot/conv62) >> (PostInferEl2beach_robot/conv62 | Quantization - src_type: UINT8, dst_type FLOAT32, limvals_min: -8.27399, limvals_max: 14.6594) >> (UserBuffQEl2beach_robot/conv62 | timeout: 10s)
[2026-02-28 17:41:01.191] [1780] [HailoRT] [info] [edge_elements.cpp:287] [create] Created (HwReadEl0beach_robot/conv63 | hw_frame_size: 3200)
[2026-02-28 17:41:01.191] [1780] [HailoRT] [info] [queue_elements.cpp:657] [create] Created (PullQEl_hw_read0beach_robot/conv63)
[2026-02-28 17:41:01.191] [1780] [HailoRT] [info] [filter_elements.cpp:372] [create] Created (PostInferEl0beach_robot/conv63 | Quantization - src_type: UINT8, dst_type FLOAT32, limvals_min: -15.2921, limvals_max: 1.44388 | Reorder - src_order: FCR, src_shape: (20, 20, 8), dst_order: FCR, dst_shape: (20, 20, 2))
[2026-02-28 17:41:01.191] [1780] [HailoRT] [info] [queue_elements.cpp:800] [create] Created (UserBuffQEl0beach_robot/conv63 | timeout: 10s)
[2026-02-28 17:41:01.191] [1780] [HailoRT] [info] [vstream.cpp:1114] [OutputVStreamImpl] Creating beach_robot/conv63...
[2026-02-28 17:41:01.191] [1780] [HailoRT] [info] [vstream_builder.cpp:220] [create_outputs] Output pipeline 'beach_robot/conv63': HW >> (HwReadEl0beach_robot/conv63 | hw_frame_size: 3200) >> (PullQEl_hw_read0beach_robot/conv63) >> (PostInferEl0beach_robot/conv63 | Quantization - src_type: UINT8, dst_type FLOAT32, limvals_min: -15.2921, limvals_max: 1.44388 | Reorder - src_order: FCR, src_shape: (20, 20, 8), dst_order: FCR, dst_shape: (20, 20, 2)) >> (UserBuffQEl0beach_robot/conv63 | timeout: 10s)
[2026-02-28 17:41:01.192] [1780] [HailoRT] [info] [core_op.cpp:156] [activate] Activating beach_robot took 0.516293 milliseconds. Note that the function is asynchronous and thus the network is not fully activated yet.
[2026-02-28 17:41:01.192] [1780] [HailoRT] [info] [core_op.cpp:156] [activate] Activating beach_robot took 0.527997 milliseconds. Note that the function is asynchronous and thus the network is not fully activated yet.
[2026-02-28 17:41:01.211] [1769] [HailoRT] [info] [vdevice_native_stream.cpp:331] [read_impl] Failed read from stream HAILO_STREAM_NOT_ACTIVATED(72) (device: 0001:01:00.0)
[2026-02-28 17:41:01.211] [1770] [HailoRT] [info] [vdevice_native_stream.cpp:331] [read_impl] Failed read from stream HAILO_STREAM_NOT_ACTIVATED(72) (device: 0001:01:00.0)
[2026-02-28 17:41:01.211] [1773] [HailoRT] [info] [vdevice_native_stream.cpp:331] [read_impl] Failed read from stream HAILO_STREAM_NOT_ACTIVATED(72) (device: 0001:01:00.0)
[2026-02-28 17:41:01.211] [1768] [HailoRT] [info] [vdevice_native_stream.cpp:331] [read_impl] Failed read from stream HAILO_STREAM_NOT_ACTIVATED(72) (device: 0001:01:00.0)
[2026-02-28 17:41:01.211] [1772] [HailoRT] [info] [vdevice_native_stream.cpp:331] [read_impl] Failed read from stream HAILO_STREAM_NOT_ACTIVATED(72) (device: 0001:01:00.0)
[2026-02-28 17:41:01.211] [1771] [HailoRT] [info] [vdevice_native_stream.cpp:331] [read_impl] Failed read from stream HAILO_STREAM_NOT_ACTIVATED(72) (device: 0001:01:00.0)
[2026-02-28 17:41:01.211] [1780] [HailoRT] [info] [core_op.cpp:186] [deactivate] Deactivating took 0.50609 ms
[2026-02-28 17:41:01.211] [1780] [HailoRT] [info] [core_op.cpp:186] [deactivate] Deactivating took 0.521979 ms
[2026-02-28 17:41:01.211] [30606] [HailoRT] [info] [edge_elements.cpp:396] [run_pull] Reading from stream was aborted!
[2026-02-28 17:41:01.211] [30607] [HailoRT] [info] [queue_elements.cpp:855] [run_in_thread] Shutdown event was signaled in dequeue of UserBuffQEl0beach_robot/conv41!
[2026-02-28 17:41:01.211] [30606] [HailoRT] [info] [queue_elements.cpp:738] [run_in_thread] run_pull of queue element PullQEl_hw_read0beach_robot/conv41 was aborted!
[2026-02-28 17:41:01.211] [30606] [HailoRT] [info] [queue_elements.cpp:68] [operator()] Thread in element PullQEl_hw_read0beach_robot/conv41 is not running anymore, exiting..
[2026-02-28 17:41:01.211] [1780] [HailoRT] [info] [queue_elements.cpp:46] [~BaseQueueElement] Queue element PullQEl_hw_read0beach_robot/conv41 has 0 frames in his Queue on destruction
[2026-02-28 17:41:01.211] [30607] [HailoRT] [info] [queue_elements.cpp:68] [operator()] Thread in element UserBuffQEl0beach_robot/conv41 is not running anymore, exiting..
[2026-02-28 17:41:01.211] [1780] [HailoRT] [info] [queue_elements.cpp:46] [~BaseQueueElement] Queue element UserBuffQEl0beach_robot/conv41 has 0 frames in his Queue on destruction
[2026-02-28 17:41:01.211] [30608] [HailoRT] [info] [edge_elements.cpp:396] [run_pull] Reading from stream was aborted!
[2026-02-28 17:41:01.211] [30609] [HailoRT] [info] [queue_elements.cpp:855] [run_in_thread] Shutdown event was signaled in dequeue of UserBuffQEl7beach_robot/conv42!
[2026-02-28 17:41:01.211] [30608] [HailoRT] [info] [queue_elements.cpp:738] [run_in_thread] run_pull of queue element PullQEl_hw_read7beach_robot/conv42 was aborted!
[2026-02-28 17:41:01.211] [1780] [HailoRT] [info] [queue_elements.cpp:46] [~BaseQueueElement] Queue element PullQEl_hw_read7beach_robot/conv42 has 0 frames in his Queue on destruction
[2026-02-28 17:41:01.211] [30609] [HailoRT] [info] [queue_elements.cpp:68] [operator()] Thread in element UserBuffQEl7beach_robot/conv42 is not running anymore, exiting..
[2026-02-28 17:41:01.211] [1780] [HailoRT] [info] [queue_elements.cpp:46] [~BaseQueueElement] Queue element UserBuffQEl7beach_robot/conv42 has 0 frames in his Queue on destruction
[2026-02-28 17:41:01.211] [30610] [HailoRT] [info] [edge_elements.cpp:396] [run_pull] Reading from stream was aborted!
[2026-02-28 17:41:01.211] [30611] [HailoRT] [info] [queue_elements.cpp:855] [run_in_thread] Shutdown event was signaled in dequeue of UserBuffQEl3beach_robot/conv52!
[2026-02-28 17:41:01.211] [30610] [HailoRT] [info] [queue_elements.cpp:738] [run_in_thread] run_pull of queue element PullQEl_hw_read3beach_robot/conv52 was aborted!
[2026-02-28 17:41:01.211] [30610] [HailoRT] [info] [queue_elements.cpp:68] [operator()] Thread in element PullQEl_hw_read3beach_robot/conv52 is not running anymore, exiting..
[2026-02-28 17:41:01.211] [1780] [HailoRT] [info] [queue_elements.cpp:46] [~BaseQueueElement] Queue element PullQEl_hw_read3beach_robot/conv52 has 0 frames in his Queue on destruction
[2026-02-28 17:41:01.211] [30611] [HailoRT] [info] [queue_elements.cpp:68] [operator()] Thread in element UserBuffQEl3beach_robot/conv52 is not running anymore, exiting..
[2026-02-28 17:41:01.212] [1780] [HailoRT] [info] [queue_elements.cpp:46] [~BaseQueueElement] Queue element UserBuffQEl3beach_robot/conv52 has 0 frames in his Queue on destruction
[2026-02-28 17:41:01.212] [30612] [HailoRT] [info] [edge_elements.cpp:396] [run_pull] Reading from stream was aborted!
[2026-02-28 17:41:01.212] [30613] [HailoRT] [info] [queue_elements.cpp:855] [run_in_thread] Shutdown event was signaled in dequeue of UserBuffQEl1beach_robot/conv53!
[2026-02-28 17:41:01.212] [30612] [HailoRT] [info] [queue_elements.cpp:738] [run_in_thread] run_pull of queue element PullQEl_hw_read1beach_robot/conv53 was aborted!
[2026-02-28 17:41:01.212] [30612] [HailoRT] [info] [queue_elements.cpp:68] [operator()] Thread in element PullQEl_hw_read1beach_robot/conv53 is not running anymore, exiting..
[2026-02-28 17:41:01.212] [1780] [HailoRT] [info] [queue_elements.cpp:46] [~BaseQueueElement] Queue element PullQEl_hw_read1beach_robot/conv53 has 0 frames in his Queue on destruction
[2026-02-28 17:41:01.212] [30613] [HailoRT] [info] [queue_elements.cpp:68] [operator()] Thread in element UserBuffQEl1beach_robot/conv53 is not running anymore, exiting..
[2026-02-28 17:41:01.212] [1780] [HailoRT] [info] [queue_elements.cpp:46] [~BaseQueueElement] Queue element UserBuffQEl1beach_robot/conv53 has 0 frames in his Queue on destruction
[2026-02-28 17:41:01.212] [30614] [HailoRT] [info] [edge_elements.cpp:396] [run_pull] Reading from stream was aborted!
[2026-02-28 17:41:01.212] [30615] [HailoRT] [info] [queue_elements.cpp:855] [run_in_thread] Shutdown event was signaled in dequeue of UserBuffQEl2beach_robot/conv62!
[2026-02-28 17:41:01.212] [30614] [HailoRT] [info] [queue_elements.cpp:738] [run_in_thread] run_pull of queue element PullQEl_hw_read2beach_robot/conv62 was aborted!
[2026-02-28 17:41:01.212] [30614] [HailoRT] [info] [queue_elements.cpp:68] [operator()] Thread in element PullQEl_hw_read2beach_robot/conv62 is not running anymore, exiting..
[2026-02-28 17:41:01.212] [1780] [HailoRT] [info] [queue_elements.cpp:46] [~BaseQueueElement] Queue element PullQEl_hw_read2beach_robot/conv62 has 0 frames in his Queue on destruction
[2026-02-28 17:41:01.212] [30615] [HailoRT] [info] [queue_elements.cpp:68] [operator()] Thread in element UserBuffQEl2beach_robot/conv62 is not running anymore, exiting..
[2026-02-28 17:41:01.212] [1780] [HailoRT] [info] [queue_elements.cpp:46] [~BaseQueueElement] Queue element UserBuffQEl2beach_robot/conv62 has 0 frames in his Queue on destruction
[2026-02-28 17:41:01.212] [30616] [HailoRT] [info] [edge_elements.cpp:396] [run_pull] Reading from stream was aborted!
[2026-02-28 17:41:01.212] [30617] [HailoRT] [info] [queue_elements.cpp:855] [run_in_thread] Shutdown event was signaled in dequeue of UserBuffQEl0beach_robot/conv63!
[2026-02-28 17:41:01.212] [30616] [HailoRT] [info] [queue_elements.cpp:738] [run_in_thread] run_pull of queue element PullQEl_hw_read0beach_robot/conv63 was aborted!
[2026-02-28 17:41:01.212] [30616] [HailoRT] [info] [queue_elements.cpp:68] [operator()] Thread in element PullQEl_hw_read0beach_robot/conv63 is not running anymore, exiting..
[2026-02-28 17:41:01.212] [1780] [HailoRT] [info] [queue_elements.cpp:46] [~BaseQueueElement] Queue element PullQEl_hw_read0beach_robot/conv63 has 0 frames in his Queue on destruction
[2026-02-28 17:41:01.212] [30617] [HailoRT] [info] [queue_elements.cpp:68] [operator()] Thread in element UserBuffQEl0beach_robot/conv63 is not running anymore, exiting..
[2026-02-28 17:41:01.212] [1780] [HailoRT] [info] [queue_elements.cpp:46] [~BaseQueueElement] Queue element UserBuffQEl0beach_robot/conv63 has 0 frames in his Queue on destruction
[2026-02-28 17:41:01.603] [1780] [HailoRT] [info] [edge_elements.cpp:52] [create] Created (HwWriteEl2beach_robot/input_layer1 | hw_frame_size: 1228800)
[2026-02-28 17:41:01.603] [1780] [HailoRT] [info] [vstream.cpp:754] [InputVStreamImpl] Creating beach_robot/input_layer1...
[2026-02-28 17:41:01.603] [1780] [HailoRT] [info] [vstream_builder.cpp:102] [create_inputs] Input pipeline 'beach_robot/input_layer1': (HwWriteEl2beach_robot/input_layer1 | hw_frame_size: 1228800) >> HW
[2026-02-28 17:41:01.603] [1780] [HailoRT] [info] [edge_elements.cpp:287] [create] Created (HwReadEl0beach_robot/conv41 | hw_frame_size: 409600)
[2026-02-28 17:41:01.603] [1780] [HailoRT] [info] [queue_elements.cpp:657] [create] Created (PullQEl_hw_read0beach_robot/conv41)
[2026-02-28 17:41:01.603] [1780] [HailoRT] [info] [filter_elements.cpp:372] [create] Created (PostInferEl0beach_robot/conv41 | Quantization - src_type: UINT8, dst_type FLOAT32, limvals_min: -10.8307, limvals_max: 18.5504)
[2026-02-28 17:41:01.603] [1780] [HailoRT] [info] [queue_elements.cpp:800] [create] Created (UserBuffQEl0beach_robot/conv41 | timeout: 10s)
[2026-02-28 17:41:01.603] [1780] [HailoRT] [info] [vstream.cpp:1114] [OutputVStreamImpl] Creating beach_robot/conv41...
[2026-02-28 17:41:01.603] [1780] [HailoRT] [info] [vstream_builder.cpp:220] [create_outputs] Output pipeline 'beach_robot/conv41': HW >> (HwReadEl0beach_robot/conv41 | hw_frame_size: 409600) >> (PullQEl_hw_read0beach_robot/conv41) >> (PostInferEl0beach_robot/conv41 | Quantization - src_type: UINT8, dst_type FLOAT32, limvals_min: -10.8307, limvals_max: 18.5504) >> (UserBuffQEl0beach_robot/conv41 | timeout: 10s)
[2026-02-28 17:41:01.603] [1780] [HailoRT] [info] [edge_elements.cpp:287] [create] Created (HwReadEl7beach_robot/conv42 | hw_frame_size: 12800)
[2026-02-28 17:41:01.603] [1780] [HailoRT] [info] [queue_elements.cpp:657] [create] Created (PullQEl_hw_read7beach_robot/conv42)
[2026-02-28 17:41:01.603] [1780] [HailoRT] [info] [filter_elements.cpp:372] [create] Created (PostInferEl7beach_robot/conv42 | Quantization - src_type: UINT8, dst_type FLOAT32, limvals_min: -25.6857, limvals_max: 0)
[2026-02-28 17:41:01.603] [1780] [HailoRT] [info] [queue_elements.cpp:800] [create] Created (UserBuffQEl7beach_robot/conv42 | timeout: 10s)
[2026-02-28 17:41:01.603] [1780] [HailoRT] [info] [vstream.cpp:1114] [OutputVStreamImpl] Creating beach_robot/conv42...
[2026-02-28 17:41:01.603] [1780] [HailoRT] [info] [vstream_builder.cpp:220] [create_outputs] Output pipeline 'beach_robot/conv42': HW >> (HwReadEl7beach_robot/conv42 | hw_frame_size: 12800) >> (PullQEl_hw_read7beach_robot/conv42) >> (PostInferEl7beach_robot/conv42 | Quantization - src_type: UINT8, dst_type FLOAT32, limvals_min: -25.6857, limvals_max: 0) >> (UserBuffQEl7beach_robot/conv42 | timeout: 10s)
[2026-02-28 17:41:01.603] [1780] [HailoRT] [info] [edge_elements.cpp:287] [create] Created (HwReadEl3beach_robot/conv52 | hw_frame_size: 102400)
[2026-02-28 17:41:01.604] [1780] [HailoRT] [info] [queue_elements.cpp:657] [create] Created (PullQEl_hw_read3beach_robot/conv52)
[2026-02-28 17:41:01.604] [1780] [HailoRT] [info] [filter_elements.cpp:372] [create] Created (PostInferEl3beach_robot/conv52 | Quantization - src_type: UINT8, dst_type FLOAT32, limvals_min: -6.53754, limvals_max: 19.9239)
[2026-02-28 17:41:01.604] [1780] [HailoRT] [info] [queue_elements.cpp:800] [create] Created (UserBuffQEl3beach_robot/conv52 | timeout: 10s)
[2026-02-28 17:41:01.604] [1780] [HailoRT] [info] [vstream.cpp:1114] [OutputVStreamImpl] Creating beach_robot/conv52...
[2026-02-28 17:41:01.604] [1780] [HailoRT] [info] [vstream_builder.cpp:220] [create_outputs] Output pipeline 'beach_robot/conv52': HW >> (HwReadEl3beach_robot/conv52 | hw_frame_size: 102400) >> (PullQEl_hw_read3beach_robot/conv52) >> (PostInferEl3beach_robot/conv52 | Quantization - src_type: UINT8, dst_type FLOAT32, limvals_min: -6.53754, limvals_max: 19.9239) >> (UserBuffQEl3beach_robot/conv52 | timeout: 10s)
[2026-02-28 17:41:01.604] [1780] [HailoRT] [info] [edge_elements.cpp:287] [create] Created (HwReadEl1beach_robot/conv53 | hw_frame_size: 3200)
[2026-02-28 17:41:01.604] [1780] [HailoRT] [info] [queue_elements.cpp:657] [create] Created (PullQEl_hw_read1beach_robot/conv53)
[2026-02-28 17:41:01.604] [1780] [HailoRT] [info] [filter_elements.cpp:372] [create] Created (PostInferEl1beach_robot/conv53 | Quantization - src_type: UINT8, dst_type FLOAT32, limvals_min: -15.7441, limvals_max: 0)
[2026-02-28 17:41:01.604] [1780] [HailoRT] [info] [queue_elements.cpp:800] [create] Created (UserBuffQEl1beach_robot/conv53 | timeout: 10s)
[2026-02-28 17:41:01.604] [1780] [HailoRT] [info] [vstream.cpp:1114] [OutputVStreamImpl] Creating beach_robot/conv53...
[2026-02-28 17:41:01.604] [1780] [HailoRT] [info] [vstream_builder.cpp:220] [create_outputs] Output pipeline 'beach_robot/conv53': HW >> (HwReadEl1beach_robot/conv53 | hw_frame_size: 3200) >> (PullQEl_hw_read1beach_robot/conv53) >> (PostInferEl1beach_robot/conv53 | Quantization - src_type: UINT8, dst_type FLOAT32, limvals_min: -15.7441, limvals_max: 0) >> (UserBuffQEl1beach_robot/conv53 | timeout: 10s)
[2026-02-28 17:41:01.604] [1780] [HailoRT] [info] [edge_elements.cpp:287] [create] Created (HwReadEl2beach_robot/conv62 | hw_frame_size: 25600)
[2026-02-28 17:41:01.604] [1780] [HailoRT] [info] [queue_elements.cpp:657] [create] Created (PullQEl_hw_read2beach_robot/conv62)
[2026-02-28 17:41:01.604] [1780] [HailoRT] [info] [filter_elements.cpp:372] [create] Created (PostInferEl2beach_robot/conv62 | Quantization - src_type: UINT8, dst_type FLOAT32, limvals_min: -8.27399, limvals_max: 14.6594)
[2026-02-28 17:41:01.604] [1780] [HailoRT] [info] [queue_elements.cpp:800] [create] Created (UserBuffQEl2beach_robot/conv62 | timeout: 10s)
[2026-02-28 17:41:01.604] [1780] [HailoRT] [info] [vstream.cpp:1114] [OutputVStreamImpl] Creating beach_robot/conv62...
[2026-02-28 17:41:01.604] [1780] [HailoRT] [info] [vstream_builder.cpp:220] [create_outputs] Output pipeline 'beach_robot/conv62': HW >> (HwReadEl2beach_robot/conv62 | hw_frame_size: 25600) >> (PullQEl_hw_read2beach_robot/conv62) >> (PostInferEl2beach_robot/conv62 | Quantization - src_type: UINT8, dst_type FLOAT32, limvals_min: -8.27399, limvals_max: 14.6594) >> (UserBuffQEl2beach_robot/conv62 | timeout: 10s)
[2026-02-28 17:41:01.604] [1780] [HailoRT] [info] [edge_elements.cpp:287] [create] Created (HwReadEl0beach_robot/conv63 | hw_frame_size: 3200)
[2026-02-28 17:41:01.604] [1780] [HailoRT] [info] [queue_elements.cpp:657] [create] Created (PullQEl_hw_read0beach_robot/conv63)
[2026-02-28 17:41:01.604] [1780] [HailoRT] [info] [filter_elements.cpp:372] [create] Created (PostInferEl0beach_robot/conv63 | Quantization - src_type: UINT8, dst_type FLOAT32, limvals_min: -15.2921, limvals_max: 1.44388 | Reorder - src_order: FCR, src_shape: (20, 20, 8), dst_order: FCR, dst_shape: (20, 20, 2))
[2026-02-28 17:41:01.604] [1780] [HailoRT] [info] [queue_elements.cpp:800] [create] Created (UserBuffQEl0beach_robot/conv63 | timeout: 10s)
[2026-02-28 17:41:01.604] [1780] [HailoRT] [info] [vstream.cpp:1114] [OutputVStreamImpl] Creating beach_robot/conv63...
[2026-02-28 17:41:01.604] [1780] [HailoRT] [info] [vstream_builder.cpp:220] [create_outputs] Output pipeline 'beach_robot/conv63': HW >> (HwReadEl0beach_robot/conv63 | hw_frame_size: 3200) >> (PullQEl_hw_read0beach_robot/conv63) >> (PostInferEl0beach_robot/conv63 | Quantization - src_type: UINT8, dst_type FLOAT32, limvals_min: -15.2921, limvals_max: 1.44388 | Reorder - src_order: FCR, src_shape: (20, 20, 8), dst_order: FCR, dst_shape: (20, 20, 2)) >> (UserBuffQEl0beach_robot/conv63 | timeout: 10s)
[2026-02-28 17:41:01.605] [1780] [HailoRT] [info] [core_op.cpp:156] [activate] Activating beach_robot took 0.516127 milliseconds. Note that the function is asynchronous and thus the network is not fully activated yet.
[2026-02-28 17:41:01.605] [1780] [HailoRT] [info] [core_op.cpp:156] [activate] Activating beach_robot took 0.528238 milliseconds. Note that the function is asynchronous and thus the network is not fully activated yet.
[2026-02-28 17:41:01.624] [1770] [HailoRT] [info] [vdevice_native_stream.cpp:331] [read_impl] Failed read from stream HAILO_STREAM_NOT_ACTIVATED(72) (device: 0001:01:00.0)
[2026-02-28 17:41:01.624] [1769] [HailoRT] [info] [vdevice_native_stream.cpp:331] [read_impl] Failed read from stream HAILO_STREAM_NOT_ACTIVATED(72) (device: 0001:01:00.0)
[2026-02-28 17:41:01.624] [1768] [HailoRT] [info] [vdevice_native_stream.cpp:331] [read_impl] Failed read from stream HAILO_STREAM_NOT_ACTIVATED(72) (device: 0001:01:00.0)
[2026-02-28 17:41:01.624] [1771] [HailoRT] [info] [vdevice_native_stream.cpp:331] [read_impl] Failed read from stream HAILO_STREAM_NOT_ACTIVATED(72) (device: 0001:01:00.0)
[2026-02-28 17:41:01.624] [1773] [HailoRT] [info] [vdevice_native_stream.cpp:331] [read_impl] Failed read from stream HAILO_STREAM_NOT_ACTIVATED(72) (device: 0001:01:00.0)
[2026-02-28 17:41:01.624] [1772] [HailoRT] [info] [vdevice_native_stream.cpp:331] [read_impl] Failed read from stream HAILO_STREAM_NOT_ACTIVATED(72) (device: 0001:01:00.0)
[2026-02-28 17:41:01.624] [1780] [HailoRT] [info] [core_op.cpp:186] [deactivate] Deactivating took 0.499794 ms
[2026-02-28 17:41:01.624] [1780] [HailoRT] [info] [core_op.cpp:186] [deactivate] Deactivating took 0.514294 ms
[2026-02-28 17:41:01.625] [30625] [HailoRT] [info] [edge_elements.cpp:396] [run_pull] Reading from stream was aborted!
[2026-02-28 17:41:01.625] [30625] [HailoRT] [info] [queue_elements.cpp:738] [run_in_thread] run_pull of queue element PullQEl_hw_read0beach_robot/conv41 was aborted!
[2026-02-28 17:41:01.625] [30626] [HailoRT] [info] [queue_elements.cpp:855] [run_in_thread] Shutdown event was signaled in dequeue of UserBuffQEl0beach_robot/conv41!
[2026-02-28 17:41:01.625] [30625] [HailoRT] [info] [queue_elements.cpp:68] [operator()] Thread in element PullQEl_hw_read0beach_robot/conv41 is not running anymore, exiting..
[2026-02-28 17:41:01.625] [1780] [HailoRT] [info] [queue_elements.cpp:46] [~BaseQueueElement] Queue element PullQEl_hw_read0beach_robot/conv41 has 0 frames in his Queue on destruction
[2026-02-28 17:41:01.625] [30626] [HailoRT] [info] [queue_elements.cpp:68] [operator()] Thread in element UserBuffQEl0beach_robot/conv41 is not running anymore, exiting..
[2026-02-28 17:41:01.625] [1780] [HailoRT] [info] [queue_elements.cpp:46] [~BaseQueueElement] Queue element UserBuffQEl0beach_robot/conv41 has 0 frames in his Queue on destruction
[2026-02-28 17:41:01.625] [30627] [HailoRT] [info] [edge_elements.cpp:396] [run_pull] Reading from stream was aborted!
[2026-02-28 17:41:01.625] [30628] [HailoRT] [info] [queue_elements.cpp:855] [run_in_thread] Shutdown event was signaled in dequeue of UserBuffQEl7beach_robot/conv42!
[2026-02-28 17:41:01.625] [30627] [HailoRT] [info] [queue_elements.cpp:738] [run_in_thread] run_pull of queue element PullQEl_hw_read7beach_robot/conv42 was aborted!
[2026-02-28 17:41:01.625] [30627] [HailoRT] [info] [queue_elements.cpp:68] [operator()] Thread in element PullQEl_hw_read7beach_robot/conv42 is not running anymore, exiting..
[2026-02-28 17:41:01.625] [1780] [HailoRT] [info] [queue_elements.cpp:46] [~BaseQueueElement] Queue element PullQEl_hw_read7beach_robot/conv42 has 0 frames in his Queue on destruction
[2026-02-28 17:41:01.625] [30628] [HailoRT] [info] [queue_elements.cpp:68] [operator()] Thread in element UserBuffQEl7beach_robot/conv42 is not running anymore, exiting..
[2026-02-28 17:41:01.625] [1780] [HailoRT] [info] [queue_elements.cpp:46] [~BaseQueueElement] Queue element UserBuffQEl7beach_robot/conv42 has 0 frames in his Queue on destruction
[2026-02-28 17:41:01.625] [30629] [HailoRT] [info] [edge_elements.cpp:396] [run_pull] Reading from stream was aborted!
[2026-02-28 17:41:01.625] [30630] [HailoRT] [info] [queue_elements.cpp:855] [run_in_thread] Shutdown event was signaled in dequeue of UserBuffQEl3beach_robot/conv52!
[2026-02-28 17:41:01.625] [30629] [HailoRT] [info] [queue_elements.cpp:738] [run_in_thread] run_pull of queue element PullQEl_hw_read3beach_robot/conv52 was aborted!
[2026-02-28 17:41:01.625] [30629] [HailoRT] [info] [queue_elements.cpp:68] [operator()] Thread in element PullQEl_hw_read3beach_robot/conv52 is not running anymore, exiting..
[2026-02-28 17:41:01.625] [1780] [HailoRT] [info] [queue_elements.cpp:46] [~BaseQueueElement] Queue element PullQEl_hw_read3beach_robot/conv52 has 0 frames in his Queue on destruction
[2026-02-28 17:41:01.625] [30630] [HailoRT] [info] [queue_elements.cpp:68] [operator()] Thread in element UserBuffQEl3beach_robot/conv52 is not running anymore, exiting..
[2026-02-28 17:41:01.625] [1780] [HailoRT] [info] [queue_elements.cpp:46] [~BaseQueueElement] Queue element UserBuffQEl3beach_robot/conv52 has 0 frames in his Queue on destruction
[2026-02-28 17:41:01.625] [30631] [HailoRT] [info] [edge_elements.cpp:396] [run_pull] Reading from stream was aborted!
[2026-02-28 17:41:01.625] [30631] [HailoRT] [info] [queue_elements.cpp:738] [run_in_thread] run_pull of queue element PullQEl_hw_read1beach_robot/conv53 was aborted!
[2026-02-28 17:41:01.625] [30632] [HailoRT] [info] [queue_elements.cpp:855] [run_in_thread] Shutdown event was signaled in dequeue of UserBuffQEl1beach_robot/conv53!
[2026-02-28 17:41:01.625] [30631] [HailoRT] [info] [queue_elements.cpp:68] [operator()] Thread in element PullQEl_hw_read1beach_robot/conv53 is not running anymore, exiting..
[2026-02-28 17:41:01.625] [1780] [HailoRT] [info] [queue_elements.cpp:46] [~BaseQueueElement] Queue element PullQEl_hw_read1beach_robot/conv53 has 0 frames in his Queue on destruction
[2026-02-28 17:41:01.625] [30632] [HailoRT] [info] [queue_elements.cpp:68] [operator()] Thread in element UserBuffQEl1beach_robot/conv53 is not running anymore, exiting..
[2026-02-28 17:41:01.625] [1780] [HailoRT] [info] [queue_elements.cpp:46] [~BaseQueueElement] Queue element UserBuffQEl1beach_robot/conv53 has 0 frames in his Queue on destruction
[2026-02-28 17:41:01.625] [30633] [HailoRT] [info] [edge_elements.cpp:396] [run_pull] Reading from stream was aborted!
[2026-02-28 17:41:01.625] [30633] [HailoRT] [info] [queue_elements.cpp:738] [run_in_thread] run_pull of queue element PullQEl_hw_read2beach_robot/conv62 was aborted!
[2026-02-28 17:41:01.625] [30634] [HailoRT] [info] [queue_elements.cpp:855] [run_in_thread] Shutdown event was signaled in dequeue of UserBuffQEl2beach_robot/conv62!
[2026-02-28 17:41:01.625] [30633] [HailoRT] [info] [queue_elements.cpp:68] [operator()] Thread in element PullQEl_hw_read2beach_robot/conv62 is not running anymore, exiting..
[2026-02-28 17:41:01.625] [1780] [HailoRT] [info] [queue_elements.cpp:46] [~BaseQueueElement] Queue element PullQEl_hw_read2beach_robot/conv62 has 0 frames in his Queue on destruction
[2026-02-28 17:41:01.625] [30634] [HailoRT] [info] [queue_elements.cpp:68] [operator()] Thread in element UserBuffQEl2beach_robot/conv62 is not running anymore, exiting..
[2026-02-28 17:41:01.625] [1780] [HailoRT] [info] [queue_elements.cpp:46] [~BaseQueueElement] Queue element UserBuffQEl2beach_robot/conv62 has 0 frames in his Queue on destruction
[2026-02-28 17:41:01.625] [30635] [HailoRT] [info] [edge_elements.cpp:396] [run_pull] Reading from stream was aborted!
[2026-02-28 17:41:01.625] [30635] [HailoRT] [info] [queue_elements.cpp:738] [run_in_thread] run_pull of queue element PullQEl_hw_read0beach_robot/conv63 was aborted!
[2026-02-28 17:41:01.625] [30636] [HailoRT] [info] [queue_elements.cpp:855] [run_in_thread] Shutdown event was signaled in dequeue of UserBuffQEl0beach_robot/conv63!
[2026-02-28 17:41:01.625] [30635] [HailoRT] [info] [queue_elements.cpp:68] [operator()] Thread in element PullQEl_hw_read0beach_robot/conv63 is not running anymore, exiting..
[2026-02-28 17:41:01.625] [1780] [HailoRT] [info] [queue_elements.cpp:46] [~BaseQueueElement] Queue element PullQEl_hw_read0beach_robot/conv63 has 0 frames in his Queue on destruction
[2026-02-28 17:41:01.625] [30636] [HailoRT] [info] [queue_elements.cpp:68] [operator()] Thread in element UserBuffQEl0beach_robot/conv63 is not running anymore, exiting..
[2026-02-28 17:41:01.625] [1780] [HailoRT] [info] [queue_elements.cpp:46] [~BaseQueueElement] Queue element UserBuffQEl0beach_robot/conv63 has 0 frames in his Queue on destruction
[2026-02-28 17:41:02.016] [1780] [HailoRT] [info] [edge_elements.cpp:52] [create] Created (HwWriteEl2beach_robot/input_layer1 | hw_frame_size: 1228800)
[2026-02-28 17:41:02.016] [1780] [HailoRT] [info] [vstream.cpp:754] [InputVStreamImpl] Creating beach_robot/input_layer1...
[2026-02-28 17:41:02.016] [1780] [HailoRT] [info] [vstream_builder.cpp:102] [create_inputs] Input pipeline 'beach_robot/input_layer1': (HwWriteEl2beach_robot/input_layer1 | hw_frame_size: 1228800) >> HW
[2026-02-28 17:41:02.016] [1780] [HailoRT] [info] [edge_elements.cpp:287] [create] Created (HwReadEl0beach_robot/conv41 | hw_frame_size: 409600)
[2026-02-28 17:41:02.016] [1780] [HailoRT] [info] [queue_elements.cpp:657] [create] Created (PullQEl_hw_read0beach_robot/conv41)
[2026-02-28 17:41:02.016] [1780] [HailoRT] [info] [filter_elements.cpp:372] [create] Created (PostInferEl0beach_robot/conv41 | Quantization - src_type: UINT8, dst_type FLOAT32, limvals_min: -10.8307, limvals_max: 18.5504)
[2026-02-28 17:41:02.016] [1780] [HailoRT] [info] [queue_elements.cpp:800] [create] Created (UserBuffQEl0beach_robot/conv41 | timeout: 10s)
[2026-02-28 17:41:02.016] [1780] [HailoRT] [info] [vstream.cpp:1114] [OutputVStreamImpl] Creating beach_robot/conv41...
[2026-02-28 17:41:02.017] [1780] [HailoRT] [info] [vstream_builder.cpp:220] [create_outputs] Output pipeline 'beach_robot/conv41': HW >> (HwReadEl0beach_robot/conv41 | hw_frame_size: 409600) >> (PullQEl_hw_read0beach_robot/conv41) >> (PostInferEl0beach_robot/conv41 | Quantization - src_type: UINT8, dst_type FLOAT32, limvals_min: -10.8307, limvals_max: 18.5504) >> (UserBuffQEl0beach_robot/conv41 | timeout: 10s)
[2026-02-28 17:41:02.017] [1780] [HailoRT] [info] [edge_elements.cpp:287] [create] Created (HwReadEl7beach_robot/conv42 | hw_frame_size: 12800)
[2026-02-28 17:41:02.017] [1780] [HailoRT] [info] [queue_elements.cpp:657] [create] Created (PullQEl_hw_read7beach_robot/conv42)
[2026-02-28 17:41:02.017] [1780] [HailoRT] [info] [filter_elements.cpp:372] [create] Created (PostInferEl7beach_robot/conv42 | Quantization - src_type: UINT8, dst_type FLOAT32, limvals_min: -25.6857, limvals_max: 0)
[2026-02-28 17:41:02.017] [1780] [HailoRT] [info] [queue_elements.cpp:800] [create] Created (UserBuffQEl7beach_robot/conv42 | timeout: 10s)
[2026-02-28 17:41:02.017] [1780] [HailoRT] [info] [vstream.cpp:1114] [OutputVStreamImpl] Creating beach_robot/conv42...
[2026-02-28 17:41:02.017] [1780] [HailoRT] [info] [vstream_builder.cpp:220] [create_outputs] Output pipeline 'beach_robot/conv42': HW >> (HwReadEl7beach_robot/conv42 | hw_frame_size: 12800) >> (PullQEl_hw_read7beach_robot/conv42) >> (PostInferEl7beach_robot/conv42 | Quantization - src_type: UINT8, dst_type FLOAT32, limvals_min: -25.6857, limvals_max: 0) >> (UserBuffQEl7beach_robot/conv42 | timeout: 10s)
[2026-02-28 17:41:02.017] [1780] [HailoRT] [info] [edge_elements.cpp:287] [create] Created (HwReadEl3beach_robot/conv52 | hw_frame_size: 102400)
[2026-02-28 17:41:02.017] [1780] [HailoRT] [info] [queue_elements.cpp:657] [create] Created (PullQEl_hw_read3beach_robot/conv52)
[2026-02-28 17:41:02.017] [1780] [HailoRT] [info] [filter_elements.cpp:372] [create] Created (PostInferEl3beach_robot/conv52 | Quantization - src_type: UINT8, dst_type FLOAT32, limvals_min: -6.53754, limvals_max: 19.9239)
[2026-02-28 17:41:02.017] [1780] [HailoRT] [info] [queue_elements.cpp:800] [create] Created (UserBuffQEl3beach_robot/conv52 | timeout: 10s)
[2026-02-28 17:41:02.017] [1780] [HailoRT] [info] [vstream.cpp:1114] [OutputVStreamImpl] Creating beach_robot/conv52...
[2026-02-28 17:41:02.017] [1780] [HailoRT] [info] [vstream_builder.cpp:220] [create_outputs] Output pipeline 'beach_robot/conv52': HW >> (HwReadEl3beach_robot/conv52 | hw_frame_size: 102400) >> (PullQEl_hw_read3beach_robot/conv52) >> (PostInferEl3beach_robot/conv52 | Quantization - src_type: UINT8, dst_type FLOAT32, limvals_min: -6.53754, limvals_max: 19.9239) >> (UserBuffQEl3beach_robot/conv52 | timeout: 10s)
[2026-02-28 17:41:02.017] [1780] [HailoRT] [info] [edge_elements.cpp:287] [create] Created (HwReadEl1beach_robot/conv53 | hw_frame_size: 3200)
[2026-02-28 17:41:02.017] [1780] [HailoRT] [info] [queue_elements.cpp:657] [create] Created (PullQEl_hw_read1beach_robot/conv53)
[2026-02-28 17:41:02.017] [1780] [HailoRT] [info] [filter_elements.cpp:372] [create] Created (PostInferEl1beach_robot/conv53 | Quantization - src_type: UINT8, dst_type FLOAT32, limvals_min: -15.7441, limvals_max: 0)
[2026-02-28 17:41:02.017] [1780] [HailoRT] [info] [queue_elements.cpp:800] [create] Created (UserBuffQEl1beach_robot/conv53 | timeout: 10s)
[2026-02-28 17:41:02.017] [1780] [HailoRT] [info] [vstream.cpp:1114] [OutputVStreamImpl] Creating beach_robot/conv53...
[2026-02-28 17:41:02.017] [1780] [HailoRT] [info] [vstream_builder.cpp:220] [create_outputs] Output pipeline 'beach_robot/conv53': HW >> (HwReadEl1beach_robot/conv53 | hw_frame_size: 3200) >> (PullQEl_hw_read1beach_robot/conv53) >> (PostInferEl1beach_robot/conv53 | Quantization - src_type: UINT8, dst_type FLOAT32, limvals_min: -15.7441, limvals_max: 0) >> (UserBuffQEl1beach_robot/conv53 | timeout: 10s)
[2026-02-28 17:41:02.017] [1780] [HailoRT] [info] [edge_elements.cpp:287] [create] Created (HwReadEl2beach_robot/conv62 | hw_frame_size: 25600)
[2026-02-28 17:41:02.017] [1780] [HailoRT] [info] [queue_elements.cpp:657] [create] Created (PullQEl_hw_read2beach_robot/conv62)
[2026-02-28 17:41:02.017] [1780] [HailoRT] [info] [filter_elements.cpp:372] [create] Created (PostInferEl2beach_robot/conv62 | Quantization - src_type: UINT8, dst_type FLOAT32, limvals_min: -8.27399, limvals_max: 14.6594)
[2026-02-28 17:41:02.017] [1780] [HailoRT] [info] [queue_elements.cpp:800] [create] Created (UserBuffQEl2beach_robot/conv62 | timeout: 10s)
[2026-02-28 17:41:02.017] [1780] [HailoRT] [info] [vstream.cpp:1114] [OutputVStreamImpl] Creating beach_robot/conv62...
[2026-02-28 17:41:02.017] [1780] [HailoRT] [info] [vstream_builder.cpp:220] [create_outputs] Output pipeline 'beach_robot/conv62': HW >> (HwReadEl2beach_robot/conv62 | hw_frame_size: 25600) >> (PullQEl_hw_read2beach_robot/conv62) >> (PostInferEl2beach_robot/conv62 | Quantization - src_type: UINT8, dst_type FLOAT32, limvals_min: -8.27399, limvals_max: 14.6594) >> (UserBuffQEl2beach_robot/conv62 | timeout: 10s)
[2026-02-28 17:41:02.017] [1780] [HailoRT] [info] [edge_elements.cpp:287] [create] Created (HwReadEl0beach_robot/conv63 | hw_frame_size: 3200)
[2026-02-28 17:41:02.017] [1780] [HailoRT] [info] [queue_elements.cpp:657] [create] Created (PullQEl_hw_read0beach_robot/conv63)
[2026-02-28 17:41:02.017] [1780] [HailoRT] [info] [filter_elements.cpp:372] [create] Created (PostInferEl0beach_robot/conv63 | Quantization - src_type: UINT8, dst_type FLOAT32, limvals_min: -15.2921, limvals_max: 1.44388 | Reorder - src_order: FCR, src_shape: (20, 20, 8), dst_order: FCR, dst_shape: (20, 20, 2))
[2026-02-28 17:41:02.017] [1780] [HailoRT] [info] [queue_elements.cpp:800] [create] Created (UserBuffQEl0beach_robot/conv63 | timeout: 10s)
[2026-02-28 17:41:02.017] [1780] [HailoRT] [info] [vstream.cpp:1114] [OutputVStreamImpl] Creating beach_robot/conv63...
[2026-02-28 17:41:02.017] [1780] [HailoRT] [info] [vstream_builder.cpp:220] [create_outputs] Output pipeline 'beach_robot/conv63': HW >> (HwReadEl0beach_robot/conv63 | hw_frame_size: 3200) >> (PullQEl_hw_read0beach_robot/conv63) >> (PostInferEl0beach_robot/conv63 | Quantization - src_type: UINT8, dst_type FLOAT32, limvals_min: -15.2921, limvals_max: 1.44388 | Reorder - src_order: FCR, src_shape: (20, 20, 8), dst_order: FCR, dst_shape: (20, 20, 2)) >> (UserBuffQEl0beach_robot/conv63 | timeout: 10s)
[2026-02-28 17:41:02.018] [1780] [HailoRT] [info] [core_op.cpp:156] [activate] Activating beach_robot took 0.516516 milliseconds. Note that the function is asynchronous and thus the network is not fully activated yet.
[2026-02-28 17:41:02.018] [1780] [HailoRT] [info] [core_op.cpp:156] [activate] Activating beach_robot took 0.528312 milliseconds. Note that the function is asynchronous and thus the network is not fully activated yet.
[2026-02-28 17:41:02.037] [1770] [HailoRT] [info] [vdevice_native_stream.cpp:331] [read_impl] Failed read from stream HAILO_STREAM_NOT_ACTIVATED(72) (device: 0001:01:00.0)
[2026-02-28 17:41:02.037] [1769] [HailoRT] [info] [vdevice_native_stream.cpp:331] [read_impl] Failed read from stream HAILO_STREAM_NOT_ACTIVATED(72) (device: 0001:01:00.0)
[2026-02-28 17:41:02.037] [1768] [HailoRT] [info] [vdevice_native_stream.cpp:331] [read_impl] Failed read from stream HAILO_STREAM_NOT_ACTIVATED(72) (device: 0001:01:00.0)
[2026-02-28 17:41:02.037] [1771] [HailoRT] [info] [vdevice_native_stream.cpp:331] [read_impl] Failed read from stream HAILO_STREAM_NOT_ACTIVATED(72) (device: 0001:01:00.0)
[2026-02-28 17:41:02.037] [1773] [HailoRT] [info] [vdevice_native_stream.cpp:331] [read_impl] Failed read from stream HAILO_STREAM_NOT_ACTIVATED(72) (device: 0001:01:00.0)
[2026-02-28 17:41:02.037] [1772] [HailoRT] [info] [vdevice_native_stream.cpp:331] [read_impl] Failed read from stream HAILO_STREAM_NOT_ACTIVATED(72) (device: 0001:01:00.0)
[2026-02-28 17:41:02.038] [1780] [HailoRT] [info] [core_op.cpp:186] [deactivate] Deactivating took 0.501368 ms
[2026-02-28 17:41:02.038] [1780] [HailoRT] [info] [core_op.cpp:186] [deactivate] Deactivating took 0.515738 ms
[2026-02-28 17:41:02.038] [30644] [HailoRT] [info] [edge_elements.cpp:396] [run_pull] Reading from stream was aborted!
[2026-02-28 17:41:02.038] [30645] [HailoRT] [info] [queue_elements.cpp:855] [run_in_thread] Shutdown event was signaled in dequeue of UserBuffQEl0beach_robot/conv41!
[2026-02-28 17:41:02.038] [30644] [HailoRT] [info] [queue_elements.cpp:738] [run_in_thread] run_pull of queue element PullQEl_hw_read0beach_robot/conv41 was aborted!
[2026-02-28 17:41:02.038] [30644] [HailoRT] [info] [queue_elements.cpp:68] [operator()] Thread in element PullQEl_hw_read0beach_robot/conv41 is not running anymore, exiting..
[2026-02-28 17:41:02.038] [1780] [HailoRT] [info] [queue_elements.cpp:46] [~BaseQueueElement] Queue element PullQEl_hw_read0beach_robot/conv41 has 0 frames in his Queue on destruction
[2026-02-28 17:41:02.038] [30645] [HailoRT] [info] [queue_elements.cpp:68] [operator()] Thread in element UserBuffQEl0beach_robot/conv41 is not running anymore, exiting..
[2026-02-28 17:41:02.038] [1780] [HailoRT] [info] [queue_elements.cpp:46] [~BaseQueueElement] Queue element UserBuffQEl0beach_robot/conv41 has 0 frames in his Queue on destruction
[2026-02-28 17:41:02.038] [30646] [HailoRT] [info] [edge_elements.cpp:396] [run_pull] Reading from stream was aborted!
[2026-02-28 17:41:02.038] [30647] [HailoRT] [info] [queue_elements.cpp:855] [run_in_thread] Shutdown event was signaled in dequeue of UserBuffQEl7beach_robot/conv42!
[2026-02-28 17:41:02.038] [30646] [HailoRT] [info] [queue_elements.cpp:738] [run_in_thread] run_pull of queue element PullQEl_hw_read7beach_robot/conv42 was aborted!
[2026-02-28 17:41:02.038] [30646] [HailoRT] [info] [queue_elements.cpp:68] [operator()] Thread in element PullQEl_hw_read7beach_robot/conv42 is not running anymore, exiting..
[2026-02-28 17:41:02.038] [1780] [HailoRT] [info] [queue_elements.cpp:46] [~BaseQueueElement] Queue element PullQEl_hw_read7beach_robot/conv42 has 0 frames in his Queue on destruction
[2026-02-28 17:41:02.038] [30647] [HailoRT] [info] [queue_elements.cpp:68] [operator()] Thread in element UserBuffQEl7beach_robot/conv42 is not running anymore, exiting..
[2026-02-28 17:41:02.038] [1780] [HailoRT] [info] [queue_elements.cpp:46] [~BaseQueueElement] Queue element UserBuffQEl7beach_robot/conv42 has 0 frames in his Queue on destruction
[2026-02-28 17:41:02.038] [30648] [HailoRT] [info] [edge_elements.cpp:396] [run_pull] Reading from stream was aborted!
[2026-02-28 17:41:02.038] [30648] [HailoRT] [info] [queue_elements.cpp:738] [run_in_thread] run_pull of queue element PullQEl_hw_read3beach_robot/conv52 was aborted!
[2026-02-28 17:41:02.038] [30649] [HailoRT] [info] [queue_elements.cpp:855] [run_in_thread] Shutdown event was signaled in dequeue of UserBuffQEl3beach_robot/conv52!
[2026-02-28 17:41:02.038] [30648] [HailoRT] [info] [queue_elements.cpp:68] [operator()] Thread in element PullQEl_hw_read3beach_robot/conv52 is not running anymore, exiting..
[2026-02-28 17:41:02.038] [1780] [HailoRT] [info] [queue_elements.cpp:46] [~BaseQueueElement] Queue element PullQEl_hw_read3beach_robot/conv52 has 0 frames in his Queue on destruction
[2026-02-28 17:41:02.038] [30649] [HailoRT] [info] [queue_elements.cpp:68] [operator()] Thread in element UserBuffQEl3beach_robot/conv52 is not running anymore, exiting..
[2026-02-28 17:41:02.038] [1780] [HailoRT] [info] [queue_elements.cpp:46] [~BaseQueueElement] Queue element UserBuffQEl3beach_robot/conv52 has 0 frames in his Queue on destruction
[2026-02-28 17:41:02.038] [30650] [HailoRT] [info] [edge_elements.cpp:396] [run_pull] Reading from stream was aborted!
[2026-02-28 17:41:02.038] [3