[2026-04-28 17:13:56.577] [3710] [HailoRT] [info] [vstream_builder.cpp:220] [create_outputs] Output pipeline 'beach_robot/conv63': HW >> (HwReadEl0beach_robot/conv63 | hw_frame_size: 3200) >> (PullQEl_hw_read0beach_robot/conv63) >> (PostInferEl0beach_robot/conv63 | Quantization - src_type: UINT8, dst_type FLOAT32, limvals_min: -15.2921, limvals_max: 1.44388 | Reorder - src_order: FCR, src_shape: (20, 20, 8), dst_order: FCR, dst_shape: (20, 20, 2)) >> (UserBuffQEl0beach_robot/conv63 | timeout: 10s)
[2026-04-28 17:13:56.578] [3710] [HailoRT] [info] [core_op.cpp:156] [activate] Activating beach_robot took 0.5323 milliseconds. Note that the function is asynchronous and thus the network is not fully activated yet.
[2026-04-28 17:13:56.578] [3710] [HailoRT] [info] [core_op.cpp:156] [activate] Activating beach_robot took 0.54304 milliseconds. Note that the function is asynchronous and thus the network is not fully activated yet.
[2026-04-28 17:13:56.597] [5488] [HailoRT] [info] [vdevice_native_stream.cpp:331] [read_impl] Failed read from stream HAILO_STREAM_NOT_ACTIVATED(72) (device: 0001:01:00.0)
[2026-04-28 17:13:56.597] [5480] [HailoRT] [info] [vdevice_native_stream.cpp:331] [read_impl] Failed read from stream HAILO_STREAM_NOT_ACTIVATED(72) (device: 0001:01:00.0)
[2026-04-28 17:13:56.597] [5490] [HailoRT] [info] [vdevice_native_stream.cpp:331] [read_impl] Failed read from stream HAILO_STREAM_NOT_ACTIVATED(72) (device: 0001:01:00.0)
[2026-04-28 17:13:56.597] [5486] [HailoRT] [info] [vdevice_native_stream.cpp:331] [read_impl] Failed read from stream HAILO_STREAM_NOT_ACTIVATED(72) (device: 0001:01:00.0)
[2026-04-28 17:13:56.597] [5484] [HailoRT] [info] [vdevice_native_stream.cpp:331] [read_impl] Failed read from stream HAILO_STREAM_NOT_ACTIVATED(72) (device: 0001:01:00.0)
[2026-04-28 17:13:56.597] [5482] [HailoRT] [info] [vdevice_native_stream.cpp:331] [read_impl] Failed read from stream HAILO_STREAM_NOT_ACTIVATED(72) (device: 0001:01:00.0)
[2026-04-28 17:13:56.597] [3710] [HailoRT] [info] [core_op.cpp:186] [deactivate] Deactivating took 0.501042 ms
[2026-04-28 17:13:56.597] [3710] [HailoRT] [info] [core_op.cpp:186] [deactivate] Deactivating took 0.512541 ms
[2026-04-28 17:13:56.597] [5480] [HailoRT] [info] [queue_elements.cpp:734] [run_in_thread] Shutdown event was signaled in run_pull of queue element PullQEl_hw_read0beach_robot/conv41!
[2026-04-28 17:13:56.597] [5481] [HailoRT] [info] [queue_elements.cpp:855] [run_in_thread] Shutdown event was signaled in dequeue of UserBuffQEl0beach_robot/conv41!
[2026-04-28 17:13:56.597] [5480] [HailoRT] [info] [queue_elements.cpp:68] [operator()] Thread in element PullQEl_hw_read0beach_robot/conv41 is not running anymore, exiting..
[2026-04-28 17:13:56.597] [3710] [HailoRT] [info] [queue_elements.cpp:46] [~BaseQueueElement] Queue element PullQEl_hw_read0beach_robot/conv41 has 0 frames in his Queue on destruction
[2026-04-28 17:13:56.597] [5481] [HailoRT] [info] [queue_elements.cpp:68] [operator()] Thread in element UserBuffQEl0beach_robot/conv41 is not running anymore, exiting..
[2026-04-28 17:13:56.597] [3710] [HailoRT] [info] [queue_elements.cpp:46] [~BaseQueueElement] Queue element UserBuffQEl0beach_robot/conv41 has 0 frames in his Queue on destruction
[2026-04-28 17:13:56.597] [5482] [HailoRT] [info] [queue_elements.cpp:734] [run_in_thread] Shutdown event was signaled in run_pull of queue element PullQEl_hw_read7beach_robot/conv42!
[2026-04-28 17:13:56.597] [5483] [HailoRT] [info] [queue_elements.cpp:855] [run_in_thread] Shutdown event was signaled in dequeue of UserBuffQEl7beach_robot/conv42!
[2026-04-28 17:13:56.597] [5482] [HailoRT] [info] [queue_elements.cpp:68] [operator()] Thread in element PullQEl_hw_read7beach_robot/conv42 is not running anymore, exiting..
[2026-04-28 17:13:56.597] [3710] [HailoRT] [info] [queue_elements.cpp:46] [~BaseQueueElement] Queue element PullQEl_hw_read7beach_robot/conv42 has 0 frames in his Queue on destruction
[2026-04-28 17:13:56.597] [5483] [HailoRT] [info] [queue_elements.cpp:68] [operator()] Thread in element UserBuffQEl7beach_robot/conv42 is not running anymore, exiting..
[2026-04-28 17:13:56.597] [3710] [HailoRT] [info] [queue_elements.cpp:46] [~BaseQueueElement] Queue element UserBuffQEl7beach_robot/conv42 has 0 frames in his Queue on destruction
[2026-04-28 17:13:56.597] [5484] [HailoRT] [info] [queue_elements.cpp:734] [run_in_thread] Shutdown event was signaled in run_pull of queue element PullQEl_hw_read3beach_robot/conv52!
[2026-04-28 17:13:56.597] [5485] [HailoRT] [info] [queue_elements.cpp:855] [run_in_thread] Shutdown event was signaled in dequeue of UserBuffQEl3beach_robot/conv52!
[2026-04-28 17:13:56.597] [5484] [HailoRT] [info] [queue_elements.cpp:68] [operator()] Thread in element PullQEl_hw_read3beach_robot/conv52 is not running anymore, exiting..
[2026-04-28 17:13:56.597] [3710] [HailoRT] [info] [queue_elements.cpp:46] [~BaseQueueElement] Queue element PullQEl_hw_read3beach_robot/conv52 has 0 frames in his Queue on destruction
[2026-04-28 17:13:56.598] [5485] [HailoRT] [info] [queue_elements.cpp:68] [operator()] Thread in element UserBuffQEl3beach_robot/conv52 is not running anymore, exiting..
[2026-04-28 17:13:56.598] [3710] [HailoRT] [info] [queue_elements.cpp:46] [~BaseQueueElement] Queue element UserBuffQEl3beach_robot/conv52 has 0 frames in his Queue on destruction
[2026-04-28 17:13:56.598] [5486] [HailoRT] [info] [queue_elements.cpp:734] [run_in_thread] Shutdown event was signaled in run_pull of queue element PullQEl_hw_read1beach_robot/conv53!
[2026-04-28 17:13:56.598] [5487] [HailoRT] [info] [queue_elements.cpp:855] [run_in_thread] Shutdown event was signaled in dequeue of UserBuffQEl1beach_robot/conv53!
[2026-04-28 17:13:56.598] [5486] [HailoRT] [info] [queue_elements.cpp:68] [operator()] Thread in element PullQEl_hw_read1beach_robot/conv53 is not running anymore, exiting..
[2026-04-28 17:13:56.598] [3710] [HailoRT] [info] [queue_elements.cpp:46] [~BaseQueueElement] Queue element PullQEl_hw_read1beach_robot/conv53 has 0 frames in his Queue on destruction
[2026-04-28 17:13:56.598] [5487] [HailoRT] [info] [queue_elements.cpp:68] [operator()] Thread in element UserBuffQEl1beach_robot/conv53 is not running anymore, exiting..
[2026-04-28 17:13:56.598] [3710] [HailoRT] [info] [queue_elements.cpp:46] [~BaseQueueElement] Queue element UserBuffQEl1beach_robot/conv53 has 0 frames in his Queue on destruction
[2026-04-28 17:13:56.598] [5489] [HailoRT] [info] [queue_elements.cpp:855] [run_in_thread] Shutdown event was signaled in dequeue of UserBuffQEl2beach_robot/conv62!
[2026-04-28 17:13:56.598] [5488] [HailoRT] [info] [queue_elements.cpp:734] [run_in_thread] Shutdown event was signaled in run_pull of queue element PullQEl_hw_read2beach_robot/conv62!
[2026-04-28 17:13:56.598] [5488] [HailoRT] [info] [queue_elements.cpp:68] [operator()] Thread in element PullQEl_hw_read2beach_robot/conv62 is not running anymore, exiting..
[2026-04-28 17:13:56.598] [3710] [HailoRT] [info] [queue_elements.cpp:46] [~BaseQueueElement] Queue element PullQEl_hw_read2beach_robot/conv62 has 0 frames in his Queue on destruction
[2026-04-28 17:13:56.598] [5489] [HailoRT] [info] [queue_elements.cpp:68] [operator()] Thread in element UserBuffQEl2beach_robot/conv62 is not running anymore, exiting..
[2026-04-28 17:13:56.598] [3710] [HailoRT] [info] [queue_elements.cpp:46] [~BaseQueueElement] Queue element UserBuffQEl2beach_robot/conv62 has 0 frames in his Queue on destruction
[2026-04-28 17:13:56.598] [5490] [HailoRT] [info] [queue_elements.cpp:734] [run_in_thread] Shutdown event was signaled in run_pull of queue element PullQEl_hw_read0beach_robot/conv63!
[2026-04-28 17:13:56.598] [5491] [HailoRT] [info] [queue_elements.cpp:855] [run_in_thread] Shutdown event was signaled in dequeue of UserBuffQEl0beach_robot/conv63!
[2026-04-28 17:13:56.598] [5490] [HailoRT] [info] [queue_elements.cpp:68] [operator()] Thread in element PullQEl_hw_read0beach_robot/conv63 is not running anymore, exiting..
[2026-04-28 17:13:56.598] [3710] [HailoRT] [info] [queue_elements.cpp:46] [~BaseQueueElement] Queue element PullQEl_hw_read0beach_robot/conv63 has 0 frames in his Queue on destruction
[2026-04-28 17:13:56.598] [5491] [HailoRT] [info] [queue_elements.cpp:68] [operator()] Thread in element UserBuffQEl0beach_robot/conv63 is not running anymore, exiting..
[2026-04-28 17:13:56.598] [3710] [HailoRT] [info] [queue_elements.cpp:46] [~BaseQueueElement] Queue element UserBuffQEl0beach_robot/conv63 has 0 frames in his Queue on destruction
[2026-04-28 17:13:56.873] [3710] [HailoRT] [info] [edge_elements.cpp:52] [create] Created (HwWriteEl2beach_robot/input_layer1 | hw_frame_size: 1228800)
[2026-04-28 17:13:56.873] [3710] [HailoRT] [info] [vstream.cpp:754] [InputVStreamImpl] Creating beach_robot/input_layer1...
[2026-04-28 17:13:56.873] [3710] [HailoRT] [info] [vstream_builder.cpp:102] [create_inputs] Input pipeline 'beach_robot/input_layer1': (HwWriteEl2beach_robot/input_layer1 | hw_frame_size: 1228800) >> HW
[2026-04-28 17:13:56.873] [3710] [HailoRT] [info] [edge_elements.cpp:287] [create] Created (HwReadEl0beach_robot/conv41 | hw_frame_size: 409600)
[2026-04-28 17:13:56.874] [3710] [HailoRT] [info] [queue_elements.cpp:657] [create] Created (PullQEl_hw_read0beach_robot/conv41)
[2026-04-28 17:13:56.874] [3710] [HailoRT] [info] [filter_elements.cpp:372] [create] Created (PostInferEl0beach_robot/conv41 | Quantization - src_type: UINT8, dst_type FLOAT32, limvals_min: -10.8307, limvals_max: 18.5504)
[2026-04-28 17:13:56.874] [3710] [HailoRT] [info] [queue_elements.cpp:800] [create] Created (UserBuffQEl0beach_robot/conv41 | timeout: 10s)
[2026-04-28 17:13:56.874] [3710] [HailoRT] [info] [vstream.cpp:1114] [OutputVStreamImpl] Creating beach_robot/conv41...
[2026-04-28 17:13:56.874] [3710] [HailoRT] [info] [vstream_builder.cpp:220] [create_outputs] Output pipeline 'beach_robot/conv41': HW >> (HwReadEl0beach_robot/conv41 | hw_frame_size: 409600) >> (PullQEl_hw_read0beach_robot/conv41) >> (PostInferEl0beach_robot/conv41 | Quantization - src_type: UINT8, dst_type FLOAT32, limvals_min: -10.8307, limvals_max: 18.5504) >> (UserBuffQEl0beach_robot/conv41 | timeout: 10s)
[2026-04-28 17:13:56.874] [3710] [HailoRT] [info] [edge_elements.cpp:287] [create] Created (HwReadEl7beach_robot/conv42 | hw_frame_size: 12800)
[2026-04-28 17:13:56.874] [3710] [HailoRT] [info] [queue_elements.cpp:657] [create] Created (PullQEl_hw_read7beach_robot/conv42)
[2026-04-28 17:13:56.874] [3710] [HailoRT] [info] [filter_elements.cpp:372] [create] Created (PostInferEl7beach_robot/conv42 | Quantization - src_type: UINT8, dst_type FLOAT32, limvals_min: -25.6857, limvals_max: 0)
[2026-04-28 17:13:56.874] [3710] [HailoRT] [info] [queue_elements.cpp:800] [create] Created (UserBuffQEl7beach_robot/conv42 | timeout: 10s)
[2026-04-28 17:13:56.874] [3710] [HailoRT] [info] [vstream.cpp:1114] [OutputVStreamImpl] Creating beach_robot/conv42...
[2026-04-28 17:13:56.874] [3710] [HailoRT] [info] [vstream_builder.cpp:220] [create_outputs] Output pipeline 'beach_robot/conv42': HW >> (HwReadEl7beach_robot/conv42 | hw_frame_size: 12800) >> (PullQEl_hw_read7beach_robot/conv42) >> (PostInferEl7beach_robot/conv42 | Quantization - src_type: UINT8, dst_type FLOAT32, limvals_min: -25.6857, limvals_max: 0) >> (UserBuffQEl7beach_robot/conv42 | timeout: 10s)
[2026-04-28 17:13:56.874] [3710] [HailoRT] [info] [edge_elements.cpp:287] [create] Created (HwReadEl3beach_robot/conv52 | hw_frame_size: 102400)
[2026-04-28 17:13:56.874] [3710] [HailoRT] [info] [queue_elements.cpp:657] [create] Created (PullQEl_hw_read3beach_robot/conv52)
[2026-04-28 17:13:56.874] [3710] [HailoRT] [info] [filter_elements.cpp:372] [create] Created (PostInferEl3beach_robot/conv52 | Quantization - src_type: UINT8, dst_type FLOAT32, limvals_min: -6.53754, limvals_max: 19.9239)
[2026-04-28 17:13:56.874] [3710] [HailoRT] [info] [queue_elements.cpp:800] [create] Created (UserBuffQEl3beach_robot/conv52 | timeout: 10s)
[2026-04-28 17:13:56.874] [3710] [HailoRT] [info] [vstream.cpp:1114] [OutputVStreamImpl] Creating beach_robot/conv52...
[2026-04-28 17:13:56.874] [3710] [HailoRT] [info] [vstream_builder.cpp:220] [create_outputs] Output pipeline 'beach_robot/conv52': HW >> (HwReadEl3beach_robot/conv52 | hw_frame_size: 102400) >> (PullQEl_hw_read3beach_robot/conv52) >> (PostInferEl3beach_robot/conv52 | Quantization - src_type: UINT8, dst_type FLOAT32, limvals_min: -6.53754, limvals_max: 19.9239) >> (UserBuffQEl3beach_robot/conv52 | timeout: 10s)
[2026-04-28 17:13:56.874] [3710] [HailoRT] [info] [edge_elements.cpp:287] [create] Created (HwReadEl1beach_robot/conv53 | hw_frame_size: 3200)
[2026-04-28 17:13:56.874] [3710] [HailoRT] [info] [queue_elements.cpp:657] [create] Created (PullQEl_hw_read1beach_robot/conv53)
[2026-04-28 17:13:56.874] [3710] [HailoRT] [info] [filter_elements.cpp:372] [create] Created (PostInferEl1beach_robot/conv53 | Quantization - src_type: UINT8, dst_type FLOAT32, limvals_min: -15.7441, limvals_max: 0)
[2026-04-28 17:13:56.874] [3710] [HailoRT] [info] [queue_elements.cpp:800] [create] Created (UserBuffQEl1beach_robot/conv53 | timeout: 10s)
[2026-04-28 17:13:56.874] [3710] [HailoRT] [info] [vstream.cpp:1114] [OutputVStreamImpl] Creating beach_robot/conv53...
[2026-04-28 17:13:56.874] [3710] [HailoRT] [info] [vstream_builder.cpp:220] [create_outputs] Output pipeline 'beach_robot/conv53': HW >> (HwReadEl1beach_robot/conv53 | hw_frame_size: 3200) >> (PullQEl_hw_read1beach_robot/conv53) >> (PostInferEl1beach_robot/conv53 | Quantization - src_type: UINT8, dst_type FLOAT32, limvals_min: -15.7441, limvals_max: 0) >> (UserBuffQEl1beach_robot/conv53 | timeout: 10s)
[2026-04-28 17:13:56.874] [3710] [HailoRT] [info] [edge_elements.cpp:287] [create] Created (HwReadEl2beach_robot/conv62 | hw_frame_size: 25600)
[2026-04-28 17:13:56.874] [3710] [HailoRT] [info] [queue_elements.cpp:657] [create] Created (PullQEl_hw_read2beach_robot/conv62)
[2026-04-28 17:13:56.874] [3710] [HailoRT] [info] [filter_elements.cpp:372] [create] Created (PostInferEl2beach_robot/conv62 | Quantization - src_type: UINT8, dst_type FLOAT32, limvals_min: -8.27399, limvals_max: 14.6594)
[2026-04-28 17:13:56.874] [3710] [HailoRT] [info] [queue_elements.cpp:800] [create] Created (UserBuffQEl2beach_robot/conv62 | timeout: 10s)
[2026-04-28 17:13:56.874] [3710] [HailoRT] [info] [vstream.cpp:1114] [OutputVStreamImpl] Creating beach_robot/conv62...
[2026-04-28 17:13:56.874] [3710] [HailoRT] [info] [vstream_builder.cpp:220] [create_outputs] Output pipeline 'beach_robot/conv62': HW >> (HwReadEl2beach_robot/conv62 | hw_frame_size: 25600) >> (PullQEl_hw_read2beach_robot/conv62) >> (PostInferEl2beach_robot/conv62 | Quantization - src_type: UINT8, dst_type FLOAT32, limvals_min: -8.27399, limvals_max: 14.6594) >> (UserBuffQEl2beach_robot/conv62 | timeout: 10s)
[2026-04-28 17:13:56.874] [3710] [HailoRT] [info] [edge_elements.cpp:287] [create] Created (HwReadEl0beach_robot/conv63 | hw_frame_size: 3200)
[2026-04-28 17:13:56.874] [3710] [HailoRT] [info] [queue_elements.cpp:657] [create] Created (PullQEl_hw_read0beach_robot/conv63)
[2026-04-28 17:13:56.874] [3710] [HailoRT] [info] [filter_elements.cpp:372] [create] Created (PostInferEl0beach_robot/conv63 | Quantization - src_type: UINT8, dst_type FLOAT32, limvals_min: -15.2921, limvals_max: 1.44388 | Reorder - src_order: FCR, src_shape: (20, 20, 8), dst_order: FCR, dst_shape: (20, 20, 2))
[2026-04-28 17:13:56.874] [3710] [HailoRT] [info] [queue_elements.cpp:800] [create] Created (UserBuffQEl0beach_robot/conv63 | timeout: 10s)
[2026-04-28 17:13:56.874] [3710] [HailoRT] [info] [vstream.cpp:1114] [OutputVStreamImpl] Creating beach_robot/conv63...
[2026-04-28 17:13:56.874] [3710] [HailoRT] [info] [vstream_builder.cpp:220] [create_outputs] Output pipeline 'beach_robot/conv63': HW >> (HwReadEl0beach_robot/conv63 | hw_frame_size: 3200) >> (PullQEl_hw_read0beach_robot/conv63) >> (PostInferEl0beach_robot/conv63 | Quantization - src_type: UINT8, dst_type FLOAT32, limvals_min: -15.2921, limvals_max: 1.44388 | Reorder - src_order: FCR, src_shape: (20, 20, 8), dst_order: FCR, dst_shape: (20, 20, 2)) >> (UserBuffQEl0beach_robot/conv63 | timeout: 10s)
[2026-04-28 17:13:56.875] [3710] [HailoRT] [info] [core_op.cpp:156] [activate] Activating beach_robot took 0.526374 milliseconds. Note that the function is asynchronous and thus the network is not fully activated yet.
[2026-04-28 17:13:56.875] [3710] [HailoRT] [info] [core_op.cpp:156] [activate] Activating beach_robot took 0.541577 milliseconds. Note that the function is asynchronous and thus the network is not fully activated yet.
[2026-04-28 17:13:56.894] [5507] [HailoRT] [info] [vdevice_native_stream.cpp:331] [read_impl] Failed read from stream HAILO_STREAM_NOT_ACTIVATED(72) (device: 0001:01:00.0)
[2026-04-28 17:13:56.894] [5501] [HailoRT] [info] [vdevice_native_stream.cpp:331] [read_impl] Failed read from stream HAILO_STREAM_NOT_ACTIVATED(72) (device: 0001:01:00.0)
[2026-04-28 17:13:56.894] [5505] [HailoRT] [info] [vdevice_native_stream.cpp:331] [read_impl] Failed read from stream HAILO_STREAM_NOT_ACTIVATED(72) (device: 0001:01:00.0)
[2026-04-28 17:13:56.894] [5499] [HailoRT] [info] [vdevice_native_stream.cpp:331] [read_impl] Failed read from stream HAILO_STREAM_NOT_ACTIVATED(72) (device: 0001:01:00.0)
[2026-04-28 17:13:56.894] [5509] [HailoRT] [info] [vdevice_native_stream.cpp:331] [read_impl] Failed read from stream HAILO_STREAM_NOT_ACTIVATED(72) (device: 0001:01:00.0)
[2026-04-28 17:13:56.894] [5503] [HailoRT] [info] [vdevice_native_stream.cpp:331] [read_impl] Failed read from stream HAILO_STREAM_NOT_ACTIVATED(72) (device: 0001:01:00.0)
[2026-04-28 17:13:56.895] [3710] [HailoRT] [info] [core_op.cpp:186] [deactivate] Deactivating took 0.501023 ms
[2026-04-28 17:13:56.895] [3710] [HailoRT] [info] [core_op.cpp:186] [deactivate] Deactivating took 0.512005 ms
[2026-04-28 17:13:56.895] [5499] [HailoRT] [info] [queue_elements.cpp:734] [run_in_thread] Shutdown event was signaled in run_pull of queue element PullQEl_hw_read0beach_robot/conv41!
[2026-04-28 17:13:56.895] [5500] [HailoRT] [info] [queue_elements.cpp:855] [run_in_thread] Shutdown event was signaled in dequeue of UserBuffQEl0beach_robot/conv41!
[2026-04-28 17:13:56.895] [5499] [HailoRT] [info] [queue_elements.cpp:68] [operator()] Thread in element PullQEl_hw_read0beach_robot/conv41 is not running anymore, exiting..
[2026-04-28 17:13:56.895] [3710] [HailoRT] [info] [queue_elements.cpp:46] [~BaseQueueElement] Queue element PullQEl_hw_read0beach_robot/conv41 has 0 frames in his Queue on destruction
[2026-04-28 17:13:56.895] [5500] [HailoRT] [info] [queue_elements.cpp:68] [operator()] Thread in element UserBuffQEl0beach_robot/conv41 is not running anymore, exiting..
[2026-04-28 17:13:56.895] [3710] [HailoRT] [info] [queue_elements.cpp:46] [~BaseQueueElement] Queue element UserBuffQEl0beach_robot/conv41 has 0 frames in his Queue on destruction
[2026-04-28 17:13:56.895] [5501] [HailoRT] [info] [queue_elements.cpp:734] [run_in_thread] Shutdown event was signaled in run_pull of queue element PullQEl_hw_read7beach_robot/conv42!
[2026-04-28 17:13:56.895] [5502] [HailoRT] [info] [queue_elements.cpp:855] [run_in_thread] Shutdown event was signaled in dequeue of UserBuffQEl7beach_robot/conv42!
[2026-04-28 17:13:56.895] [5501] [HailoRT] [info] [queue_elements.cpp:68] [operator()] Thread in element PullQEl_hw_read7beach_robot/conv42 is not running anymore, exiting..
[2026-04-28 17:13:56.895] [3710] [HailoRT] [info] [queue_elements.cpp:46] [~BaseQueueElement] Queue element PullQEl_hw_read7beach_robot/conv42 has 0 frames in his Queue on destruction
[2026-04-28 17:13:56.895] [5502] [HailoRT] [info] [queue_elements.cpp:68] [operator()] Thread in element UserBuffQEl7beach_robot/conv42 is not running anymore, exiting..
[2026-04-28 17:13:56.895] [3710] [HailoRT] [info] [queue_elements.cpp:46] [~BaseQueueElement] Queue element UserBuffQEl7beach_robot/conv42 has 0 frames in his Queue on destruction
[2026-04-28 17:13:56.895] [5503] [HailoRT] [info] [queue_elements.cpp:734] [run_in_thread] Shutdown event was signaled in run_pull of queue element PullQEl_hw_read3beach_robot/conv52!
[2026-04-28 17:13:56.895] [5504] [HailoRT] [info] [queue_elements.cpp:855] [run_in_thread] Shutdown event was signaled in dequeue of UserBuffQEl3beach_robot/conv52!
[2026-04-28 17:13:56.895] [5503] [HailoRT] [info] [queue_elements.cpp:68] [operator()] Thread in element PullQEl_hw_read3beach_robot/conv52 is not running anymore, exiting..
[2026-04-28 17:13:56.895] [3710] [HailoRT] [info] [queue_elements.cpp:46] [~BaseQueueElement] Queue element PullQEl_hw_read3beach_robot/conv52 has 0 frames in his Queue on destruction
[2026-04-28 17:13:56.895] [5504] [HailoRT] [info] [queue_elements.cpp:68] [operator()] Thread in element UserBuffQEl3beach_robot/conv52 is not running anymore, exiting..
[2026-04-28 17:13:56.895] [3710] [HailoRT] [info] [queue_elements.cpp:46] [~BaseQueueElement] Queue element UserBuffQEl3beach_robot/conv52 has 0 frames in his Queue on destruction
[2026-04-28 17:13:56.895] [5505] [HailoRT] [info] [queue_elements.cpp:734] [run_in_thread] Shutdown event was signaled in run_pull of queue element PullQEl_hw_read1beach_robot/conv53!
[2026-04-28 17:13:56.895] [5506] [HailoRT] [info] [queue_elements.cpp:855] [run_in_thread] Shutdown event was signaled in dequeue of UserBuffQEl1beach_robot/conv53!
[2026-04-28 17:13:56.895] [5505] [HailoRT] [info] [queue_elements.cpp:68] [operator()] Thread in element PullQEl_hw_read1beach_robot/conv53 is not running anymore, exiting..
[2026-04-28 17:13:56.895] [3710] [HailoRT] [info] [queue_elements.cpp:46] [~BaseQueueElement] Queue element PullQEl_hw_read1beach_robot/conv53 has 0 frames in his Queue on destruction
[2026-04-28 17:13:56.895] [5506] [HailoRT] [info] [queue_elements.cpp:68] [operator()] Thread in element UserBuffQEl1beach_robot/conv53 is not running anymore, exiting..
[2026-04-28 17:13:56.895] [3710] [HailoRT] [info] [queue_elements.cpp:46] [~BaseQueueElement] Queue element UserBuffQEl1beach_robot/conv53 has 0 frames in his Queue on destruction
[2026-04-28 17:13:56.895] [5508] [HailoRT] [info] [queue_elements.cpp:855] [run_in_thread] Shutdown event was signaled in dequeue of UserBuffQEl2beach_robot/conv62!
[2026-04-28 17:13:56.895] [5507] [HailoRT] [info] [queue_elements.cpp:734] [run_in_thread] Shutdown event was signaled in run_pull of queue element PullQEl_hw_read2beach_robot/conv62!
[2026-04-28 17:13:56.895] [5507] [HailoRT] [info] [queue_elements.cpp:68] [operator()] Thread in element PullQEl_hw_read2beach_robot/conv62 is not running anymore, exiting..
[2026-04-28 17:13:56.895] [3710] [HailoRT] [info] [queue_elements.cpp:46] [~BaseQueueElement] Queue element PullQEl_hw_read2beach_robot/conv62 has 0 frames in his Queue on destruction
[2026-04-28 17:13:56.895] [5508] [HailoRT] [info] [queue_elements.cpp:68] [operator()] Thread in element UserBuffQEl2beach_robot/conv62 is not running anymore, exiting..
[2026-04-28 17:13:56.895] [3710] [HailoRT] [info] [queue_elements.cpp:46] [~BaseQueueElement] Queue element UserBuffQEl2beach_robot/conv62 has 0 frames in his Queue on destruction
[2026-04-28 17:13:56.895] [5509] [HailoRT] [info] [queue_elements.cpp:734] [run_in_thread] Shutdown event was signaled in run_pull of queue element PullQEl_hw_read0beach_robot/conv63!
[2026-04-28 17:13:56.895] [5510] [HailoRT] [info] [queue_elements.cpp:855] [run_in_thread] Shutdown event was signaled in dequeue of UserBuffQEl0beach_robot/conv63!
[2026-04-28 17:13:56.895] [5509] [HailoRT] [info] [queue_elements.cpp:68] [operator()] Thread in element PullQEl_hw_read0beach_robot/conv63 is not running anymore, exiting..
[2026-04-28 17:13:56.895] [3710] [HailoRT] [info] [queue_elements.cpp:46] [~BaseQueueElement] Queue element PullQEl_hw_read0beach_robot/conv63 has 0 frames in his Queue on destruction
[2026-04-28 17:13:56.895] [5510] [HailoRT] [info] [queue_elements.cpp:68] [operator()] Thread in element UserBuffQEl0beach_robot/conv63 is not running anymore, exiting..
[2026-04-28 17:13:56.895] [3710] [HailoRT] [info] [queue_elements.cpp:46] [~BaseQueueElement] Queue element UserBuffQEl0beach_robot/conv63 has 0 frames in his Queue on destruction
[2026-04-28 17:13:57.165] [3710] [HailoRT] [info] [edge_elements.cpp:52] [create] Created (HwWriteEl2beach_robot/input_layer1 | hw_frame_size: 1228800)
[2026-04-28 17:13:57.165] [3710] [HailoRT] [info] [vstream.cpp:754] [InputVStreamImpl] Creating beach_robot/input_layer1...
[2026-04-28 17:13:57.165] [3710] [HailoRT] [info] [vstream_builder.cpp:102] [create_inputs] Input pipeline 'beach_robot/input_layer1': (HwWriteEl2beach_robot/input_layer1 | hw_frame_size: 1228800) >> HW
[2026-04-28 17:13:57.165] [3710] [HailoRT] [info] [edge_elements.cpp:287] [create] Created (HwReadEl0beach_robot/conv41 | hw_frame_size: 409600)
[2026-04-28 17:13:57.165] [3710] [HailoRT] [info] [queue_elements.cpp:657] [create] Created (PullQEl_hw_read0beach_robot/conv41)
[2026-04-28 17:13:57.165] [3710] [HailoRT] [info] [filter_elements.cpp:372] [create] Created (PostInferEl0beach_robot/conv41 | Quantization - src_type: UINT8, dst_type FLOAT32, limvals_min: -10.8307, limvals_max: 18.5504)
[2026-04-28 17:13:57.165] [3710] [HailoRT] [info] [queue_elements.cpp:800] [create] Created (UserBuffQEl0beach_robot/conv41 | timeout: 10s)
[2026-04-28 17:13:57.165] [3710] [HailoRT] [info] [vstream.cpp:1114] [OutputVStreamImpl] Creating beach_robot/conv41...
[2026-04-28 17:13:57.165] [3710] [HailoRT] [info] [vstream_builder.cpp:220] [create_outputs] Output pipeline 'beach_robot/conv41': HW >> (HwReadEl0beach_robot/conv41 | hw_frame_size: 409600) >> (PullQEl_hw_read0beach_robot/conv41) >> (PostInferEl0beach_robot/conv41 | Quantization - src_type: UINT8, dst_type FLOAT32, limvals_min: -10.8307, limvals_max: 18.5504) >> (UserBuffQEl0beach_robot/conv41 | timeout: 10s)
[2026-04-28 17:13:57.165] [3710] [HailoRT] [info] [edge_elements.cpp:287] [create] Created (HwReadEl7beach_robot/conv42 | hw_frame_size: 12800)
[2026-04-28 17:13:57.165] [3710] [HailoRT] [info] [queue_elements.cpp:657] [create] Created (PullQEl_hw_read7beach_robot/conv42)
[2026-04-28 17:13:57.165] [3710] [HailoRT] [info] [filter_elements.cpp:372] [create] Created (PostInferEl7beach_robot/conv42 | Quantization - src_type: UINT8, dst_type FLOAT32, limvals_min: -25.6857, limvals_max: 0)
[2026-04-28 17:13:57.165] [3710] [HailoRT] [info] [queue_elements.cpp:800] [create] Created (UserBuffQEl7beach_robot/conv42 | timeout: 10s)
[2026-04-28 17:13:57.166] [3710] [HailoRT] [info] [vstream.cpp:1114] [OutputVStreamImpl] Creating beach_robot/conv42...
[2026-04-28 17:13:57.166] [3710] [HailoRT] [info] [vstream_builder.cpp:220] [create_outputs] Output pipeline 'beach_robot/conv42': HW >> (HwReadEl7beach_robot/conv42 | hw_frame_size: 12800) >> (PullQEl_hw_read7beach_robot/conv42) >> (PostInferEl7beach_robot/conv42 | Quantization - src_type: UINT8, dst_type FLOAT32, limvals_min: -25.6857, limvals_max: 0) >> (UserBuffQEl7beach_robot/conv42 | timeout: 10s)
[2026-04-28 17:13:57.166] [3710] [HailoRT] [info] [edge_elements.cpp:287] [create] Created (HwReadEl3beach_robot/conv52 | hw_frame_size: 102400)
[2026-04-28 17:13:57.166] [3710] [HailoRT] [info] [queue_elements.cpp:657] [create] Created (PullQEl_hw_read3beach_robot/conv52)
[2026-04-28 17:13:57.166] [3710] [HailoRT] [info] [filter_elements.cpp:372] [create] Created (PostInferEl3beach_robot/conv52 | Quantization - src_type: UINT8, dst_type FLOAT32, limvals_min: -6.53754, limvals_max: 19.9239)
[2026-04-28 17:13:57.166] [3710] [HailoRT] [info] [queue_elements.cpp:800] [create] Created (UserBuffQEl3beach_robot/conv52 | timeout: 10s)
[2026-04-28 17:13:57.166] [3710] [HailoRT] [info] [vstream.cpp:1114] [OutputVStreamImpl] Creating beach_robot/conv52...
[2026-04-28 17:13:57.166] [3710] [HailoRT] [info] [vstream_builder.cpp:220] [create_outputs] Output pipeline 'beach_robot/conv52': HW >> (HwReadEl3beach_robot/conv52 | hw_frame_size: 102400) >> (PullQEl_hw_read3beach_robot/conv52) >> (PostInferEl3beach_robot/conv52 | Quantization - src_type: UINT8, dst_type FLOAT32, limvals_min: -6.53754, limvals_max: 19.9239) >> (UserBuffQEl3beach_robot/conv52 | timeout: 10s)
[2026-04-28 17:13:57.166] [3710] [HailoRT] [info] [edge_elements.cpp:287] [create] Created (HwReadEl1beach_robot/conv53 | hw_frame_size: 3200)
[2026-04-28 17:13:57.166] [3710] [HailoRT] [info] [queue_elements.cpp:657] [create] Created (PullQEl_hw_read1beach_robot/conv53)
[2026-04-28 17:13:57.166] [3710] [HailoRT] [info] [filter_elements.cpp:372] [create] Created (PostInferEl1beach_robot/conv53 | Quantization - src_type: UINT8, dst_type FLOAT32, limvals_min: -15.7441, limvals_max: 0)
[2026-04-28 17:13:57.166] [3710] [HailoRT] [info] [queue_elements.cpp:800] [create] Created (UserBuffQEl1beach_robot/conv53 | timeout: 10s)
[2026-04-28 17:13:57.166] [3710] [HailoRT] [info] [vstream.cpp:1114] [OutputVStreamImpl] Creating beach_robot/conv53...
[2026-04-28 17:13:57.166] [3710] [HailoRT] [info] [vstream_builder.cpp:220] [create_outputs] Output pipeline 'beach_robot/conv53': HW >> (HwReadEl1beach_robot/conv53 | hw_frame_size: 3200) >> (PullQEl_hw_read1beach_robot/conv53) >> (PostInferEl1beach_robot/conv53 | Quantization - src_type: UINT8, dst_type FLOAT32, limvals_min: -15.7441, limvals_max: 0) >> (UserBuffQEl1beach_robot/conv53 | timeout: 10s)
[2026-04-28 17:13:57.166] [3710] [HailoRT] [info] [edge_elements.cpp:287] [create] Created (HwReadEl2beach_robot/conv62 | hw_frame_size: 25600)
[2026-04-28 17:13:57.166] [3710] [HailoRT] [info] [queue_elements.cpp:657] [create] Created (PullQEl_hw_read2beach_robot/conv62)
[2026-04-28 17:13:57.166] [3710] [HailoRT] [info] [filter_elements.cpp:372] [create] Created (PostInferEl2beach_robot/conv62 | Quantization - src_type: UINT8, dst_type FLOAT32, limvals_min: -8.27399, limvals_max: 14.6594)
[2026-04-28 17:13:57.166] [3710] [HailoRT] [info] [queue_elements.cpp:800] [create] Created (UserBuffQEl2beach_robot/conv62 | timeout: 10s)
[2026-04-28 17:13:57.166] [3710] [HailoRT] [info] [vstream.cpp:1114] [OutputVStreamImpl] Creating beach_robot/conv62...
[2026-04-28 17:13:57.166] [3710] [HailoRT] [info] [vstream_builder.cpp:220] [create_outputs] Output pipeline 'beach_robot/conv62': HW >> (HwReadEl2beach_robot/conv62 | hw_frame_size: 25600) >> (PullQEl_hw_read2beach_robot/conv62) >> (PostInferEl2beach_robot/conv62 | Quantization - src_type: UINT8, dst_type FLOAT32, limvals_min: -8.27399, limvals_max: 14.6594) >> (UserBuffQEl2beach_robot/conv62 | timeout: 10s)
[2026-04-28 17:13:57.166] [3710] [HailoRT] [info] [edge_elements.cpp:287] [create] Created (HwReadEl0beach_robot/conv63 | hw_frame_size: 3200)
[2026-04-28 17:13:57.166] [3710] [HailoRT] [info] [queue_elements.cpp:657] [create] Created (PullQEl_hw_read0beach_robot/conv63)
[2026-04-28 17:13:57.166] [3710] [HailoRT] [info] [filter_elements.cpp:372] [create] Created (PostInferEl0beach_robot/conv63 | Quantization - src_type: UINT8, dst_type FLOAT32, limvals_min: -15.2921, limvals_max: 1.44388 | Reorder - src_order: FCR, src_shape: (20, 20, 8), dst_order: FCR, dst_shape: (20, 20, 2))
[2026-04-28 17:13:57.166] [3710] [HailoRT] [info] [queue_elements.cpp:800] [create] Created (UserBuffQEl0beach_robot/conv63 | timeout: 10s)
[2026-04-28 17:13:57.166] [3710] [HailoRT] [info] [vstream.cpp:1114] [OutputVStreamImpl] Creating beach_robot/conv63...
[2026-04-28 17:13:57.166] [3710] [HailoRT] [info] [vstream_builder.cpp:220] [create_outputs] Output pipeline 'beach_robot/conv63': HW >> (HwReadEl0beach_robot/conv63 | hw_frame_size: 3200) >> (PullQEl_hw_read0beach_robot/conv63) >> (PostInferEl0beach_robot/conv63 | Quantization - src_type: UINT8, dst_type FLOAT32, limvals_min: -15.2921, limvals_max: 1.44388 | Reorder - src_order: FCR, src_shape: (20, 20, 8), dst_order: FCR, dst_shape: (20, 20, 2)) >> (UserBuffQEl0beach_robot/conv63 | timeout: 10s)
[2026-04-28 17:13:57.167] [3710] [HailoRT] [info] [core_op.cpp:156] [activate] Activating beach_robot took 0.525615 milliseconds. Note that the function is asynchronous and thus the network is not fully activated yet.
[2026-04-28 17:13:57.167] [3710] [HailoRT] [info] [core_op.cpp:156] [activate] Activating beach_robot took 0.534763 milliseconds. Note that the function is asynchronous and thus the network is not fully activated yet.
[2026-04-28 17:13:57.186] [5518] [HailoRT] [info] [vdevice_native_stream.cpp:331] [read_impl] Failed read from stream HAILO_STREAM_NOT_ACTIVATED(72) (device: 0001:01:00.0)
[2026-04-28 17:13:57.186] [5526] [HailoRT] [info] [vdevice_native_stream.cpp:331] [read_impl] Failed read from stream HAILO_STREAM_NOT_ACTIVATED(72) (device: 0001:01:00.0)
[2026-04-28 17:13:57.186] [5524] [HailoRT] [info] [vdevice_native_stream.cpp:331] [read_impl] Failed read from stream HAILO_STREAM_NOT_ACTIVATED(72) (device: 0001:01:00.0)
[2026-04-28 17:13:57.186] [5520] [HailoRT] [info] [vdevice_native_stream.cpp:331] [read_impl] Failed read from stream HAILO_STREAM_NOT_ACTIVATED(72) (device: 0001:01:00.0)
[2026-04-28 17:13:57.186] [5528] [HailoRT] [info] [vdevice_native_stream.cpp:331] [read_impl] Failed read from stream HAILO_STREAM_NOT_ACTIVATED(72) (device: 0001:01:00.0)
[2026-04-28 17:13:57.186] [5522] [HailoRT] [info] [vdevice_native_stream.cpp:331] [read_impl] Failed read from stream HAILO_STREAM_NOT_ACTIVATED(72) (device: 0001:01:00.0)
[2026-04-28 17:13:57.186] [3710] [HailoRT] [info] [core_op.cpp:186] [deactivate] Deactivating took 0.497338 ms
[2026-04-28 17:13:57.186] [3710] [HailoRT] [info] [core_op.cpp:186] [deactivate] Deactivating took 0.507857 ms
[2026-04-28 17:13:57.186] [5518] [HailoRT] [info] [queue_elements.cpp:734] [run_in_thread] Shutdown event was signaled in run_pull of queue element PullQEl_hw_read0beach_robot/conv41!
[2026-04-28 17:13:57.186] [5519] [HailoRT] [info] [queue_elements.cpp:855] [run_in_thread] Shutdown event was signaled in dequeue of UserBuffQEl0beach_robot/conv41!
[2026-04-28 17:13:57.186] [5518] [HailoRT] [info] [queue_elements.cpp:68] [operator()] Thread in element PullQEl_hw_read0beach_robot/conv41 is not running anymore, exiting..
[2026-04-28 17:13:57.186] [3710] [HailoRT] [info] [queue_elements.cpp:46] [~BaseQueueElement] Queue element PullQEl_hw_read0beach_robot/conv41 has 0 frames in his Queue on destruction
[2026-04-28 17:13:57.186] [5519] [HailoRT] [info] [queue_elements.cpp:68] [operator()] Thread in element UserBuffQEl0beach_robot/conv41 is not running anymore, exiting..
[2026-04-28 17:13:57.186] [3710] [HailoRT] [info] [queue_elements.cpp:46] [~BaseQueueElement] Queue element UserBuffQEl0beach_robot/conv41 has 0 frames in his Queue on destruction
[2026-04-28 17:13:57.186] [5520] [HailoRT] [info] [queue_elements.cpp:734] [run_in_thread] Shutdown event was signaled in run_pull of queue element PullQEl_hw_read7beach_robot/conv42!
[2026-04-28 17:13:57.186] [5521] [HailoRT] [info] [queue_elements.cpp:855] [run_in_thread] Shutdown event was signaled in dequeue of UserBuffQEl7beach_robot/conv42!
[2026-04-28 17:13:57.186] [5520] [HailoRT] [info] [queue_elements.cpp:68] [operator()] Thread in element PullQEl_hw_read7beach_robot/conv42 is not running anymore, exiting..
[2026-04-28 17:13:57.186] [3710] [HailoRT] [info] [queue_elements.cpp:46] [~BaseQueueElement] Queue element PullQEl_hw_read7beach_robot/conv42 has 0 frames in his Queue on destruction
[2026-04-28 17:13:57.186] [5521] [HailoRT] [info] [queue_elements.cpp:68] [operator()] Thread in element UserBuffQEl7beach_robot/conv42 is not running anymore, exiting..
[2026-04-28 17:13:57.186] [3710] [HailoRT] [info] [queue_elements.cpp:46] [~BaseQueueElement] Queue element UserBuffQEl7beach_robot/conv42 has 0 frames in his Queue on destruction
[2026-04-28 17:13:57.186] [5522] [HailoRT] [info] [queue_elements.cpp:734] [run_in_thread] Shutdown event was signaled in run_pull of queue element PullQEl_hw_read3beach_robot/conv52!
[2026-04-28 17:13:57.186] [5523] [HailoRT] [info] [queue_elements.cpp:855] [run_in_thread] Shutdown event was signaled in dequeue of UserBuffQEl3beach_robot/conv52!
[2026-04-28 17:13:57.186] [5522] [HailoRT] [info] [queue_elements.cpp:68] [operator()] Thread in element PullQEl_hw_read3beach_robot/conv52 is not running anymore, exiting..
[2026-04-28 17:13:57.186] [3710] [HailoRT] [info] [queue_elements.cpp:46] [~BaseQueueElement] Queue element PullQEl_hw_read3beach_robot/conv52 has 0 frames in his Queue on destruction
[2026-04-28 17:13:57.186] [5523] [HailoRT] [info] [queue_elements.cpp:68] [operator()] Thread in element UserBuffQEl3beach_robot/conv52 is not running anymore, exiting..
[2026-04-28 17:13:57.186] [3710] [HailoRT] [info] [queue_elements.cpp:46] [~BaseQueueElement] Queue element UserBuffQEl3beach_robot/conv52 has 0 frames in his Queue on destruction
[2026-04-28 17:13:57.187] [5524] [HailoRT] [info] [queue_elements.cpp:734] [run_in_thread] Shutdown event was signaled in run_pull of queue element PullQEl_hw_read1beach_robot/conv53!
[2026-04-28 17:13:57.187] [5525] [HailoRT] [info] [queue_elements.cpp:855] [run_in_thread] Shutdown event was signaled in dequeue of UserBuffQEl1beach_robot/conv53!
[2026-04-28 17:13:57.187] [5524] [HailoRT] [info] [queue_elements.cpp:68] [operator()] Thread in element PullQEl_hw_read1beach_robot/conv53 is not running anymore, exiting..
[2026-04-28 17:13:57.187] [3710] [HailoRT] [info] [queue_elements.cpp:46] [~BaseQueueElement] Queue element PullQEl_hw_read1beach_robot/conv53 has 0 frames in his Queue on destruction
[2026-04-28 17:13:57.187] [5525] [HailoRT] [info] [queue_elements.cpp:68] [operator()] Thread in element UserBuffQEl1beach_robot/conv53 is not running anymore, exiting..
[2026-04-28 17:13:57.187] [3710] [HailoRT] [info] [queue_elements.cpp:46] [~BaseQueueElement] Queue element UserBuffQEl1beach_robot/conv53 has 0 frames in his Queue on destruction
[2026-04-28 17:13:57.187] [5526] [HailoRT] [info] [queue_elements.cpp:734] [run_in_thread] Shutdown event was signaled in run_pull of queue element PullQEl_hw_read2beach_robot/conv62!
[2026-04-28 17:13:57.187] [5527] [HailoRT] [info] [queue_elements.cpp:855] [run_in_thread] Shutdown event was signaled in dequeue of UserBuffQEl2beach_robot/conv62!
[2026-04-28 17:13:57.187] [5526] [HailoRT] [info] [queue_elements.cpp:68] [operator()] Thread in element PullQEl_hw_read2beach_robot/conv62 is not running anymore, exiting..
[2026-04-28 17:13:57.187] [3710] [HailoRT] [info] [queue_elements.cpp:46] [~BaseQueueElement] Queue element PullQEl_hw_read2beach_robot/conv62 has 0 frames in his Queue on destruction
[2026-04-28 17:13:57.187] [5527] [HailoRT] [info] [queue_elements.cpp:68] [operator()] Thread in element UserBuffQEl2beach_robot/conv62 is not running anymore, exiting..
[2026-04-28 17:13:57.187] [3710] [HailoRT] [info] [queue_elements.cpp:46] [~BaseQueueElement] Queue element UserBuffQEl2beach_robot/conv62 has 0 frames in his Queue on destruction
[2026-04-28 17:13:57.187] [5528] [HailoRT] [info] [queue_elements.cpp:734] [run_in_thread] Shutdown event was signaled in run_pull of queue element PullQEl_hw_read0beach_robot/conv63!
[2026-04-28 17:13:57.187] [5529] [HailoRT] [info] [queue_elements.cpp:855] [run_in_thread] Shutdown event was signaled in dequeue of UserBuffQEl0beach_robot/conv63!
[2026-04-28 17:13:57.187] [5528] [HailoRT] [info] [queue_elements.cpp:68] [operator()] Thread in element PullQEl_hw_read0beach_robot/conv63 is not running anymore, exiting..
[2026-04-28 17:13:57.187] [3710] [HailoRT] [info] [queue_elements.cpp:46] [~BaseQueueElement] Queue element PullQEl_hw_read0beach_robot/conv63 has 0 frames in his Queue on destruction
[2026-04-28 17:13:57.187] [5529] [HailoRT] [info] [queue_elements.cpp:68] [operator()] Thread in element UserBuffQEl0beach_robot/conv63 is not running anymore, exiting..
[2026-04-28 17:13:57.187] [3710] [HailoRT] [info] [queue_elements.cpp:46] [~BaseQueueElement] Queue element UserBuffQEl0beach_robot/conv63 has 0 frames in his Queue on destruction
[2026-04-28 17:13:57.464] [3710] [HailoRT] [info] [edge_elements.cpp:52] [create] Created (HwWriteEl2beach_robot/input_layer1 | hw_frame_size: 1228800)
[2026-04-28 17:13:57.464] [3710] [HailoRT] [info] [vstream.cpp:754] [InputVStreamImpl] Creating beach_robot/input_layer1...
[2026-04-28 17:13:57.464] [3710] [HailoRT] [info] [vstream_builder.cpp:102] [create_inputs] Input pipeline 'beach_robot/input_layer1': (HwWriteEl2beach_robot/input_layer1 | hw_frame_size: 1228800) >> HW
[2026-04-28 17:13:57.464] [3710] [HailoRT] [info] [edge_elements.cpp:287] [create] Created (HwReadEl0beach_robot/conv41 | hw_frame_size: 409600)
[2026-04-28 17:13:57.464] [3710] [HailoRT] [info] [queue_elements.cpp:657] [create] Created (PullQEl_hw_read0beach_robot/conv41)
[2026-04-28 17:13:57.464] [3710] [HailoRT] [info] [filter_elements.cpp:372] [create] Created (PostInferEl0beach_robot/conv41 | Quantization - src_type: UINT8, dst_type FLOAT32, limvals_min: -10.8307, limvals_max: 18.5504)
[2026-04-28 17:13:57.464] [3710] [HailoRT] [info] [queue_elements.cpp:800] [create] Created (UserBuffQEl0beach_robot/conv41 | timeout: 10s)
[2026-04-28 17:13:57.464] [3710] [HailoRT] [info] [vstream.cpp:1114] [OutputVStreamImpl] Creating beach_robot/conv41...
[2026-04-28 17:13:57.464] [3710] [HailoRT] [info] [vstream_builder.cpp:220] [create_outputs] Output pipeline 'beach_robot/conv41': HW >> (HwReadEl0beach_robot/conv41 | hw_frame_size: 409600) >> (PullQEl_hw_read0beach_robot/conv41) >> (PostInferEl0beach_robot/conv41 | Quantization - src_type: UINT8, dst_type FLOAT32, limvals_min: -10.8307, limvals_max: 18.5504) >> (UserBuffQEl0beach_robot/conv41 | timeout: 10s)
[2026-04-28 17:13:57.464] [3710] [HailoRT] [info] [edge_elements.cpp:287] [create] Created (HwReadEl7beach_robot/conv42 | hw_frame_size: 12800)
[2026-04-28 17:13:57.464] [3710] [HailoRT] [info] [queue_elements.cpp:657] [create] Created (PullQEl_hw_read7beach_robot/conv42)
[2026-04-28 17:13:57.464] [3710] [HailoRT] [info] [filter_elements.cpp:372] [create] Created (PostInferEl7beach_robot/conv42 | Quantization - src_type: UINT8, dst_type FLOAT32, limvals_min: -25.6857, limvals_max: 0)
[2026-04-28 17:13:57.464] [3710] [HailoRT] [info] [queue_elements.cpp:800] [create] Created (UserBuffQEl7beach_robot/conv42 | timeout: 10s)
[2026-04-28 17:13:57.464] [3710] [HailoRT] [info] [vstream.cpp:1114] [OutputVStreamImpl] Creating beach_robot/conv42...
[2026-04-28 17:13:57.464] [3710] [HailoRT] [info] [vstream_builder.cpp:220] [create_outputs] Output pipeline 'beach_robot/conv42': HW >> (HwReadEl7beach_robot/conv42 | hw_frame_size: 12800) >> (PullQEl_hw_read7beach_robot/conv42) >> (PostInferEl7beach_robot/conv42 | Quantization - src_type: UINT8, dst_type FLOAT32, limvals_min: -25.6857, limvals_max: 0) >> (UserBuffQEl7beach_robot/conv42 | timeout: 10s)
[2026-04-28 17:13:57.464] [3710] [HailoRT] [info] [edge_elements.cpp:287] [create] Created (HwReadEl3beach_robot/conv52 | hw_frame_size: 102400)
[2026-04-28 17:13:57.464] [3710] [HailoRT] [info] [queue_elements.cpp:657] [create] Created (PullQEl_hw_read3beach_robot/conv52)
[2026-04-28 17:13:57.464] [3710] [HailoRT] [info] [filter_elements.cpp:372] [create] Created (PostInferEl3beach_robot/conv52 | Quantization - src_type: UINT8, dst_type FLOAT32, limvals_min: -6.53754, limvals_max: 19.9239)
[2026-04-28 17:13:57.464] [3710] [HailoRT] [info] [queue_elements.cpp:800] [create] Created (UserBuffQEl3beach_robot/conv52 | timeout: 10s)
[2026-04-28 17:13:57.464] [3710] [HailoRT] [info] [vstream.cpp:1114] [OutputVStreamImpl] Creating beach_robot/conv52...
[2026-04-28 17:13:57.464] [3710] [HailoRT] [info] [vstream_builder.cpp:220] [create_outputs] Output pipeline 'beach_robot/conv52': HW >> (HwReadEl3beach_robot/conv52 | hw_frame_size: 102400) >> (PullQEl_hw_read3beach_robot/conv52) >> (PostInferEl3beach_robot/conv52 | Quantization - src_type: UINT8, dst_type FLOAT32, limvals_min: -6.53754, limvals_max: 19.9239) >> (UserBuffQEl3beach_robot/conv52 | timeout: 10s)
[2026-04-28 17:13:57.464] [3710] [HailoRT] [info] [edge_elements.cpp:287] [create] Created (HwReadEl1beach_robot/conv53 | hw_frame_size: 3200)
[2026-04-28 17:13:57.465] [3710] [HailoRT] [info] [queue_elements.cpp:657] [create] Created (PullQEl_hw_read1beach_robot/conv53)
[2026-04-28 17:13:57.465] [3710] [HailoRT] [info] [filter_elements.cpp:372] [create] Created (PostInferEl1beach_robot/conv53 | Quantization - src_type: UINT8, dst_type FLOAT32, limvals_min: -15.7441, limvals_max: 0)
[2026-04-28 17:13:57.465] [3710] [HailoRT] [info] [queue_elements.cpp:800] [create] Created (UserBuffQEl1beach_robot/conv53 | timeout: 10s)
[2026-04-28 17:13:57.465] [3710] [HailoRT] [info] [vstream.cpp:1114] [OutputVStreamImpl] Creating beach_robot/conv53...
[2026-04-28 17:13:57.465] [3710] [HailoRT] [info] [vstream_builder.cpp:220] [create_outputs] Output pipeline 'beach_robot/conv53': HW >> (HwReadEl1beach_robot/conv53 | hw_frame_size: 3200) >> (PullQEl_hw_read1beach_robot/conv53) >> (PostInferEl1beach_robot/conv53 | Quantization - src_type: UINT8, dst_type FLOAT32, limvals_min: -15.7441, limvals_max: 0) >> (UserBuffQEl1beach_robot/conv53 | timeout: 10s)
[2026-04-28 17:13:57.465] [3710] [HailoRT] [info] [edge_elements.cpp:287] [create] Created (HwReadEl2beach_robot/conv62 | hw_frame_size: 25600)
[2026-04-28 17:13:57.465] [3710] [HailoRT] [info] [queue_elements.cpp:657] [create] Created (PullQEl_hw_read2beach_robot/conv62)
[2026-04-28 17:13:57.465] [3710] [HailoRT] [info] [filter_elements.cpp:372] [create] Created (PostInferEl2beach_robot/conv62 | Quantization - src_type: UINT8, dst_type FLOAT32, limvals_min: -8.27399, limvals_max: 14.6594)
[2026-04-28 17:13:57.465] [3710] [HailoRT] [info] [queue_elements.cpp:800] [create] Created (UserBuffQEl2beach_robot/conv62 | timeout: 10s)
[2026-04-28 17:13:57.465] [3710] [HailoRT] [info] [vstream.cpp:1114] [OutputVStreamImpl] Creating beach_robot/conv62...
[2026-04-28 17:13:57.465] [3710] [HailoRT] [info] [vstream_builder.cpp:220] [create_outputs] Output pipeline 'beach_robot/conv62': HW >> (HwReadEl2beach_robot/conv62 | hw_frame_size: 25600) >> (PullQEl_hw_read2beach_robot/conv62) >> (PostInferEl2beach_robot/conv62 | Quantization - src_type: UINT8, dst_type FLOAT32, limvals_min: -8.27399, limvals_max: 14.6594) >> (UserBuffQEl2beach_robot/conv62 | timeout: 10s)
[2026-04-28 17:13:57.465] [3710] [HailoRT] [info] [edge_elements.cpp:287] [create] Created (HwReadEl0beach_robot/conv63 | hw_frame_size: 3200)
[2026-04-28 17:13:57.465] [3710] [HailoRT] [info] [queue_elements.cpp:657] [create] Created (PullQEl_hw_read0beach_robot/conv63)
[2026-04-28 17:13:57.465] [3710] [HailoRT] [info] [filter_elements.cpp:372] [create] Created (PostInferEl0beach_robot/conv63 | Quantization - src_type: UINT8, dst_type FLOAT32, limvals_min: -15.2921, limvals_max: 1.44388 | Reorder - src_order: FCR, src_shape: (20, 20, 8), dst_order: FCR, dst_shape: (20, 20, 2))
[2026-04-28 17:13:57.465] [3710] [HailoRT] [info] [queue_elements.cpp:800] [create] Created (UserBuffQEl0beach_robot/conv63 | timeout: 10s)
[2026-04-28 17:13:57.465] [3710] [HailoRT] [info] [vstream.cpp:1114] [OutputVStreamImpl] Creating beach_robot/conv63...
[2026-04-28 17:13:57.465] [3710] [HailoRT] [info] [vstream_builder.cpp:220] [create_outputs] Output pipeline 'beach_robot/conv63': HW >> (HwReadEl0beach_robot/conv63 | hw_frame_size: 3200) >> (PullQEl_hw_read0beach_robot/conv63) >> (PostInferEl0beach_robot/conv63 | Quantization - src_type: UINT8, dst_type FLOAT32, limvals_min: -15.2921, limvals_max: 1.44388 | Reorder - src_order: FCR, src_shape: (20, 20, 8), dst_order: FCR, dst_shape: (20, 20, 2)) >> (UserBuffQEl0beach_robot/conv63 | timeout: 10s)
[2026-04-28 17:13:57.465] [3710] [HailoRT] [info] [core_op.cpp:156] [activate] Activating beach_robot took 0.529375 milliseconds. Note that the function is asynchronous and thus the network is not fully activated yet.
[2026-04-28 17:13:57.465] [3710] [HailoRT] [info] [core_op.cpp:156] [activate] Activating beach_robot took 0.53856 milliseconds. Note that the function is asynchronous and thus the network is not fully activated yet.
[2026-04-28 17:13:57.484] [5541] [HailoRT] [info] [vdevice_native_stream.cpp:331] [read_impl] Failed read from stream HAILO_STREAM_NOT_ACTIVATED(72) (device: 0001:01:00.0)
[2026-04-28 17:13:57.484] [5543] [HailoRT] [info] [vdevice_native_stream.cpp:331] [read_impl] Failed read from stream HAILO_STREAM_NOT_ACTIVATED(72) (device: 0001:01:00.0)
[2026-04-28 17:13:57.484] [5545] [HailoRT] [info] [vdevice_native_stream.cpp:331] [read_impl] Failed read from stream HAILO_STREAM_NOT_ACTIVATED(72) (device: 0001:01:00.0)
[2026-04-28 17:13:57.484] [5539] [HailoRT] [info] [vdevice_native_stream.cpp:331] [read_impl] Failed read from stream HAILO_STREAM_NOT_ACTIVATED(72) (device: 0001:01:00.0)
[2026-04-28 17:13:57.484] [5537] [HailoRT] [info] [vdevice_native_stream.cpp:331] [read_impl] Failed read from stream HAILO_STREAM_NOT_ACTIVATED(72) (device: 0001:01:00.0)
[2026-04-28 17:13:57.485] [5547] [HailoRT] [info] [vdevice_native_stream.cpp:331] [read_impl] Failed read from stream HAILO_STREAM_NOT_ACTIVATED(72) (device: 0001:01:00.0)
[2026-04-28 17:13:57.485] [3710] [HailoRT] [info] [core_op.cpp:186] [deactivate] Deactivating took 0.50669 ms
[2026-04-28 17:13:57.485] [3710] [HailoRT] [info] [core_op.cpp:186] [deactivate] Deactivating took 0.517856 ms
[2026-04-28 17:13:57.485] [5537] [HailoRT] [info] [queue_elements.cpp:734] [run_in_thread] Shutdown event was signaled in run_pull of queue element PullQEl_hw_read0beach_robot/conv41!
[2026-04-28 17:13:57.485] [5538] [HailoRT] [info] [queue_elements.cpp:855] [run_in_thread] Shutdown event was signaled in dequeue of UserBuffQEl0beach_robot/conv41!
[2026-04-28 17:13:57.485] [5537] [HailoRT] [info] [queue_elements.cpp:68] [operator()] Thread in element PullQEl_hw_read0beach_robot/conv41 is not running anymore, exiting..
[2026-04-28 17:13:57.485] [3710] [HailoRT] [info] [queue_elements.cpp:46] [~BaseQueueElement] Queue element PullQEl_hw_read0beach_robot/conv41 has 0 frames in his Queue on destruction
[2026-04-28 17:13:57.485] [5538] [HailoRT] [info] [queue_elements.cpp:68] [operator()] Thread in element UserBuffQEl0beach_robot/conv41 is not running anymore, exiting..
[2026-04-28 17:13:57.485] [3710] [HailoRT] [info] [queue_elements.cpp:46] [~BaseQueueElement] Queue element UserBuffQEl0beach_robot/conv41 has 0 frames in his Queue on destruction
[2026-04-28 17:13:57.485] [5539] [HailoRT] [info] [queue_elements.cpp:734] [run_in_thread] Shutdown event was signaled in run_pull of queue element PullQEl_hw_read7beach_robot/conv42!
[2026-04-28 17:13:57.485] [5540] [HailoRT] [info] [queue_elements.cpp:855] [run_in_thread] Shutdown event was signaled in dequeue of UserBuffQEl7beach_robot/conv42!
[2026-04-28 17:13:57.485] [5539] [HailoRT] [info] [queue_elements.cpp:68] [operator()] Thread in element PullQEl_hw_read7beach_robot/conv42 is not running anymore, exiting..
[2026-04-28 17:13:57.485] [3710] [HailoRT] [info] [queue_elements.cpp:46] [~BaseQueueElement] Queue element PullQEl_hw_read7beach_robot/conv42 has 0 frames in his Queue on destruction
[2026-04-28 17:13:57.485] [5540] [HailoRT] [info] [queue_elements.cpp:68] [operator()] Thread in element UserBuffQEl7beach_robot/conv42 is not running anymore, exiting..
[2026-04-28 17:13:57.485] [3710] [HailoRT] [info] [queue_elements.cpp:46] [~BaseQueueElement] Queue element UserBuffQEl7beach_robot/conv42 has 0 frames in his Queue on destruction
[2026-04-28 17:13:57.485] [5541] [HailoRT] [info] [queue_elements.cpp:734] [run_in_thread] Shutdown event was signaled in run_pull of queue element PullQEl_hw_read3beach_robot/conv52!
[2026-04-28 17:13:57.485] [5542] [HailoRT] [info] [queue_elements.cpp:855] [run_in_thread] Shutdown event was signaled in dequeue of UserBuffQEl3beach_robot/conv52!
[2026-04-28 17:13:57.485] [5541] [HailoRT] [info] [queue_elements.cpp:68] [operator()] Thread in element PullQEl_hw_read3beach_robot/conv52 is not running anymore, exiting..
[2026-04-28 17:13:57.485] [3710] [HailoRT] [info] [queue_elements.cpp:46] [~BaseQueueElement] Queue element PullQEl_hw_read3beach_robot/conv52 has 0 frames in his Queue on destruction
[2026-04-28 17:13:57.485] [5542] [HailoRT] [info] [queue_elements.cpp:68] [operator()] Thread in element UserBuffQEl3beach_robot/conv52 is not running anymore, exiting..
[2026-04-28 17:13:57.485] [3710] [HailoRT] [info] [queue_elements.cpp:46] [~BaseQueueElement] Queue element UserBuffQEl3beach_robot/conv52 has 0 frames in his Queue on destruction
[2026-04-28 17:13:57.485] [5543] [HailoRT] [info] [queue_elements.cpp:734] [run_in_thread] Shutdown event was signaled in run_pull of queue element PullQEl_hw_read1beach_robot/conv53!
[2026-04-28 17:13:57.485] [5544] [HailoRT] [info] [queue_elements.cpp:855] [run_in_thread] Shutdown event was signaled in dequeue of UserBuffQEl1beach_robot/conv53!
[2026-04-28 17:13:57.485] [5543] [HailoRT] [info] [queue_elements.cpp:68] [operator()] Thread in element PullQEl_hw_read1beach_robot/conv53 is not running anymore, exiting..
[2026-04-28 17:13:57.485] [3710] [HailoRT] [info] [queue_elements.cpp:46] [~BaseQueueElement] Queue element PullQEl_hw_read1beach_robot/conv53 has 0 frames in his Queue on destruction
[2026-04-28 17:13:57.485] [5544] [HailoRT] [info] [queue_elements.cpp:68] [operator()] Thread in element UserBuffQEl1beach_robot/conv53 is not running anymore, exiting..
[2026-04-28 17:13:57.485] [3710] [HailoRT] [info] [queue_elements.cpp:46] [~BaseQueueElement] Queue element UserBuffQEl1beach_robot/conv53 has 0 frames in his Queue on destruction
[2026-04-28 17:13:57.485] [5545] [HailoRT] [info] [queue_elements.cpp:734] [run_in_thread] Shutdown event was signaled in run_pull of queue element PullQEl_hw_read2beach_robot/conv62!
[2026-04-28 17:13:57.485] [5546] [HailoRT] [info] [queue_elements.cpp:855] [run_in_thread] Shutdown event was signaled in dequeue of UserBuffQEl2beach_robot/conv62!
[2026-04-28 17:13:57.485] [5545] [HailoRT] [info] [queue_elements.cpp:68] [operator()] Thread in element PullQEl_hw_read2beach_robot/conv62 is not running anymore, exiting..
[2026-04-28 17:13:57.485] [3710] [HailoRT] [info] [queue_elements.cpp:46] [~BaseQueueElement] Queue element PullQEl_hw_read2beach_robot/conv62 has 0 frames in his Queue on destruction
[2026-04-28 17:13:57.485] [5546] [HailoRT] [info] [queue_elements.cpp:68] [operator()] Thread in element UserBuffQEl2beach_robot/conv62 is not running anymore, exiting..
[2026-04-28 17:13:57.485] [3710] [HailoRT] [info] [queue_elements.cpp:46] [~BaseQueueElement] Queue element UserBuffQEl2beach_robot/conv62 has 0 frames in his Queue on destruction
[2026-04-28 17:13:57.486] [5547] [HailoRT] [info] [queue_elements.cpp:734] [run_in_thread] Shutdown event was signaled in run_pull of queue element PullQEl_hw_read0beach_robot/conv63!
[2026-04-28 17:13:57.486] [5548] [HailoRT] [info] [queue_elements.cpp:855] [run_in_thread] Shutdown event was signaled in dequeue of UserBuffQEl0beach_robot/conv63!
[2026-04-28 17:13:57.486] [5547] [HailoRT] [info] [queue_elements.cpp:68] [operator()] Thread in element PullQEl_hw_read0beach_robot/conv63 is not running anymore, exiting..
[2026-04-28 17:13:57.486] [3710] [HailoRT] [info] [queue_elements.cpp:46] [~BaseQueueElement] Queue element PullQEl_hw_read0beach_robot/conv63 has 0 frames in his Queue on destruction
[2026-04-28 17:13:57.486] [5548] [HailoRT] [info] [queue_elements.cpp:68] [operator()] Thread in element UserBuffQEl0beach_robot/conv63 is not running anymore, exiting..
[2026-04-28 17:13:57.486] [3710] [HailoRT] [info] [queue_elements.cpp:46] [~BaseQueueElement] Queue element UserBuffQEl0beach_robot/conv63 has 0 frames in his Queue on destruction
[2026-04-28 17:13:57.755] [3710] [HailoRT] [info] [edge_elements.cpp:52] [create] Created (HwWriteEl2beach_robot/input_layer1 | hw_frame_size: 1228800)
[2026-04-28 17:13:57.755] [3710] [HailoRT] [info] [vstream.cpp:754] [InputVStreamImpl] Creating beach_robot/input_layer1...
[2026-04-28 17:13:57.755] [3710] [HailoRT] [info] [vstream_builder.cpp:102] [create_inputs] Input pipeline 'beach_robot/input_layer1': (HwWriteEl2beach_robot/input_layer1 | hw_frame_size: 1228800) >> HW
[2026-04-28 17:13:57.755] [3710] [HailoRT] [info] [edge_elements.cpp:287] [create] Created (HwReadEl0beach_robot/conv41 | hw_frame_size: 409600)
[2026-04-28 17:13:57.755] [3710] [HailoRT] [info] [queue_elements.cpp:657] [create] Created (PullQEl_hw_read0beach_robot/conv41)
[2026-04-28 17:13:57.755] [3710] [HailoRT] [info] [filter_elements.cpp:372] [create] Created (PostInferEl0beach_robot/conv41 | Quantization - src_type: UINT8, dst_type FLOAT32, limvals_min: -10.8307, limvals_max: 18.5504)
[2026-04-28 17:13:57.755] [3710] [HailoRT] [info] [queue_elements.cpp:800] [create] Created (UserBuffQEl0beach_robot/conv41 | timeout: 10s)
[2026-04-28 17:13:57.755] [3710] [HailoRT] [info] [vstream.cpp:1114] [OutputVStreamImpl] Creating beach_robot/conv41...
[2026-04-28 17:13:57.755] [3710] [HailoRT] [info] [vstream_builder.cpp:220] [create_outputs] Output pipeline 'beach_robot/conv41': HW >> (HwReadEl0beach_robot/conv41 | hw_frame_size: 409600) >> (PullQEl_hw_read0beach_robot/conv41) >> (PostInferEl0beach_robot/conv41 | Quantization - src_type: UINT8, dst_type FLOAT32, limvals_min: -10.8307, limvals_max: 18.5504) >> (UserBuffQEl0beach_robot/conv41 | timeout: 10s)
[2026-04-28 17:13:57.755] [3710] [HailoRT] [info] [edge_elements.cpp:287] [create] Created (HwReadEl7beach_robot/conv42 | hw_frame_size: 12800)
[2026-04-28 17:13:57.755] [3710] [HailoRT] [info] [queue_elements.cpp:657] [create] Created (PullQEl_hw_read7beach_robot/conv42)
[2026-04-28 17:13:57.755] [3710] [HailoRT] [info] [filter_elements.cpp:372] [create] Created (PostInferEl7beach_robot/conv42 | Quantization - src_type: UINT8, dst_type FLOAT32, limvals_min: -25.6857, limvals_max: 0)
[2026-04-28 17:13:57.755] [3710] [HailoRT] [info] [queue_elements.cpp:800] [create] Created (UserBuffQEl7beach_robot/conv42 | timeout: 10s)
[2026-04-28 17:13:57.755] [3710] [HailoRT] [info] [vstream.cpp:1114] [OutputVStreamImpl] Creating beach_robot/conv42...
[2026-04-28 17:13:57.755] [3710] [HailoRT] [info] [vstream_builder.cpp:220] [create_outputs] Output pipeline 'beach_robot/conv42': HW >> (HwReadEl7beach_robot/conv42 | hw_frame_size: 12800) >> (PullQEl_hw_read7beach_robot/conv42) >> (PostInferEl7beach_robot/conv42 | Quantization - src_type: UINT8, dst_type FLOAT32, limvals_min: -25.6857, limvals_max: 0) >> (UserBuffQEl7beach_robot/conv42 | timeout: 10s)
[2026-04-28 17:13:57.755] [3710] [HailoRT] [info] [edge_elements.cpp:287] [create] Created (HwReadEl3beach_robot/conv52 | hw_frame_size: 102400)
[2026-04-28 17:13:57.755] [3710] [HailoRT] [info] [queue_elements.cpp:657] [create] Created (PullQEl_hw_read3beach_robot/conv52)
[2026-04-28 17:13:57.755] [3710] [HailoRT] [info] [filter_elements.cpp:372] [create] Created (PostInferEl3beach_robot/conv52 | Quantization - src_type: UINT8, dst_type FLOAT32, limvals_min: -6.53754, limvals_max: 19.9239)
[2026-04-28 17:13:57.756] [3710] [HailoRT] [info] [queue_elements.cpp:800] [create] Created (UserBuffQEl3beach_robot/conv52 | timeout: 10s)
[2026-04-28 17:13:57.756] [3710] [HailoRT] [info] [vstream.cpp:1114] [OutputVStreamImpl] Creating beach_robot/conv52...
[2026-04-28 17:13:57.756] [3710] [HailoRT] [info] [vstream_builder.cpp:220] [create_outputs] Output pipeline 'beach_robot/conv52': HW >> (HwReadEl3beach_robot/conv52 | hw_frame_size: 102400) >> (PullQEl_hw_read3beach_robot/conv52) >> (PostInferEl3beach_robot/conv52 | Quantization - src_type: UINT8, dst_type FLOAT32, limvals_min: -6.53754, limvals_max: 19.9239) >> (UserBuffQEl3beach_robot/conv52 | timeout: 10s)
[2026-04-28 17:13:57.756] [3710] [HailoRT] [info] [edge_elements.cpp:287] [create] Created (HwReadEl1beach_robot/conv53 | hw_frame_size: 3200)
[2026-04-28 17:13:57.756] [3710] [HailoRT] [info] [queue_elements.cpp:657] [create] Created (PullQEl_hw_read1beach_robot/conv53)
[2026-04-28 17:13:57.756] [3710] [HailoRT] [info] [filter_elements.cpp:372] [create] Created (PostInferEl1beach_robot/conv53 | Quantization - src_type: UINT8, dst_type FLOAT32, limvals_min: -15.7441, limvals_max: 0)
[2026-04-28 17:13:57.756] [3710] [HailoRT] [info] [queue_elements.cpp:800] [create] Created (UserBuffQEl1beach_robot/conv53 | timeout: 10s)
[2026-04-28 17:13:57.756] [3710] [HailoRT] [info] [vstream.cpp:1114] [OutputVStreamImpl] Creating beach_robot/conv53...
[2026-04-28 17:13:57.756] [3710] [HailoRT] [info] [vstream_builder.cpp:220] [create_outputs] Output pipeline 'beach_robot/conv53': HW >> (HwReadEl1beach_robot/conv53 | hw_frame_size: 3200) >> (PullQEl_hw_read1beach_robot/conv53) >> (PostInferEl1beach_robot/conv53 | Quantization - src_type: UINT8, dst_type FLOAT32, limvals_min: -15.7441, limvals_max: 0) >> (UserBuffQEl1beach_robot/conv53 | timeout: 10s)
[2026-04-28 17:13:57.756] [3710] [HailoRT] [info] [edge_elements.cpp:287] [create] Created (HwReadEl2beach_robot/conv62 | hw_frame_size: 25600)
[2026-04-28 17:13:57.756] [3710] [HailoRT] [info] [queue_elements.cpp:657] [create] Created (PullQEl_hw_read2beach_robot/conv62)
[2026-04-28 17:13:57.756] [3710] [HailoRT] [info] [filter_elements.cpp:372] [create] Created (PostInferEl2beach_robot/conv62 | Quantization - src_type: UINT8, dst_type FLOAT32, limvals_min: -8.27399, limvals_max: 14.6594)
[2026-04-28 17:13:57.756] [3710] [HailoRT] [info] [queue_elements.cpp:800] [create] Created (UserBuffQEl2beach_robot/conv62 | timeout: 10s)
[2026-04-28 17:13:57.756] [3710] [HailoRT] [info] [vstream.cpp:1114] [OutputVStreamImpl] Creating beach_robot/conv62...
[2026-04-28 17:13:57.756] [3710] [HailoRT] [info] [vstream_builder.cpp:220] [create_outputs] Output pipeline 'beach_robot/conv62': HW >> (HwReadEl2beach_robot/conv62 | hw_frame_size: 25600) >> (PullQEl_hw_read2beach_robot/conv62) >> (PostInferEl2beach_robot/conv62 | Quantization - src_type: UINT8, dst_type FLOAT32, limvals_min: -8.27399, limvals_max: 14.6594) >> (UserBuffQEl2beach_robot/conv62 | timeout: 10s)
[2026-04-28 17:13:57.756] [3710] [HailoRT] [info] [edge_elements.cpp:287] [create] Created (HwReadEl0beach_robot/conv63 | hw_frame_size: 3200)
[2026-04-28 17:13:57.756] [3710] [HailoRT] [info] [queue_elements.cpp:657] [create] Created (PullQEl_hw_read0beach_robot/conv63)
[2026-04-28 17:13:57.756] [3710] [HailoRT] [info] [filter_elements.cpp:372] [create] Created (PostInferEl0beach_robot/conv63 | Quantization - src_type: UINT8, dst_type FLOAT32, limvals_min: -15.2921, limvals_max: 1.44388 | Reorder - src_order: FCR, src_shape: (20, 20, 8), dst_order: FCR, dst_shape: (20, 20, 2))
[2026-04-28 17:13:57.756] [3710] [HailoRT] [info] [queue_elements.cpp:800] [create] Created (UserBuffQEl0beach_robot/conv63 | timeout: 10s)
[2026-04-28 17:13:57.756] [3710] [HailoRT] [info] [vstream.cpp:1114] [OutputVStreamImpl] Creating beach_robot/conv63...
[2026-04-28 17:13:57.756] [3710] [HailoRT] [info] [vstream_builder.cpp:220] [create_outputs] Output pipeline 'beach_robot/conv63': HW >> (HwReadEl0beach_robot/conv63 | hw_frame_size: 3200) >> (PullQEl_hw_read0beach_robot/conv63) >> (PostInferEl0beach_robot/conv63 | Quantization - src_type: UINT8, dst_type FLOAT32, limvals_min: -15.2921, limvals_max: 1.44388 | Reorder - src_order: FCR, src_shape: (20, 20, 8), dst_order: FCR, dst_shape: (20, 20, 2)) >> (UserBuffQEl0beach_robot/conv63 | timeout: 10s)
[2026-04-28 17:13:57.757] [3710] [HailoRT] [info] [core_op.cpp:156] [activate] Activating beach_robot took 0.52706 milliseconds. Note that the function is asynchronous and thus the network is not fully activated yet.
[2026-04-28 17:13:57.757] [3710] [HailoRT] [info] [core_op.cpp:156] [activate] Activating beach_robot took 0.536134 milliseconds. Note that the function is asynchronous and thus the network is not fully activated yet.
[2026-04-28 17:13:57.776] [5560] [HailoRT] [info] [vdevice_native_stream.cpp:331] [read_impl] Failed read from stream HAILO_STREAM_NOT_ACTIVATED(72) (device: 0001:01:00.0)
[2026-04-28 17:13:57.776] [5562] [HailoRT] [info] [vdevice_native_stream.cpp:331] [read_impl] Failed read from stream HAILO_STREAM_NOT_ACTIVATED(72) (device: 0001:01:00.0)
[2026-04-28 17:13:57.776] [5556] [HailoRT] [info] [vdevice_native_stream.cpp:331] [read_impl] Failed read from stream HAILO_STREAM_NOT_ACTIVATED(72) (device: 0001:01:00.0)
[2026-04-28 17:13:57.776] [5564] [HailoRT] [info] [vdevice_native_stream.cpp:331] [read_impl] Failed read from stream HAILO_STREAM_NOT_ACTIVATED(72) (device: 0001:01:00.0)
[2026-04-28 17:13:57.776] [5558] [HailoRT] [info] [vdevice_native_stream.cpp:331] [read_impl] Failed read from stream HAILO_STREAM_NOT_ACTIVATED(72) (device: 0001:01:00.0)
[2026-04-28 17:13:57.776] [5566] [HailoRT] [info] [vdevice_native_stream.cpp:331] [read_impl] Failed read from stream HAILO_STREAM_NOT_ACTIVATED(72) (device: 0001:01:00.0)
[2026-04-28 17:13:57.776] [3710] [HailoRT] [info] [core_op.cpp:186] [deactivate] Deactivating took 0.497783 ms
[2026-04-28 17:13:57.776] [3710] [HailoRT] [info] [core_op.cpp:186] [deactivate] Deactivating took 0.508727 ms
[2026-04-28 17:13:57.776] [5557] [HailoRT] [info] [queue_elements.cpp:855] [run_in_thread] Shutdown event was signaled in dequeue of UserBuffQEl0beach_robot/conv41!
[2026-04-28 17:13:57.776] [5556] [HailoRT] [info] [queue_elements.cpp:734] [run_in_thread] Shutdown event was signaled in run_pull of queue element PullQEl_hw_read0beach_robot/conv41!
[2026-04-28 17:13:57.776] [5556] [HailoRT] [info] [queue_elements.cpp:68] [operator()] Thread in element PullQEl_hw_read0beach_robot/conv41 is not running anymore, exiting..
[2026-04-28 17:13:57.776] [3710] [HailoRT] [info] [queue_elements.cpp:46] [~BaseQueueElement] Queue element PullQEl_hw_read0beach_robot/conv41 has 0 frames in his Queue on destruction
[2026-04-28 17:13:57.776] [5557] [HailoRT] [info] [queue_elements.cpp:68] [operator()] Thread in element UserBuffQEl0beach_robot/conv41 is not running anymore, exiting..
[2026-04-28 17:13:57.776] [3710] [HailoRT] [info] [queue_elements.cpp:46] [~BaseQueueElement] Queue element UserBuffQEl0beach_robot/conv41 has 0 frames in his Queue on destruction
[2026-04-28 17:13:57.776] [5558] [HailoRT] [info] [queue_elements.cpp:734] [run_in_thread] Shutdown event was signaled in run_pull of queue element PullQEl_hw_read7beach_robot/conv42!
[2026-04-28 17:13:57.776] [5559] [HailoRT] [info] [queue_elements.cpp:855] [run_in_thread] Shutdown event was signaled in dequeue of UserBuffQEl7beach_robot/conv42!
[2026-04-28 17:13:57.776] [5558] [HailoRT] [info] [queue_elements.cpp:68] [operator()] Thread in element PullQEl_hw_read7beach_robot/conv42 is not running anymore, exiting..
[2026-04-28 17:13:57.776] [3710] [HailoRT] [info] [queue_elements.cpp:46] [~BaseQueueElement] Queue element PullQEl_hw_read7beach_robot/conv42 has 0 frames in his Queue on destruction
[2026-04-28 17:13:57.776] [5559] [HailoRT] [info] [queue_elements.cpp:68] [operator()] Thread in element UserBuffQEl7beach_robot/conv42 is not running anymore, exiting..
[2026-04-28 17:13:57.776] [3710] [HailoRT] [info] [queue_elements.cpp:46] [~BaseQueueElement] Queue element UserBuffQEl7beach_robot/conv42 has 0 frames in his Queue on destruction
[2026-04-28 17:13:57.776] [5561] [HailoRT] [info] [queue_elements.cpp:855] [run_in_thread] Shutdown event was signaled in dequeue of UserBuffQEl3beach_robot/conv52!
[2026-04-28 17:13:57.776] [5560] [HailoRT] [info] [queue_elements.cpp:734] [run_in_thread] Shutdown event was signaled in run_pull of queue element PullQEl_hw_read3beach_robot/conv52!
[2026-04-28 17:13:57.776] [5560] [HailoRT] [info] [queue_elements.cpp:68] [operator()] Thread in element PullQEl_hw_read3beach_robot/conv52 is not running anymore, exiting..
[2026-04-28 17:13:57.776] [3710] [HailoRT] [info] [queue_elements.cpp:46] [~BaseQueueElement] Queue element PullQEl_hw_read3beach_robot/conv52 has 0 frames in his Queue on destruction
[2026-04-28 17:13:57.776] [5561] [HailoRT] [info] [queue_elements.cpp:68] [operator()] Thread in element UserBuffQEl3beach_robot/conv52 is not running anymore, exiting..
[2026-04-28 17:13:57.776] [3710] [HailoRT] [info] [queue_elements.cpp:46] [~BaseQueueElement] Queue element UserBuffQEl3beach_robot/conv52 has 0 frames in his Queue on destruction
[2026-04-28 17:13:57.776] [5562] [HailoRT] [info] [queue_elements.cpp:734] [run_in_thread] Shutdown event was signaled in run_pull of queue element PullQEl_hw_read1beach_robot/conv53!
[2026-04-28 17:13:57.776] [5563] [HailoRT] [info] [queue_elements.cpp:855] [run_in_thread] Shutdown event was signaled in dequeue of UserBuffQEl1beach_robot/conv53!
[2026-04-28 17:13:57.777] [5562] [HailoRT] [info] [queue_elements.cpp:68] [operator()] Thread in element PullQEl_hw_read1beach_robot/conv53 is not running anymore, exiting..
[2026-04-28 17:13:57.777] [3710] [HailoRT] [info] [queue_elements.cpp:46] [~BaseQueueElement] Queue element PullQEl_hw_read1beach_robot/conv53 has 0 frames in his Queue on destruction
[2026-04-28 17:13:57.777] [5563] [HailoRT] [info] [queue_elements.cpp:68] [operator()] Thread in element UserBuffQEl1beach_robot/conv53 is not running anymore, exiting..
[2026-04-28 17:13:57.777] [3710] [HailoRT] [info] [queue_elements.cpp:46] [~BaseQueueElement] Queue element UserBuffQEl1beach_robot/conv53 has 0 frames in his Queue on destruction
[2026-04-28 17:13:57.777] [5565] [HailoRT] [info] [queue_elements.cpp:855] [run_in_thread] Shutdown event was signaled in dequeue of UserBuffQEl2beach_robot/conv62!
[2026-04-28 17:13:57.777] [5564] [HailoRT] [info] [queue_elements.cpp:734] [run_in_thread] Shutdown event was signaled in run_pull of queue element PullQEl_hw_read2beach_robot/conv62!
[2026-04-28 17:13:57.777] [5564] [HailoRT] [info] [queue_elements.cpp:68] [operator()] Thread in element PullQEl_hw_read2beach_robot/conv62 is not running anymore, exiting..
[2026-04-28 17:13:57.777] [3710] [HailoRT] [info] [queue_elements.cpp:46] [~BaseQueueElement] Queue element PullQEl_hw_read2beach_robot/conv62 has 0 frames in his Queue on destruction
[2026-04-28 17:13:57.777] [5565] [HailoRT] [info] [queue_elements.cpp:68] [operator()] Thread in element UserBuffQEl2beach_robot/conv62 is not running anymore, exiting..
[2026-04-28 17:13:57.777] [3710] [HailoRT] [info] [queue_elements.cpp:46] [~BaseQueueElement] Queue element UserBuffQEl2beach_robot/conv62 has 0 frames in his Queue on destruction
[2026-04-28 17:13:57.777] [5567] [HailoRT] [info] [queue_elements.cpp:855] [run_in_thread] Shutdown event was signaled in dequeue of UserBuffQEl0beach_robot/conv63!
[2026-04-28 17:13:57.777] [5566] [HailoRT] [info] [queue_elements.cpp:734] [run_in_thread] Shutdown event was signaled in run_pull of queue element PullQEl_hw_read0beach_robot/conv63!
[2026-04-28 17:13:57.777] [5566] [HailoRT] [info] [queue_elements.cpp:68] [operator()] Thread in element PullQEl_hw_read0beach_robot/conv63 is not running anymore, exiting..
[2026-04-28 17:13:57.777] [3710] [HailoRT] [info] [queue_elements.cpp:46] [~BaseQueueElement] Queue element PullQEl_hw_read0beach_robot/conv63 has 0 frames in his Queue on destruction
[2026-04-28 17:13:57.777] [5567] [HailoRT] [info] [queue_elements.cpp:68] [operator()] Thread in element UserBuffQEl0beach_robot/conv63 is not running anymore, exiting..
[2026-04-28 17:13:57.777] [3710] [HailoRT] [info] [queue_elements.cpp:46] [~BaseQueueElement] Queue element UserBuffQEl0beach_robot/conv63 has 0 frames in his Queue on destruction
[2026-04-28 17:13:58.069] [3710] [HailoRT] [info] [edge_elements.cpp:52] [create] Created (HwWriteEl2beach_robot/input_layer1 | hw_frame_size: 1228800)
[2026-04-28 17:13:58.069] [3710] [HailoRT] [info] [vstream.cpp:754] [InputVStreamImpl] Creating beach_robot/input_layer1...
[2026-04-28 17:13:58.069] [3710] [HailoRT] [info] [vstream_builder.cpp:102] [create_inputs] Input pipeline 'beach_robot/input_layer1': (HwWriteEl2beach_robot/input_layer1 | hw_frame_size: 1228800) >> HW
[2026-04-28 17:13:58.070] [3710] [HailoRT] [info] [edge_elements.cpp:287] [create] Created (HwReadEl0beach_robot/conv41 | hw_frame_size: 409600)
[2026-04-28 17:13:58.070] [3710] [HailoRT] [info] [queue_elements.cpp:657] [create] Created (PullQEl_hw_read0beach_robot/conv41)
[2026-04-28 17:13:58.070] [3710] [HailoRT] [info] [filter_elements.cpp:372] [create] Created (PostInferEl0beach_robot/conv41 | Quantization - src_type: UINT8, dst_type FLOAT32, limvals_min: -10.8307, limvals_max: 18.5504)
[2026-04-28 17:13:58.070] [3710] [HailoRT] [info] [queue_elements.cpp:800] [create] Created (UserBuffQEl0beach_robot/conv41 | timeout: 10s)
[2026-04-28 17:13:58.070] [3710] [HailoRT] [info] [vstream.cpp:1114] [OutputVStreamImpl] Creating beach_robot/conv41...
[2026-04-28 17:13:58.070] [3710] [HailoRT] [info] [vstream_builder.cpp:220] [create_outputs] Output pipeline 'beach_robot/conv41': HW >> (HwReadEl0beach_robot/conv41 | hw_frame_size: 409600) >> (PullQEl_hw_read0beach_robot/conv41) >> (PostInferEl0beach_robot/conv41 | Quantization - src_type: UINT8, dst_type FLOAT32, limvals_min: -10.8307, limvals_max: 18.5504) >> (UserBuffQEl0beach_robot/conv41 | timeout: 10s)
[2026-04-28 17:13:58.070] [3710] [HailoRT] [info] [edge_elements.cpp:287] [create] Created (HwReadEl7beach_robot/conv42 | hw_frame_size: 12800)
[2026-04-28 17:13:58.070] [3710] [HailoRT] [info] [queue_elements.cpp:657] [create] Created (PullQEl_hw_read7beach_robot/conv42)
[2026-04-28 17:13:58.070] [3710] [HailoRT] [info] [filter_elements.cpp:372] [create] Created (PostInferEl7beach_robot/conv42 | Quantization - src_type: UINT8, dst_type FLOAT32, limvals_min: -25.6857, limvals_max: 0)
[2026-04-28 17:13:58.070] [3710] [HailoRT] [info] [queue_elements.cpp:800] [create] Created (UserBuffQEl7beach_robot/conv42 | timeout: 10s)
[2026-04-28 17:13:58.070] [3710] [HailoRT] [info] [vstream.cpp:1114] [OutputVStreamImpl] Creating beach_robot/conv42...
[2026-04-28 17:13:58.070] [3710] [HailoRT] [info] [vstream_builder.cpp:220] [create_outputs] Output pipeline 'beach_robot/conv42': HW >> (HwReadEl7beach_robot/conv42 | hw_frame_size: 12800) >> (PullQEl_hw_read7beach_robot/conv42) >> (PostInferEl7beach_robot/conv42 | Quantization - src_type: UINT8, dst_type FLOAT32, limvals_min: -25.6857, limvals_max: 0) >> (UserBuffQEl7beach_robot/conv42 | timeout: 10s)
[2026-04-28 17:13:58.070] [3710] [HailoRT] [info] [edge_elements.cpp:287] [create] Created (HwReadEl3beach_robot/conv52 | hw_frame_size: 102400)
[2026-04-28 17:13:58.070] [3710] [HailoRT] [info] [queue_elements.cpp:657] [create] Created (PullQEl_hw_read3beach_robot/conv52)
[2026-04-28 17:13:58.070] [3710] [HailoRT] [info] [filter_elements.cpp:372] [create] Created (PostInferEl3beach_robot/conv52 | Quantization - src_type: UINT8, dst_type FLOAT32, limvals_min: -6.53754, limvals_max: 19.9239)
[2026-04-28 17:13:58.070] [3710] [HailoRT] [info] [queue_elements.cpp:800] [create] Created (UserBuffQEl3beach_robot/conv52 | timeout: 10s)
[2026-04-28 17:13:58.070] [3710] [HailoRT] [info] [vstream.cpp:1114] [OutputVStreamImpl] Creating beach_robot/conv52...
[2026-04-28 17:13:58.070] [3710] [HailoRT] [info] [vstream_builder.cpp:220] [create_outputs] Output pipeline 'beach_robot/conv52': HW >> (HwReadEl3beach_robot/conv52 | hw_frame_size: 102400) >> (PullQEl_hw_read3beach_robot/conv52) >> (PostInferEl3beach_robot/conv52 | Quantization - src_type: UINT8, dst_type FLOAT32, limvals_min: -6.53754, limvals_max: 19.9239) >> (UserBuffQEl3beach_robot/conv52 | timeout: 10s)
[2026-04-28 17:13:58.070] [3710] [HailoRT] [info] [edge_elements.cpp:287] [create] Created (HwReadEl1beach_robot/conv53 | hw_frame_size: 3200)
[2026-04-28 17:13:58.070] [3710] [HailoRT] [info] [queue_elements.cpp:657] [create] Created (PullQEl_hw_read1beach_robot/conv53)
[2026-04-28 17:13:58.070] [3710] [HailoRT] [info] [filter_elements.cpp:372] [create] Created (PostInferEl1beach_robot/conv53 | Quantization - src_type: UINT8, dst_type FLOAT32, limvals_min: -15.7441, limvals_max: 0)
[2026-04-28 17:13:58.070] [3710] [HailoRT] [info] [queue_elements.cpp:800] [create] Created (UserBuffQEl1beach_robot/conv53 | timeout: 10s)
[2026-04-28 17:13:58.070] [3710] [HailoRT] [info] [vstream.cpp:1114] [OutputVStreamImpl] Creating beach_robot/conv53...
[2026-04-28 17:13:58.070] [3710] [HailoRT] [info] [vstream_builder.cpp:220] [create_outputs] Output pipeline 'beach_robot/conv53': HW >> (HwReadEl1beach_robot/conv53 | hw_frame_size: 3200) >> (PullQEl_hw_read1beach_robot/conv53) >> (PostInferEl1beach_robot/conv53 | Quantization - src_type: UINT8, dst_type FLOAT32, limvals_min: -15.7441, limvals_max: 0) >> (UserBuffQEl1beach_robot/conv53 | timeout: 10s)
[2026-04-28 17:13:58.070] [3710] [HailoRT] [info] [edge_elements.cpp:287] [create] Created (HwReadEl2beach_robot/conv62 | hw_frame_size: 25600)
[2026-04-28 17:13:58.070] [3710] [HailoRT] [info] [queue_elements.cpp:657] [create] Created (PullQEl_hw_read2beach_robot/conv62)
[2026-04-28 17:13:58.070] [3710] [HailoRT] [info] [filter_elements.cpp:372] [create] Created (PostInferEl2beach_robot/conv62 | Quantization - src_type: UINT8, dst_type FLOAT32, limvals_min: -8.27399, limvals_max: 14.6594)
[2026-04-28 17:13:58.070] [3710] [HailoRT] [info] [queue_elements.cpp:800] [create] Created (UserBuffQEl2beach_robot/conv62 | timeout: 10s)
[2026-04-28 17:13:58.070] [3710] [HailoRT] [info] [vstream.cpp:1114] [OutputVStreamImpl] Creating beach_robot/conv62...
[2026-04-28 17:13:58.070] [3710] [HailoRT] [info] [vstream_builder.cpp:220] [create_outputs] Output pipeline 'beach_robot/conv62': HW >> (HwReadEl2beach_robot/conv62 | hw_frame_size: 25600) >> (PullQEl_hw_read2beach_robot/conv62) >> (PostInferEl2beach_robot/conv62 | Quantization - src_type: UINT8, dst_type FLOAT32, limvals_min: -8.27399, limvals_max: 14.6594) >> (UserBuffQEl2beach_robot/conv62 | timeout: 10s)
[2026-04-28 17:13:58.070] [3710] [HailoRT] [info] [edge_elements.cpp:287] [create] Created (HwReadEl0beach_robot/conv63 | hw_frame_size: 3200)
[2026-04-28 17:13:58.070] [3710] [HailoRT] [info] [queue_elements.cpp:657] [create] Created (PullQEl_hw_read0beach_robot/conv63)
[2026-04-28 17:13:58.070] [3710] [HailoRT] [info] [filter_elements.cpp:372] [create] Created (PostInferEl0beach_robot/conv63 | Quantization - src_type: UINT8, dst_type FLOAT32, limvals_min: -15.2921, limvals_max: 1.44388 | Reorder - src_order: FCR, src_shape: (20, 20, 8), dst_order: FCR, dst_shape: (20, 20, 2))
[2026-04-28 17:13:58.071] [3710] [HailoRT] [info] [queue_elements.cpp:800] [create] Created (UserBuffQEl0beach_robot/conv63 | timeout: 10s)
[2026-04-28 17:13:58.071] [3710] [HailoRT] [info] [vstream.cpp:1114] [OutputVStreamImpl] Creating beach_robot/conv63...
[2026-04-28 17:13:58.071] [3710] [HailoRT] [info] [vstream_builder.cpp:220] [create_outputs] Output pipeline 'beach_robot/conv63': HW >> (HwReadEl0beach_robot/conv63 | hw_frame_size: 3200) >> (PullQEl_hw_read0beach_robot/conv63) >> (PostInferEl0beach_robot/conv63 | Quantization - src_type: UINT8, dst_type FLOAT32, limvals_min: -15.2921, limvals_max: 1.44388 | Reorder - src_order: FCR, src_shape: (20, 20, 8), dst_order: FCR, dst_shape: (20, 20, 2)) >> (UserBuffQEl0beach_robot/conv63 | timeout: 10s)
[2026-04-28 17:13:58.071] [3710] [HailoRT] [info] [core_op.cpp:156] [activate] Activating beach_robot took 0.526579 milliseconds. Note that the function is asynchronous and thus the network is not fully activated yet.
[2026-04-28 17:13:58.071] [3710] [HailoRT] [info] [core_op.cpp:156] [activate] Activating beach_robot took 0.535912 milliseconds. Note that the function is asynchronous and thus the network is not fully activated yet.
[2026-04-28 17:13:58.090] [5577] [HailoRT] [info] [vdevice_native_stream.cpp:331] [read_impl] Failed read from stream HAILO_STREAM_NOT_ACTIVATED(72) (device: 0001:01:00.0)
[2026-04-28 17:13:58.090] [5575] [HailoRT] [info] [vdevice_native_stream.cpp:331] [read_impl] Failed read from stream HAILO_STREAM_NOT_ACTIVATED(72) (device: 0001:01:00.0)
[2026-04-28 17:13:58.090] [5583] [HailoRT] [info] [vdevice_native_stream.cpp:331] [read_impl] Failed read from stream HAILO_STREAM_NOT_ACTIVATED(72) (device: 0001:01:00.0)
[2026-04-28 17:13:58.090] [5579] [HailoRT] [info] [vdevice_native_stream.cpp:331] [read_impl] Failed read from stream HAILO_STREAM_NOT_ACTIVATED(72) (device: 0001:01:00.0)
[2026-04-28 17:13:58.090] [5581] [HailoRT] [info] [vdevice_native_stream.cpp:331] [read_impl] Failed read from stream HAILO_STREAM_NOT_ACTIVATED(72) (device: 0001:01:00.0)
[2026-04-28 17:13:58.090] [5585] [HailoRT] [info] [vdevice_native_stream.cpp:331] [read_impl] Failed read from stream HAILO_STREAM_NOT_ACTIVATED(72) (device: 0001:01:00.0)
[2026-04-28 17:13:58.091] [3710] [HailoRT] [info] [core_op.cpp:186] [deactivate] Deactivating took 0.501283 ms
[2026-04-28 17:13:58.091] [3710] [HailoRT] [info] [core_op.cpp:186] [deactivate] Deactivating took 0.511986 ms
[2026-04-28 17:13:58.091] [5576] [HailoRT] [info] [queue_elements.cpp:855] [run_in_thread] Shutdown event was signaled in dequeue of UserBuffQEl0beach_robot/conv41!
[2026-04-28 17:13:58.091] [5575] [HailoRT] [info] [queue_elements.cpp:734] [run_in_thread] Shutdown event was signaled in run_pull of queue element PullQEl_hw_read0beach_robot/conv41!
[2026-04-28 17:13:58.091] [5575] [HailoRT] [info] [queue_elements.cpp:68] [operator()] Thread in element PullQEl_hw_read0beach_robot/conv41 is not running anymore, exiting..
[2026-04-28 17:13:58.091] [3710] [HailoRT] [info] [queue_elements.cpp:46] [~BaseQueueElement] Queue element PullQEl_hw_read0beach_robot/conv41 has 0 frames in his Queue on destruction
[2026-04-28 17:13:58.091] [5576] [HailoRT] [info] [queue_elements.cpp:68] [operator()] Thread in element UserBuffQEl0beach_robot/conv41 is not running anymore, exiting..
[2026-04-28 17:13:58.091] [3710] [HailoRT] [info] [queue_elements.cpp:46] [~BaseQueueElement] Queue element UserBuffQEl0beach_robot/conv41 has 0 frames in his Queue on destruction
[2026-04-28 17:13:58.091] [5577] [HailoRT] [info] [queue_elements.cpp:734] [run_in_thread] Shutdown event was signaled in run_pull of queue element PullQEl_hw_read7beach_robot/conv42!
[2026-04-28 17:13:58.091] [5578] [HailoRT] [info] [queue_elements.cpp:855] [run_in_thread] Shutdown event was signaled in dequeue of UserBuffQEl7beach_robot/conv42!
[2026-04-28 17:13:58.091] [5577] [HailoRT] [info] [queue_elements.cpp:68] [operator()] Thread in element PullQEl_hw_read7beach_robot/conv42 is not running anymore, exiting..
[2026-04-28 17:13:58.091] [3710] [HailoRT] [info] [queue_elements.cpp:46] [~BaseQueueElement] Queue element PullQEl_hw_read7beach_robot/conv42 has 0 frames in his Queue on destruction
[2026-04-28 17:13:58.091] [5578] [HailoRT] [info] [queue_elements.cpp:68] [operator()] Thread in element UserBuffQEl7beach_robot/conv42 is not running anymore, exiting..
[2026-04-28 17:13:58.091] [3710] [HailoRT] [info] [queue_elements.cpp:46] [~BaseQueueElement] Queue element UserBuffQEl7beach_robot/conv42 has 0 frames in his Queue on destruction
[2026-04-28 17:13:58.091] [5579] [HailoRT] [info] [queue_elements.cpp:734] [run_in_thread] Shutdown event was signaled in run_pull of queue element PullQEl_hw_read3beach_robot/conv52!
[2026-04-28 17:13:58.091] [5580] [HailoRT] [info] [queue_elements.cpp:855] [run_in_thread] Shutdown event was signaled in dequeue of UserBuffQEl3beach_robot/conv52!
[2026-04-28 17:13:58.091] [5579] [HailoRT] [info] [queue_elements.cpp:68] [operator()] Thread in element PullQEl_hw_read3beach_robot/conv52 is not running anymore, exiting..
[2026-04-28 17:13:58.091] [3710] [HailoRT] [info] [queue_elements.cpp:46] [~BaseQueueElement] Queue element PullQEl_hw_read3beach_robot/conv52 has 0 frames in his Queue on destruction
[2026-04-28 17:13:58.091] [5580] [HailoRT] [info] [queue_elements.cpp:68] [operator()] Thread in element UserBuffQEl3beach_robot/conv52 is not running anymore, exiting..
[2026-04-28 17:13:58.091] [3710] [HailoRT] [info] [queue_elements.cpp:46] [~BaseQueueElement] Queue element UserBuffQEl3beach_robot/conv52 has 0 frames in his Queue on destruction
[2026-04-28 17:13:58.091] [5581] [HailoRT] [info] [queue_elements.cpp:734] [run_in_thread] Shutdown event was signaled in run_pull of queue element PullQEl_hw_read1beach_robot/conv53!
[2026-04-28 17:13:58.091] [5582] [HailoRT] [info] [queue_elements.cpp:855] [run_in_thread] Shutdown event was signaled in dequeue of UserBuffQEl1beach_robot/conv53!
[2026-04-28 17:13:58.091] [5581] [HailoRT] [info] [queue_elements.cpp:68] [operator()] Thread in element PullQEl_hw_read1beach_robot/conv53 is not running anymore, exiting..
[2026-04-28 17:13:58.091] [3710] [HailoRT] [info] [queue_elements.cpp:46] [~BaseQueueElement] Queue element PullQEl_hw_read1beach_robot/conv53 has 0 frames in his Queue on destruction
[2026-04-28 17:13:58.091] [5582] [HailoRT] [info] [queue_elements.cpp:68] [operator()] Thread in element UserBuffQEl1beach_robot/conv53 is not running anymore, exiting..
[2026-04-28 17:13:58.091] [3710] [HailoRT] [info] [queue_elements.cpp:46] [~BaseQueueElement] Queue element UserBuffQEl1beach_robot/conv53 has 0 frames in his Queue on destruction
[2026-04-28 17:13:58.091] [5583] [HailoRT] [info] [queue_elements.cpp:734] [run_in_thread] Shutdown event was signaled in run_pull of queue element PullQEl_hw_read2beach_robot/conv62!
[2026-04-28 17:13:58.091] [5584] [HailoRT] [info] [queue_elements.cpp:855] [run_in_thread] Shutdown event was signaled in dequeue of UserBuffQEl2beach_robot/conv62!
[2026-04-28 17:13:58.091] [5583] [HailoRT] [info] [queue_elements.cpp:68] [operator()] Thread in element PullQEl_hw_read2beach_robot/conv62 is not running anymore, exiting..
[2026-04-28 17:13:58.091] [3710] [HailoRT] [info] [queue_elements.cpp:46] [~BaseQueueElement] Queue element PullQEl_hw_read2beach_robot/conv62 has 0 frames in his Queue on destruction
[2026-04-28 17:13:58.091] [5584] [HailoRT] [info] [queue_elements.cpp:68] [operator()] Thread in element UserBuffQEl2beach_robot/conv62 is not running anymore, exiting..
[2026-04-28 17:13:58.091] [3710] [HailoRT] [info] [queue_elements.cpp:46] [~BaseQueueElement] Queue element UserBuffQEl2beach_robot/conv62 has 0 frames in his Queue on destruction
[2026-04-28 17:13:58.091] [5585] [HailoRT] [info] [queue_elements.cpp:734] [run_in_thread] Shutdown event was signaled in run_pull of queue element PullQEl_hw_read0beach_robot/conv63!
[2026-04-28 17:13:58.091] [5586] [HailoRT] [info] [queue_elements.cpp:855] [run_in_thread] Shutdown event was signaled in dequeue of UserBuffQEl0beach_robot/conv63!
[2026-04-28 17:13:58.091] [5585] [HailoRT] [info] [queue_elements.cpp:68] [operator()] Thread in element PullQEl_hw_read0beach_robot/conv63 is not running anymore, exiting..
[2026-04-28 17:13:58.091] [3710] [HailoRT] [info] [queue_elements.cpp:46] [~BaseQueueElement] Queue element PullQEl_hw_read0beach_robot/conv63 has 0 frames in his Queue on destruction
[2026-04-28 17:13:58.091] [5586] [HailoRT] [info] [queue_elements.cpp:68] [operator()] Thread in element UserBuffQEl0beach_robot/conv63 is not running anymore, exiting..
[2026-04-28 17:13:58.091] [3710] [HailoRT] [info] [queue_elements.cpp:46] [~BaseQueueElement] Queue element UserBuffQEl0beach_robot/conv63 has 0 frames in his Queue on destruction
[2026-04-28 17:13:58.392] [3710] [HailoRT] [info] [edge_elements.cpp:52] [create] Created (HwWriteEl2beach_robot/input_layer1 | hw_frame_size: 1228800)
[2026-04-28 17:13:58.392] [3710] [HailoRT] [info] [vstream.cpp:754] [InputVStreamImpl] Creating beach_robot/input_layer1...
[2026-04-28 17:13:58.392] [3710] [HailoRT] [info] [vstream_builder.cpp:102] [create_inputs] Input pipeline 'beach_robot/input_layer1': (HwWriteEl2beach_robot/input_layer1 | hw_frame_size: 1228800) >> HW
[2026-04-28 17:13:58.392] [3710] [HailoRT] [info] [edge_elements.cpp:287] [create] Created (HwReadEl0beach_robot/conv41 | hw_frame_size: 409600)
[2026-04-28 17:13:58.392] [3710] [HailoRT] [info] [queue_elements.cpp:657] [create] Created (PullQEl_hw_read0beach_robot/conv41)
[2026-04-28 17:13:58.392] [3710] [HailoRT] [info] [filter_elements.cpp:372] [create] Created (PostInferEl0beach_robot/conv41 | Quantization - src_type: UINT8, dst_type FLOAT32, limvals_min: -10.8307, limvals_max: 18.5504)
[2026-04-28 17:13:58.392] [3710] [HailoRT] [info] [queue_elements.cpp:800] [create] Created (UserBuffQEl0beach_robot/conv41 | timeout: 10s)
[2026-04-28 17:13:58.392] [3710] [HailoRT] [info] [vstream.cpp:1114] [OutputVStreamImpl] Creating beach_robot/conv41...
[2026-04-28 17:13:58.392] [3710] [HailoRT] [info] [vstream_builder.cpp:220] [create_outputs] Output pipeline 'beach_robot/conv41': HW >> (HwReadEl0beach_robot/conv41 | hw_frame_size: 409600) >> (PullQEl_hw_read0beach_robot/conv41) >> (PostInferEl0beach_robot/conv41 | Quantization - src_type: UINT8, dst_type FLOAT32, limvals_min: -10.8307, limvals_max: 18.5504) >> (UserBuffQEl0beach_robot/conv41 | timeout: 10s)
[2026-04-28 17:13:58.392] [3710] [HailoRT] [info] [edge_elements.cpp:287] [create] Created (HwReadEl7beach_robot/conv42 | hw_frame_size: 12800)
[2026-04-28 17:13:58.392] [3710] [HailoRT] [info] [queue_elements.cpp:657] [create] Created (PullQEl_hw_read7beach_robot/conv42)
[2026-04-28 17:13:58.392] [3710] [HailoRT] [info] [filter_elements.cpp:372] [create] Created (PostInferEl7beach_robot/conv42 | Quantization - src_type: UINT8, dst_type FLOAT32, limvals_min: -25.6857, limvals_max: 0)
[2026-04-28 17:13:58.392] [3710] [HailoRT] [info] [queue_elements.cpp:800] [create] Created (UserBuffQEl7beach_robot/conv42 | timeout: 10s)
[2026-04-28 17:13:58.392] [3710] [HailoRT] [info] [vstream.cpp:1114] [OutputVStreamImpl] Creating beach_robot/conv42...
[2026-04-28 17:13:58.392] [3710] [HailoRT] [info] [vstream_builder.cpp:220] [create_outputs] Output pipeline 'beach_robot/conv42': HW >> (HwReadEl7beach_robot/conv42 | hw_frame_size: 12800) >> (PullQEl_hw_read7beach_robot/conv42) >> (PostInferEl7beach_robot/conv42 | Quantization - src_type: UINT8, dst_type FLOAT32, limvals_min: -25.6857, limvals_max: 0) >> (UserBuffQEl7beach_robot/conv42 | timeout: 10s)
[2026-04-28 17:13:58.392] [3710] [HailoRT] [info] [edge_elements.cpp:287] [create] Created (HwReadEl3beach_robot/conv52 | hw_frame_size: 102400)
[2026-04-28 17:13:58.392] [3710] [HailoRT] [info] [queue_elements.cpp:657] [create] Created (PullQEl_hw_read3beach_robot/conv52)
[2026-04-28 17:13:58.392] [3710] [HailoRT] [info] [filter_elements.cpp:372] [create] Created (PostInferEl3beach_robot/conv52 | Quantization - src_type: UINT8, dst_type FLOAT32, limvals_min: -6.53754, limvals_max: 19.9239)
[2026-04-28 17:13:58.392] [3710] [HailoRT] [info] [queue_elements.cpp:800] [create] Created (UserBuffQEl3beach_robot/conv52 | timeout: 10s)
[2026-04-28 17:13:58.392] [3710] [HailoRT] [info] [vstream.cpp:1114] [OutputVStreamImpl] Creating beach_robot/conv52...
[2026-04-28 17:13:58.392] [3710] [HailoRT] [info] [vstream_builder.cpp:220] [create_outputs] Output pipeline 'beach_robot/conv52': HW >> (HwReadEl3beach_robot/conv52 | hw_frame_size: 102400) >> (PullQEl_hw_read3beach_robot/conv52) >> (PostInferEl3beach_robot/conv52 | Quantization - src_type: UINT8, dst_type FLOAT32, limvals_min: -6.53754, limvals_max: 19.9239) >> (UserBuffQEl3beach_robot/conv52 | timeout: 10s)
[2026-04-28 17:13:58.392] [3710] [HailoRT] [info] [edge_elements.cpp:287] [create] Created (HwReadEl1beach_robot/conv53 | hw_frame_size: 3200)
[2026-04-28 17:13:58.392] [3710] [HailoRT] [info] [queue_elements.cpp:657] [create] Created (PullQEl_hw_read1beach_robot/conv53)
[2026-04-28 17:13:58.392] [3710] [HailoRT] [info] [filter_elements.cpp:372] [create] Created (PostInferEl1beach_robot/conv53 | Quantization - src_type: UINT8, dst_type FLOAT32, limvals_min: -15.7441, limvals_max: 0)
[2026-04-28 17:13:58.393] [3710] [HailoRT] [info] [queue_elements.cpp:800] [create] Created (UserBuffQEl1beach_robot/conv53 | timeout: 10s)
[2026-04-28 17:13:58.393] [3710] [HailoRT] [info] [vstream.cpp:1114] [OutputVStreamImpl] Creating beach_robot/conv53...
[2026-04-28 17:13:58.393] [3710] [HailoRT] [info] [vstream_builder.cpp:220] [create_outputs] Output pipeline 'beach_robot/conv53': HW >> (HwReadEl1beach_robot/conv53 | hw_frame_size: 3200) >> (PullQEl_hw_read1beach_robot/conv53) >> (PostInferEl1beach_robot/conv53 | Quantization - src_type: UINT8, dst_type FLOAT32, limvals_min: -15.7441, limvals_max: 0) >> (UserBuffQEl1beach_robot/conv53 | timeout: 10s)
[2026-04-28 17:13:58.393] [3710] [HailoRT] [info] [edge_elements.cpp:287] [create] Created (HwReadEl2beach_robot/conv62 | hw_frame_size: 25600)
[2026-04-28 17:13:58.393] [3710] [HailoRT] [info] [queue_elements.cpp:657] [create] Created (PullQEl_hw_read2beach_robot/conv62)
[2026-04-28 17:13:58.393] [3710] [HailoRT] [info] [filter_elements.cpp:372] [create] Created (PostInferEl2beach_robot/conv62 | Quantization - src_type: UINT8, dst_type FLOAT32, limvals_min: -8.27399, limvals_max: 14.6594)
[2026-04-28 17:13:58.393] [3710] [HailoRT] [info] [queue_elements.cpp:800] [create] Created (UserBuffQEl2beach_robot/conv62 | timeout: 10s)
[2026-04-28 17:13:58.393] [3710] [HailoRT] [info] [vstream.cpp:1114] [OutputVStreamImpl] Creating beach_robot/conv62...
[2026-04-28 17:13:58.393] [3710] [HailoRT] [info] [vstream_builder.cpp:220] [create_outputs] Output pipeline 'beach_robot/conv62': HW >> (HwReadEl2beach_robot/conv62 | hw_frame_size: 25600) >> (PullQEl_hw_read2beach_robot/conv62) >> (PostInferEl2beach_robot/conv62 | Quantization - src_type: UINT8, dst_type FLOAT32, limvals_min: -8.27399, limvals_max: 14.6594) >> (UserBuffQEl2beach_robot/conv62 | timeout: 10s)
[2026-04-28 17:13:58.393] [3710] [HailoRT] [info] [edge_elements.cpp:287] [create] Created (HwReadEl0beach_robot/conv63 | hw_frame_size: 3200)
[2026-04-28 17:13:58.393] [3710] [HailoRT] [info] [queue_elements.cpp:657] [create] Created (PullQEl_hw_read0beach_robot/conv63)
[2026-04-28 17:13:58.393] [3710] [HailoRT] [info] [filter_elements.cpp:372] [create] Created (PostInferEl0beach_robot/conv63 | Quantization - src_type: UINT8, dst_type FLOAT32, limvals_min: -15.2921, limvals_max: 1.44388 | Reorder - src_order: FCR, src_shape: (20, 20, 8), dst_order: FCR, dst_shape: (20, 20, 2))
[2026-04-28 17:13:58.393] [3710] [HailoRT] [info] [queue_elements.cpp:800] [create] Created (UserBuffQEl0beach_robot/conv63 | timeout: 10s)
[2026-04-28 17:13:58.393] [3710] [HailoRT] [info] [vstream.cpp:1114] [OutputVStreamImpl] Creating beach_robot/conv63...
[2026-04-28 17:13:58.393] [3710] [HailoRT] [info] [vstream_builder.cpp:220] [create_outputs] Output pipeline 'beach_robot/conv63': HW >> (HwReadEl0beach_robot/conv63 | hw_frame_size: 3200) >> (PullQEl_hw_read0beach_robot/conv63) >> (PostInferEl0beach_robot/conv63 | Quantization - src_type: UINT8, dst_type FLOAT32, limvals_min: -15.2921, limvals_max: 1.44388 | Reorder - src_order: FCR, src_shape: (20, 20, 8), dst_order: FCR, dst_shape: (20, 20, 2)) >> (UserBuffQEl0beach_robot/conv63 | timeout: 10s)
[2026-04-28 17:13:58.393] [3710] [HailoRT] [info] [core_op.cpp:156] [activate] Activating beach_robot took 0.527116 milliseconds. Note that the function is asynchronous and thus the network is not fully activated yet.
[2026-04-28 17:13:58.393] [3710] [HailoRT] [info] [core_op.cpp:156] [activate] Activating beach_robot took 0.536208 milliseconds. Note that the function is asynchronous and thus the network is not fully activated yet.
[2026-04-28 17:13:58.412] [5600] [HailoRT] [info] [vdevice_native_stream.cpp:331] [read_impl] Failed read from stream HAILO_STREAM_NOT_ACTIVATED(72) (device: 0001:01:00.0)
[2026-04-28 17:13:58.412] [5604] [HailoRT] [info] [vdevice_native_stream.cpp:331] [read_impl] Failed read from stream HAILO_STREAM_NOT_ACTIVATED(72) (device: 0001:01:00.0)
[2026-04-28 17:13:58.412] [5594] [HailoRT] [info] [vdevice_native_stream.cpp:331] [read_impl] Failed read from stream HAILO_STREAM_NOT_ACTIVATED(72) (device: 0001:01:00.0)
[2026-04-28 17:13:58.412] [5602] [HailoRT] [info] [vdevice_native_stream.cpp:331] [read_impl] Failed read from stream HAILO_STREAM_NOT_ACTIVATED(72) (device: 0001:01:00.0)
[2026-04-28 17:13:58.412] [5596] [HailoRT] [info] [vdevice_native_stream.cpp:331] [read_impl] Failed read from stream HAILO_STREAM_NOT_ACTIVATED(72) (device: 0001:01:00.0)
[2026-04-28 17:13:58.412] [5598] [HailoRT] [info] [vdevice_native_stream.cpp:331] [read_impl] Failed read from stream HAILO_STREAM_NOT_ACTIVATED(72) (device: 0001:01:00.0)
[2026-04-28 17:13:58.413] [3710] [HailoRT] [info] [core_op.cpp:186] [deactivate] Deactivating took 0.509524 ms
[2026-04-28 17:13:58.413] [3710] [HailoRT] [info] [core_op.cpp:186] [deactivate] Deactivating took 0.521023 ms
[2026-04-28 17:13:58.413] [5594] [HailoRT] [info] [queue_elements.cpp:734] [run_in_thread] Shutdown event was signaled in run_pull of queue element PullQEl_hw_read0beach_robot/conv41!
[2026-04-28 17:13:58.413] [5595] [HailoRT] [info] [queue_elements.cpp:855] [run_in_thread] Shutdown event was signaled in dequeue of UserBuffQEl0beach_robot/conv41!
[2026-04-28 17:13:58.413] [5594] [HailoRT] [info] [queue_elements.cpp:68] [operator()] Thread in element PullQEl_hw_read0beach_robot/conv41 is not running anymore, exiting..
[2026-04-28 17:13:58.413] [3710] [HailoRT] [info] [queue_elements.cpp:46] [~BaseQueueElement] Queue element PullQEl_hw_read0beach_robot/conv41 has 0 frames in his Queue on destruction
[2026-04-28 17:13:58.413] [5595] [HailoRT] [info] [queue_elements.cpp:68] [operator()] Thread in element UserBuffQEl0beach_robot/conv41 is not running anymore, exiting..
[2026-04-28 17:13:58.413] [3710] [HailoRT] [info] [queue_elements.cpp:46] [~BaseQueueElement] Queue element UserBuffQEl0beach_robot/conv41 has 0 frames in his Queue on destruction
[2026-04-28 17:13:58.413] [5597] [HailoRT] [info] [queue_elements.cpp:855] [run_in_thread] Shutdown event was signaled in dequeue of UserBuffQEl7beach_robot/conv42!
[2026-04-28 17:13:58.413] [5596] [HailoRT] [info] [queue_elements.cpp:734] [run_in_thread] Shutdown event was signaled in run_pull of queue element PullQEl_hw_read7beach_robot/conv42!
[2026-04-28 17:13:58.413] [5596] [HailoRT] [info] [queue_elements.cpp:68] [operator()] Thread in element PullQEl_hw_read7beach_robot/conv42 is not running anymore, exiting..
[2026-04-28 17:13:58.413] [3710] [HailoRT] [info] [queue_elements.cpp:46] [~BaseQueueElement] Queue element PullQEl_hw_read7beach_robot/conv42 has 0 frames in his Queue on destruction
[2026-04-28 17:13:58.413] [5597] [HailoRT] [info] [queue_elements.cpp:68] [operator()] Thread in element UserBuffQEl7beach_robot/conv42 is not running anymore, exiting..
[2026-04-28 17:13:58.413] [3710] [HailoRT] [info] [queue_elements.cpp:46] [~BaseQueueElement] Queue element UserBuffQEl7beach_robot/conv42 has 0 frames in his Queue on destruction
[2026-04-28 17:13:58.413] [5598] [HailoRT] [info] [queue_elements.cpp:734] [run_in_thread] Shutdown event was signaled in run_pull of queue element PullQEl_hw_read3beach_robot/conv52!
[2026-04-28 17:13:58.413] [5599] [HailoRT] [info] [queue_elements.cpp:855] [run_in_thread] Shutdown event was signaled in dequeue of UserBuffQEl3beach_robot/conv52!
[2026-04-28 17:13:58.413] [5598] [HailoRT] [info] [queue_elements.cpp:68] [operator()] Thread in element PullQEl_hw_read3beach_robot/conv52 is not running anymore, exiting..
[2026-04-28 17:13:58.413] [3710] [HailoRT] [info] [queue_elements.cpp:46] [~BaseQueueElement] Queue element PullQEl_hw_read3beach_robot/conv52 has 0 frames in his Queue on destruction
[2026-04-28 17:13:58.413] [5599] [HailoRT] [info] [queue_elements.cpp:68] [operator()] Thread in element UserBuffQEl3beach_robot/conv52 is not running anymore, exiting..
[2026-04-28 17:13:58.413] [3710] [HailoRT] [info] [queue_elements.cpp:46] [~BaseQueueElement] Queue element UserBuffQEl3beach_robot/conv52 has 0 frames in his Queue on destruction
[2026-04-28 17:13:58.413] [5600] [HailoRT] [info] [queue_elements.cpp:734] [run_in_thread] Shutdown event was signaled in run_pull of queue element PullQEl_hw_read1beach_robot/conv53!
[2026-04-28 17:13:58.413] [5601] [HailoRT] [info] [queue_elements.cpp:855] [run_in_thread] Shutdown event was signaled in dequeue of UserBuffQEl1beach_robot/conv53!
[2026-04-28 17:13:58.413] [5600] [HailoRT] [info] [queue_elements.cpp:68] [operator()] Thread in element PullQEl_hw_read1beach_robot/conv53 is not running anymore, exiting..
[2026-04-28 17:13:58.413] [3710] [HailoRT] [info] [queue_elements.cpp:46] [~BaseQueueElement] Queue element PullQEl_hw_read1beach_robot/conv53 has 0 frames in his Queue on destruction
[2026-04-28 17:13:58.413] [5601] [HailoRT] [info] [queue_elements.cpp:68] [operator()] Thread in element UserBuffQEl1beach_robot/conv53 is not running anymore, exiting..
[2026-04-28 17:13:58.413] [3710] [HailoRT] [info] [queue_elements.cpp:46] [~BaseQueueElement] Queue element UserBuffQEl1beach_robot/conv53 has 0 frames in his Queue on destruction
[2026-04-28 17:13:58.413] [5603] [HailoRT] [info] [queue_elements.cpp:855] [run_in_thread] Shutdown event was signaled in dequeue of UserBuffQEl2beach_robot/conv62!
[2026-04-28 17:13:58.413] [5602] [HailoRT] [info] [queue_elements.cpp:734] [run_in_thread] Shutdown event was signaled in run_pull of queue element PullQEl_hw_read2beach_robot/conv62!
[2026-04-28 17:13:58.413] [5602] [HailoRT] [info] [queue_elements.cpp:68] [operator()] Thread in element PullQEl_hw_read2beach_robot/conv62 is not running anymore, exiting..
[2026-04-28 17:13:58.413] [3710] [HailoRT] [info] [queue_elements.cpp:46] [~BaseQueueElement] Queue element PullQEl_hw_read2beach_robot/conv62 has 0 frames in his Queue on destruction
[2026-04-28 17:13:58.413] [5603] [HailoRT] [info] [queue_elements.cpp:68] [operator()] Thread in element UserBuffQEl2beach_robot/conv62 is not running anymore, exiting..
[2026-04-28 17:13:58.413] [3710] [HailoRT] [info] [queue_elements.cpp:46] [~BaseQueueElement] Queue element UserBuffQEl2beach_robot/conv62 has 0 frames in his Queue on destruction
[2026-04-28 17:13:58.413] [5604] [HailoRT] [info] [queue_elements.cpp:734] [run_in_thread] Shutdown event was signaled in run_pull of queue element PullQEl_hw_read0beach_robot/conv63!
[2026-04-28 17:13:58.413] [5605] [HailoRT] [info] [queue_elements.cpp:855] [run_in_thread] Shutdown event was signaled in dequeue of UserBuffQEl0beach_robot/conv63!
[2026-04-28 17:13:58.413] [5604] [HailoRT] [info] [queue_elements.cpp:68] [operator()] Thread in element PullQEl_hw_read0beach_robot/conv63 is not running anymore, exiting..
[2026-04-28 17:13:58.413] [3710] [HailoRT] [info] [queue_elements.cpp:46] [~BaseQueueElement] Queue element PullQEl_hw_read0beach_robot/conv63 has 0 frames in his Queue on destruction
[2026-04-28 17:13:58.413] [5605] [HailoRT] [info] [queue_elements.cpp:68] [operator()] Thread in element UserBuffQEl0beach_robot/conv63 is not running anymore, exiting..
[2026-04-28 17:13:58.414] [3710] [HailoRT] [info] [queue_elements.cpp:46] [~BaseQueueElement] Queue element UserBuffQEl0beach_robot/conv63 has 0 frames in his Queue on destruction
[2026-04-28 17:13:58.714] [3710] [HailoRT] [info] [edge_elements.cpp:52] [create] Created (HwWriteEl2beach_robot/input_layer1 | hw_frame_size: 1228800)
[2026-04-28 17:13:58.714] [3710] [HailoRT] [info] [vstream.cpp:754] [InputVStreamImpl] Creating beach_robot/input_layer1...
[2026-04-28 17:13:58.714] [3710] [HailoRT] [info] [vstream_builder.cpp:102] [create_inputs] Input pipeline 'beach_robot/input_layer1': (HwWriteEl2beach_robot/input_layer1 | hw_frame_size: 1228800) >> HW
[2026-04-28 17:13:58.714] [3710] [HailoRT] [info] [edge_elements.cpp:287] [create] Created (HwReadEl0beach_robot/conv41 | hw_frame_size: 409600)
[2026-04-28 17:13:58.714] [3710] [HailoRT] [info] [queue_elements.cpp:657] [create] Created (PullQEl_hw_read0beach_robot/conv41)
[2026-04-28 17:13:58.714] [3710] [HailoRT] [info] [filter_elements.cpp:372] [create] Created (PostInferEl0beach_robot/conv41 | Quantization - src_type: UINT8, dst_type FLOAT32, limvals_min: -10.8307, limvals_max: 18.5504)
[2026-04-28 17:13:58.714] [3710] [HailoRT] [info] [queue_elements.cpp:800] [create] Created (UserBuffQEl0beach_robot/conv41 | timeout: 10s)
[2026-04-28 17:13:58.714] [3710] [HailoRT] [info] [vstream.cpp:1114] [OutputVStreamImpl] Creating beach_robot/conv41...
[2026-04-28 17:13:58.715] [3710] [HailoRT] [info] [vstream_builder.cpp:220] [create_outputs] Output pipeline 'beach_robot/conv41': HW >> (HwReadEl0beach_robot/conv41 | hw_frame_size: 409600) >> (PullQEl_hw_read0beach_robot/conv41) >> (PostInferEl0beach_robot/conv41 | Quantization - src_type: UINT8, dst_type FLOAT32, limvals_min: -10.8307, limvals_max: 18.5504) >> (UserBuffQEl0beach_robot/conv41 | timeout: 10s)
[2026-04-28 17:13:58.715] [3710] [HailoRT] [info] [edge_elements.cpp:287] [create] Created (HwReadEl7beach_robot/conv42 | hw_frame_size: 12800)
[2026-04-28 17:13:58.715] [3710] [HailoRT] [info] [queue_elements.cpp:657] [create] Created (PullQEl_hw_read7beach_robot/conv42)
[2026-04-28 17:13:58.715] [3710] [HailoRT] [info] [filter_elements.cpp:372] [create] Created (PostInferEl7beach_robot/conv42 | Quantization - src_type: UINT8, dst_type FLOAT32, limvals_min: -25.6857, limvals_max: 0)
[2026-04-28 17:13:58.715] [3710] [HailoRT] [info] [queue_elements.cpp:800] [create] Created (UserBuffQEl7beach_robot/conv42 | timeout: 10s)
[2026-04-28 17:13:58.715] [3710] [HailoRT] [info] [vstream.cpp:1114] [OutputVStreamImpl] Creating beach_robot/conv42...
[2026-04-28 17:13:58.715] [3710] [HailoRT] [info] [vstream_builder.cpp:220] [create_outputs] Output pipeline 'beach_robot/conv42': HW >> (HwReadEl7beach_robot/conv42 | hw_frame_size: 12800) >> (PullQEl_hw_read7beach_robot/conv42) >> (PostInferEl7beach_robot/conv42 | Quantization - src_type: UINT8, dst_type FLOAT32, limvals_min: -25.6857, limvals_max: 0) >> (UserBuffQEl7beach_robot/conv42 | timeout: 10s)
[2026-04-28 17:13:58.715] [3710] [HailoRT] [info] [edge_elements.cpp:287] [create] Created (HwReadEl3beach_robot/conv52 | hw_frame_size: 102400)
[2026-04-28 17:13:58.715] [3710] [HailoRT] [info] [queue_elements.cpp:657] [create] Created (PullQEl_hw_read3beach_robot/conv52)
[2026-04-28 17:13:58.715] [3710] [HailoRT] [info] [filter_elements.cpp:372] [create] Created (PostInferEl3beach_robot/conv52 | Quantization - src_type: UINT8, dst_type FLOAT32, limvals_min: -6.53754, limvals_max: 19.9239)
[2026-04-28 17:13:58.715] [3710] [HailoRT] [info] [queue_elements.cpp:800] [create] Created (UserBuffQEl3beach_robot/conv52 | timeout: 10s)
[2026-04-28 17:13:58.715] [3710] [HailoRT] [info] [vstream.cpp:1114] [OutputVStreamImpl] Creating beach_robot/conv52...
[2026-04-28 17:13:58.715] [3710] [HailoRT] [info] [vstream_builder.cpp:220] [create_outputs] Output pipeline 'beach_robot/conv52': HW >> (HwReadEl3beach_robot/conv52 | hw_frame_size: 102400) >> (PullQEl_hw_read3beach_robot/conv52) >> (PostInferEl3beach_robot/conv52 | Quantization - src_type: UINT8, dst_type FLOAT32, limvals_min: -6.53754, limvals_max: 19.9239) >> (UserBuffQEl3beach_robot/conv52 | timeout: 10s)
[2026-04-28 17:13:58.715] [3710] [HailoRT] [info] [edge_elements.cpp:287] [create] Created (HwReadEl1beach_robot/conv53 | hw_frame_size: 3200)
[2026-04-28 17:13:58.715] [3710] [HailoRT] [info] [queue_elements.cpp:657] [create] Created (PullQEl_hw_read1beach_robot/conv53)
[2026-04-28 17:13:58.715] [3710] [HailoRT] [info] [filter_elements.cpp:372] [create] Created (PostInferEl1beach_robot/conv53 | Quantization - src_type: UINT8, dst_type FLOAT32, limvals_min: -15.7441, limvals_max: 0)
[2026-04-28 17:13:58.715] [3710] [HailoRT] [info] [queue_elements.cpp:800] [create] Created (UserBuffQEl1beach_robot/conv53 | timeout: 10s)
[2026-04-28 17:13:58.715] [3710] [HailoRT] [info] [vstream.cpp:1114] [OutputVStreamImpl] Creating beach_robot/conv53...
[2026-04-28 17:13:58.715] [3710] [HailoRT] [info] [vstream_builder.cpp:220] [create_outputs] Output pipeline 'beach_robot/conv53': HW >> (HwReadEl1beach_robot/conv53 | hw_frame_size: 3200) >> (PullQEl_hw_read1beach_robot/conv53) >> (PostInferEl1beach_robot/conv53 | Quantization - src_type: UINT8, dst_type FLOAT32, limvals_min: -15.7441, limvals_max: 0) >> (UserBuffQEl1beach_robot/conv53 | timeout: 10s)
[2026-04-28 17:13:58.715] [3710] [HailoRT] [info] [edge_elements.cpp:287] [create] Created (HwReadEl2beach_robot/conv62 | hw_frame_size: 25600)
[2026-04-28 17:13:58.715] [3710] [HailoRT] [info] [queue_elements.cpp:657] [create] Created (PullQEl_hw_read2beach_robot/conv62)
[2026-04-28 17:13:58.715] [3710] [HailoRT] [info] [filter_elements.cpp:372] [create] Created (PostInferEl2beach_robot/conv62 | Quantization - src_type: UINT8, dst_type FLOAT32, limvals_min: -8.27399, limvals_max: 14.6594)
[2026-04-28 17:13:58.715] [3710] [HailoRT] [info] [queue_elements.cpp:800] [create] Created (UserBuffQEl2beach_robot/conv62 | timeout: 10s)
[2026-04-28 17:13:58.715] [3710] [HailoRT] [info] [vstream.cpp:1114] [OutputVStreamImpl] Creating beach_robot/conv62...
[2026-04-28 17:13:58.715] [3710] [HailoRT] [info] [vstream_builder.cpp:220] [create_outputs] Output pipeline 'beach_robot/conv62': HW >> (HwReadEl2beach_robot/conv62 | hw_frame_size: 25600) >> (PullQEl_hw_read2beach_robot/conv62) >> (PostInferEl2beach_robot/conv62 | Quantization - src_type: UINT8, dst_type FLOAT32, limvals_min: -8.27399, limvals_max: 14.6594) >> (UserBuffQEl2beach_robot/conv62 | timeout: 10s)
[2026-04-28 17:13:58.715] [3710] [HailoRT] [info] [edge_elements.cpp:287] [create] Created (HwReadEl0beach_robot/conv63 | hw_frame_size: 3200)
[2026-04-28 17:13:58.715] [3710] [HailoRT] [info] [queue_elements.cpp:657] [create] Created (PullQEl_hw_read0beach_robot/conv63)
[2026-04-28 17:13:58.715] [3710] [HailoRT] [info] [filter_elements.cpp:372] [create] Created (PostInferEl0beach_robot/conv63 | Quantization - src_type: UINT8, dst_type FLOAT32, limvals_min: -15.2921, limvals_max: 1.44388 | Reorder - src_order: FCR, src_shape: (20, 20, 8), dst_order: FCR, dst_shape: (20, 20, 2))
[2026-04-28 17:13:58.715] [3710] [HailoRT] [info] [queue_elements.cpp:800] [create] Created (UserBuffQEl0beach_robot/conv63 | timeout: 10s)
[2026-04-28 17:13:58.715] [3710] [HailoRT] [info] [vstream.cpp:1114] [OutputVStreamImpl] Creating beach_robot/conv63...
[2026-04-28 17:13:58.715] [3710] [HailoRT] [info] [vstream_builder.cpp:220] [create_outputs] Output pipeline 'beach_robot/conv63': HW >> (HwReadEl0beach_robot/conv63 | hw_frame_size: 3200) >> (PullQEl_hw_read0beach_robot/conv63) >> (PostInferEl0beach_robot/conv63 | Quantization - src_type: UINT8, dst_type FLOAT32, limvals_min: -15.2921, limvals_max: 1.44388 | Reorder - src_order: FCR, src_shape: (20, 20, 8), dst_order: FCR, dst_shape: (20, 20, 2)) >> (UserBuffQEl0beach_robot/conv63 | timeout: 10s)
[2026-04-28 17:13:58.716] [3710] [HailoRT] [info] [core_op.cpp:156] [activate] Activating beach_robot took 0.55043 milliseconds. Note that the function is asynchronous and thus the network is not fully activated yet.
[2026-04-28 17:13:58.716] [3710] [HailoRT] [info] [core_op.cpp:156] [activate] Activating beach_robot took 0.561448 milliseconds. Note that the function is asynchronous and thus the network is not fully activated yet.
[2026-04-28 17:13:58.735] [5617] [HailoRT] [info] [vdevice_native_stream.cpp:331] [read_impl] Failed read from stream HAILO_STREAM_NOT_ACTIVATED(72) (device: 0001:01:00.0)
[2026-04-28 17:13:58.735] [5615] [HailoRT] [info] [vdevice_native_stream.cpp:331] [read_impl] Failed read from stream HAILO_STREAM_NOT_ACTIVATED(72) (device: 0001:01:00.0)
[2026-04-28 17:13:58.735] [5613] [HailoRT] [info] [vdevice_native_stream.cpp:331] [read_impl] Failed read from stream HAILO_STREAM_NOT_ACTIVATED(72) (device: 0001:01:00.0)
[2026-04-28 17:13:58.735] [5623] [HailoRT] [info] [vdevice_native_stream.cpp:331] [read_impl] Failed read from stream HAILO_STREAM_NOT_ACTIVATED(72) (device: 0001:01:00.0)
[2026-04-28 17:13:58.735] [5621] [HailoRT] [info] [vdevice_native_stream.cpp:331] [read_impl] Failed read from stream HAILO_STREAM_NOT_ACTIVATED(72) (device: 0001:01:00.0)
[2026-04-28 17:13:58.735] [5619] [HailoRT] [info] [vdevice_native_stream.cpp:331] [read_impl] Failed read from stream HAILO_STREAM_NOT_ACTIVATED(72) (device: 0001:01:00.0)
[2026-04-28 17:13:58.736] [3710] [HailoRT] [info] [core_op.cpp:186] [deactivate] Deactivating took 0.517153 ms
[2026-04-28 17:13:58.736] [3710] [HailoRT] [info] [core_op.cpp:186] [deactivate] Deactivating took 0.528634 ms
[2026-04-28 17:13:58.736] [5614] [HailoRT] [info] [queue_elements.cpp:855] [run_in_thread] Shutdown event was signaled in dequeue of UserBuffQEl0beach_robot/conv41!
[2026-04-28 17:13:58.736] [5613] [HailoRT] [info] [queue_elements.cpp:734] [run_in_thread] Shutdown event was signaled in run_pull of queue element PullQEl_hw_read0beach_robot/conv41!
[2026-04-28 17:13:58.736] [5613] [HailoRT] [info] [queue_elements.cpp:68] [operator()] Thread in element PullQEl_hw_read0beach_robot/conv41 is not running anymore, exiting..
[2026-04-28 17:13:58.736] [3710] [HailoRT] [info] [queue_elements.cpp:46] [~BaseQueueElement] Queue element PullQEl_hw_read0beach_robot/conv41 has 0 frames in his Queue on destruction
[2026-04-28 17:13:58.736] [5614] [HailoRT] [info] [queue_elements.cpp:68] [operator()] Thread in element UserBuffQEl0beach_robot/conv41 is not running anymore, exiting..
[2026-04-28 17:13:58.736] [3710] [HailoRT] [info] [queue_elements.cpp:46] [~BaseQueueElement] Queue element UserBuffQEl0beach_robot/conv41 has 0 frames in his Queue on destruction
[2026-04-28 17:13:58.736] [5615] [HailoRT] [info] [queue_elements.cpp:734] [run_in_thread] Shutdown event was signaled in run_pull of queue element PullQEl_hw_read7beach_robot/conv42!
[2026-04-28 17:13:58.736] [5616] [HailoRT] [info] [queue_elements.cpp:855] [run_in_thread] Shutdown event was signaled in dequeue of UserBuffQEl7beach_robot/conv42!
[2026-04-28 17:13:58.736] [5615] [HailoRT] [info] [queue_elements.cpp:68] [operator()] Thread in element PullQEl_hw_read7beach_robot/conv42 is not running anymore, exiting..
[2026-04-28 17:13:58.736] [3710] [HailoRT] [info] [queue_elements.cpp:46] [~BaseQueueElement] Queue element PullQEl_hw_read7beach_robot/conv42 has 0 frames in his Queue on destruction
[2026-04-28 17:13:58.736] [5616] [HailoRT] [info] [queue_elements.cpp:68] [operator()] Thread in element UserBuffQEl7beach_robot/conv42 is not running anymore, exiting..
[2026-04-28 17:13:58.736] [3710] [HailoRT] [info] [queue_elements.cpp:46] [~BaseQueueElement] Queue element UserBuffQEl7beach_robot/conv42 has 0 frames in his Queue on destruction
[2026-04-28 17:13:58.736] [5617] [HailoRT] [info] [queue_elements.cpp:734] [run_in_thread] Shutdown event was signaled in run_pull of queue element PullQEl_hw_read3beach_robot/conv52!
[2026-04-28 17:13:58.736] [5618] [HailoRT] [info] [queue_elements.cpp:855] [run_in_thread] Shutdown event was signaled in dequeue of UserBuffQEl3beach_robot/conv52!
[2026-04-28 17:13:58.736] [5617] [HailoRT] [info] [queue_elements.cpp:68] [operator()] Thread in element PullQEl_hw_read3beach_robot/conv52 is not running anymore, exiting..
[2026-04-28 17:13:58.736] [3710] [HailoRT] [info] [queue_elements.cpp:46] [~BaseQueueElement] Queue element PullQEl_hw_read3beach_robot/conv52 has 0 frames in his Queue on destruction
[2026-04-28 17:13:58.736] [5618] [HailoRT] [info] [queue_elements.cpp:68] [operator()] Thread in element UserBuffQEl3beach_robot/conv52 is not running anymore, exiting..
[2026-04-28 17:13:58.736] [3710] [HailoRT] [info] [queue_elements.cpp:46] [~BaseQueueElement] Queue element UserBuffQEl3beach_robot/conv52 has 0 frames in his Queue on destruction
[2026-04-28 17:13:58.736] [5619] [HailoRT] [info] [queue_elements.cpp:734] [run_in_thread] Shutdown event was signaled in run_pull of queue element PullQEl_hw_read1beach_robot/conv53!
[2026-04-28 17:13:58.736] [5620] [HailoRT] [info] [queue_elements.cpp:855] [run_in_thread] Shutdown event was signaled in dequeue of UserBuffQEl1beach_robot/conv53!
[2026-04-28 17:13:58.736] [5619] [HailoRT] [info] [queue_elements.cpp:68] [operator()] Thread in element PullQEl_hw_read1beach_robot/conv53 is not running anymore, exiting..
[2026-04-28 17:13:58.736] [3710] [HailoRT] [info] [queue_elements.cpp:46] [~BaseQueueElement] Queue element PullQEl_hw_read1beach_robot/conv53 has 0 frames in his Queue on destruction
[2026-04-28 17:13:58.736] [5620] [HailoRT] [info] [queue_elements.cpp:68] [operator()] Thread in element UserBuffQEl1beach_robot/conv53 is not running anymore, exiting..
[2026-04-28 17:13:58.736] [3710] [HailoRT] [info] [queue_elements.cpp:46] [~BaseQueueElement] Queue element UserBuffQEl1beach_robot/conv53 has 0 frames in his Queue on destruction
[2026-04-28 17:13:58.736] [5621] [HailoRT] [info] [queue_elements.cpp:734] [run_in_thread] Shutdown event was signaled in run_pull of queue element PullQEl_hw_read2beach_robot/conv62!
[2026-04-28 17:13:58.736] [5622] [HailoRT] [info] [queue_elements.cpp:855] [run_in_thread] Shutdown event was signaled in dequeue of UserBuffQEl2beach_robot/conv62!
[2026-04-28 17:13:58.736] [5621] [HailoRT] [info] [queue_elements.cpp:68] [operator()] Thread in element PullQEl_hw_read2beach_robot/conv62 is not running anymore, exiting..
[2026-04-28 17:13:58.736] [3710] [HailoRT] [info] [queue_elements.cpp:46] [~BaseQueueElement] Queue element PullQEl_hw_read2beach_robot/conv62 has 0 frames in his Queue on destruction
[2026-04-28 17:13:58.736] [5622] [HailoRT] [info] [queue_elements.cpp:68] [operator()] Thread in element UserBuffQEl2beach_robot/conv62 is not running anymore, exiting..
[2026-04-28 17:13:58.736] [3710] [HailoRT] [info] [queue_elements.cpp:46] [~BaseQueueElement] Queue element UserBuffQEl2beach_robot/conv62 has 0 frames in his Queue on destruction
[2026-04-28 17:13:58.736] [5623] [HailoRT] [info] [queue_elements.cpp:734] [run_in_thread] Shutdown event was signaled in run_pull of queue element PullQEl_hw_read0beach_robot/conv63!
[2026-04-28 17:13:58.736] [5624] [HailoRT] [info] [queue_elements.cpp:855] [run_in_thread] Shutdown event was signaled in dequeue of UserBuffQEl0beach_robot/conv63!
[2026-04-28 17:13:58.736] [5623] [HailoRT] [info] [queue_elements.cpp:68] [operator()] Thread in element PullQEl_hw_read0beach_robot/conv63 is not running anymore, exiting..
[2026-04-28 17:13:58.736] [3710] [HailoRT] [info] [queue_elements.cpp:46] [~BaseQueueElement] Queue element PullQEl_hw_read0beach_robot/conv63 has 0 frames in his Queue on destruction
[2026-04-28 17:13:58.736] [5624] [HailoRT] [info] [queue_elements.cpp:68] [operator()] Thread in element UserBuffQEl0beach_robot/conv63 is not running anymore, exiting..
[2026-04-28 17:13:58.736] [3710] [HailoRT] [info] [queue_elements.cpp:46] [~BaseQueueElement] Queue element UserBuffQEl0beach_robot/conv63 has 0 frames in his Queue on destruction
[2026-04-28 17:13:59.036] [3710] [HailoRT] [info] [edge_elements.cpp:52] [create] Created (HwWriteEl2beach_robot/input_layer1 | hw_frame_size: 1228800)
[2026-04-28 17:13:59.036] [3710] [HailoRT] [info] [vstream.cpp:754] [InputVStreamImpl] Creating beach_robot/input_layer1...
[2026-04-28 17:13:59.036] [3710] [HailoRT] [info] [vstream_builder.cpp:102] [create_inputs] Input pipeline 'beach_robot/input_layer1': (HwWriteEl2beach_robot/input_layer1 | hw_frame_size: 1228800) >> HW
[2026-04-28 17:13:59.036] [3710] [HailoRT] [info] [edge_elements.cpp:287] [create] Created (HwReadEl0beach_robot/conv41 | hw_frame_size: 409600)
[2026-04-28 17:13:59.037] [3710] [HailoRT] [info] [queue_elements.cpp:657] [create] Created (PullQEl_hw_read0beach_robot/conv41)
[2026-04-28 17:13:59.037] [3710] [HailoRT] [info] [filter_elements.cpp:372] [create] Created (PostInferEl0beach_robot/conv41 | Quantization - src_type: UINT8, dst_type FLOAT32, limvals_min: -10.8307, limvals_max: 18.5504)
[2026-04-28 17:13:59.037] [3710] [HailoRT] [info] [queue_elements.cpp:800] [create] Created (UserBuffQEl0beach_robot/conv41 | timeout: 10s)
[2026-04-28 17:13:59.037] [3710] [HailoRT] [info] [vstream.cpp:1114] [OutputVStreamImpl] Creating beach_robot/conv41...
[2026-04-28 17:13:59.037] [3710] [HailoRT] [info] [vstream_builder.cpp:220] [create_outputs] Output pipeline 'beach_robot/conv41': HW >> (HwReadEl0beach_robot/conv41 | hw_frame_size: 409600) >> (PullQEl_hw_read0beach_robot/conv41) >> (PostInferEl0beach_robot/conv41 | Quantization - src_type: UINT8, dst_type FLOAT32, limvals_min: -10.8307, limvals_max: 18.5504) >> (UserBuffQEl0beach_robot/conv41 | timeout: 10s)
[2026-04-28 17:13:59.037] [3710] [HailoRT] [info] [edge_elements.cpp:287] [create] Created (HwReadEl7beach_robot/conv42 | hw_frame_size: 12800)
[2026-04-28 17:13:59.037] [3710] [HailoRT] [info] [queue_elements.cpp:657] [create] Created (PullQEl_hw_read7beach_robot/conv42)
[2026-04-28 17:13:59.037] [3710] [HailoRT] [info] [filter_elements.cpp:372] [create] Created (PostInferEl7beach_robot/conv42 | Quantization - src_type: UINT8, dst_type FLOAT32, limvals_min: -25.6857, limvals_max: 0)
[2026-04-28 17:13:59.037] [3710] [HailoRT] [info] [queue_elements.cpp:800] [create] Created (UserBuffQEl7beach_robot/conv42 | timeout: 10s)
[2026-04-28 17:13:59.037] [3710] [HailoRT] [info] [vstream.cpp:1114] [OutputVStreamImpl] Creating beach_robot/conv42...
[2026-04-28 17:13:59.037] [3710] [HailoRT] [info] [vstream_builder.cpp:220] [create_outputs] Output pipeline 'beach_robot/conv42': HW >> (HwReadEl7beach_robot/conv42 | hw_frame_size: 12800) >> (PullQEl_hw_read7beach_robot/conv42) >> (PostInferEl7beach_robot/conv42 | Quantization - src_type: UINT8, dst_type FLOAT32, limvals_min: -25.6857, limvals_max: 0) >> (UserBuffQEl7beach_robot/conv42 | timeout: 10s)
[2026-04-28 17:13:59.037] [3710] [HailoRT] [info] [edge_elements.cpp:287] [create] Created (HwReadEl3beach_robot/conv52 | hw_frame_size: 102400)
[2026-04-28 17:13:59.037] [3710] [HailoRT] [info] [queue_elements.cpp:657] [create] Created (PullQEl_hw_read3beach_robot/conv52)
[2026-04-28 17:13:59.037] [3710] [HailoRT] [info] [filter_elements.cpp:372] [create] Created (PostInferEl3beach_robot/conv52 | Quantization - src_type: UINT8, dst_type FLOAT32, limvals_min: -6.53754, limvals_max: 19.9239)
[2026-04-28 17:13:59.037] [3710] [HailoRT] [info] [queue_elements.cpp:800] [create] Created (UserBuffQEl3beach_robot/conv52 | timeout: 10s)
[2026-04-28 17:13:59.037] [3710] [HailoRT] [info] [vstream.cpp:1114] [OutputVStreamImpl] Creating beach_robot/conv52...
[2026-04-28 17:13:59.037] [3710] [HailoRT] [info] [vstream_builder.cpp:220] [create_outputs] Output pipeline 'beach_robot/conv52': HW >> (HwReadEl3beach_robot/conv52 | hw_frame_size: 102400) >> (PullQEl_hw_read3beach_robot/conv52) >> (PostInferEl3beach_robot/conv52 | Quantization - src_type: UINT8, dst_type FLOAT32, limvals_min: -6.53754, limvals_max: 19.9239) >> (UserBuffQEl3beach_robot/conv52 | timeout: 10s)
[2026-04-28 17:13:59.037] [3710] [HailoRT] [info] [edge_elements.cpp:287] [create] Created (HwReadEl1beach_robot/conv53 | hw_frame_size: 3200)
[2026-04-28 17:13:59.037] [3710] [HailoRT] [info] [queue_elements.cpp:657] [create] Created (PullQEl_hw_read1beach_robot/conv53)
[2026-04-28 17:13:59.037] [3710] [HailoRT] [info] [filter_elements.cpp:372] [create] Created (PostInferEl1beach_robot/conv53 | Quantization - src_type: UINT8, dst_type FLOAT32, limvals_min: -15.7441, limvals_max: 0)
[2026-04-28 17:13:59.037] [3710] [HailoRT] [info] [queue_elements.cpp:800] [create] Created (UserBuffQEl1beach_robot/conv53 | timeout: 10s)
[2026-04-28 17:13:59.037] [3710] [HailoRT] [info] [vstream.cpp:1114] [OutputVStreamImpl] Creating beach_robot/conv53...
[2026-04-28 17:13:59.037] [3710] [HailoRT] [info] [vstream_builder.cpp:220] [create_outputs] Output pipeline 'beach_robot/conv53': HW >> (HwReadEl1beach_robot/conv53 | hw_frame_size: 3200) >> (PullQEl_hw_read1beach_robot/conv53) >> (PostInferEl1beach_robot/conv53 | Quantization - src_type: UINT8, dst_type FLOAT32, limvals_min: -15.7441, limvals_max: 0) >> (UserBuffQEl1beach_robot/conv53 | timeout: 10s)
[2026-04-28 17:13:59.037] [3710] [HailoRT] [info] [edge_elements.cpp:287] [create] Created (HwReadEl2beach_robot/conv62 | hw_frame_size: 25600)
[2026-04-28 17:13:59.037] [3710] [HailoRT] [info] [queue_elements.cpp:657] [create] Created (PullQEl_hw_read2beach_robot/conv62)
[2026-04-28 17:13:59.037] [3710] [HailoRT] [info] [filter_elements.cpp:372] [create] Created (PostInferEl2beach_robot/conv62 | Quantization - src_type: UINT8, dst_type FLOAT32, limvals_min: -8.27399, limvals_max: 14.6594)
[2026-04-28 17:13:59.037] [3710] [HailoRT] [info] [queue_elements.cpp:800] [create] Created (UserBuffQEl2beach_robot/conv62 | timeout: 10s)
[2026-04-28 17:13:59.037] [3710] [HailoRT] [info] [vstream.cpp:1114] [OutputVStreamImpl] Creating beach_robot/conv62...
[2026-04-28 17:13:59.037] [3710] [HailoRT] [info] [vstream_builder.cpp:220] [create_outputs] Output pipeline 'beach_robot/conv62': HW >> (HwReadEl2beach_robot/conv62 | hw_frame_size: 25600) >> (PullQEl_hw_read2beach_robot/conv62) >> (PostInferEl2beach_robot/conv62 | Quantization - src_type: UINT8, dst_type FLOAT32, limvals_min: -8.27399, limvals_max: 14.6594) >> (UserBuffQEl2beach_robot/conv62 | timeout: 10s)
[2026-04-28 17:13:59.037] [3710] [HailoRT] [info] [edge_elements.cpp:287] [create] Created (HwReadEl0beach_robot/conv63 | hw_frame_size: 3200)
[2026-04-28 17:13:59.037] [3710] [HailoRT] [info] [queue_elements.cpp:657] [create] Created (PullQEl_hw_read0beach_robot/conv63)
[2026-04-28 17:13:59.037] [3710] [HailoRT] [info] [filter_elements.cpp:372] [create] Created (PostInferEl0beach_robot/conv63 | Quantization - src_type: UINT8, dst_type FLOAT32, limvals_min: -15.2921, limvals_max: 1.44388 | Reorder - src_order: FCR, src_shape: (20, 20, 8), dst_order: FCR, dst_shape: (20, 20, 2))
[2026-04-28 17:13:59.037] [3710] [HailoRT] [info] [queue_elements.cpp:800] [create] Created (UserBuffQEl0beach_robot/conv63 | timeout: 10s)
[2026-04-28 17:13:59.037] [3710] [HailoRT] [info] [vstream.cpp:1114] [OutputVStreamImpl] Creating beach_robot/conv63...
[2026-04-28 17:13:59.037] [3710] [HailoRT] [info] [vstream_builder.cpp:220] [create_outputs] Output pipeline 'beach_robot/conv63': HW >> (HwReadEl0beach_robot/conv63 | hw_frame_size: 3200) >> (PullQEl_hw_read0beach_robot/conv63) >> (PostInferEl0beach_robot/conv63 | Quantization - src_type: UINT8, dst_type FLOAT32, limvals_min: -15.2921, limvals_max: 1.44388 | Reorder - src_order: FCR, src_shape: (20, 20, 8), dst_order: FCR, dst_shape: (20, 20, 2)) >> (UserBuffQEl0beach_robot/conv63 | timeout: 10s)
[2026-04-28 17:13:59.038] [3710] [HailoRT] [info] [core_op.cpp:156] [activate] Activating beach_robot took 0.528319 milliseconds. Note that the function is asynchronous and thus the network is not fully activated yet.
[2026-04-28 17:13:59.038] [3710] [HailoRT] [info] [core_op.cpp:156] [activate] Activating beach_robot took 0.538227 milliseconds. Note that the function is asynchronous and thus the network is not fully activated yet.
[2026-04-28 17:13:59.057] [5636] [HailoRT] [info] [vdevice_native_stream.cpp:331] [read_impl] Failed read from stream HAILO_STREAM_NOT_ACTIVATED(72) (device: 0001:01:00.0)
[2026-04-28 17:13:59.057] [5634] [HailoRT] [info] [vdevice_native_stream.cpp:331] [read_impl] Failed read from stream HAILO_STREAM_NOT_ACTIVATED(72) (device: 0001:01:00.0)
[2026-04-28 17:13:59.057] [5638] [HailoRT] [info] [vdevice_native_stream.cpp:331] [read_impl] Failed read from stream HAILO_STREAM_NOT_ACTIVATED(72) (device: 0001:01:00.0)
[2026-04-28 17:13:59.057] [5632] [HailoRT] [info] [vdevice_native_stream.cpp:331] [read_impl] Failed read from stream HAILO_STREAM_NOT_ACTIVATED(72) (device: 0001:01:00.0)
[2026-04-28 17:13:59.057] [5640] [HailoRT] [info] [vdevice_native_stream.cpp:331] [read_impl] Failed read from stream HAILO_STREAM_NOT_ACTIVATED(72) (device: 0001:01:00.0)
[2026-04-28 17:13:59.057] [5642] [HailoRT] [info] [vdevice_native_stream.cpp:331] [read_impl] Failed read from stream HAILO_STREAM_NOT_ACTIVATED(72) (device: 0001:01:00.0)
[2026-04-28 17:13:59.057] [3710] [HailoRT] [info] [core_op.cpp:186] [deactivate] Deactivating took 0.516486 ms
[2026-04-28 17:13:59.057] [3710] [HailoRT] [info] [core_op.cpp:186] [deactivate] Deactivating took 0.527728 ms
[2026-04-28 17:13:59.057] [5632] [HailoRT] [info] [queue_elements.cpp:734] [run_in_thread] Shutdown event was signaled in run_pull of queue element PullQEl_hw_read0beach_robot/conv41!
[2026-04-28 17:13:59.057] [5633] [HailoRT] [info] [queue_elements.cpp:855] [run_in_thread] Shutdown event was signaled in dequeue of UserBuffQEl0beach_robot/conv41!
[2026-04-28 17:13:59.058] [5632] [HailoRT] [info] [queue_elements.cpp:68] [operator()] Thread in element PullQEl_hw_read0beach_robot/conv41 is not running anymore, exiting..
[2026-04-28 17:13:59.058] [3710] [HailoRT] [info] [queue_elements.cpp:46] [~BaseQueueElement] Queue element PullQEl_hw_read0beach_robot/conv41 has 0 frames in his Queue on destruction
[2026-04-28 17:13:59.058] [5633] [HailoRT] [info] [queue_elements.cpp:68] [operator()] Thread in element UserBuffQEl0beach_robot/conv41 is not running anymore, exiting..
[2026-04-28 17:13:59.058] [3710] [HailoRT] [info] [queue_elements.cpp:46] [~BaseQueueElement] Queue element UserBuffQEl0beach_robot/conv41 has 0 frames in his Queue on destruction
[2026-04-28 17:13:59.058] [5634] [HailoRT] [info] [queue_elements.cpp:734] [run_in_thread] Shutdown event was signaled in run_pull of queue element PullQEl_hw_read7beach_robot/conv42!
[2026-04-28 17:13:59.058] [5635] [HailoRT] [info] [queue_elements.cpp:855] [run_in_thread] Shutdown event was signaled in dequeue of UserBuffQEl7beach_robot/conv42!
[2026-04-28 17:13:59.058] [5634] [HailoRT] [info] [queue_elements.cpp:68] [operator()] Thread in element PullQEl_hw_read7beach_robot/conv42 is not running anymore, exiting..
[2026-04-28 17:13:59.058] [3710] [HailoRT] [info] [queue_elements.cpp:46] [~BaseQueueElement] Queue element PullQEl_hw_read7beach_robot/conv42 has 0 frames in his Queue on destruction
[2026-04-28 17:13:59.058] [5635] [HailoRT] [info] [queue_elements.cpp:68] [operator()] Thread in element UserBuffQEl7beach_robot/conv42 is not running anymore, exiting..
[2026-04-28 17:13:59.058] [3710] [HailoRT] [info] [queue_elements.cpp:46] [~BaseQueueElement] Queue element UserBuffQEl7beach_robot/conv42 has 0 frames in his Queue on destruction
[2026-04-28 17:13:59.058] [5636] [HailoRT] [info] [queue_elements.cpp:734] [run_in_thread] Shutdown event was signaled in run_pull of queue element PullQEl_hw_read3beach_robot/conv52!
[2026-04-28 17:13:59.058] [5637] [HailoRT] [info] [queue_elements.cpp:855] [run_in_thread] Shutdown event was signaled in dequeue of UserBuffQEl3beach_robot/conv52!
[2026-04-28 17:13:59.058] [5636] [HailoRT] [info] [queue_elements.cpp:68] [operator()] Thread in element PullQEl_hw_read3beach_robot/conv52 is not running anymore, exiting..
[2026-04-28 17:13:59.058] [3710] [HailoRT] [info] [queue_elements.cpp:46] [~BaseQueueElement] Queue element PullQEl_hw_read3beach_robot/conv52 has 0 frames in his Queue on destruction
[2026-04-28 17:13:59.058] [5637] [HailoRT] [info] [queue_elements.cpp:68] [operator()] Thread in element UserBuffQEl3beach_robot/conv52 is not running anymore, exiting..
[2026-04-28 17:13:59.058] [3710] [HailoRT] [info] [queue_elements.cpp:46] [~BaseQueueElement] Queue element UserBuffQEl3beach_robot/conv52 has 0 frames in his Queue on destruction
[2026-04-28 17:13:59.058] [5639] [HailoRT] [info] [queue_elements.cpp:855] [run_in_thread] Shutdown event was signaled in dequeue of UserBuffQEl1beach_robot/conv53!
[2026-04-28 17:13:59.058] [5638] [HailoRT] [info] [queue_elements.cpp:734] [run_in_thread] Shutdown event was signaled in run_pull of queue element PullQEl_hw_read1beach_robot/conv53!
[2026-04-28 17:13:59.058] [5638] [HailoRT] [info] [queue_elements.cpp:68] [operator()] Thread in element PullQEl_hw_read1beach_robot/conv53 is not running anymore, exiting..
[2026-04-28 17:13:59.058] [3710] [HailoRT] [info] [queue_elements.cpp:46] [~BaseQueueElement] Queue element PullQEl_hw_read1beach_robot/conv53 has 0 frames in his Queue on destruction
[2026-04-28 17:13:59.058] [5639] [HailoRT] [info] [queue_elements.cpp:68] [operator()] Thread in element UserBuffQEl1beach_robot/conv53 is not running anymore, exiting..
[2026-04-28 17:13:59.058] [3710] [HailoRT] [info] [queue_elements.cpp:46] [~BaseQueueElement] Queue element UserBuffQEl1beach_robot/conv53 has 0 frames in his Queue on destruction
[2026-04-28 17:13:59.058] [5640] [HailoRT] [info] [queue_elements.cpp:734] [run_in_thread] Shutdown event was signaled in run_pull of queue element PullQEl_hw_read2beach_robot/conv62!
[2026-04-28 17:13:59.058] [5641] [HailoRT] [info] [queue_elements.cpp:855] [run_in_thread] Shutdown event was signaled in dequeue of UserBuffQEl2beach_robot/conv62!
[2026-04-28 17:13:59.058] [5640] [HailoRT] [info] [queue_elements.cpp:68] [operator()] Thread in element PullQEl_hw_read2beach_robot/conv62 is not running anymore, exiting..
[2026-04-28 17:13:59.058] [3710] [HailoRT] [info] [queue_elements.cpp:46] [~BaseQueueElement] Queue element PullQEl_hw_read2beach_robot/conv62 has 0 frames in his Queue on destruction
[2026-04-28 17:13:59.058] [5641] [HailoRT] [info] [queue_elements.cpp:68] [operator()] Thread in element UserBuffQEl2beach_robot/conv62 is not running anymore, exiting..
[2026-04-28 17:13:59.058] [3710] [HailoRT] [info] [queue_elements.cpp:46] [~BaseQueueElement] Queue element UserBuffQEl2beach_robot/conv62 has 0 frames in his Queue on destruction
[2026-04-28 17:13:59.058] [5642] [HailoRT] [info] [queue_elements.cpp:734] [run_in_thread] Shutdown event was signaled in run_pull of queue element PullQEl_hw_read0beach_robot/conv63!
[2026-04-28 17:13:59.058] [5643] [HailoRT] [info] [queue_elements.cpp:855] [run_in_thread] Shutdown event was signaled in dequeue of UserBuffQEl0beach_robot/conv63!
[2026-04-28 17:13:59.058] [5642] [HailoRT] [info] [queue_elements.cpp:68] [operator()] Thread in element PullQEl_hw_read0beach_robot/conv63 is not running anymore, exiting..
[2026-04-28 17:13:59.058] [3710] [HailoRT] [info] [queue_elements.cpp:46] [~BaseQueueElement] Queue element PullQEl_hw_read0beach_robot/conv63 has 0 frames in his Queue on destruction
[2026-04-28 17:13:59.058] [5643] [HailoRT] [info] [queue_elements.cpp:68] [operator()] Thread in element UserBuffQEl0beach_robot/conv63 is not running anymore, exiting..
[2026-04-28 17:13:59.058] [3710] [HailoRT] [info] [queue_elements.cpp:46] [~BaseQueueElement] Queue element UserBuffQEl0beach_robot/conv63 has 0 frames in his Queue on destruction
[2026-04-28 17:13:59.357] [3710] [HailoRT] [info] [edge_elements.cpp:52] [create] Created (HwWriteEl2beach_robot/input_layer1 | hw_frame_size: 1228800)
[2026-04-28 17:13:59.357] [3710] [HailoRT] [info] [vstream.cpp:754] [InputVStreamImpl] Creating beach_robot/input_layer1...
[2026-04-28 17:13:59.357] [3710] [HailoRT] [info] [vstream_builder.cpp:102] [create_inputs] Input pipeline 'beach_robot/input_layer1': (HwWriteEl2beach_robot/input_layer1 | hw_frame_size: 1228800) >> HW
[2026-04-28 17:13:59.357] [3710] [HailoRT] [info] [edge_elements.cpp:287] [create] Created (HwReadEl0beach_robot/conv41 | hw_frame_size: 409600)
[2026-04-28 17:13:59.357] [3710] [HailoRT] [info] [queue_elements.cpp:657] [create] Created (PullQEl_hw_read0beach_robot/conv41)
[2026-04-28 17:13:59.357] [3710] [HailoRT] [info] [filter_elements.cpp:372] [create] Created (PostInferEl0beach_robot/conv41 | Quantization - src_type: UINT8, dst_type FLOAT32, limvals_min: -10.8307, limvals_max: 18.5504)
[2026-04-28 17:13:59.357] [3710] [HailoRT] [info] [queue_elements.cpp:800] [create] Created (UserBuffQEl0beach_robot/conv41 | timeout: 10s)
[2026-04-28 17:13:59.357] [3710] [HailoRT] [info] [vstream.cpp:1114] [OutputVStreamImpl] Creating beach_robot/conv41...
[2026-04-28 17:13:59.357] [3710] [HailoRT] [info] [vstream_builder.cpp:220] [create_outputs] Output pipeline 'beach_robot/conv41': HW >> (HwReadEl0beach_robot/conv41 | hw_frame_size: 409600) >> (PullQEl_hw_read0beach_robot/conv41) >> (PostInferEl0beach_robot/conv41 | Quantization - src_type: UINT8, dst_type FLOAT32, limvals_min: -10.8307, limvals_max: 18.5504) >> (UserBuffQEl0beach_robot/conv41 | timeout: 10s)
[2026-04-28 17:13:59.357] [3710] [HailoRT] [info] [edge_elements.cpp:287] [create] Created (HwReadEl7beach_robot/conv42 | hw_frame_size: 12800)
[2026-04-28 17:13:59.357] [3710] [HailoRT] [info] [queue_elements.cpp:657] [create] Created (PullQEl_hw_read7beach_robot/conv42)
[2026-04-28 17:13:59.357] [3710] [HailoRT] [info] [filter_elements.cpp:372] [create] Created (PostInferEl7beach_robot/conv42 | Quantization - src_type: UINT8, dst_type FLOAT32, limvals_min: -25.6857, limvals_max: 0)
[2026-04-28 17:13:59.357] [3710] [HailoRT] [info] [queue_elements.cpp:800] [create] Created (UserBuffQEl7beach_robot/conv42 | timeout: 10s)
[2026-04-28 17:13:59.357] [3710] [HailoRT] [info] [vstream.cpp:1114] [OutputVStreamImpl] Creating beach_robot/conv42...
[2026-04-28 17:13:59.357] [3710] [HailoRT] [info] [vstream_builder.cpp:220] [create_outputs] Output pipeline 'beach_robot/conv42': HW >> (HwReadEl7beach_robot/conv42 | hw_frame_size: 12800) >> (PullQEl_hw_read7beach_robot/conv42) >> (PostInferEl7beach_robot/conv42 | Quantization - src_type: UINT8, dst_type FLOAT32, limvals_min: -25.6857, limvals_max: 0) >> (UserBuffQEl7beach_robot/conv42 | timeout: 10s)
[2026-04-28 17:13:59.358] [3710] [HailoRT] [info] [edge_elements.cpp:287] [create] Created (HwReadEl3beach_robot/conv52 | hw_frame_size: 102400)
[2026-04-28 17:13:59.358] [3710] [HailoRT] [info] [queue_elements.cpp:657] [create] Created (PullQEl_hw_read3beach_robot/conv52)
[2026-04-28 17:13:59.358] [3710] [HailoRT] [info] [filter_elements.cpp:372] [create] Created (PostInferEl3beach_robot/conv52 | Quantization - src_type: UINT8, dst_type FLOAT32, limvals_min: -6.53754, limvals_max: 19.9239)
[2026-04-28 17:13:59.358] [3710] [HailoRT] [info] [queue_elements.cpp:800] [create] Created (UserBuffQEl3beach_robot/conv52 | timeout: 10s)
[2026-04-28 17:13:59.358] [3710] [HailoRT] [info] [vstream.cpp:1114] [OutputVStreamImpl] Creating beach_robot/conv52...
[2026-04-28 17:13:59.358] [3710] [HailoRT] [info] [vstream_builder.cpp:220] [create_outputs] Output pipeline 'beach_robot/conv52': HW >> (HwReadEl3beach_robot/conv52 | hw_frame_size: 102400) >> (PullQEl_hw_read3beach_robot/conv52) >> (PostInferEl3beach_robot/conv52 | Quantization - src_type: UINT8, dst_type FLOAT32, limvals_min: -6.53754, limvals_max: 19.9239) >> (UserBuffQEl3beach_robot/conv52 | timeout: 10s)
[2026-04-28 17:13:59.358] [3710] [HailoRT] [info] [edge_elements.cpp:287] [create] Created (HwReadEl1beach_robot/conv53 | hw_frame_size: 3200)
[2026-04-28 17:13:59.358] [3710] [HailoRT] [info] [queue_elements.cpp:657] [create] Created (PullQEl_hw_read1beach_robot/conv53)
[2026-04-28 17:13:59.358] [3710] [HailoRT] [info] [filter_elements.cpp:372] [create] Created (PostInferEl1beach_robot/conv53 | Quantization - src_type: UINT8, dst_type FLOAT32, limvals_min: -15.7441, limvals_max: 0)
[2026-04-28 17:13:59.358] [3710] [HailoRT] [info] [queue_elements.cpp:800] [create] Created (UserBuffQEl1beach_robot/conv53 | timeout: 10s)
[2026-04-28 17:13:59.358] [3710] [HailoRT] [info] [vstream.cpp:1114] [OutputVStreamImpl] Creating beach_robot/conv53...
[2026-04-28 17:13:59.358] [3710] [HailoRT] [info] [vstream_builder.cpp:220] [create_outputs] Output pipeline 'beach_robot/conv53': HW >> (HwReadEl1beach_robot/conv53 | hw_frame_size: 3200) >> (PullQEl_hw_read1beach_robot/conv53) >> (PostInferEl1beach_robot/conv53 | Quantization - src_type: UINT8, dst_type FLOAT32, limvals_min: -15.7441, limvals_max: 0) >> (UserBuffQEl1beach_robot/conv53 | timeout: 10s)
[2026-04-28 17:13:59.358] [3710] [HailoRT] [info] [edge_elements.cpp:287] [create] Created (HwReadEl2beach_robot/conv62 | hw_frame_size: 25600)
[2026-04-28 17:13:59.358] [3710] [HailoRT] [info] [queue_elements.cpp:657] [create] Created (PullQEl_hw_read2beach_robot/conv62)
[2026-04-28 17:13:59.358] [3710] [HailoRT] [info] [filter_elements.cpp:372] [create] Created (PostInferEl2beach_robot/conv62 | Quantization - src_type: UINT8, dst_type FLOAT32, limvals_min: -8.27399, limvals_max: 14.6594)
[2026-04-28 17:13:59.358] [3710] [HailoRT] [info] [queue_elements.cpp:800] [create] Created (UserBuffQEl2beach_robot/conv62 | timeout: 10s)
[2026-04-28 17:13:59.358] [3710] [HailoRT] [info] [vstream.cpp:1114] [OutputVStreamImpl] Creating beach_robot/conv62...
[2026-04-28 17:13:59.358] [3710] [HailoRT] [info] [vstream_builder.cpp:220] [create_outputs] Output pipeline 'beach_robot/conv62': HW >> (HwReadEl2beach_robot/conv62 | hw_frame_size: 25600) >> (PullQEl_hw_read2beach_robot/conv62) >> (PostInferEl2beach_robot/conv62 | Quantization - src_type: UINT8, dst_type FLOAT32, limvals_min: -8.27399, limvals_max: 14.6594) >> (UserBuffQEl2beach_robot/conv62 | timeout: 10s)
[2026-04-28 17:13:59.358] [3710] [HailoRT] [info] [edge_elements.cpp:287] [create] Created (HwReadEl0beach_robot/conv63 | hw_frame_size: 3200)
[2026-04-28 17:13:59.358] [3710] [HailoRT] [info] [queue_elements.cpp:657] [create] Created (PullQEl_hw_read0beach_robot/conv63)
[2026-04-28 17:13:59.358] [3710] [HailoRT] [info] [filter_elements.cpp:372] [create] Created (PostInferEl0beach_robot/conv63 | Quantization - src_type: UINT8, dst_type FLOAT32, limvals_min: -15.2921, limvals_max: 1.44388 | Reorder - src_order: FCR, src_shape: (20, 20, 8), dst_order: FCR, dst_shape: (20, 20, 2))
[2026-04-28 17:13:59.358] [3710] [HailoRT] [info] [queue_elements.cpp:800] [create] Created (UserBuffQEl0beach_robot/conv63 | timeout: 10s)
[2026-04-28 17:13:59.358] [3710] [HailoRT] [info] [vstream.cpp:1114] [OutputVStreamImpl] Creating beach_robot/conv63...
[2026-04-28 17:13:59.358] [3710] [HailoRT] [info] [vstream_builder.cpp:220] [create_outputs] Output pipeline 'beach_robot/conv63': HW >> (HwReadEl0beach_robot/conv63 | hw_frame_size: 3200) >> (PullQEl_hw_read0beach_robot/conv63) >> (PostInferEl0beach_robot/conv63 | Quantization - src_type: UINT8, dst_type FLOAT32, limvals_min: -15.2921, limvals_max: 1.44388 | Reorder - src_order: FCR, src_shape: (20, 20, 8), dst_order: FCR, dst_shape: (20, 20, 2)) >> (UserBuffQEl0beach_robot/conv63 | timeout: 10s)
[2026-04-28 17:13:59.359] [3710] [HailoRT] [info] [core_op.cpp:156] [activate] Activating beach_robot took 0.523728 milliseconds. Note that the function is asynchronous and thus the network is not fully activated yet.
[2026-04-28 17:13:59.359] [3710] [HailoRT] [info] [core_op.cpp:156] [activate] Activating beach_robot took 0.533135 milliseconds. Note that the function is asynchronous and thus the network is not fully activated yet.
[2026-04-28 17:13:59.378] [5657] [HailoRT] [info] [vdevice_native_stream.cpp:331] [read_impl] Failed read from stream HAILO_STREAM_NOT_ACTIVATED(72) (device: 0001:01:00.0)
[2026-04-28 17:13:59.378] [5653] [HailoRT] [info] [vdevice_native_stream.cpp:331] [read_impl] Failed read from stream HAILO_STREAM_NOT_ACTIVATED(72) (device: 0001:01:00.0)
[2026-04-28 17:13:59.378] [5655] [HailoRT] [info] [vdevice_native_stream.cpp:331] [read_impl] Failed read from stream HAILO_STREAM_NOT_ACTIVATED(72) (device: 0001:01:00.0)
[2026-04-28 17:13:59.378] [5661] [HailoRT] [info] [vdevice_native_stream.cpp:331] [read_impl] Failed read from stream HAILO_STREAM_NOT_ACTIVATED(72) (device: 0001:01:00.0)
[2026-04-28 17:13:59.378] [5651] [HailoRT] [info] [vdevice_native_stream.cpp:331] [read_impl] Failed read from stream HAILO_STREAM_NOT_ACTIVATED(72) (device: 0001:01:00.0)
[2026-04-28 17:13:59.378] [5659] [HailoRT] [info] [vdevice_native_stream.cpp:331] [read_impl] Failed read from stream HAILO_STREAM_NOT_ACTIVATED(72) (device: 0001:01:00.0)
[2026-04-28 17:13:59.378] [3710] [HailoRT] [info] [core_op.cpp:186] [deactivate] Deactivating took 0.523264 ms
[2026-04-28 17:13:59.378] [3710] [HailoRT] [info] [core_op.cpp:186] [deactivate] Deactivating took 0.556022 ms
[2026-04-28 17:13:59.378] [5651] [HailoRT] [info] [queue_elements.cpp:734] [run_in_thread] Shutdown event was signaled in run_pull of queue element PullQEl_hw_read0beach_robot/conv41!
[2026-04-28 17:13:59.378] [5652] [HailoRT] [info] [queue_elements.cpp:855] [run_in_thread] Shutdown event was signaled in dequeue of UserBuffQEl0beach_robot/conv41!
[2026-04-28 17:13:59.378] [5651] [HailoRT] [info] [queue_elements.cpp:68] [operator()] Thread in element PullQEl_hw_read0beach_robot/conv41 is not running anymore, exiting..
[2026-04-28 17:13:59.378] [3710] [HailoRT] [info] [queue_elements.cpp:46] [~BaseQueueElement] Queue element PullQEl_hw_read0beach_robot/conv41 has 0 frames in his Queue on destruction
[2026-04-28 17:13:59.378] [5652] [HailoRT] [info] [queue_elements.cpp:68] [operator()] Thread in element UserBuffQEl0beach_robot/conv41 is not running anymore, exiting..
[2026-04-28 17:13:59.378] [3710] [HailoRT] [info] [queue_elements.cpp:46] [~BaseQueueElement] Queue element UserBuffQEl0beach_robot/conv41 has 0 frames in his Queue on destruction
[2026-04-28 17:13:59.378] [5653] [HailoRT] [info] [queue_elements.cpp:734] [run_in_thread] Shutdown event was signaled in run_pull of queue element PullQEl_hw_read7beach_robot/conv42!
[2026-04-28 17:13:59.378] [5654] [HailoRT] [info] [queue_elements.cpp:855] [run_in_thread] Shutdown event was signaled in dequeue of UserBuffQEl7beach_robot/conv42!
[2026-04-28 17:13:59.378] [5653] [HailoRT] [info] [queue_elements.cpp:68] [operator()] Thread in element PullQEl_hw_read7beach_robot/conv42 is not running anymore, exiting..
[2026-04-28 17:13:59.378] [3710] [HailoRT] [info] [queue_elements.cpp:46] [~BaseQueueElement] Queue element PullQEl_hw_read7beach_robot/conv42 has 0 frames in his Queue on destruction
[2026-04-28 17:13:59.378] [5654] [HailoRT] [info] [queue_elements.cpp:68] [operator()] Thread in element UserBuffQEl7beach_robot/conv42 is not running anymore, exiting..
[2026-04-28 17:13:59.378] [3710] [HailoRT] [info] [queue_elements.cpp:46] [~BaseQueueElement] Queue element UserBuffQEl7beach_robot/conv42 has 0 frames in his Queue on destruction
[2026-04-28 17:13:59.378] [5655] [HailoRT] [info] [queue_elements.cpp:734] [run_in_thread] Shutdown event was signaled in run_pull of queue element PullQEl_hw_read3beach_robot/conv52!
[2026-04-28 17:13:59.378] [5656] [HailoRT] [info] [queue_elements.cpp:855] [run_in_thread] Shutdown event was signaled in dequeue of UserBuffQEl3beach_robot/conv52!
[2026-04-28 17:13:59.378] [5655] [HailoRT] [info] [queue_elements.cpp:68] [operator()] Thread in element PullQEl_hw_read3beach_robot/conv52 is not running anymore, exiting..
[2026-04-28 17:13:59.379] [3710] [HailoRT] [info] [queue_elements.cpp:46] [~BaseQueueElement] Queue element PullQEl_hw_read3beach_robot/conv52 has 0 frames in his Queue on destruction
[2026-04-28 17:13:59.379] [5656] [HailoRT] [info] [queue_elements.cpp:68] [operator()] Thread in element UserBuffQEl3beach_robot/conv52 is not running anymore, exiting..
[2026-04-28 17:13:59.379] [3710] [HailoRT] [info] [queue_elements.cpp:46] [~BaseQueueElement] Queue element UserBuffQEl3beach_robot/conv52 has 0 frames in his Queue on destruction
[2026-04-28 17:13:59.379] [5658] [HailoRT] [info] [queue_elements.cpp:855] [run_in_thread] Shutdown event was signaled in dequeue of UserBuffQEl1beach_robot/conv53!
[2026-04-28 17:13:59.379] [5657] [HailoRT] [info] [queue_elements.cpp:734] [run_in_thread] Shutdown event was signaled in run_pull of queue element PullQEl_hw_read1beach_robot/conv53!
[2026-04-28 17:13:59.379] [5657] [HailoRT] [info] [queue_elements.cpp:68] [operator()] Thread in element PullQEl_hw_read1beach_robot/conv53 is not running anymore, exiting..
[2026-04-28 17:13:59.379] [3710] [HailoRT] [info] [queue_elements.cpp:46] [~BaseQueueElement] Queue element PullQEl_hw_read1beach_robot/conv53 has 0 frames in his Queue on destruction
[2026-04-28 17:13:59.379] [5658] [HailoRT] [info] [queue_elements.cpp:68] [operator()] Thread in element UserBuffQEl1beach_robot/conv53 is not running anymore, exiting..
[2026-04-28 17:13:59.379] [3710] [HailoRT] [info] [queue_elements.cpp:46] [~BaseQueueElement] Queue element UserBuffQEl1beach_robot/conv53 has 0 frames in his Queue on destruction
[2026-04-28 17:13:59.379] [5660] [HailoRT] [info] [queue_elements.cpp:855] [run_in_thread] Shutdown event was signaled in dequeue of UserBuffQEl2beach_robot/conv62!
[2026-04-28 17:13:59.379] [5659] [HailoRT] [info] [queue_elements.cpp:734] [run_in_thread] Shutdown event was signaled in run_pull of queue element PullQEl_hw_read2beach_robot/conv62!
[2026-04-28 17:13:59.379] [5659] [HailoRT] [info] [queue_elements.cpp:68] [operator()] Thread in element PullQEl_hw_read2beach_robot/conv62 is not running anymore, exiting..
[2026-04-28 17:13:59.379] [3710] [HailoRT] [info] [queue_elements.cpp:46] [~BaseQueueElement] Queue element PullQEl_hw_read2beach_robot/conv62 has 0 frames in his Queue on destruction
[2026-04-28 17:13:59.379] [5660] [HailoRT] [info] [queue_elements.cpp:68] [operator()] Thread in element UserBuffQEl2beach_robot/conv62 is not running anymore, exiting..
[2026-04-28 17:13:59.379] [3710] [HailoRT] [info] [queue_elements.cpp:46] [~BaseQueueElement] Queue element UserBuffQEl2beach_robot/conv62 has 0 frames in his Queue on destruction
[2026-04-28 17:13:59.379] [5661] [HailoRT] [info] [queue_elements.cpp:734] [run_in_thread] Shutdown event was signaled in run_pull of queue element PullQEl_hw_read0beach_robot/conv63!
[2026-04-28 17:13:59.379] [5662] [HailoRT] [info] [queue_elements.cpp:855] [run_in_thread] Shutdown event was signaled in dequeue of UserBuffQEl0beach_robot/conv63!
[2026-04-28 17:13:59.379] [5661] [HailoRT] [info] [queue_elements.cpp:68] [operator()] Thread in element PullQEl_hw_read0beach_robot/conv63 is not running anymore, exiting..
[2026-04-28 17:13:59.379] [3710] [HailoRT] [info] [queue_elements.cpp:46] [~BaseQueueElement] Queue element PullQEl_hw_read0beach_robot/conv63 has 0 frames in his Queue on destruction
[2026-04-28 17:13:59.379] [5662] [HailoRT] [info] [queue_elements.cpp:68] [operator()] Thread in element UserBuffQEl0beach_robot/conv63 is not running anymore, exiting..
[2026-04-28 17:13:59.379] [3710] [HailoRT] [info] [queue_elements.cpp:46] [~BaseQueueElement] Queue element UserBuffQEl0beach_robot/conv63 has 0 frames in his Queue on destruction
[2026-04-28 17:13:59.678] [3710] [HailoRT] [info] [edge_elements.cpp:52] [create] Created (HwWriteEl2beach_robot/input_layer1 | hw_frame_size: 1228800)
[2026-04-28 17:13:59.678] [3710] [HailoRT] [info] [vstream.cpp:754] [InputVStreamImpl] Creating beach_robot/input_layer1...
[2026-04-28 17:13:59.678] [3710] [HailoRT] [info] [vstream_builder.cpp:102] [create_inputs] Input pipeline 'beach_robot/input_layer1': (HwWriteEl2beach_robot/input_layer1 | hw_frame_size: 1228800) >> HW
[2026-04-28 17:13:59.678] [3710] [HailoRT] [info] [edge_elements.cpp:287] [create] Created (HwReadEl0beach_robot/conv41 | hw_frame_size: 409600)
[2026-04-28 17:13:59.679] [3710] [HailoRT] [info] [queue_elements.cpp:657] [create] Created (PullQEl_hw_read0beach_robot/conv41)
[2026-04-28 17:13:59.679] [3710] [HailoRT] [info] [filter_elements.cpp:372] [create] Created (PostInferEl0beach_robot/conv41 | Quantization - src_type: UINT8, dst_type FLOAT32, limvals_min: -10.8307, limvals_max: 18.5504)
[2026-04-28 17:13:59.679] [3710] [HailoRT] [info] [queue_elements.cpp:800] [create] Created (UserBuffQEl0beach_robot/conv41 | timeout: 10s)
[2026-04-28 17:13:59.679] [3710] [HailoRT] [info] [vstream.cpp:1114] [OutputVStreamImpl] Creating beach_robot/conv41...
[2026-04-28 17:13:59.679] [3710] [HailoRT] [info] [vstream_builder.cpp:220] [create_outputs] Output pipeline 'beach_robot/conv41': HW >> (HwReadEl0beach_robot/conv41 | hw_frame_size: 409600) >> (PullQEl_hw_read0beach_robot/conv41) >> (PostInferEl0beach_robot/conv41 | Quantization - src_type: UINT8, dst_type FLOAT32, limvals_min: -10.8307, limvals_max: 18.5504) >> (UserBuffQEl0beach_robot/conv41 | timeout: 10s)
[2026-04-28 17:13:59.679] [3710] [HailoRT] [info] [edge_elements.cpp:287] [create] Created (HwReadEl7beach_robot/conv42 | hw_frame_size: 12800)
[2026-04-28 17:13:59.679] [3710] [HailoRT] [info] [queue_elements.cpp:657] [create] Created (PullQEl_hw_read7beach_robot/conv42)
[2026-04-28 17:13:59.679] [3710] [HailoRT] [info] [filter_elements.cpp:372] [create] Created (PostInferEl7beach_robot/conv42 | Quantization - src_type: UINT8, dst_type FLOAT32, limvals_min: -25.6857, limvals_max: 0)
[2026-04-28 17:13:59.679] [3710] [HailoRT] [info] [queue_elements.cpp:800] [create] Created (UserBuffQEl7beach_robot/conv42 | timeout: 10s)
[2026-04-28 17:13:59.679] [3710] [HailoRT] [info] [vstream.cpp:1114] [OutputVStreamImpl] Creating beach_robot/conv42...
[2026-04-28 17:13:59.679] [3710] [HailoRT] [info] [vstream_builder.cpp:220] [create_outputs] Output pipeline 'beach_robot/conv42': HW >> (HwReadEl7beach_robot/conv42 | hw_frame_size: 12800) >> (PullQEl_hw_read7beach_robot/conv42) >> (PostInferEl7beach_robot/conv42 | Quantization - src_type: UINT8, dst_type FLOAT32, limvals_min: -25.6857, limvals_max: 0) >> (UserBuffQEl7beach_robot/conv42 | timeout: 10s)
[2026-04-28 17:13:59.679] [3710] [HailoRT] [info] [edge_elements.cpp:287] [create] Created (HwReadEl3beach_robot/conv52 | hw_frame_size: 102400)
[2026-04-28 17:13:59.679] [3710] [HailoRT] [info] [queue_elements.cpp:657] [create] Created (PullQEl_hw_read3beach_robot/conv52)
[2026-04-28 17:13:59.679] [3710] [HailoRT] [info] [filter_elements.cpp:372] [create] Created (PostInferEl3beach_robot/conv52 | Quantization - src_type: UINT8, dst_type FLOAT32, limvals_min: -6.53754, limvals_max: 19.9239)
[2026-04-28 17:13:59.679] [3710] [HailoRT] [info] [queue_elements.cpp:800] [create] Created (UserBuffQEl3beach_robot/conv52 | timeout: 10s)
[2026-04-28 17:13:59.679] [3710] [HailoRT] [info] [vstream.cpp:1114] [OutputVStreamImpl] Creating beach_robot/conv52...
[2026-04-28 17:13:59.679] [3710] [HailoRT] [info] [vstream_builder.cpp:220] [create_outputs] Output pipeline 'beach_robot/conv52': HW >> (HwReadEl3beach_robot/conv52 | hw_frame_size: 102400) >> (PullQEl_hw_read3beach_robot/conv52) >> (PostInferEl3beach_robot/conv52 | Quantization - src_type: UINT8, dst_type FLOAT32, limvals_min: -6.53754, limvals_max: 19.9239) >> (UserBuffQEl3beach_robot/conv52 | timeout: 10s)
[2026-04-28 17:13:59.679] [3710] [HailoRT] [info] [edge_elements.cpp:287] [create] Created (HwReadEl1beach_robot/conv53 | hw_frame_size: 3200)
[2026-04-28 17:13:59.679] [3710] [HailoRT] [info] [queue_elements.cpp:657] [create] Created (PullQEl_hw_read1beach_robot/conv53)
[2026-04-28 17:13:59.679] [3710] [HailoRT] [info] [filter_elements.cpp:372] [create] Created (PostInferEl1beach_robot/conv53 | Quantization - src_type: UINT8, dst_type FLOAT32, limvals_min: -15.7441, limvals_max: 0)
[2026-04-28 17:13:59.679] [3710] [HailoRT] [info] [queue_elements.cpp:800] [create] Created (UserBuffQEl1beach_robot/conv53 | timeout: 10s)
[2026-04-28 17:13:59.679] [3710] [HailoRT] [info] [vstream.cpp:1114] [OutputVStreamImpl] Creating beach_robot/conv53...
[2026-04-28 17:13:59.679] [3710] [HailoRT] [info] [vstream_builder.cpp:220] [create_outputs] Output pipeline 'beach_robot/conv53': HW >> (HwReadEl1beach_robot/conv53 | hw_frame_size: 3200) >> (PullQEl_hw_read1beach_robot/conv53) >> (PostInferEl1beach_robot/conv53 | Quantization - src_type: UINT8, dst_type FLOAT32, limvals_min: -15.7441, limvals_max: 0) >> (UserBuffQEl1beach_robot/conv53 | timeout: 10s)
[2026-04-28 17:13:59.679] [3710] [HailoRT] [info] [edge_elements.cpp:287] [create] Created (HwReadEl2beach_robot/conv62 | hw_frame_size: 25600)
[2026-04-28 17:13:59.679] [3710] [HailoRT] [info] [queue_elements.cpp:657] [create] Created (PullQEl_hw_read2beach_robot/conv62)
[2026-04-28 17:13:59.679] [3710] [HailoRT] [info] [filter_elements.cpp:372] [create] Created (PostInferEl2beach_robot/conv62 | Quantization - src_type: UINT8, dst_type FLOAT32, limvals_min: -8.27399, limvals_max: 14.6594)
[2026-04-28 17:13:59.679] [3710] [HailoRT] [info] [queue_elements.cpp:800] [create] Created (UserBuffQEl2beach_robot/conv62 | timeout: 10s)
[2026-04-28 17:13:59.679] [3710] [HailoRT] [info] [vstream.cpp:1114] [OutputVStreamImpl] Creating beach_robot/conv62...
[2026-04-28 17:13:59.679] [3710] [HailoRT] [info] [vstream_builder.cpp:220] [create_outputs] Output pipeline 'beach_robot/conv62': HW >> (HwReadEl2beach_robot/conv62 | hw_frame_size: 25600) >> (PullQEl_hw_read2beach_robot/conv62) >> (PostInferEl2beach_robot/conv62 | Quantization - src_type: UINT8, dst_type FLOAT32, limvals_min: -8.27399, limvals_max: 14.6594) >> (UserBuffQEl2beach_robot/conv62 | timeout: 10s)
[2026-04-28 17:13:59.679] [3710] [HailoRT] [info] [edge_elements.cpp:287] [create] Created (HwReadEl0beach_robot/conv63 | hw_frame_size: 3200)
[2026-04-28 17:13:59.679] [3710] [HailoRT] [info] [queue_elements.cpp:657] [create] Created (PullQEl_hw_read0beach_robot/conv63)
[2026-04-28 17:13:59.679] [3710] [HailoRT] [info] [filter_elements.cpp:372] [create] Created (PostInferEl0beach_robot/conv63 | Quantization - src_type: UINT8, dst_type FLOAT32, limvals_min: -15.2921, limvals_max: 1.44388 | Reorder - src_order: FCR, src_shape: (20, 20, 8), dst_order: FCR, dst_shape: (20, 20, 2))
[2026-04-28 17:13:59.679] [3710] [HailoRT] [info] [queue_elements.cpp:800] [create] Created (UserBuffQEl0beach_robot/conv63 | timeout: 10s)
[2026-04-28 17:13:59.679] [3710] [HailoRT] [info] [vstream.cpp:1114] [OutputVStreamImpl] Creating beach_robot/conv63...
[2026-04-28 17:13:59.679] [3710] [HailoRT] [info] [vstream_builder.cpp:220] [create_outputs] Output pipeline 'beach_robot/conv63': HW >> (HwReadEl0beach_robot/conv63 | hw_frame_size: 3200) >> (PullQEl_hw_read0beach_robot/conv63) >> (PostInferEl0beach_robot/conv63 | Quantization - src_type: UINT8, dst_type FLOAT32, limvals_min: -15.2921, limvals_max: 1.44388 | Reorder - src_order: FCR, src_shape: (20, 20, 8), dst_order: FCR, dst_shape: (20, 20, 2)) >> (UserBuffQEl0beach_robot/conv63 | timeout: 10s)
[2026-04-28 17:13:59.680] [3710] [HailoRT] [info] [core_op.cpp:156] [activate] Activating beach_robot took 0.585411 milliseconds. Note that the function is asynchronous and thus the network is not fully activated yet.
[2026-04-28 17:13:59.680] [3710] [HailoRT] [info] [core_op.cpp:156] [activate] Activating beach_robot took 0.595762 milliseconds. Note that the function is asynchronous and thus the network is not fully activated yet.
[2026-04-28 17:13:59.699] [5670] [HailoRT] [info] [vdevice_native_stream.cpp:331] [read_impl] Failed read from stream HAILO_STREAM_NOT_ACTIVATED(72) (device: 0001:01:00.0)
[2026-04-28 17:13:59.699] [5680] [HailoRT] [info] [vdevice_native_stream.cpp:331] [read_impl] Failed read from stream HAILO_STREAM_NOT_ACTIVATED(72) (device: 0001:01:00.0)
[2026-04-28 17:13:59.699] [5674] [HailoRT] [info] [vdevice_native_stream.cpp:331] [read_impl] Failed read from stream HAILO_STREAM_NOT_ACTIVATED(72) (device: 0001:01:00.0)
[2026-04-28 17:13:59.699] [5676] [HailoRT] [info] [vdevice_native_stream.cpp:331] [read_impl] Failed read from stream HAILO_STREAM_NOT_ACTIVATED(72) (device: 0001:01:00.0)
[2026-04-28 17:13:59.699] [5672] [HailoRT] [info] [vdevice_native_stream.cpp:331] [read_impl] Failed read from stream HAILO_STREAM_NOT_ACTIVATED(72) (device: 0001:01:00.0)
[2026-04-28 17:13:59.699] [5678] [HailoRT] [info] [vdevice_native_stream.cpp:331] [read_impl] Failed read from stream HAILO_STREAM_NOT_ACTIVATED(72) (device: 0001:01:00.0)
[2026-04-28 17:13:59.700] [3710] [HailoRT] [info] [core_op.cpp:186] [deactivate] Deactivating took 0.517468 ms
[2026-04-28 17:13:59.700] [3710] [HailoRT] [info] [core_op.cpp:186] [deactivate] Deactivating took 0.528357 ms
[2026-04-28 17:13:59.700] [5670] [HailoRT] [info] [queue_elements.cpp:734] [run_in_thread] Shutdown event was signaled in run_pull of queue element PullQEl_hw_read0beach_robot/conv41!
[2026-04-28 17:13:59.700] [5671] [HailoRT] [info] [queue_elements.cpp:855] [run_in_thread] Shutdown event was signaled in dequeue of UserBuffQEl0beach_robot/conv41!
[2026-04-28 17:13:59.700] [5670] [HailoRT] [info] [queue_elements.cpp:68] [operator()] Thread in element PullQEl_hw_read0beach_robot/conv41 is not running anymore, exiting..
[2026-04-28 17:13:59.700] [3710] [HailoRT] [info] [queue_elements.cpp:46] [~BaseQueueElement] Queue element PullQEl_hw_read0beach_robot/conv41 has 0 frames in his Queue on destruction
[2026-04-28 17:13:59.700] [5671] [HailoRT] [info] [queue_elements.cpp:68] [operator()] Thread in element UserBuffQEl0beach_robot/conv41 is not running anymore, exiting..
[2026-04-28 17:13:59.700] [3710] [HailoRT] [info] [queue_elements.cpp:46] [~BaseQueueElement] Queue element UserBuffQEl0beach_robot/conv41 has 0 frames in his Queue on destruction
[2026-04-28 17:13:59.700] [5672] [HailoRT] [info] [queue_elements.cpp:734] [run_in_thread] Shutdown event was signaled in run_pull of queue element PullQEl_hw_read7beach_robot/conv42!
[2026-04-28 17:13:59.700] [5673] [HailoRT] [info] [queue_elements.cpp:855] [run_in_thread] Shutdown event was signaled in dequeue of UserBuffQEl7beach_robot/conv42!
[2026-04-28 17:13:59.700] [5672] [HailoRT] [info] [queue_elements.cpp:68] [operator()] Thread in element PullQEl_hw_read7beach_robot/conv42 is not running anymore, exiting..
[2026-04-28 17:13:59.700] [3710] [HailoRT] [info] [queue_elements.cpp:46] [~BaseQueueElement] Queue element PullQEl_hw_read7beach_robot/conv42 has 0 frames in his Queue on destruction
[2026-04-28 17:13:59.700] [5673] [HailoRT] [info] [queue_elements.cpp:68] [operator()] Thread in element UserBuffQEl7beach_robot/conv42 is not running anymore, exiting..
[2026-04-28 17:13:59.700] [3710] [HailoRT] [info] [queue_elements.cpp:46] [~BaseQueueElement] Queue element UserBuffQEl7beach_robot/conv42 has 0 frames in his Queue on destruction
[2026-04-28 17:13:59.700] [5675] [HailoRT] [info] [queue_elements.cpp:855] [run_in_thread] Shutdown event was signaled in dequeue of UserBuffQEl3beach_robot/conv52!
[2026-04-28 17:13:59.700] [5674] [HailoRT] [info] [queue_elements.cpp:734] [run_in_thread] Shutdown event was signaled in run_pull of queue element PullQEl_hw_read3beach_robot/conv52!
[2026-04-28 17:13:59.700] [3710] [HailoRT] [info] [queue_elements.cpp:46] [~BaseQueueElement] Queue element PullQEl_hw_read3beach_robot/conv52 has 0 frames in his Queue on destruction
[2026-04-28 17:13:59.700] [5675] [HailoRT] [info] [queue_elements.cpp:68] [operator()] Thread in element UserBuffQEl3beach_robot/conv52 is not running anymore, exiting..
[2026-04-28 17:13:59.700] [3710] [HailoRT] [info] [queue_elements.cpp:46] [~BaseQueueElement] Queue element UserBuffQEl3beach_robot/conv52 has 0 frames in his Queue on destruction
[2026-04-28 17:13:59.700] [5676] [HailoRT] [info] [queue_elements.cpp:734] [run_in_thread] Shutdown event was signaled in run_pull of queue element PullQEl_hw_read1beach_robot/conv53!
[2026-04-28 17:13:59.700] [5677] [HailoRT] [info] [queue_elements.cpp:855] [run_in_thread] Shutdown event was signaled in dequeue of UserBuffQEl1beach_robot/conv53!
[2026-04-28 17:13:59.700] [5676] [HailoRT] [info] [queue_elements.cpp:68] [operator()] Thread in element PullQEl_hw_read1beach_robot/conv53 is not running anymore, exiting..
[2026-04-28 17:13:59.700] [3710] [HailoRT] [info] [queue_elements.cpp:46] [~BaseQueueElement] Queue element PullQEl_hw_read1beach_robot/conv53 has 0 frames in his Queue on destruction
[2026-04-28 17:13:59.700] [5677] [HailoRT] [info] [queue_elements.cpp:68] [operator()] Thread in element UserBuffQEl1beach_robot/conv53 is not running anymore, exiting..
[2026-04-28 17:13:59.700] [3710] [HailoRT] [info] [queue_elements.cpp:46] [~BaseQueueElement] Queue element UserBuffQEl1beach_robot/conv53 has 0 frames in his Queue on destruction
[2026-04-28 17:13:59.700] [5679] [HailoRT] [info] [queue_elements.cpp:855] [run_in_thread] Shutdown event was signaled in dequeue of UserBuffQEl2beach_robot/conv62!
[2026-04-28 17:13:59.700] [5678] [HailoRT] [info] [queue_elements.cpp:734] [run_in_thread] Shutdown event was signaled in run_pull of queue element PullQEl_hw_read2beach_robot/conv62!
[2026-04-28 17:13:59.700] [5678] [HailoRT] [info] [queue_elements.cpp:68] [operator()] Thread in element PullQEl_hw_read2beach_robot/conv62 is not running anymore, exiting..
[2026-04-28 17:13:59.700] [3710] [HailoRT] [info] [queue_elements.cpp:46] [~BaseQueueElement] Queue element PullQEl_hw_read2beach_robot/conv62 has 0 frames in his Queue on destruction
[2026-04-28 17:13:59.700] [5679] [HailoRT] [info] [queue_elements.cpp:68] [operator()] Thread in element UserBuffQEl2beach_robot/conv62 is not running anymore, exiting..
[2026-04-28 17:13:59.700] [3710] [HailoRT] [info] [queue_elements.cpp:46] [~BaseQueueElement] Queue element UserBuffQEl2beach_robot/conv62 has 0 frames in his Queue on destruction
[2026-04-28 17:13:59.700] [5680] [HailoRT] [info] [queue_elements.cpp:734] [run_in_thread] Shutdown event was signaled in run_pull of queue element PullQEl_hw_read0beach_robot/conv63!
[2026-04-28 17:13:59.700] [5681] [HailoRT] [info] [queue_elements.cpp:855] [run_in_thread] Shutdown event was signaled in dequeue of UserBuffQEl0beach_robot/conv63!
[2026-04-28 17:13:59.700] [5680] [HailoRT] [info] [queue_elements.cpp:68] [operator()] Thread in element PullQEl_hw_read0beach_robot/conv63 is not running anymore, exiting..
[2026-04-28 17:13:59.700] [3710] [HailoRT] [info] [queue_elements.cpp:46] [~BaseQueueElement] Queue element PullQEl_hw_read0beach_robot/conv63 has 0 frames in his Queue on destruction
[2026-04-28 17:13:59.700] [5681] [HailoRT] [info] [queue_elements.cpp:68] [operator()] Thread in element UserBuffQEl0beach_robot/conv63 is not running anymore, exiting..
[2026-04-28 17:13:59.700] [3710] [HailoRT] [info] [queue_elements.cpp:46] [~BaseQueueElement] Queue element UserBuffQEl0beach_robot/conv63 has 0 frames in his Queue on destruction
[2026-04-28 17:13:59.998] [3710] [HailoRT] [info] [edge_elements.cpp:52] [create] Created (HwWriteEl2beach_robot/input_layer1 | hw_frame_size: 1228800)
[2026-04-28 17:13:59.998] [3710] [HailoRT] [info] [vstream.cpp:754] [InputVStreamImpl] Creating beach_robot/input_layer1...
[2026-04-28 17:13:59.998] [3710] [HailoRT] [info] [vstream_builder.cpp:102] [create_inputs] Input pipeline 'beach_robot/input_layer1': (HwWriteEl2beach_robot/input_layer1 | hw_frame_size: 1228800) >> HW
[2026-04-28 17:13:59.998] [3710] [HailoRT] [info] [edge_elements.cpp:287] [create] Created (HwReadEl0beach_robot/conv41 | hw_frame_size: 409600)
[2026-04-28 17:13:59.999] [3710] [HailoRT] [info] [queue_elements.cpp:657] [create] Created (PullQEl_hw_read0beach_robot/conv41)
[2026-04-28 17:13:59.999] [3710] [HailoRT] [info] [filter_elements.cpp:372] [create] Created (PostInferEl0beach_robot/conv41 | Quantization - src_type: UINT8, dst_type FLOAT32, limvals_min: -10.8307, limvals_max: 18.5504)
[2026-04-28 17:13:59.999] [3710] [HailoRT] [info] [queue_elements.cpp:800] [create] Created (UserBuffQEl0beach_robot/conv41 | timeout: 10s)
[2026-04-28 17:13:59.999] [3710] [HailoRT] [info] [vstream.cpp:1114] [OutputVStreamImpl] Creating beach_robot/conv41...
[2026-04-28 17:13:59.999] [3710] [HailoRT] [info] [vstream_builder.cpp:220] [create_outputs] Output pipeline 'beach_robot/conv41': HW >> (HwReadEl0beach_robot/conv41 | hw_frame_size: 409600) >> (PullQEl_hw_read0beach_robot/conv41) >> (PostInferEl0beach_robot/conv41 | Quantization - src_type: UINT8, dst_type FLOAT32, limvals_min: -10.8307, limvals_max: 18.5504) >> (UserBuffQEl0beach_robot/conv41 | timeout: 10s)
[2026-04-28 17:13:59.999] [3710] [HailoRT] [info] [edge_elements.cpp:287] [create] Created (HwReadEl7beach_robot/conv42 | hw_frame_size: 12800)
[2026-04-28 17:13:59.999] [3710] [HailoRT] [info] [queue_elements.cpp:657] [create] Created (PullQEl_hw_read7beach_robot/conv42)
[2026-04-28 17:13:59.999] [3710] [HailoRT] [info] [filter_elements.cpp:372] [create] Created (PostInferEl7beach_robot/conv42 | Quantization - src_type: UINT8, dst_type FLOAT32, limvals_min: -25.6857, limvals_max: 0)
[2026-04-28 17:13:59.999] [3710] [HailoRT] [info] [queue_elements.cpp:800] [create] Created (UserBuffQEl7beach_robot/conv42 | timeout: 10s)
[2026-04-28 17:13:59.999] [3710] [HailoRT] [info] [vstream.cpp:1114] [OutputVStreamImpl] Creating beach_robot/conv42...
[2026-04-28 17:13:59.999] [3710] [HailoRT] [info] [vstream_builder.cpp:220] [create_outputs] Output pipeline 'beach_robot/conv42': HW >> (HwReadEl7beach_robot/conv42 | hw_frame_size: 12800) >> (PullQEl_hw_read7beach_robot/conv42) >> (PostInferEl7beach_robot/conv42 | Quantization - src_type: UINT8, dst_type FLOAT32, limvals_min: -25.6857, limvals_max: 0) >> (UserBuffQEl7beach_robot/conv42 | timeout: 10s)
[2026-04-28 17:13:59.999] [3710] [HailoRT] [info] [edge_elements.cpp:287] [create] Created (HwReadEl3beach_robot/conv52 | hw_frame_size: 102400)
[2026-04-28 17:13:59.999] [3710] [HailoRT] [info] [queue_elements.cpp:657] [create] Created (PullQEl_hw_read3beach_robot/conv52)
[2026-04-28 17:13:59.999] [3710] [HailoRT] [info] [filter_elements.cpp:372] [create] Created (PostInferEl3beach_robot/conv52 | Quantization - src_type: UINT8, dst_type FLOAT32, limvals_min: -6.53754, limvals_max: 19.9239)
[2026-04-28 17:13:59.999] [3710] [HailoRT] [info] [queue_elements.cpp:800] [create] Created (UserBuffQEl3beach_robot/conv52 | timeout: 10s)
[2026-04-28 17:13:59.999] [3710] [HailoRT] [info] [vstream.cpp:1114] [OutputVStreamImpl] Creating beach_robot/conv52...
[2026-04-28 17:13:59.999] [3710] [HailoRT] [info] [vstream_builder.cpp:220] [create_outputs] Output pipeline 'beach_robot/conv52': HW >> (HwReadEl3beach_robot/conv52 | hw_frame_size: 102400) >> (PullQEl_hw_read3beach_robot/conv52) >> (PostInferEl3beach_robot/conv52 | Quantization - src_type: UINT8, dst_type FLOAT32, limvals_min: -6.53754, limvals_max: 19.9239) >> (UserBuffQEl3beach_robot/conv52 | timeout: 10s)
[2026-04-28 17:13:59.999] [3710] [HailoRT] [info] [edge_elements.cpp:287] [create] Created (HwReadEl1beach_robot/conv53 | hw_frame_size: 3200)
[2026-04-28 17:13:59.999] [3710] [HailoRT] [info] [queue_elements.cpp:657] [create] Created (PullQEl_hw_read1beach_robot/conv53)
[2026-04-28 17:13:59.999] [3710] [HailoRT] [info] [filter_elements.cpp:372] [create] Created (PostInferEl1beach_robot/conv53 | Quantization - src_type: UINT8, dst_type FLOAT32, limvals_min: -15.7441, limvals_max: 0)
[2026-04-28 17:13:59.999] [3710] [HailoRT] [info] [queue_elements.cpp:800] [create] Created (UserBuffQEl1beach_robot/conv53 | timeout: 10s)
[2026-04-28 17:13:59.999] [3710] [HailoRT] [info] [vstream.cpp:1114] [OutputVStreamImpl] Creating beach_robot/conv53...
[2026-04-28 17:13:59.999] [3710] [HailoRT] [info] [vstream_builder.cpp:220] [create_outputs] Output pipeline 'beach_robot/conv53': HW >> (HwReadEl1beach_robot/conv53 | hw_frame_size: 3200) >> (PullQEl_hw_read1beach_robot/conv53) >> (PostInferEl1beach_robot/conv53 | Quantization - src_type: UINT8, dst_type FLOAT32, limvals_min: -15.7441, limvals_max: 0) >> (UserBuffQEl1beach_robot/conv53 | timeout: 10s)
[2026-04-28 17:13:59.999] [3710] [HailoRT] [info] [edge_elements.cpp:287] [create] Created (HwReadEl2beach_robot/conv62 | hw_frame_size: 25600)
[2026-04-28 17:13:59.999] [3710] [HailoRT] [info] [queue_elements.cpp:657] [create] Created (PullQEl_hw_read2beach_robot/conv62)
[2026-04-28 17:13:59.999] [3710] [HailoRT] [info] [filter_elements.cpp:372] [create] Created (PostInferEl2beach_robot/conv62 | Quantization - src_type: UINT8, dst_type FLOAT32, limvals_min: -8.27399, limvals_max: 14.6594)
[2026-04-28 17:13:59.999] [3710] [HailoRT] [info] [queue_elements.cpp:800] [create] Created (UserBuffQEl2beach_robot/conv62 | timeout: 10s)
[2026-04-28 17:13:59.999] [3710] [HailoRT] [info] [vstream.cpp:1114] [OutputVStreamImpl] Creating beach_robot/conv62...
[2026-04-28 17:13:59.999] [3710] [HailoRT] [info] [vstream_builder.cpp:220] [create_outputs] Output pipeline 'beach_robot/conv62': HW >> (HwReadEl2beach_robot/conv62 | hw_frame_size: 25600) >> (PullQEl_hw_read2beach_robot/conv62) >> (PostInferEl2beach_robot/conv62 | Quantization - src_type: UINT8, dst_type FLOAT32, limvals_min: -8.27399, limvals_max: 14.6594) >> (UserBuffQEl2beach_robot/conv62 | timeout: 10s)
[2026-04-28 17:13:59.999] [3710] [HailoRT] [info] [edge_elements.cpp:287] [create] Created (HwReadEl0beach_robot/conv63 | hw_frame_size: 3200)
[2026-04-28 17:13:59.999] [3710] [HailoRT] [info] [queue_elements.cpp:657] [create] Created (PullQEl_hw_read0beach_robot/conv63)
[2026-04-28 17:13:59.999] [3710] [HailoRT] [info] [filter_elements.cpp:372] [create] Created (PostInferEl0beach_robot/conv63 | Quantization - src_type: UINT8, dst_type FLOAT32, limvals_min: -15.2921, limvals_max: 1.44388 | Reorder - src_order: FCR, src_shape: (20, 20, 8), dst_order: FCR, dst_shape: (20, 20, 2))
[2026-04-28 17:13:59.999] [3710] [HailoRT] [info] [queue_elements.cpp:800] [create] Created (UserBuffQEl0beach_robot/conv63 | timeout: 10s)
[2026-04-28 17:13:59.999] [3710] [HailoRT] [info] [vstream.cpp:1114] [OutputVStreamImpl] Creating beach_robot/conv63...
[2026-04-28 17:13:59.999] [3710] [HailoRT] [info] [vstream_builder.cpp:220] [create_outputs] Output pipeline 'beach_robot/conv63': HW >> (HwReadEl0beach_robot/conv63 | hw_frame_size: 3200) >> (PullQEl_hw_read0beach_robot/conv63) >> (PostInferEl0beach_robot/conv63 | Quantization - src_type: UINT8, dst_type FLOAT32, limvals_min: -15.2921, limvals_max: 1.44388 | Reorder - src_order: FCR, src_shape: (20, 20, 8), dst_order: FCR, dst_shape: (20, 20, 2)) >> (UserBuffQEl0beach_robot/conv63 | timeout: 10s)
[2026-04-28 17:14:00.000] [3710] [HailoRT] [info] [core_op.cpp:156] [activate] Activating beach_robot took 0.544727 milliseconds. Note that the function is asynchronous and thus the network is not fully activated yet.
[2026-04-28 17:14:00.000] [3710] [HailoRT] [info] [core_op.cpp:156] [activate] Activating beach_robot took 0.563819 milliseconds. Note that the function is asynchronous and thus the network is not fully activated yet.
[2026-04-28 17:14:00.019] [5691] [HailoRT] [info] [vdevice_native_stream.cpp:331] [read_impl] Failed read from stream HAILO_STREAM_NOT_ACTIVATED(72) (device: 0001:01:00.0)
[2026-04-28 17:14:00.019] [5689] [HailoRT] [info] [vdevice_native_stream.cpp:331] [read_impl] Failed read from stream HAILO_STREAM_NOT_ACTIVATED(72) (device: 0001:01:00.0)
[2026-04-28 17:14:00.019] [5697] [HailoRT] [info] [vdevice_native_stream.cpp:331] [read_impl] Failed read from stream HAILO_STREAM_NOT_ACTIVATED(72) (device: 0001:01:00.0)
[2026-04-28 17:14:00.019] [5693] [HailoRT] [info] [vdevice_native_stream.cpp:331] [read_impl] Failed read from stream HAILO_STREAM_NOT_ACTIVATED(72) (device: 0001:01:00.0)
[2026-04-28 17:14:00.019] [5699] [HailoRT] [info] [vdevice_native_stream.cpp:331] [read_impl] Failed read from stream HAILO_STREAM_NOT_ACTIVATED(72) (device: 0001:01:00.0)
[2026-04-28 17:14:00.019] [5695] [HailoRT] [info] [vdevice_native_stream.cpp:331] [read_impl] Failed read from stream HAILO_STREAM_NOT_ACTIVATED(72) (device: 0001:01:00.0)
[2026-04-28 17:14:00.020] [3710] [HailoRT] [info] [core_op.cpp:186] [deactivate] Deactivating took 0.495857 ms
[2026-04-28 17:14:00.020] [3710] [HailoRT] [info] [core_op.cpp:186] [deactivate] Deactivating took 0.507043 ms
[2026-04-28 17:14:00.020] [5689] [HailoRT] [info] [queue_elements.cpp:734] [run_in_thread] Shutdown event was signaled in run_pull of queue element PullQEl_hw_read0beach_robot/conv41!
[2026-04-28 17:14:00.020] [5690] [HailoRT] [info] [queue_elements.cpp:855] [run_in_thread] Shutdown event was signaled in dequeue of UserBuffQEl0beach_robot/conv41!
[2026-04-28 17:14:00.020] [5689] [HailoRT] [info] [queue_elements.cpp:68] [operator()] Thread in element PullQEl_hw_read0beach_robot/conv41 is not running anymore, exiting..
[2026-04-28 17:14:00.020] [3710] [HailoRT] [info] [queue_elements.cpp:46] [~BaseQueueElement] Queue element PullQEl_hw_read0beach_robot/conv41 has 0 frames in his Queue on destruction
[2026-04-28 17:14:00.020] [5690] [HailoRT] [info] [queue_elements.cpp:68] [operator()] Thread in element UserBuffQEl0beach_robot/conv41 is not running anymore, exiting..
[2026-04-28 17:14:00.020] [3710] [HailoRT] [info] [queue_elements.cpp:46] [~BaseQueueElement] Queue element UserBuffQEl0beach_robot/conv41 has 0 frames in his Queue on destruction
[2026-04-28 17:14:00.020] [5691] [HailoRT] [info] [queue_elements.cpp:734] [run_in_thread] Shutdown event was signaled in run_pull of queue element PullQEl_hw_read7beach_robot/conv42!
[2026-04-28 17:14:00.020] [5692] [HailoRT] [info] [queue_elements.cpp:855] [run_in_thread] Shutdown event was signaled in dequeue of UserBuffQEl7beach_robot/conv42!
[2026-04-28 17:14:00.020] [5691] [HailoRT] [info] [queue_elements.cpp:68] [operator()] Thread in element PullQEl_hw_read7beach_robot/conv42 is not running anymore, exiting..
[2026-04-28 17:14:00.020] [3710] [HailoRT] [info] [queue_elements.cpp:46] [~BaseQueueElement] Queue element PullQEl_hw_read7beach_robot/conv42 has 0 frames in his Queue on destruction
[2026-04-28 17:14:00.020] [5692] [HailoRT] [info] [queue_elements.cpp:68] [operator()] Thread in element UserBuffQEl7beach_robot/conv42 is not running anymore, exiting..
[2026-04-28 17:14:00.020] [3710] [HailoRT] [info] [queue_elements.cpp:46] [~BaseQueueElement] Queue element UserBuffQEl7beach_robot/conv42 has 0 frames in his Queue on destruction
[2026-04-28 17:14:00.020] [5693] [HailoRT] [info] [queue_elements.cpp:734] [run_in_thread] Shutdown event was signaled in run_pull of queue element PullQEl_hw_read3beach_robot/conv52!
[2026-04-28 17:14:00.020] [5694] [HailoRT] [info] [queue_elements.cpp:855] [run_in_thread] Shutdown event was signaled in dequeue of UserBuffQEl3beach_robot/conv52!
[2026-04-28 17:14:00.020] [5693] [HailoRT] [info] [queue_elements.cpp:68] [operator()] Thread in element PullQEl_hw_read3beach_robot/conv52 is not running anymore, exiting..
[2026-04-28 17:14:00.020] [3710] [HailoRT] [info] [queue_elements.cpp:46] [~BaseQueueElement] Queue element PullQEl_hw_read3beach_robot/conv52 has 0 frames in his Queue on destruction
[2026-04-28 17:14:00.020] [5694] [HailoRT] [info] [queue_elements.cpp:68] [operator()] Thread in element UserBuffQEl3beach_robot/conv52 is not running anymore, exiting..
[2026-04-28 17:14:00.020] [3710] [HailoRT] [info] [queue_elements.cpp:46] [~BaseQueueElement] Queue element UserBuffQEl3beach_robot/conv52 has 0 frames in his Queue on destruction
[2026-04-28 17:14:00.020] [5695] [HailoRT] [info] [queue_elements.cpp:734] [run_in_thread] Shutdown event was signaled in run_pull of queue element PullQEl_hw_read1beach_robot/conv53!
[2026-04-28 17:14:00.020] [5696] [HailoRT] [info] [queue_elements.cpp:855] [run_in_thread] Shutdown event was signaled in dequeue of UserBuffQEl1beach_robot/conv53!
[2026-04-28 17:14:00.020] [5695] [HailoRT] [info] [queue_elements.cpp:68] [operator()] Thread in element PullQEl_hw_read1beach_robot/conv53 is not running anymore, exiting..
[2026-04-28 17:14:00.020] [3710] [HailoRT] [info] [queue_elements.cpp:46] [~BaseQueueElement] Queue element PullQEl_hw_read1beach_robot/conv53 has 0 frames in his Queue on destruction
[2026-04-28 17:14:00.020] [5696] [HailoRT] [info] [queue_elements.cpp:68] [operator()] Thread in element UserBuffQEl1beach_robot/conv53 is not running anymore, exiting..
[2026-04-28 17:14:00.020] [3710] [HailoRT] [info] [queue_elements.cpp:46] [~BaseQueueElement] Queue element UserBuffQEl1beach_robot/conv53 has 0 frames in his Queue on destruction
[2026-04-28 17:14:00.020] [5697] [HailoRT] [info] [queue_elements.cpp:734] [run_in_thread] Shutdown event was signaled in run_pull of queue element PullQEl_hw_read2beach_robot/conv62!
[2026-04-28 17:14:00.020] [5698] [HailoRT] [info] [queue_elements.cpp:855] [run_in_thread] Shutdown event was signaled in dequeue of UserBuffQEl2beach_robot/conv62!
[2026-04-28 17:14:00.020] [5697] [HailoRT] [info] [queue_elements.cpp:68] [operator()] Thread in element PullQEl_hw_read2beach_robot/conv62 is not running anymore, exiting..
[2026-04-28 17:14:00.020] [3710] [HailoRT] [info] [queue_elements.cpp:46] [~BaseQueueElement] Queue element PullQEl_hw_read2beach_robot/conv62 has 0 frames in his Queue on destruction
[2026-04-28 17:14:00.020] [5698] [HailoRT] [info] [queue_elements.cpp:68] [operator()] Thread in element UserBuffQEl2beach_robot/conv62 is not running anymore, exiting..
[2026-04-28 17:14:00.020] [3710] [HailoRT] [info] [queue_elements.cpp:46] [~BaseQueueElement] Queue element UserBuffQEl2beach_robot/conv62 has 0 frames in his Queue on destruction
[2026-04-28 17:14:00.020] [5699] [HailoRT] [info] [queue_elements.cpp:734] [run_in_thread] Shutdown event was signaled in run_pull of queue element PullQEl_hw_read0beach_robot/conv63!
[2026-04-28 17:14:00.020] [5700] [HailoRT] [info] [queue_elements.cpp:855] [run_in_thread] Shutdown event was signaled in dequeue of UserBuffQEl0beach_robot/conv63!
[2026-04-28 17:14:00.020] [5699] [HailoRT] [info] [queue_elements.cpp:68] [operator()] Thread in element PullQEl_hw_read0beach_robot/conv63 is not running anymore, exiting..
[2026-04-28 17:14:00.020] [3710] [HailoRT] [info] [queue_elements.cpp:46] [~BaseQueueElement] Queue element PullQEl_hw_read0beach_robot/conv63 has 0 frames in his Queue on destruction
[2026-04-28 17:14:00.020] [5700] [HailoRT] [info] [queue_elements.cpp:68] [operator()] Thread in element UserBuffQEl0beach_robot/conv63 is not running anymore, exiting..
[2026-04-28 17:14:00.020] [3710] [HailoRT] [info] [queue_elements.cpp:46] [~BaseQueueElement] Queue element UserBuffQEl0beach_robot/conv63 has 0 frames in his Queue on destruction
[2026-04-28 17:14:00.319] [3710] [HailoRT] [info] [edge_elements.cpp:52] [create] Created (HwWriteEl2beach_robot/input_layer1 | hw_frame_size: 1228800)
[2026-04-28 17:14:00.319] [3710] [HailoRT] [info] [vstream.cpp:754] [InputVStreamImpl] Creating beach_robot/input_layer1...
[2026-04-28 17:14:00.319] [3710] [HailoRT] [info] [vstream_builder.cpp:102] [create_inputs] Input pipeline 'beach_robot/input_layer1': (HwWriteEl2beach_robot/input_layer1 | hw_frame_size: 1228800) >> HW
[2026-04-28 17:14:00.320] [3710] [HailoRT] [info] [edge_elements.cpp:287] [create] Created (HwReadEl0beach_robot/conv41 | hw_frame_size: 409600)
[2026-04-28 17:14:00.320] [3710] [HailoRT] [info] [queue_elements.cpp:657] [create] Created (PullQEl_hw_read0beach_robot/conv41)
[2026-04-28 17:14:00.320] [3710] [HailoRT] [info] [filter_elements.cpp:372] [create] Created (PostInferEl0beach_robot/conv41 | Quantization - src_type: UINT8, dst_type FLOAT32, limvals_min: -10.8307, limvals_max: 18.5504)
[2026-04-28 17:14:00.320] [3710] [HailoRT] [info] [queue_elements.cpp:800] [create] Created (UserBuffQEl0beach_robot/conv41 | timeout: 10s)
[2026-04-28 17:14:00.320] [3710] [HailoRT] [info] [vstream.cpp:1114] [OutputVStreamImpl] Creating beach_robot/conv41...
[2026-04-28 17:14:00.320] [3710] [HailoRT] [info] [vstream_builder.cpp:220] [create_outputs] Output pipeline 'beach_robot/conv41': HW >> (HwReadEl0beach_robot/conv41 | hw_frame_size: 409600) >> (PullQEl_hw_read0beach_robot/conv41) >> (PostInferEl0beach_robot/conv41 | Quantization - src_type: UINT8, dst_type FLOAT32, limvals_min: -10.8307, limvals_max: 18.5504) >> (UserBuffQEl0beach_robot/conv41 | timeout: 10s)
[2026-04-28 17:14:00.320] [3710] [HailoRT] [info] [edge_elements.cpp:287] [create] Created (HwReadEl7beach_robot/conv42 | hw_frame_size: 12800)
[2026-04-28 17:14:00.320] [3710] [HailoRT] [info] [queue_elements.cpp:657] [create] Created (PullQEl_hw_read7beach_robot/conv42)
[2026-04-28 17:14:00.320] [3710] [HailoRT] [info] [filter_elements.cpp:372] [create] Created (PostInferEl7beach_robot/conv42 | Quantization - src_type: UINT8, dst_type FLOAT32, limvals_min: -25.6857, limvals_max: 0)
[2026-04-28 17:14:00.320] [3710] [HailoRT] [info] [queue_elements.cpp:800] [create] Created (UserBuffQEl7beach_robot/conv42 | timeout: 10s)
[2026-04-28 17:14:00.320] [3710] [HailoRT] [info] [vstream.cpp:1114] [OutputVStreamImpl] Creating beach_robot/conv42...
[2026-04-28 17:14:00.320] [3710] [HailoRT] [info] [vstream_builder.cpp:220] [create_outputs] Output pipeline 'beach_robot/conv42': HW >> (HwReadEl7beach_robot/conv42 | hw_frame_size: 12800) >> (PullQEl_hw_read7beach_robot/conv42) >> (PostInferEl7beach_robot/conv42 | Quantization - src_type: UINT8, dst_type FLOAT32, limvals_min: -25.6857, limvals_max: 0) >> (UserBuffQEl7beach_robot/conv42 | timeout: 10s)
[2026-04-28 17:14:00.320] [3710] [HailoRT] [info] [edge_elements.cpp:287] [create] Created (HwReadEl3beach_robot/conv52 | hw_frame_size: 102400)
[2026-04-28 17:14:00.320] [3710] [HailoRT] [info] [queue_elements.cpp:657] [create] Created (PullQEl_hw_read3beach_robot/conv52)
[2026-04-28 17:14:00.320] [3710] [HailoRT] [info] [filter_elements.cpp:372] [create] Created (PostInferEl3beach_robot/conv52 | Quantization - src_type: UINT8, dst_type FLOAT32, limvals_min: -6.53754, limvals_max: 19.9239)
[2026-04-28 17:14:00.320] [3710] [HailoRT] [info] [queue_elements.cpp:800] [create] Created (UserBuffQEl3beach_robot/conv52 | timeout: 10s)
[2026-04-28 17:14:00.320] [3710] [HailoRT] [info] [vstream.cpp:1114] [OutputVStreamImpl] Creating beach_robot/conv52...
[2026-04-28 17:14:00.320] [3710] [HailoRT] [info] [vstream_builder.cpp:220] [create_outputs] Output pipeline 'beach_robot/conv52': HW >> (HwReadEl3beach_robot/conv52 | hw_frame_size: 102400) >> (PullQEl_hw_read3beach_robot/conv52) >> (PostInferEl3beach_robot/conv52 | Quantization - src_type: UINT8, dst_type FLOAT32, limvals_min: -6.53754, limvals_max: 19.9239) >> (UserBuffQEl3beach_robot/conv52 | timeout: 10s)
[2026-04-28 17:14:00.320] [3710] [HailoRT] [info] [edge_elements.cpp:287] [create] Created (HwReadEl1beach_robot/conv53 | hw_frame_size: 3200)
[2026-04-28 17:14:00.320] [3710] [HailoRT] [info] [queue_elements.cpp:657] [create] Created (PullQEl_hw_read1beach_robot/conv53)
[2026-04-28 17:14:00.320] [3710] [HailoRT] [info] [filter_elements.cpp:372] [create] Created (PostInferEl1beach_robot/conv53 | Quantization - src_type: UINT8, dst_type FLOAT32, limvals_min: -15.7441, limvals_max: 0)
[2026-04-28 17:14:00.320] [3710] [HailoRT] [info] [queue_elements.cpp:800] [create] Created (UserBuffQEl1beach_robot/conv53 | timeout: 10s)
[2026-04-28 17:14:00.320] [3710] [HailoRT] [info] [vstream.cpp:1114] [OutputVStreamImpl] Creating beach_robot/conv53...
[2026-04-28 17:14:00.320] [3710] [HailoRT] [info] [vstream_builder.cpp:220] [create_outputs] Output pipeline 'beach_robot/conv53': HW >> (HwReadEl1beach_robot/conv53 | hw_frame_size: 3200) >> (PullQEl_hw_read1beach_robot/conv53) >> (PostInferEl1beach_robot/conv53 | Quantization - src_type: UINT8, dst_type FLOAT32, limvals_min: -15.7441, limvals_max: 0) >> (UserBuffQEl1beach_robot/conv53 | timeout: 10s)
[2026-04-28 17:14:00.320] [3710] [HailoRT] [info] [edge_elements.cpp:287] [create] Created (HwReadEl2beach_robot/conv62 | hw_frame_size: 25600)
[2026-04-28 17:14:00.320] [3710] [HailoRT] [info] [queue_elements.cpp:657] [create] Created (PullQEl_hw_read2beach_robot/conv62)
[2026-04-28 17:14:00.320] [3710] [HailoRT] [info] [filter_elements.cpp:372] [create] Created (PostInferEl2beach_robot/conv62 | Quantization - src_type: UINT8, dst_type FLOAT32, limvals_min: -8.27399, limvals_max: 14.6594)
[2026-04-28 17:14:00.320] [3710] [HailoRT] [info] [queue_elements.cpp:800] [create] Created (UserBuffQEl2beach_robot/conv62 | timeout: 10s)
[2026-04-28 17:14:00.320] [3710] [HailoRT] [info] [vstream.cpp:1114] [OutputVStreamImpl] Creating beach_robot/conv62...
[2026-04-28 17:14:00.320] [3710] [HailoRT] [info] [vstream_builder.cpp:220] [create_outputs] Output pipeline 'beach_robot/conv62': HW >> (HwReadEl2beach_robot/conv62 | hw_frame_size: 25600) >> (PullQEl_hw_read2beach_robot/conv62) >> (PostInferEl2beach_robot/conv62 | Quantization - src_type: UINT8, dst_type FLOAT32, limvals_min: -8.27399, limvals_max: 14.6594) >> (UserBuffQEl2beach_robot/conv62 | timeout: 10s)
[2026-04-28 17:14:00.320] [3710] [HailoRT] [info] [edge_elements.cpp:287] [create] Created (HwReadEl0beach_robot/conv63 | hw_frame_size: 3200)
[2026-04-28 17:14:00.320] [3710] [HailoRT] [info] [queue_elements.cpp:657] [create] Created (PullQEl_hw_read0beach_robot/conv63)
[2026-04-28 17:14:00.321] [3710] [HailoRT] [info] [filter_elements.cpp:372] [create] Created (PostInferEl0beach_robot/conv63 | Quantization - src_type: UINT8, dst_type FLOAT32, limvals_min: -15.2921, limvals_max: 1.44388 | Reorder - src_order: FCR, src_shape: (20, 20, 8), dst_order: FCR, dst_shape: (20, 20, 2))
[2026-04-28 17:14:00.321] [3710] [HailoRT] [info] [queue_elements.cpp:800] [create] Created (UserBuffQEl0beach_robot/conv63 | timeout: 10s)
[2026-04-28 17:14:00.321] [3710] [HailoRT] [info] [vstream.cpp:1114] [OutputVStreamImpl] Creating beach_robot/conv63...
[2026-04-28 17:14:00.321] [3710] [HailoRT] [info] [vstream_builder.cpp:220] [create_outputs] Output pipeline 'beach_robot/conv63': HW >> (HwReadEl0beach_robot/conv63 | hw_frame_size: 3200) >> (PullQEl_hw_read0beach_robot/conv63) >> (PostInferEl0beach_robot/conv63 | Quantization - src_type: UINT8, dst_type FLOAT32, limvals_min: -15.2921, limvals_max: 1.44388 | Reorder - src_order: FCR, src_shape: (20, 20, 8), dst_order: FCR, dst_shape: (20, 20, 2)) >> (UserBuffQEl0beach_robot/conv63 | timeout: 10s)
[2026-04-28 17:14:00.321] [3710] [HailoRT] [info] [core_op.cpp:156] [activate] Activating beach_robot took 0.528209 milliseconds. Note that the function is asynchronous and thus the network is not fully activated yet.
[2026-04-28 17:14:00.321] [3710] [HailoRT] [info] [core_op.cpp:156] [activate] Activating beach_robot took 0.537357 milliseconds. Note that the function is asynchronous and thus the network is not fully activated yet.
[2026-04-28 17:14:00.340] [5716] [HailoRT] [info] [vdevice_native_stream.cpp:331] [read_impl] Failed read from stream HAILO_STREAM_NOT_ACTIVATED(72) (device: 0001:01:00.0)
[2026-04-28 17:14:00.340] [5712] [HailoRT] [info] [vdevice_native_stream.cpp:331] [read_impl] Failed read from stream HAILO_STREAM_NOT_ACTIVATED(72) (device: 0001:01:00.0)
[2026-04-28 17:14:00.340] [5718] [HailoRT] [info] [vdevice_native_stream.cpp:331] [read_impl] Failed read from stream HAILO_STREAM_NOT_ACTIVATED(72) (device: 0001:01:00.0)
[2026-04-28 17:14:00.340] [5710] [HailoRT] [info] [vdevice_native_stream.cpp:331] [read_impl] Failed read from stream HAILO_STREAM_NOT_ACTIVATED(72) (device: 0001:01:00.0)
[2026-04-28 17:14:00.340] [5708] [HailoRT] [info] [vdevice_native_stream.cpp:331] [read_impl] Failed read from stream HAILO_STREAM_NOT_ACTIVATED(72) (device: 0001:01:00.0)
[2026-04-28 17:14:00.340] [5714] [HailoRT] [info] [vdevice_native_stream.cpp:331] [read_impl] Failed read from stream HAILO_STREAM_NOT_ACTIVATED(72) (device: 0001:01:00.0)
[2026-04-28 17:14:00.341] [3710] [HailoRT] [info] [core_op.cpp:186] [deactivate] Deactivating took 0.524042 ms
[2026-04-28 17:14:00.341] [3710] [HailoRT] [info] [core_op.cpp:186] [deactivate] Deactivating took 0.536838 ms
[2026-04-28 17:14:00.341] [5708] [HailoRT] [info] [queue_elements.cpp:734] [run_in_thread] Shutdown event was signaled in run_pull of queue element PullQEl_hw_read0beach_robot/conv41!
[2026-04-28 17:14:00.341] [5709] [HailoRT] [info] [queue_elements.cpp:855] [run_in_thread] Shutdown event was signaled in dequeue of UserBuffQEl0beach_robot/conv41!
[2026-04-28 17:14:00.341] [5708] [HailoRT] [info] [queue_elements.cpp:68] [operator()] Thread in element PullQEl_hw_read0beach_robot/conv41 is not running anymore, exiting..
[2026-04-28 17:14:00.341] [3710] [HailoRT] [info] [queue_elements.cpp:46] [~BaseQueueElement] Queue element PullQEl_hw_read0beach_robot/conv41 has 0 frames in his Queue on destruction
[2026-04-28 17:14:00.341] [5709] [HailoRT] [info] [queue_elements.cpp:68] [operator()] Thread in element UserBuffQEl0beach_robot/conv41 is not running anymore, exiting..
[2026-04-28 17:14:00.341] [3710] [HailoRT] [info] [queue_elements.cpp:46] [~BaseQueueElement] Queue element UserBuffQEl0beach_robot/conv41 has 0 frames in his Queue on destruction
[2026-04-28 17:14:00.341] [5710] [HailoRT] [info] [queue_elements.cpp:734] [run_in_thread] Shutdown event was signaled in run_pull of queue element PullQEl_hw_read7beach_robot/conv42!
[2026-04-28 17:14:00.341] [5711] [HailoRT] [info] [queue_elements.cpp:855] [run_in_thread] Shutdown event was signaled in dequeue of UserBuffQEl7beach_robot/conv42!
[2026-04-28 17:14:00.341] [5710] [HailoRT] [info] [queue_elements.cpp:68] [operator()] Thread in element PullQEl_hw_read7beach_robot/conv42 is not running anymore, exiting..
[2026-04-28 17:14:00.341] [3710] [HailoRT] [info] [queue_elements.cpp:46] [~BaseQueueElement] Queue element PullQEl_hw_read7beach_robot/conv42 has 0 frames in his Queue on destruction
[2026-04-28 17:14:00.341] [5711] [HailoRT] [info] [queue_elements.cpp:68] [operator()] Thread in element UserBuffQEl7beach_robot/conv42 is not running anymore, exiting..
[2026-04-28 17:14:00.341] [3710] [HailoRT] [info] [queue_elements.cpp:46] [~BaseQueueElement] Queue element UserBuffQEl7beach_robot/conv42 has 0 frames in his Queue on destruction
[2026-04-28 17:14:00.341] [5712] [HailoRT] [info] [queue_elements.cpp:734] [run_in_thread] Shutdown event was signaled in run_pull of queue element PullQEl_hw_read3beach_robot/conv52!
[2026-04-28 17:14:00.341] [5713] [HailoRT] [info] [queue_elements.cpp:855] [run_in_thread] Shutdown event was signaled in dequeue of UserBuffQEl3beach_robot/conv52!
[2026-04-28 17:14:00.341] [5712] [HailoRT] [info] [queue_elements.cpp:68] [operator()] Thread in element PullQEl_hw_read3beach_robot/conv52 is not running anymore, exiting..
[2026-04-28 17:14:00.341] [3710] [HailoRT] [info] [queue_elements.cpp:46] [~BaseQueueElement] Queue element PullQEl_hw_read3beach_robot/conv52 has 0 frames in his Queue on destruction
[2026-04-28 17:14:00.341] [5713] [HailoRT] [info] [queue_elements.cpp:68] [operator()] Thread in element UserBuffQEl3beach_robot/conv52 is not running anymore, exiting..
[2026-04-28 17:14:00.341] [3710] [HailoRT] [info] [queue_elements.cpp:46] [~BaseQueueElement] Queue element UserBuffQEl3beach_robot/conv52 has 0 frames in his Queue on destruction
[2026-04-28 17:14:00.341] [5714] [HailoRT] [info] [queue_elements.cpp:734] [run_in_thread] Shutdown event was signaled in run_pull of queue element PullQEl_hw_read1beach_robot/conv53!
[2026-04-28 17:14:00.341] [5715] [HailoRT] [info] [queue_elements.cpp:855] [run_in_thread] Shutdown event was signaled in dequeue of UserBuffQEl1beach_robot/conv53!
[2026-04-28 17:14:00.341] [5714] [HailoRT] [info] [queue_elements.cpp:68] [operator()] Thread in element PullQEl_hw_read1beach_robot/conv53 is not running anymore, exiting..
[2026-04-28 17:14:00.341] [3710] [HailoRT] [info] [queue_elements.cpp:46] [~BaseQueueElement] Queue element PullQEl_hw_read1beach_robot/conv53 has 0 frames in his Queue on destruction
[2026-04-28 17:14:00.341] [5715] [HailoRT] [info] [queue_elements.cpp:68] [operator()] Thread in element UserBuffQEl1beach_robot/conv53 is not running anymore, exiting..
[2026-04-28 17:14:00.341] [3710] [HailoRT] [info] [queue_elements.cpp:46] [~BaseQueueElement] Queue element UserBuffQEl1beach_robot/conv53 has 0 frames in his Queue on destruction
[2026-04-28 17:14:00.341] [5717] [HailoRT] [info] [queue_elements.cpp:855] [run_in_thread] Shutdown event was signaled in dequeue of UserBuffQEl2beach_robot/conv62!
[2026-04-28 17:14:00.341] [5716] [HailoRT] [info] [queue_elements.cpp:734] [run_in_thread] Shutdown event was signaled in run_pull of queue element PullQEl_hw_read2beach_robot/conv62!
[2026-04-28 17:14:00.341] [5716] [HailoRT] [info] [queue_elements.cpp:68] [operator()] Thread in element PullQEl_hw_read2beach_robot/conv62 is not running anymore, exiting..
[2026-04-28 17:14:00.341] [3710] [HailoRT] [info] [queue_elements.cpp:46] [~BaseQueueElement] Queue element PullQEl_hw_read2beach_robot/conv62 has 0 frames in his Queue on destruction
[2026-04-28 17:14:00.341] [5717] [HailoRT] [info] [queue_elements.cpp:68] [operator()] Thread in element UserBuffQEl2beach_robot/conv62 is not running anymore, exiting..
[2026-04-28 17:14:00.341] [3710] [HailoRT] [info] [queue_elements.cpp:46] [~BaseQueueElement] Queue element UserBuffQEl2beach_robot/conv62 has 0 frames in his Queue on destruction
[2026-04-28 17:14:00.341] [5718] [HailoRT] [info] [queue_elements.cpp:734] [run_in_thread] Shutdown event was signaled in run_pull of queue element PullQEl_hw_read0beach_robot/conv63!
[2026-04-28 17:14:00.341] [5719] [HailoRT] [info] [queue_elements.cpp:855] [run_in_thread] Shutdown event was signaled in dequeue of UserBuffQEl0beach_robot/conv63!
[2026-04-28 17:14:00.341] [5718] [HailoRT] [info] [queue_elements.cpp:68] [operator()] Thread in element PullQEl_hw_read0beach_robot/conv63 is not running anymore, exiting..
[2026-04-28 17:14:00.341] [3710] [HailoRT] [info] [queue_elements.cpp:46] [~BaseQueueElement] Queue element PullQEl_hw_read0beach_robot/conv63 has 0 frames in his Queue on destruction
[2026-04-28 17:14:00.341] [5719] [HailoRT] [info] [queue_elements.cpp:68] [operator()] Thread in element UserBuffQEl0beach_robot/conv63 is not running anymore, exiting..
[2026-04-28 17:14:00.341] [3710] [HailoRT] [info] [queue_elements.cpp:46] [~BaseQueueElement] Queue element UserBuffQEl0beach_robot/conv63 has 0 frames in his Queue on destruction
[2026-04-28 17:14:00.634] [3710] [HailoRT] [info] [edge_elements.cpp:52] [create] Created (HwWriteEl2beach_robot/input_layer1 | hw_frame_size: 1228800)
[2026-04-28 17:14:00.634] [3710] [HailoRT] [info] [vstream.cpp:754] [InputVStreamImpl] Creating beach_robot/input_layer1...
[2026-04-28 17:14:00.634] [3710] [HailoRT] [info] [vstream_builder.cpp:102] [create_inputs] Input pipeline 'beach_robot/input_layer1': (HwWriteEl2beach_robot/input_layer1 | hw_frame_size: 1228800) >> HW
[2026-04-28 17:14:00.634] [3710] [HailoRT] [info] [edge_elements.cpp:287] [create] Created (HwReadEl0beach_robot/conv41 | hw_frame_size: 409600)
[2026-04-28 17:14:00.634] [3710] [HailoRT] [info] [queue_elements.cpp:657] [create] Created (PullQEl_hw_read0beach_robot/conv41)
[2026-04-28 17:14:00.634] [3710] [HailoRT] [info] [filter_elements.cpp:372] [create] Created (PostInferEl0beach_robot/conv41 | Quantization - src_type: UINT8, dst_type FLOAT32, limvals_min: -10.8307, limvals_max: 18.5504)
[2026-04-28 17:14:00.634] [3710] [HailoRT] [info] [queue_elements.cpp:800] [create] Created (UserBuffQEl0beach_robot/conv41 | timeout: 10s)
[2026-04-28 17:14:00.634] [3710] [HailoRT] [info] [vstream.cpp:1114] [OutputVStreamImpl] Creating beach_robot/conv41...
[2026-04-28 17:14:00.634] [3710] [HailoRT] [info] [vstream_builder.cpp:220] [create_outputs] Output pipeline 'beach_robot/conv41': HW >> (HwReadEl0beach_robot/conv41 | hw_frame_size: 409600) >> (PullQEl_hw_read0beach_robot/conv41) >> (PostInferEl0beach_robot/conv41 | Quantization - src_type: UINT8, dst_type FLOAT32, limvals_min: -10.8307, limvals_max: 18.5504) >> (UserBuffQEl0beach_robot/conv41 | timeout: 10s)
[2026-04-28 17:14:00.634] [3710] [HailoRT] [info] [edge_elements.cpp:287] [create] Created (HwReadEl7beach_robot/conv42 | hw_frame_size: 12800)
[2026-04-28 17:14:00.634] [3710] [HailoRT] [info] [queue_elements.cpp:657] [create] Created (PullQEl_hw_read7beach_robot/conv42)
[2026-04-28 17:14:00.634] [3710] [HailoRT] [info] [filter_elements.cpp:372] [create] Created (PostInferEl7beach_robot/conv42 | Quantization - src_type: UINT8, dst_type FLOAT32, limvals_min: -25.6857, limvals_max: 0)
[2026-04-28 17:14:00.635] [3710] [HailoRT] [info] [queue_elements.cpp:800] [create] Created (UserBuffQEl7beach_robot/conv42 | timeout: 10s)
[2026-04-28 17:14:00.635] [3710] [HailoRT] [info] [vstream.cpp:1114] [OutputVStreamImpl] Creating beach_robot/conv42...
[2026-04-28 17:14:00.635] [3710] [HailoRT] [info] [vstream_builder.cpp:220] [create_outputs] Output pipeline 'beach_robot/conv42': HW >> (HwReadEl7beach_robot/conv42 | hw_frame_size: 12800) >> (PullQEl_hw_read7beach_robot/conv42) >> (PostInferEl7beach_robot/conv42 | Quantization - src_type: UINT8, dst_type FLOAT32, limvals_min: -25.6857, limvals_max: 0) >> (UserBuffQEl7beach_robot/conv42 | timeout: 10s)
[2026-04-28 17:14:00.635] [3710] [HailoRT] [info] [edge_elements.cpp:287] [create] Created (HwReadEl3beach_robot/conv52 | hw_frame_size: 102400)
[2026-04-28 17:14:00.635] [3710] [HailoRT] [info] [queue_elements.cpp:657] [create] Created (PullQEl_hw_read3beach_robot/conv52)
[2026-04-28 17:14:00.635] [3710] [HailoRT] [info] [filter_elements.cpp:372] [create] Created (PostInferEl3beach_robot/conv52 | Quantization - src_type: UINT8, dst_type FLOAT32, limvals_min: -6.53754, limvals_max: 19.9239)
[2026-04-28 17:14:00.635] [3710] [HailoRT] [info] [queue_elements.cpp:800] [create] Created (UserBuffQEl3beach_robot/conv52 | timeout: 10s)
[2026-04-28 17:14:00.635] [3710] [HailoRT] [info] [vstream.cpp:1114] [OutputVStreamImpl] Creating beach_robot/conv52...
[2026-04-28 17:14:00.635] [3710] [HailoRT] [info] [vstream_builder.cpp:220] [create_outputs] Output pipeline 'beach_robot/conv52': HW >> (HwReadEl3beach_robot/conv52 | hw_frame_size: 102400) >> (PullQEl_hw_read3beach_robot/conv52) >> (PostInferEl3beach_robot/conv52 | Quantization - src_type: UINT8, dst_type FLOAT32, limvals_min: -6.53754, limvals_max: 19.9239) >> (UserBuffQEl3beach_robot/conv52 | timeout: 10s)
[2026-04-28 17:14:00.635] [3710] [HailoRT] [info] [edge_elements.cpp:287] [create] Created (HwReadEl1beach_robot/conv53 | hw_frame_size: 3200)
[2026-04-28 17:14:00.635] [3710] [HailoRT] [info] [queue_elements.cpp:657] [create] Created (PullQEl_hw_read1beach_robot/conv53)
[2026-04-28 17:14:00.635] [3710] [HailoRT] [info] [filter_elements.cpp:372] [create] Created (PostInferEl1beach_robot/conv53 | Quantization - src_type: UINT8, dst_type FLOAT32, limvals_min: -15.7441, limvals_max: 0)
[2026-04-28 17:14:00.635] [3710] [HailoRT] [info] [queue_elements.cpp:800] [create] Created (UserBuffQEl1beach_robot/conv53 | timeout: 10s)
[2026-04-28 17:14:00.635] [3710] [HailoRT] [info] [vstream.cpp:1114] [OutputVStreamImpl] Creating beach_robot/conv53...
[2026-04-28 17:14:00.635] [3710] [HailoRT] [info] [vstream_builder.cpp:220] [create_outputs] Output pipeline 'beach_robot/conv53': HW >> (HwReadEl1beach_robot/conv53 | hw_frame_size: 3200) >> (PullQEl_hw_read1beach_robot/conv53) >> (PostInferEl1beach_robot/conv53 | Quantization - src_type: UINT8, dst_type FLOAT32, limvals_min: -15.7441, limvals_max: 0) >> (UserBuffQEl1beach_robot/conv53 | timeout: 10s)
[2026-04-28 17:14:00.635] [3710] [HailoRT] [info] [edge_elements.cpp:287] [create] Created (HwReadEl2beach_robot/conv62 | hw_frame_size: 25600)
[2026-04-28 17:14:00.635] [3710] [HailoRT] [info] [queue_elements.cpp:657] [create] Created (PullQEl_hw_read2beach_robot/conv62)
[2026-04-28 17:14:00.635] [3710] [HailoRT] [info] [filter_elements.cpp:372] [create] Created (PostInferEl2beach_robot/conv62 | Quantization - src_type: UINT8, dst_type FLOAT32, limvals_min: -8.27399, limvals_max: 14.6594)
[2026-04-28 17:14:00.635] [3710] [HailoRT] [info] [queue_elements.cpp:800] [create] Created (UserBuffQEl2beach_robot/conv62 | timeout: 10s)
[2026-04-28 17:14:00.635] [3710] [HailoRT] [info] [vstream.cpp:1114] [OutputVStreamImpl] Creating beach_robot/conv62...
[2026-04-28 17:14:00.635] [3710] [HailoRT] [info] [vstream_builder.cpp:220] [create_outputs] Output pipeline 'beach_robot/conv62': HW >> (HwReadEl2beach_robot/conv62 | hw_frame_size: 25600) >> (PullQEl_hw_read2beach_robot/conv62) >> (PostInferEl2beach_robot/conv62 | Quantization - src_type: UINT8, dst_type FLOAT32, limvals_min: -8.27399, limvals_max: 14.6594) >> (UserBuffQEl2beach_robot/conv62 | timeout: 10s)
[2026-04-28 17:14:00.635] [3710] [HailoRT] [info] [edge_elements.cpp:287] [create] Created (HwReadEl0beach_robot/conv63 | hw_frame_size: 3200)
[2026-04-28 17:14:00.635] [3710] [HailoRT] [info] [queue_elements.cpp:657] [create] Created (PullQEl_hw_read0beach_robot/conv63)
[2026-04-28 17:14:00.635] [3710] [HailoRT] [info] [filter_elements.cpp:372] [create] Created (PostInferEl0beach_robot/conv63 | Quantization - src_type: UINT8, dst_type FLOAT32, limvals_min: -15.2921, limvals_max: 1.44388 | Reorder - src_order: FCR, src_shape: (20, 20, 8), dst_order: FCR, dst_shape: (20, 20, 2))
[2026-04-28 17:14:00.635] [3710] [HailoRT] [info] [queue_elements.cpp:800] [create] Created (UserBuffQEl0beach_robot/conv63 | timeout: 10s)
[2026-04-28 17:14:00.635] [3710] [HailoRT] [info] [vstream.cpp:1114] [OutputVStreamImpl] Creating beach_robot/conv63...
[2026-04-28 17:14:00.635] [3710] [HailoRT] [info] [vstream_builder.cpp:220] [create_outputs] Output pipeline 'beach_robot/conv63': HW >> (HwReadEl0beach_robot/conv63 | hw_frame_size: 3200) >> (PullQEl_hw_read0beach_robot/conv63) >> (PostInferEl0beach_robot/conv63 | Quantization - src_type: UINT8, dst_type FLOAT32, limvals_min: -15.2921, limvals_max: 1.44388 | Reorder - src_order: FCR, src_shape: (20, 20, 8), dst_order: FCR, dst_shape: (20, 20, 2)) >> (UserBuffQEl0beach_robot/conv63 | timeout: 10s)
[2026-04-28 17:14:00.636] [3710] [HailoRT] [info] [core_op.cpp:156] [activate] Activating beach_robot took 0.52532 milliseconds. Note that the function is asynchronous and thus the network is not fully activated yet.
[2026-04-28 17:14:00.636] [3710] [HailoRT] [info] [core_op.cpp:156] [activate] Activating beach_robot took 0.53482 milliseconds. Note that the function is asynchronous and thus the network is not fully activated yet.
[2026-04-28 17:14:00.655] [5735] [HailoRT] [info] [vdevice_native_stream.cpp:331] [read_impl] Failed read from stream HAILO_STREAM_NOT_ACTIVATED(72) (device: 0001:01:00.0)
[2026-04-28 17:14:00.655] [5733] [HailoRT] [info] [vdevice_native_stream.cpp:331] [read_impl] Failed read from stream HAILO_STREAM_NOT_ACTIVATED(72) (device: 0001:01:00.0)
[2026-04-28 17:14:00.655] [5737] [HailoRT] [info] [vdevice_native_stream.cpp:331] [read_impl] Failed read from stream HAILO_STREAM_NOT_ACTIVATED(72) (device: 0001:01:00.0)
[2026-04-28 17:14:00.655] [5731] [HailoRT] [info] [vdevice_native_stream.cpp:331] [read_impl] Failed read from stream HAILO_STREAM_NOT_ACTIVATED(72) (device: 0001:01:00.0)
[2026-04-28 17:14:00.655] [5729] [HailoRT] [info] [vdevice_native_stream.cpp:331] [read_impl] Failed read from stream HAILO_STREAM_NOT_ACTIVATED(72) (device: 0001:01:00.0)
[2026-04-28 17:14:00.655] [5727] [HailoRT] [info] [vdevice_native_stream.cpp:331] [read_impl] Failed read from stream HAILO_STREAM_NOT_ACTIVATED(72) (device: 0001:01:00.0)
[2026-04-28 17:14:00.655] [3710] [HailoRT] [info] [core_op.cpp:186] [deactivate] Deactivating took 0.513561 ms
[2026-04-28 17:14:00.655] [3710] [HailoRT] [info] [core_op.cpp:186] [deactivate] Deactivating took 0.524283 ms
[2026-04-28 17:14:00.655] [5727] [HailoRT] [info] [queue_elements.cpp:734] [run_in_thread] Shutdown event was signaled in run_pull of queue element PullQEl_hw_read0beach_robot/conv41!
[2026-04-28 17:14:00.655] [5728] [HailoRT] [info] [queue_elements.cpp:855] [run_in_thread] Shutdown event was signaled in dequeue of UserBuffQEl0beach_robot/conv41!
[2026-04-28 17:14:00.655] [5727] [HailoRT] [info] [queue_elements.cpp:68] [operator()] Thread in element PullQEl_hw_read0beach_robot/conv41 is not running anymore, exiting..
[2026-04-28 17:14:00.655] [3710] [HailoRT] [info] [queue_elements.cpp:46] [~BaseQueueElement] Queue element PullQEl_hw_read0beach_robot/conv41 has 0 frames in his Queue on destruction
[2026-04-28 17:14:00.656] [5728] [HailoRT] [info] [queue_elements.cpp:68] [operator()] Thread in element UserBuffQEl0beach_robot/conv41 is not running anymore, exiting..
[2026-04-28 17:14:00.656] [3710] [HailoRT] [info] [queue_elements.cpp:46] [~BaseQueueElement] Queue element UserBuffQEl0beach_robot/conv41 has 0 frames in his Queue on destruction
[2026-04-28 17:14:00.656] [5729] [HailoRT] [info] [queue_elements.cpp:734] [run_in_thread] Shutdown event was signaled in run_pull of queue element PullQEl_hw_read7beach_robot/conv42!
[2026-04-28 17:14:00.656] [5730] [HailoRT] [info] [queue_elements.cpp:855] [run_in_thread] Shutdown event was signaled in dequeue of UserBuffQEl7beach_robot/conv42!
[2026-04-28 17:14:00.656] [5729] [HailoRT] [info] [queue_elements.cpp:68] [operator()] Thread in element PullQEl_hw_read7beach_robot/conv42 is not running anymore, exiting..
[2026-04-28 17:14:00.656] [3710] [HailoRT] [info] [queue_elements.cpp:46] [~BaseQueueElement] Queue element PullQEl_hw_read7beach_robot/conv42 has 0 frames in his Queue on destruction
[2026-04-28 17:14:00.656] [5730] [HailoRT] [info] [queue_elements.cpp:68] [operator()] Thread in element UserBuffQEl7beach_robot/conv42 is not running anymore, exiting..
[2026-04-28 17:14:00.656] [3710] [HailoRT] [info] [queue_elements.cpp:46] [~BaseQueueElement] Queue element UserBuffQEl7beach_robot/conv42 has 0 frames in his Queue on destruction
[2026-04-28 17:14:00.656] [5731] [HailoRT] [info] [queue_elements.cpp:734] [run_in_thread] Shutdown event was signaled in run_pull of queue element PullQEl_hw_read3beach_robot/conv52!
[2026-04-28 17:14:00.656] [5732] [HailoRT] [info] [queue_elements.cpp:855] [run_in_thread] Shutdown event was signaled in dequeue of UserBuffQEl3beach_robot/conv52!
[2026-04-28 17:14:00.656] [5731] [HailoRT] [info] [queue_elements.cpp:68] [operator()] Thread in element PullQEl_hw_read3beach_robot/conv52 is not running anymore, exiting..
[2026-04-28 17:14:00.656] [3710] [HailoRT] [info] [queue_elements.cpp:46] [~BaseQueueElement] Queue element PullQEl_hw_read3beach_robot/conv52 has 0 frames in his Queue on destruction
[2026-04-28 17:14:00.656] [5732] [HailoRT] [info] [queue_elements.cpp:68] [operator()] Thread in element UserBuffQEl3beach_robot/conv52 is not running anymore, exiting..
[2026-04-28 17:14:00.656] [3710] [HailoRT] [info] [queue_elements.cpp:46] [~BaseQueueElement] Queue element UserBuffQEl3beach_robot/conv52 has 0 frames in his Queue on destruction
[2026-04-28 17:14:00.656] [5733] [HailoRT] [info] [queue_elements.cpp:734] [run_in_thread] Shutdown event was signaled in run_pull of queue element PullQEl_hw_read1beach_robot/conv53!
[2026-04-28 17:14:00.656] [5734] [HailoRT] [info] [queue_elements.cpp:855] [run_in_thread] Shutdown event was signaled in dequeue of UserBuffQEl1beach_robot/conv53!
[2026-04-28 17:14:00.656] [5733] [HailoRT] [info] [queue_elements.cpp:68] [operator()] Thread in element PullQEl_hw_read1beach_robot/conv53 is not running anymore, exiting..
[2026-04-28 17:14:00.656] [3710] [HailoRT] [info] [queue_elements.cpp:46] [~BaseQueueElement] Queue element PullQEl_hw_read1beach_robot/conv53 has 0 frames in his Queue on destruction
[2026-04-28 17:14:00.656] [5734] [HailoRT] [info] [queue_elements.cpp:68] [operator()] Thread in element UserBuffQEl1beach_robot/conv53 is not running anymore, exiting..
[2026-04-28 17:14:00.656] [3710] [HailoRT] [info] [queue_elements.cpp:46] [~BaseQueueElement] Queue element UserBuffQEl1beach_robot/conv53 has 0 frames in his Queue on destruction
[2026-04-28 17:14:00.656] [5736] [HailoRT] [info] [queue_elements.cpp:855] [run_in_thread] Shutdown event was signaled in dequeue of UserBuffQEl2beach_robot/conv62!
[2026-04-28 17:14:00.656] [5735] [HailoRT] [info] [queue_elements.cpp:734] [run_in_thread] Shutdown event was signaled in run_pull of queue element PullQEl_hw_read2beach_robot/conv62!
[2026-04-28 17:14:00.656] [5735] [HailoRT] [info] [queue_elements.cpp:68] [operator()] Thread in element PullQEl_hw_read2beach_robot/conv62 is not running anymore, exiting..
[2026-04-28 17:14:00.656] [3710] [HailoRT] [info] [queue_elements.cpp:46] [~BaseQueueElement] Queue element PullQEl_hw_read2beach_robot/conv62 has 0 frames in his Queue on destruction
[2026-04-28 17:14:00.656] [5736] [HailoRT] [info] [queue_elements.cpp:68] [operator()] Thread in element UserBuffQEl2beach_robot/conv62 is not running anymore, exiting..
[2026-04-28 17:14:00.656] [3710] [HailoRT] [info] [queue_elements.cpp:46] [~BaseQueueElement] Queue element UserBuffQEl2beach_robot/conv62 has 0 frames in his Queue on destruction
[2026-04-28 17:14:00.656] [5737] [HailoRT] [info] [queue_elements.cpp:734] [run_in_thread] Shutdown event was signaled in run_pull of queue element PullQEl_hw_read0beach_robot/conv63!
[2026-04-28 17:14:00.656] [5738] [HailoRT] [info] [queue_elements.cpp:855] [run_in_thread] Shutdown event was signaled in dequeue of UserBuffQEl0beach_robot/conv63!
[2026-04-28 17:14:00.656] [5737] [HailoRT] [info] [queue_elements.cpp:68] [operator()] Thread in element PullQEl_hw_read0beach_robot/conv63 is not running anymore, exiting..
[2026-04-28 17:14:00.656] [3710] [HailoRT] [info] [queue_elements.cpp:46] [~BaseQueueElement] Queue element PullQEl_hw_read0beach_robot/conv63 has 0 frames in his Queue on destruction
[2026-04-28 17:14:00.656] [5738] [HailoRT] [info] [queue_elements.cpp:68] [operator()] Thread in element UserBuffQEl0beach_robot/conv63 is not running anymore, exiting..
[2026-04-28 17:14:00.656] [3710] [HailoRT] [info] [queue_elements.cpp:46] [~BaseQueueElement] Queue element UserBuffQEl0beach_robot/conv63 has 0 frames in his Queue on destruction
[2026-04-28 17:14:00.956] [3710] [HailoRT] [info] [edge_elements.cpp:52] [create] Created (HwWriteEl2beach_robot/input_layer1 | hw_frame_size: 1228800)
[2026-04-28 17:14:00.956] [3710] [HailoRT] [info] [vstream.cpp:754] [InputVStreamImpl] Creating beach_robot/input_layer1...
[2026-04-28 17:14:00.956] [3710] [HailoRT] [info] [vstream_builder.cpp:102] [create_inputs] Input pipeline 'beach_robot/input_layer1': (HwWriteEl2beach_robot/input_layer1 | hw_frame_size: 1228800) >> HW
[2026-04-28 17:14:00.956] [3710] [HailoRT] [info] [edge_elements.cpp:287] [create] Created (HwReadEl0beach_robot/conv41 | hw_frame_size: 409600)
[2026-04-28 17:14:00.956] [3710] [HailoRT] [info] [queue_elements.cpp:657] [create] Created (PullQEl_hw_read0beach_robot/conv41)
[2026-04-28 17:14:00.956] [3710] [HailoRT] [info] [filter_elements.cpp:372] [create] Created (PostInferEl0beach_robot/conv41 | Quantization - src_type: UINT8, dst_type FLOAT32, limvals_min: -10.8307, limvals_max: 18.5504)
[2026-04-28 17:14:00.956] [3710] [HailoRT] [info] [queue_elements.cpp:800] [create] Created (UserBuffQEl0beach_robot/conv41 | timeout: 10s)
[2026-04-28 17:14:00.956] [3710] [HailoRT] [info] [vstream.cpp:1114] [OutputVStreamImpl] Creating beach_robot/conv41...
[2026-04-28 17:14:00.956] [3710] [HailoRT] [info] [vstream_builder.cpp:220] [create_outputs] Output pipeline 'beach_robot/conv41': HW >> (HwReadEl0beach_robot/conv41 | hw_frame_size: 409600) >> (PullQEl_hw_read0beach_robot/conv41) >> (PostInferEl0beach_robot/conv41 | Quantization - src_type: UINT8, dst_type FLOAT32, limvals_min: -10.8307, limvals_max: 18.5504) >> (UserBuffQEl0beach_robot/conv41 | timeout: 10s)
[2026-04-28 17:14:00.956] [3710] [HailoRT] [info] [edge_elements.cpp:287] [create] Created (HwReadEl7beach_robot/conv42 | hw_frame_size: 12800)
[2026-04-28 17:14:00.956] [3710] [HailoRT] [info] [queue_elements.cpp:657] [create] Created (PullQEl_hw_read7beach_robot/conv42)
[2026-04-28 17:14:00.956] [3710] [HailoRT] [info] [filter_elements.cpp:372] [create] Created (PostInferEl7beach_robot/conv42 | Quantization - src_type: UINT8, dst_type FLOAT32, limvals_min: -25.6857, limvals_max: 0)
[2026-04-28 17:14:00.956] [3710] [HailoRT] [info] [queue_elements.cpp:800] [create] Created (UserBuffQEl7beach_robot/conv42 | timeout: 10s)
[2026-04-28 17:14:00.956] [3710] [HailoRT] [info] [vstream.cpp:1114] [OutputVStreamImpl] Creating beach_robot/conv42...
[2026-04-28 17:14:00.956] [3710] [HailoRT] [info] [vstream_builder.cpp:220] [create_outputs] Output pipeline 'beach_robot/conv42': HW >> (HwReadEl7beach_robot/conv42 | hw_frame_size: 12800) >> (PullQEl_hw_read7beach_robot/conv42) >> (PostInferEl7beach_robot/conv42 | Quantization - src_type: UINT8, dst_type FLOAT32, limvals_min: -25.6857, limvals_max: 0) >> (UserBuffQEl7beach_robot/conv42 | timeout: 10s)
[2026-04-28 17:14:00.956] [3710] [HailoRT] [info] [edge_elements.cpp:287] [create] Created (HwReadEl3beach_robot/conv52 | hw_frame_size: 102400)
[2026-04-28 17:14:00.956] [3710] [HailoRT] [info] [queue_elements.cpp:657] [create] Created (PullQEl_hw_read3beach_robot/conv52)
[2026-04-28 17:14:00.956] [3710] [HailoRT] [info] [filter_elements.cpp:372] [create] Created (PostInferEl3beach_robot/conv52 | Quantization - src_type: UINT8, dst_type FLOAT32, limvals_min: -6.53754, limvals_max: 19.9239)
[2026-04-28 17:14:00.956] [3710] [HailoRT] [info] [queue_elements.cpp:800] [create] Created (UserBuffQEl3beach_robot/conv52 | timeout: 10s)
[2026-04-28 17:14:00.956] [3710] [HailoRT] [info] [vstream.cpp:1114] [OutputVStreamImpl] Creating beach_robot/conv52...
[2026-04-28 17:14:00.956] [3710] [HailoRT] [info] [vstream_builder.cpp:220] [create_outputs] Output pipeline 'beach_robot/conv52': HW >> (HwReadEl3beach_robot/conv52 | hw_frame_size: 102400) >> (PullQEl_hw_read3beach_robot/conv52) >> (PostInferEl3beach_robot/conv52 | Quantization - src_type: UINT8, dst_type FLOAT32, limvals_min: -6.53754, limvals_max: 19.9239) >> (UserBuffQEl3beach_robot/conv52 | timeout: 10s)
[2026-04-28 17:14:00.956] [3710] [HailoRT] [info] [edge_elements.cpp:287] [create] Created (HwReadEl1beach_robot/conv53 | hw_frame_size: 3200)
[2026-04-28 17:14:00.957] [3710] [HailoRT] [info] [queue_elements.cpp:657] [create] Created (PullQEl_hw_read1beach_robot/conv53)
[2026-04-28 17:14:00.957] [3710] [HailoRT] [info] [filter_elements.cpp:372] [create] Created (PostInferEl1beach_robot/conv53 | Quantization - src_type: UINT8, dst_type FLOAT32, limvals_min: -15.7441, limvals_max: 0)
[2026-04-28 17:14:00.957] [3710] [HailoRT] [info] [queue_elements.cpp:800] [create] Created (UserBuffQEl1beach_robot/conv53 | timeout: 10s)
[2026-04-28 17:14:00.957] [3710] [HailoRT] [info] [vstream.cpp:1114] [OutputVStreamImpl] Creating beach_robot/conv53...
[2026-04-28 17:14:00.957] [3710] [HailoRT] [info] [vstream_builder.cpp:220] [create_outputs] Output pipeline 'beach_robot/conv53': HW >> (HwReadEl1beach_robot/conv53 | hw_frame_size: 3200) >> (PullQEl_hw_read1beach_robot/conv53) >> (PostInferEl1beach_robot/conv53 | Quantization - src_type: UINT8, dst_type FLOAT32, limvals_min: -15.7441, limvals_max: 0) >> (UserBuffQEl1beach_robot/conv53 | timeout: 10s)
[2026-04-28 17:14:00.957] [3710] [HailoRT] [info] [edge_elements.cpp:287] [create] Created (HwReadEl2beach_robot/conv62 | hw_frame_size: 25600)
[2026-04-28 17:14:00.957] [3710] [HailoRT] [info] [queue_elements.cpp:657] [create] Created (PullQEl_hw_read2beach_robot/conv62)
[2026-04-28 17:14:00.957] [3710] [HailoRT] [info] [filter_elements.cpp:372] [create] Created (PostInferEl2beach_robot/conv62 | Quantization - src_type: UINT8, dst_type FLOAT32, limvals_min: -8.27399, limvals_max: 14.6594)
[2026-04-28 17:14:00.957] [3710] [HailoRT] [info] [queue_elements.cpp:800] [create] Created (UserBuffQEl2beach_robot/conv62 | timeout: 10s)
[2026-04-28 17:14:00.957] [3710] [HailoRT] [info] [vstream.cpp:1114] [OutputVStreamImpl] Creating beach_robot/conv62...
[2026-04-28 17:14:00.957] [3710] [HailoRT] [info] [vstream_builder.cpp:220] [create_outputs] Output pipeline 'beach_robot/conv62': HW >> (HwReadEl2beach_robot/conv62 | hw_frame_size: 25600) >> (PullQEl_hw_read2beach_robot/conv62) >> (PostInferEl2beach_robot/conv62 | Quantization - src_type: UINT8, dst_type FLOAT32, limvals_min: -8.27399, limvals_max: 14.6594) >> (UserBuffQEl2beach_robot/conv62 | timeout: 10s)
[2026-04-28 17:14:00.957] [3710] [HailoRT] [info] [edge_elements.cpp:287] [create] Created (HwReadEl0beach_robot/conv63 | hw_frame_size: 3200)
[2026-04-28 17:14:00.957] [3710] [HailoRT] [info] [queue_elements.cpp:657] [create] Created (PullQEl_hw_read0beach_robot/conv63)
[2026-04-28 17:14:00.957] [3710] [HailoRT] [info] [filter_elements.cpp:372] [create] Created (PostInferEl0beach_robot/conv63 | Quantization - src_type: UINT8, dst_type FLOAT32, limvals_min: -15.2921, limvals_max: 1.44388 | Reorder - src_order: FCR, src_shape: (20, 20, 8), dst_order: FCR, dst_shape: (20, 20, 2))
[2026-04-28 17:14:00.957] [3710] [HailoRT] [info] [queue_elements.cpp:800] [create] Created (UserBuffQEl0beach_robot/conv63 | timeout: 10s)
[2026-04-28 17:14:00.957] [3710] [HailoRT] [info] [vstream.cpp:1114] [OutputVStreamImpl] Creating beach_robot/conv63...
[2026-04-28 17:14:00.957] [3710] [HailoRT] [info] [vstream_builder.cpp:220] [create_outputs] Output pipeline 'beach_robot/conv63': HW >> (HwReadEl0beach_robot/conv63 | hw_frame_size: 3200) >> (PullQEl_hw_read0beach_robot/conv63) >> (PostInferEl0beach_robot/conv63 | Quantization - src_type: UINT8, dst_type FLOAT32, limvals_min: -15.2921, limvals_max: 1.44388 | Reorder - src_order: FCR, src_shape: (20, 20, 8), dst_order: FCR, dst_shape: (20, 20, 2)) >> (UserBuffQEl0beach_robot/conv63 | timeout: 10s)
[2026-04-28 17:14:00.957] [3710] [HailoRT] [info] [core_op.cpp:156] [activate] Activating beach_robot took 0.527154 milliseconds. Note that the function is asynchronous and thus the network is not fully activated yet.
[2026-04-28 17:14:00.958] [3710] [HailoRT] [info] [core_op.cpp:156] [activate] Activating beach_robot took 0.536597 milliseconds. Note that the function is asynchronous and thus the network is not fully activated yet.
[2026-04-28 17:14:00.977] [5746] [HailoRT] [info] [vdevice_native_stream.cpp:331] [read_impl] Failed read from stream HAILO_STREAM_NOT_ACTIVATED(72) (device: 0001:01:00.0)
[2026-04-28 17:14:00.977] [5748] [HailoRT] [info] [vdevice_native_stream.cpp:331] [read_impl] Failed read from stream HAILO_STREAM_NOT_ACTIVATED(72) (device: 0001:01:00.0)
[2026-04-28 17:14:00.977] [5752] [HailoRT] [info] [vdevice_native_stream.cpp:331] [read_impl] Failed read from stream HAILO_STREAM_NOT_ACTIVATED(72) (device: 0001:01:00.0)
[2026-04-28 17:14:00.977] [5754] [HailoRT] [info] [vdevice_native_stream.cpp:331] [read_impl] Failed read from stream HAILO_STREAM_NOT_ACTIVATED(72) (device: 0001:01:00.0)
[2026-04-28 17:14:00.977] [5756] [HailoRT] [info] [vdevice_native_stream.cpp:331] [read_impl] Failed read from stream HAILO_STREAM_NOT_ACTIVATED(72) (device: 0001:01:00.0)
[2026-04-28 17:14:00.977] [5750] [HailoRT] [info] [vdevice_native_stream.cpp:331] [read_impl] Failed read from stream HAILO_STREAM_NOT_ACTIVATED(72) (device: 0001:01:00.0)
[2026-04-28 17:14:00.977] [3710] [HailoRT] [info] [core_op.cpp:186] [deactivate] Deactivating took 0.505413 ms
[2026-04-28 17:14:00.977] [3710] [HailoRT] [info] [core_op.cpp:186] [deactivate] Deactivating took 0.517839 ms
[2026-04-28 17:14:00.977] [5746] [HailoRT] [info] [queue_elements.cpp:734] [run_in_thread] Shutdown event was signaled in run_pull of queue element PullQEl_hw_read0beach_robot/conv41!
[2026-04-28 17:14:00.977] [5747] [HailoRT] [info] [queue_elements.cpp:855] [run_in_thread] Shutdown event was signaled in dequeue of UserBuffQEl0beach_robot/conv41!
[2026-04-28 17:14:00.977] [5746] [HailoRT] [info] [queue_elements.cpp:68] [operator()] Thread in element PullQEl_hw_read0beach_robot/conv41 is not running anymore, exiting..
[2026-04-28 17:14:00.977] [3710] [HailoRT] [info] [queue_elements.cpp:46] [~BaseQueueElement] Queue element PullQEl_hw_read0beach_robot/conv41 has 0 frames in his Queue on destruction
[2026-04-28 17:14:00.977] [5747] [HailoRT] [info] [queue_elements.cpp:68] [operator()] Thread in element UserBuffQEl0beach_robot/conv41 is not running anymore, exiting..
[2026-04-28 17:14:00.977] [3710] [HailoRT] [info] [queue_elements.cpp:46] [~BaseQueueElement] Queue element UserBuffQEl0beach_robot/conv41 has 0 frames in his Queue on destruction
[2026-04-28 17:14:00.977] [5748] [HailoRT] [info] [queue_elements.cpp:734] [run_in_thread] Shutdown event was signaled in run_pull of queue element PullQEl_hw_read7beach_robot/conv42!
[2026-04-28 17:14:00.977] [5749] [HailoRT] [info] [queue_elements.cpp:855] [run_in_thread] Shutdown event was signaled in dequeue of UserBuffQEl7beach_robot/conv42!
[2026-04-28 17:14:00.977] [5748] [HailoRT] [info] [queue_elements.cpp:68] [operator()] Thread in element PullQEl_hw_read7beach_robot/conv42 is not running anymore, exiting..
[2026-04-28 17:14:00.977] [3710] [HailoRT] [info] [queue_elements.cpp:46] [~BaseQueueElement] Queue element PullQEl_hw_read7beach_robot/conv42 has 0 frames in his Queue on destruction
[2026-04-28 17:14:00.977] [5749] [HailoRT] [info] [queue_elements.cpp:68] [operator()] Thread in element UserBuffQEl7beach_robot/conv42 is not running anymore, exiting..
[2026-04-28 17:14:00.977] [3710] [HailoRT] [info] [queue_elements.cpp:46] [~BaseQueueElement] Queue element UserBuffQEl7beach_robot/conv42 has 0 frames in his Queue on destruction
[2026-04-28 17:14:00.977] [5750] [HailoRT] [info] [queue_elements.cpp:734] [run_in_thread] Shutdown event was signaled in run_pull of queue element PullQEl_hw_read3beach_robot/conv52!
[2026-04-28 17:14:00.977] [5751] [HailoRT] [info] [queue_elements.cpp:855] [run_in_thread] Shutdown event was signaled in dequeue of UserBuffQEl3beach_robot/conv52!
[2026-04-28 17:14:00.977] [5750] [HailoRT] [info] [queue_elements.cpp:68] [operator()] Thread in element PullQEl_hw_read3beach_robot/conv52 is not running anymore, exiting..
[2026-04-28 17:14:00.977] [3710] [HailoRT] [info] [queue_elements.cpp:46] [~BaseQueueElement] Queue element PullQEl_hw_read3beach_robot/conv52 has 0 frames in his Queue on destruction
[2026-04-28 17:14:00.977] [5751] [HailoRT] [info] [queue_elements.cpp:68] [operator()] Thread in element UserBuffQEl3beach_robot/conv52 is not running anymore, exiting..
[2026-04-28 17:14:00.977] [3710] [HailoRT] [info] [queue_elements.cpp:46] [~BaseQueueElement] Queue element UserBuffQEl3beach_robot/conv52 has 0 frames in his Queue on destruction
[2026-04-28 17:14:00.977] [5752] [HailoRT] [info] [queue_elements.cpp:734] [run_in_thread] Shutdown event was signaled in run_pull of queue element PullQEl_hw_read1beach_robot/conv53!
[2026-04-28 17:14:00.977] [5753] [HailoRT] [info] [queue_elements.cpp:855] [run_in_thread] Shutdown event was signaled in dequeue of UserBuffQEl1beach_robot/conv53!
[2026-04-28 17:14:00.977] [5752] [HailoRT] [info] [queue_elements.cpp:68] [operator()] Thread in element PullQEl_hw_read1beach_robot/conv53 is not running anymore, exiting..
[2026-04-28 17:14:00.977] [3710] [HailoRT] [info] [queue_elements.cpp:46] [~BaseQueueElement] Queue element PullQEl_hw_read1beach_robot/conv53 has 0 frames in his Queue on destruction
[2026-04-28 17:14:00.977] [5753] [HailoRT] [info] [queue_elements.cpp:68] [operator()] Thread in element UserBuffQEl1beach_robot/conv53 is not running anymore, exiting..
[2026-04-28 17:14:00.977] [3710] [HailoRT] [info] [queue_elements.cpp:46] [~BaseQueueElement] Queue element UserBuffQEl1beach_robot/conv53 has 0 frames in his Queue on destruction
[2026-04-28 17:14:00.977] [5754] [HailoRT] [info] [queue_elements.cpp:734] [run_in_thread] Shutdown event was signaled in run_pull of queue element PullQEl_hw_read2beach_robot/conv62!
[2026-04-28 17:14:00.977] [5755] [HailoRT] [info] [queue_elements.cpp:855] [run_in_thread] Shutdown event was signaled in dequeue of UserBuffQEl2beach_robot/conv62!
[2026-04-28 17:14:00.977] [5754] [HailoRT] [info] [queue_elements.cpp:68] [operator()] Thread in element PullQEl_hw_read2beach_robot/conv62 is not running anymore, exiting..
[2026-04-28 17:14:00.977] [3710] [HailoRT] [info] [queue_elements.cpp:46] [~BaseQueueElement] Queue element PullQEl_hw_read2beach_robot/conv62 has 0 frames in his Queue on destruction
[2026-04-28 17:14:00.977] [5755] [HailoRT] [info] [queue_elements.cpp:68] [operator()] Thread in element UserBuffQEl2beach_robot/conv62 is not running anymore, exiting..
[2026-04-28 17:14:00.978] [3710] [HailoRT] [info] [queue_elements.cpp:46] [~BaseQueueElement] Queue element UserBuffQEl2beach_robot/conv62 has 0 frames in his Queue on destruction
[2026-04-28 17:14:00.978] [5756] [HailoRT] [info] [queue_elements.cpp:734] [run_in_thread] Shutdown event was signaled in run_pull of queue element PullQEl_hw_read0beach_robot/conv63!
[2026-04-28 17:14:00.978] [5757] [HailoRT] [info] [queue_elements.cpp:855] [run_in_thread] Shutdown event was signaled in dequeue of UserBuffQEl0beach_robot/conv63!
[2026-04-28 17:14:00.978] [5756] [HailoRT] [info] [queue_elements.cpp:68] [operator()] Thread in element PullQEl_hw_read0beach_robot/conv63 is not running anymore, exiting..
[2026-04-28 17:14:00.978] [3710] [HailoRT] [info] [queue_elements.cpp:46] [~BaseQueueElement] Queue element PullQEl_hw_read0beach_robot/conv63 has 0 frames in his Queue on destruction
[2026-04-28 17:14:00.978] [5757] [HailoRT] [info] [queue_elements.cpp:68] [operator()] Thread in element UserBuffQEl0beach_robot/conv63 is not running anymore, exiting..
[2026-04-28 17:14:00.978] [3710] [HailoRT] [info] [queue_elements.cpp:46] [~BaseQueueElement] Queue element UserBuffQEl0beach_robot/conv63 has 0 frames in his Queue on destruction
[2026-04-28 17:14:01.277] [3710] [HailoRT] [info] [edge_elements.cpp:52] [create] Created (HwWriteEl2beach_robot/input_layer1 | hw_frame_size: 1228800)
[2026-04-28 17:14:01.277] [3710] [HailoRT] [info] [vstream.cpp:754] [InputVStreamImpl] Creating beach_robot/input_layer1...
[2026-04-28 17:14:01.277] [3710] [HailoRT] [info] [vstream_builder.cpp:102] [create_inputs] Input pipeline 'beach_robot/input_layer1': (HwWriteEl2beach_robot/input_layer1 | hw_frame_size: 1228800) >> HW
[2026-04-28 17:14:01.277] [3710] [HailoRT] [info] [edge_elements.cpp:287] [create] Created (HwReadEl0beach_robot/conv41 | hw_frame_size: 409600)
[2026-04-28 17:14:01.277] [3710] [HailoRT] [info] [queue_elements.cpp:657] [create] Created (PullQEl_hw_read0beach_robot/conv41)
[2026-04-28 17:14:01.277] [3710] [HailoRT] [info] [filter_elements.cpp:372] [create] Created (PostInferEl0beach_robot/conv41 | Quantization - src_type: UINT8, dst_type FLOAT32, limvals_min: -10.8307, limvals_max: 18.5504)
[2026-04-28 17:14:01.277] [3710] [HailoRT] [info] [queue_elements.cpp:800] [create] Created (UserBuffQEl0beach_robot/conv41 | timeout: 10s)
[2026-04-28 17:14:01.277] [3710] [HailoRT] [info] [vstream.cpp:1114] [OutputVStreamImpl] Creating beach_robot/conv41...
[2026-04-28 17:14:01.277] [3710] [HailoRT] [info] [vstream_builder.cpp:220] [create_outputs] Output pipeline 'beach_robot/conv41': HW >> (HwReadEl0beach_robot/conv41 | hw_frame_size: 409600) >> (PullQEl_hw_read0beach_robot/conv41) >> (PostInferEl0beach_robot/conv41 | Quantization - src_type: UINT8, dst_type FLOAT32, limvals_min: -10.8307, limvals_max: 18.5504) >> (UserBuffQEl0beach_robot/conv41 | timeout: 10s)
[2026-04-28 17:14:01.277] [3710] [HailoRT] [info] [edge_elements.cpp:287] [create] Created (HwReadEl7beach_robot/conv42 | hw_frame_size: 12800)
[2026-04-28 17:14:01.277] [3710] [HailoRT] [info] [queue_elements.cpp:657] [create] Created (PullQEl_hw_read7beach_robot/conv42)
[2026-04-28 17:14:01.277] [3710] [HailoRT] [info] [filter_elements.cpp:372] [create] Created (PostInferEl7beach_robot/conv42 | Quantization - src_type: UINT8, dst_type FLOAT32, limvals_min: -25.6857, limvals_max: 0)
[2026-04-28 17:14:01.277] [3710] [HailoRT] [info] [queue_elements.cpp:800] [create] Created (UserBuffQEl7beach_robot/conv42 | timeout: 10s)
[2026-04-28 17:14:01.277] [3710] [HailoRT] [info] [vstream.cpp:1114] [OutputVStreamImpl] Creating beach_robot/conv42...
[2026-04-28 17:14:01.277] [3710] [HailoRT] [info] [vstream_builder.cpp:220] [create_outputs] Output pipeline 'beach_robot/conv42': HW >> (HwReadEl7beach_robot/conv42 | hw_frame_size: 12800) >> (PullQEl_hw_read7beach_robot/conv42) >> (PostInferEl7beach_robot/conv42 | Quantization - src_type: UINT8, dst_type FLOAT32, limvals_min: -25.6857, limvals_max: 0) >> (UserBuffQEl7beach_robot/conv42 | timeout: 10s)
[2026-04-28 17:14:01.277] [3710] [HailoRT] [info] [edge_elements.cpp:287] [create] Created (HwReadEl3beach_robot/conv52 | hw_frame_size: 102400)
[2026-04-28 17:14:01.278] [3710] [HailoRT] [info] [queue_elements.cpp:657] [create] Created (PullQEl_hw_read3beach_robot/conv52)
[2026-04-28 17:14:01.278] [3710] [HailoRT] [info] [filter_elements.cpp:372] [create] Created (PostInferEl3beach_robot/conv52 | Quantization - src_type: UINT8, dst_type FLOAT32, limvals_min: -6.53754, limvals_max: 19.9239)
[2026-04-28 17:14:01.278] [3710] [HailoRT] [info] [queue_elements.cpp:800] [create] Created (UserBuffQEl3beach_robot/conv52 | timeout: 10s)
[2026-04-28 17:14:01.278] [3710] [HailoRT] [info] [vstream.cpp:1114] [OutputVStreamImpl] Creating beach_robot/conv52...
[2026-04-28 17:14:01.278] [3710] [HailoRT] [info] [vstream_builder.cpp:220] [create_outputs] Output pipeline 'beach_robot/conv52': HW >> (HwReadEl3beach_robot/conv52 | hw_frame_size: 102400) >> (PullQEl_hw_read3beach_robot/conv52) >> (PostInferEl3beach_robot/conv52 | Quantization - src_type: UINT8, dst_type FLOAT32, limvals_min: -6.53754, limvals_max: 19.9239) >> (UserBuffQEl3beach_robot/conv52 | timeout: 10s)
[2026-04-28 17:14:01.278] [3710] [HailoRT] [info] [edge_elements.cpp:287] [create] Created (HwReadEl1beach_robot/conv53 | hw_frame_size: 3200)
[2026-04-28 17:14:01.278] [3710] [HailoRT] [info] [queue_elements.cpp:657] [create] Created (PullQEl_hw_read1beach_robot/conv53)
[2026-04-28 17:14:01.278] [3710] [HailoRT] [info] [filter_elements.cpp:372] [create] Created (PostInferEl1beach_robot/conv53 | Quantization - src_type: UINT8, dst_type FLOAT32, limvals_min: -15.7441, limvals_max: 0)
[2026-04-28 17:14:01.278] [3710] [HailoRT] [info] [queue_elements.cpp:800] [create] Created (UserBuffQEl1beach_robot/conv53 | timeout: 10s)
[2026-04-28 17:14:01.278] [3710] [HailoRT] [info] [vstream.cpp:1114] [OutputVStreamImpl] Creating beach_robot/conv53...
[2026-04-28 17:14:01.278] [3710] [HailoRT] [info] [vstream_builder.cpp:220] [create_outputs] Output pipeline 'beach_robot/conv53': HW >> (HwReadEl1beach_robot/conv53 | hw_frame_size: 3200) >> (PullQEl_hw_read1beach_robot/conv53) >> (PostInferEl1beach_robot/conv53 | Quantization - src_type: UINT8, dst_type FLOAT32, limvals_min: -15.7441, limvals_max: 0) >> (UserBuffQEl1beach_robot/conv53 | timeout: 10s)
[2026-04-28 17:14:01.278] [3710] [HailoRT] [info] [edge_elements.cpp:287] [create] Created (HwReadEl2beach_robot/conv62 | hw_frame_size: 25600)
[2026-04-28 17:14:01.278] [3710] [HailoRT] [info] [queue_elements.cpp:657] [create] Created (PullQEl_hw_read2beach_robot/conv62)
[2026-04-28 17:14:01.278] [3710] [HailoRT] [info] [filter_elements.cpp:372] [create] Created (PostInferEl2beach_robot/conv62 | Quantization - src_type: UINT8, dst_type FLOAT32, limvals_min: -8.27399, limvals_max: 14.6594)
[2026-04-28 17:14:01.278] [3710] [HailoRT] [info] [queue_elements.cpp:800] [create] Created (UserBuffQEl2beach_robot/conv62 | timeout: 10s)
[2026-04-28 17:14:01.278] [3710] [HailoRT] [info] [vstream.cpp:1114] [OutputVStreamImpl] Creating beach_robot/conv62...
[2026-04-28 17:14:01.278] [3710] [HailoRT] [info] [vstream_builder.cpp:220] [create_outputs] Output pipeline 'beach_robot/conv62': HW >> (HwReadEl2beach_robot/conv62 | hw_frame_size: 25600) >> (PullQEl_hw_read2beach_robot/conv62) >> (PostInferEl2beach_robot/conv62 | Quantization - src_type: UINT8, dst_type FLOAT32, limvals_min: -8.27399, limvals_max: 14.6594) >> (UserBuffQEl2beach_robot/conv62 | timeout: 10s)
[2026-04-28 17:14:01.278] [3710] [HailoRT] [info] [edge_elements.cpp:287] [create] Created (HwReadEl0beach_robot/conv63 | hw_frame_size: 3200)
[2026-04-28 17:14:01.278] [3710] [HailoRT] [info] [queue_elements.cpp:657] [create] Created (PullQEl_hw_read0beach_robot/conv63)
[2026-04-28 17:14:01.278] [3710] [HailoRT] [info] [filter_elements.cpp:372] [create] Created (PostInferEl0beach_robot/conv63 | Quantization - src_type: UINT8, dst_type FLOAT32, limvals_min: -15.2921, limvals_max: 1.44388 | Reorder - src_order: FCR, src_shape: (20, 20, 8), dst_order: FCR, dst_shape: (20, 20, 2))
[2026-04-28 17:14:01.278] [3710] [HailoRT] [info] [queue_elements.cpp:800] [create] Created (UserBuffQEl0beach_robot/conv63 | timeout: 10s)
[2026-04-28 17:14:01.278] [3710] [HailoRT] [info] [vstream.cpp:1114] [OutputVStreamImpl] Creating beach_robot/conv63...
[2026-04-28 17:14:01.278] [3710] [HailoRT] [info] [vstream_builder.cpp:220] [create_outputs] Output pipeline 'beach_robot/conv63': HW >> (HwReadEl0beach_robot/conv63 | hw_frame_size: 3200) >> (PullQEl_hw_read0beach_robot/conv63) >> (PostInferEl0beach_robot/conv63 | Quantization - src_type: UINT8, dst_type FLOAT32, limvals_min: -15.2921, limvals_max: 1.44388 | Reorder - src_order: FCR, src_shape: (20, 20, 8), dst_order: FCR, dst_shape: (20, 20, 2)) >> (UserBuffQEl0beach_robot/conv63 | timeout: 10s)
[2026-04-28 17:14:01.279] [3710] [HailoRT] [info] [core_op.cpp:156] [activate] Activating beach_robot took 0.528172 milliseconds. Note that the function is asynchronous and thus the network is not fully activated yet.
[2026-04-28 17:14:01.279] [3710] [HailoRT] [info] [core_op.cpp:156] [activate] Activating beach_robot took 0.537598 milliseconds. Note that the function is asynchronous and thus the network is not fully activated yet.
[2026-04-28 17:14:01.298] [5769] [HailoRT] [info] [vdevice_native_stream.cpp:331] [read_impl] Failed read from stream HAILO_STREAM_NOT_ACTIVATED(72) (device: 0001:01:00.0)
[2026-04-28 17:14:01.298] [5775] [HailoRT] [info] [vdevice_native_stream.cpp:331] [read_impl] Failed read from stream HAILO_STREAM_NOT_ACTIVATED(72) (device: 0001:01:00.0)
[2026-04-28 17:14:01.298] [5765] [HailoRT] [info] [vdevice_native_stream.cpp:331] [read_impl] Failed read from stream HAILO_STREAM_NOT_ACTIVATED(72) (device: 0001:01:00.0)
[2026-04-28 17:14:01.298] [5767] [HailoRT] [info] [vdevice_native_stream.cpp:331] [read_impl] Failed read from stream HAILO_STREAM_NOT_ACTIVATED(72) (device: 0001:01:00.0)
[2026-04-28 17:14:01.298] [5771] [HailoRT] [info] [vdevice_native_stream.cpp:331] [read_impl] Failed read from stream HAILO_STREAM_NOT_ACTIVATED(72) (device: 0001:01:00.0)
[2026-04-28 17:14:01.298] [5773] [HailoRT] [info] [vdevice_native_stream.cpp:331] [read_impl] Failed read from stream HAILO_STREAM_NOT_ACTIVATED(72) (device: 0001:01:00.0)
[2026-04-28 17:14:01.298] [3710] [HailoRT] [info] [core_op.cpp:186] [deactivate] Deactivating took 0.537728 ms
[2026-04-28 17:14:01.298] [3710] [HailoRT] [info] [core_op.cpp:186] [deactivate] Deactivating took 0.548579 ms
[2026-04-28 17:14:01.298] [5765] [HailoRT] [info] [queue_elements.cpp:734] [run_in_thread] Shutdown event was signaled in run_pull of queue element PullQEl_hw_read0beach_robot/conv41!
[2026-04-28 17:14:01.298] [5766] [HailoRT] [info] [queue_elements.cpp:855] [run_in_thread] Shutdown event was signaled in dequeue of UserBuffQEl0beach_robot/conv41!
[2026-04-28 17:14:01.300] [5765] [HailoRT] [info] [queue_elements.cpp:68] [operator()] Thread in element PullQEl_hw_read0beach_robot/conv41 is not running anymore, exiting..
[2026-04-28 17:14:01.300] [3710] [HailoRT] [info] [queue_elements.cpp:46] [~BaseQueueElement] Queue element PullQEl_hw_read0beach_robot/conv41 has 0 frames in his Queue on destruction
[2026-04-28 17:14:01.300] [5766] [HailoRT] [info] [queue_elements.cpp:68] [operator()] Thread in element UserBuffQEl0beach_robot/conv41 is not running anymore, exiting..
[2026-04-28 17:14:01.300] [3710] [HailoRT] [info] [queue_elements.cpp:46] [~BaseQueueElement] Queue element UserBuffQEl0beach_robot/conv41 has 0 frames in his Queue on destruction
[2026-04-28 17:14:01.300] [5767] [HailoRT] [info] [queue_elements.cpp:734] [run_in_thread] Shutdown event was signaled in run_pull of queue element PullQEl_hw_read7beach_robot/conv42!
[2026-04-28 17:14:01.300] [5768] [HailoRT] [info] [queue_elements.cpp:855] [run_in_thread] Shutdown event was signaled in dequeue of UserBuffQEl7beach_robot/conv42!
[2026-04-28 17:14:01.300] [5767] [HailoRT] [info] [queue_elements.cpp:68] [operator()] Thread in element PullQEl_hw_read7beach_robot/conv42 is not running anymore, exiting..
[2026-04-28 17:14:01.300] [3710] [HailoRT] [info] [queue_elements.cpp:46] [~BaseQueueElement] Queue element PullQEl_hw_read7beach_robot/conv42 has 0 frames in his Queue on destruction
[2026-04-28 17:14:01.300] [5768] [HailoRT] [info] [queue_elements.cpp:68] [operator()] Thread in element UserBuffQEl7beach_robot/conv42 is not running anymore, exiting..
[2026-04-28 17:14:01.300] [3710] [HailoRT] [info] [queue_elements.cpp:46] [~BaseQueueElement] Queue element UserBuffQEl7beach_robot/conv42 has 0 frames in his Queue on destruction
[2026-04-28 17:14:01.300] [5769] [HailoRT] [info] [queue_elements.cpp:734] [run_in_thread] Shutdown event was signaled in run_pull of queue element PullQEl_hw_read3beach_robot/conv52!
[2026-04-28 17:14:01.300] [5770] [HailoRT] [info] [queue_elements.cpp:855] [run_in_thread] Shutdown event was signaled in dequeue of UserBuffQEl3beach_robot/conv52!
[2026-04-28 17:14:01.300] [5769] [HailoRT] [info] [queue_elements.cpp:68] [operator()] Thread in element PullQEl_hw_read3beach_robot/conv52 is not running anymore, exiting..
[2026-04-28 17:14:01.300] [3710] [HailoRT] [info] [queue_elements.cpp:46] [~BaseQueueElement] Queue element PullQEl_hw_read3beach_robot/conv52 has 0 frames in his Queue on destruction
[2026-04-28 17:14:01.300] [5770] [HailoRT] [info] [queue_elements.cpp:68] [operator()] Thread in element UserBuffQEl3beach_robot/conv52 is not running anymore, exiting..
[2026-04-28 17:14:01.300] [3710] [HailoRT] [info] [queue_elements.cpp:46] [~BaseQueueElement] Queue element UserBuffQEl3beach_robot/conv52 has 0 frames in his Queue on destruction
[2026-04-28 17:14:01.300] [5772] [HailoRT] [info] [queue_elements.cpp:855] [run_in_thread] Shutdown event was signaled in dequeue of UserBuffQEl1beach_robot/conv53!
[2026-04-28 17:14:01.300] [5771] [HailoRT] [info] [queue_elements.cpp:734] [run_in_thread] Shutdown event was signaled in run_pull of queue element PullQEl_hw_read1beach_robot/conv53!
[2026-04-28 17:14:01.300] [5771] [HailoRT] [info] [queue_elements.cpp:68] [operator()] Thread in element PullQEl_hw_read1beach_robot/conv53 is not running anymore, exiting..
[2026-04-28 17:14:01.300] [3710] [HailoRT] [info] [queue_elements.cpp:46] [~BaseQueueElement] Queue element PullQEl_hw_read1beach_robot/conv53 has 0 frames in his Queue on destruction
[2026-04-28 17:14:01.300] [5772] [HailoRT] [info] [queue_elements.cpp:68] [operator()] Thread in element UserBuffQEl1beach_robot/conv53 is not running anymore, exiting..
[2026-04-28 17:14:01.300] [3710] [HailoRT] [info] [queue_elements.cpp:46] [~BaseQueueElement] Queue element UserBuffQEl1beach_robot/conv53 has 0 frames in his Queue on destruction
[2026-04-28 17:14:01.300] [5774] [HailoRT] [info] [queue_elements.cpp:855] [run_in_thread] Shutdown event was signaled in dequeue of UserBuffQEl2beach_robot/conv62!
[2026-04-28 17:14:01.300] [5773] [HailoRT] [info] [queue_elements.cpp:734] [run_in_thread] Shutdown event was signaled in run_pull of queue element PullQEl_hw_read2beach_robot/conv62!
[2026-04-28 17:14:01.300] [5773] [HailoRT] [info] [queue_elements.cpp:68] [operator()] Thread in element PullQEl_hw_read2beach_robot/conv62 is not running anymore, exiting..
[2026-04-28 17:14:01.300] [3710] [HailoRT] [info] [queue_elements.cpp:46] [~BaseQueueElement] Queue element PullQEl_hw_read2beach_robot/conv62 has 0 frames in his Queue on destruction
[2026-04-28 17:14:01.300] [5774] [HailoRT] [info] [queue_elements.cpp:68] [operator()] Thread in element UserBuffQEl2beach_robot/conv62 is not running anymore, exiting..
[2026-04-28 17:14:01.300] [3710] [HailoRT] [info] [queue_elements.cpp:46] [~BaseQueueElement] Queue element UserBuffQEl2beach_robot/conv62 has 0 frames in his Queue on destruction
[2026-04-28 17:14:01.300] [5775] [HailoRT] [info] [queue_elements.cpp:734] [run_in_thread] Shutdown event was signaled in run_pull of queue element PullQEl_hw_read0beach_robot/conv63!
[2026-04-28 17:14:01.300] [5776] [HailoRT] [info] [queue_elements.cpp:855] [run_in_thread] Shutdown event was signaled in dequeue of UserBuffQEl0beach_robot/conv63!
[2026-04-28 17:14:01.300] [5775] [HailoRT] [info] [queue_elements.cpp:68] [operator()] Thread in element PullQEl_hw_read0beach_robot/conv63 is not running anymore, exiting..
[2026-04-28 17:14:01.300] [3710] [HailoRT] [info] [queue_elements.cpp:46] [~BaseQueueElement] Queue element PullQEl_hw_read0beach_robot/conv63 has 0 frames in his Queue on destruction
[2026-04-28 17:14:01.300] [5776] [HailoRT] [info] [queue_elements.cpp:68] [operator()] Thread in element UserBuffQEl0beach_robot/conv63 is not running anymore, exiting..
[2026-04-28 17:14:01.300] [3710] [HailoRT] [info] [queue_elements.cpp:46] [~BaseQueueElement] Queue element UserBuffQEl0beach_robot/conv63 has 0 frames in his Queue on destruction
[2026-04-28 17:14:01.600] [3710] [HailoRT] [info] [edge_elements.cpp:52] [create] Created (HwWriteEl2beach_robot/input_layer1 | hw_frame_size: 1228800)
[2026-04-28 17:14:01.600] [3710] [HailoRT] [info] [vstream.cpp:754] [InputVStreamImpl] Creating beach_robot/input_layer1...
[2026-04-28 17:14:01.600] [3710] [HailoRT] [info] [vstream_builder.cpp:102] [create_inputs] Input pipeline 'beach_robot/input_layer1': (HwWriteEl2beach_robot/input_layer1 | hw_frame_size: 1228800) >> HW
[2026-04-28 17:14:01.600] [3710] [HailoRT] [info] [edge_elements.cpp:287] [create] Created (HwReadEl0beach_robot/conv41 | hw_frame_size: 409600)
[2026-04-28 17:14:01.600] [3710] [HailoRT] [info] [queue_elements.cpp:657] [create] Created (PullQEl_hw_read0beach_robot/conv41)
[2026-04-28 17:14:01.600] [3710] [HailoRT] [info] [filter_elements.cpp:372] [create] Created (PostInferEl0beach_robot/conv41 | Quantization - src_type: UINT8, dst_type FLOAT32, limvals_min: -10.8307, limvals_max: 18.5504)
[2026-04-28 17:14:01.600] [3710] [HailoRT] [info] [queue_elements.cpp:800] [create] Created (UserBuffQEl0beach_robot/conv41 | timeout: 10s)
[2026-04-28 17:14:01.600] [3710] [HailoRT] [info] [vstream.cpp:1114] [OutputVStreamImpl] Creating beach_robot/conv41...
[2026-04-28 17:14:01.600] [3710] [HailoRT] [info] [vstream_builder.cpp:220] [create_outputs] Output pipeline 'beach_robot/conv41': HW >> (HwReadEl0beach_robot/conv41 | hw_frame_size: 409600) >> (PullQEl_hw_read0beach_robot/conv41) >> (PostInferEl0beach_robot/conv41 | Quantization - src_type: UINT8, dst_type FLOAT32, limvals_min: -10.8307, limvals_max: 18.5504) >> (UserBuffQEl0beach_robot/conv41 | timeout: 10s)
[2026-04-28 17:14:01.601] [3710] [HailoRT] [info] [edge_elements.cpp:287] [create] Created (HwReadEl7beach_robot/conv42 | hw_frame_size: 12800)
[2026-04-28 17:14:01.601] [3710] [HailoRT] [info] [queue_elements.cpp:657] [create] Created (PullQEl_hw_read7beach_robot/conv42)
[2026-04-28 17:14:01.601] [3710] [HailoRT] [info] [filter_elements.cpp:372] [create] Created (PostInferEl7beach_robot/conv42 | Quantization - src_type: UINT8, dst_type FLOAT32, limvals_min: -25.6857, limvals_max: 0)
[2026-04-28 17:14:01.601] [3710] [HailoRT] [info] [queue_elements.cpp:800] [create] Created (UserBuffQEl7beach_robot/conv42 | timeout: 10s)
[2026-04-28 17:14:01.601] [3710] [HailoRT] [info] [vstream.cpp:1114] [OutputVStreamImpl] Creating beach_robot/conv42...
[2026-04-28 17:14:01.601] [3710] [HailoRT] [info] [vstream_builder.cpp:220] [create_outputs] Output pipeline 'beach_robot/conv42': HW >> (HwReadEl7beach_robot/conv42 | hw_frame_size: 12800) >> (PullQEl_hw_read7beach_robot/conv42) >> (PostInferEl7beach_robot/conv42 | Quantization - src_type: UINT8, dst_type FLOAT32, limvals_min: -25.6857, limvals_max: 0) >> (UserBuffQEl7beach_robot/conv42 | timeout: 10s)
[2026-04-28 17:14:01.601] [3710] [HailoRT] [info] [edge_elements.cpp:287] [create] Created (HwReadEl3beach_robot/conv52 | hw_frame_size: 102400)
[2026-04-28 17:14:01.601] [3710] [HailoRT] [info] [queue_elements.cpp:657] [create] Created (PullQEl_hw_read3beach_robot/conv52)
[2026-04-28 17:14:01.601] [3710] [HailoRT] [info] [filter_elements.cpp:372] [create] Created (PostInferEl3beach_robot/conv52 | Quantization - src_type: UINT8, dst_type FLOAT32, limvals_min: -6.53754, limvals_max: 19.9239)
[2026-04-28 17:14:01.601] [3710] [HailoRT] [info] [queue_elements.cpp:800] [create] Created (UserBuffQEl3beach_robot/conv52 | timeout: 10s)
[2026-04-28 17:14:01.601] [3710] [HailoRT] [info] [vstream.cpp:1114] [OutputVStreamImpl] Creating beach_robot/conv52...
[2026-04-28 17:14:01.601] [3710] [HailoRT] [info] [vstream_builder.cpp:220] [create_outputs] Output pipeline 'beach_robot/conv52': HW >> (HwReadEl3beach_robot/conv52 | hw_frame_size: 102400) >> (PullQEl_hw_read3beach_robot/conv52) >> (PostInferEl3beach_robot/conv52 | Quantization - src_type: UINT8, dst_type FLOAT32, limvals_min: -6.53754, limvals_max: 19.9239) >> (UserBuffQEl3beach_robot/conv52 | timeout: 10s)
[2026-04-28 17:14:01.601] [3710] [HailoRT] [info] [edge_elements.cpp:287] [create] Created (HwReadEl1beach_robot/conv53 | hw_frame_size: 3200)
[2026-04-28 17:14:01.601] [3710] [HailoRT] [info] [queue_elements.cpp:657] [create] Created (PullQEl_hw_read1beach_robot/conv53)
[2026-04-28 17:14:01.601] [3710] [HailoRT] [info] [filter_elements.cpp:372] [create] Created (PostInferEl1beach_robot/conv53 | Quantization - src_type: UINT8, dst_type FLOAT32, limvals_min: -15.7441, limvals_max: 0)
[2026-04-28 17:14:01.601] [3710] [HailoRT] [info] [queue_elements.cpp:800] [create] Created (UserBuffQEl1beach_robot/conv53 | timeout: 10s)
[2026-04-28 17:14:01.601] [3710] [HailoRT] [info] [vstream.cpp:1114] [OutputVStreamImpl] Creating beach_robot/conv53...
[2026-04-28 17:14:01.601] [3710] [HailoRT] [info] [vstream_builder.cpp:220] [create_outputs] Output pipeline 'beach_robot/conv53': HW >> (HwReadEl1beach_robot/conv53 | hw_frame_size: 3200) >> (PullQEl_hw_read1beach_robot/conv53) >> (PostInferEl1beach_robot/conv53 | Quantization - src_type: UINT8, dst_type FLOAT32, limvals_min: -15.7441, limvals_max: 0) >> (UserBuffQEl1beach_robot/conv53 | timeout: 10s)
[2026-04-28 17:14:01.601] [3710] [HailoRT] [info] [edge_elements.cpp:287] [create] Created (HwReadEl2beach_robot/conv62 | hw_frame_size: 25600)
[2026-04-28 17:14:01.601] [3710] [HailoRT] [info] [queue_elements.cpp:657] [create] Created (PullQEl_hw_read2beach_robot/conv62)
[2026-04-28 17:14:01.601] [3710] [HailoRT] [info] [filter_elements.cpp:372] [create] Created (PostInferEl2beach_robot/conv62 | Quantization - src_type: UINT8, dst_type FLOAT32, limvals_min: -8.27399, limvals_max: 14.6594)
[2026-04-28 17:14:01.601] [3710] [HailoRT] [info] [queue_elements.cpp:800] [create] Created (UserBuffQEl2beach_robot/conv62 | timeout: 10s)
[2026-04-28 17:14:01.601] [3710] [HailoRT] [info] [vstream.cpp:1114] [OutputVStreamImpl] Creating beach_robot/conv62...
[2026-04-28 17:14:01.601] [3710] [HailoRT] [info] [vstream_builder.cpp:220] [create_outputs] Output pipeline 'beach_robot/conv62': HW >> (HwReadEl2beach_robot/conv62 | hw_frame_size: 25600) >> (PullQEl_hw_read2beach_robot/conv62) >> (PostInferEl2beach_robot/conv62 | Quantization - src_type: UINT8, dst_type FLOAT32, limvals_min: -8.27399, limvals_max: 14.6594) >> (UserBuffQEl2beach_robot/conv62 | timeout: 10s)
[2026-04-28 17:14:01.601] [3710] [HailoRT] [info] [edge_elements.cpp:287] [create] Created (HwReadEl0beach_robot/conv63 | hw_frame_size: 3200)
[2026-04-28 17:14:01.601] [3710] [HailoRT] [info] [queue_elements.cpp:657] [create] Created (PullQEl_hw_read0beach_robot/conv63)
[2026-04-28 17:14:01.601] [3710] [HailoRT] [info] [filter_elements.cpp:372] [create] Created (PostInferEl0beach_robot/conv63 | Quantization - src_type: UINT8, dst_type FLOAT32, limvals_min: -15.2921, limvals_max: 1.44388 | Reorder - src_order: FCR, src_shape: (20, 20, 8), dst_order: FCR, dst_shape: (20, 20, 2))
[2026-04-28 17:14:01.601] [3710] [HailoRT] [info] [queue_elements.cpp:800] [create] Created (UserBuffQEl0beach_robot/conv63 | timeout: 10s)
[2026-04-28 17:14:01.601] [3710] [HailoRT] [info] [vstream.cpp:1114] [OutputVStreamImpl] Creating beach_robot/conv63...
[2026-04-28 17:14:01.601] [3710] [HailoRT] [info] [vstream_builder.cpp:220] [create_outputs] Output pipeline 'beach_robot/conv63': HW >> (HwReadEl0beach_robot/conv63 | hw_frame_size: 3200) >> (PullQEl_hw_read0beach_robot/conv63) >> (PostInferEl0beach_robot/conv63 | Quantization - src_type: UINT8, dst_type FLOAT32, limvals_min: -15.2921, limvals_max: 1.44388 | Reorder - src_order: FCR, src_shape: (20, 20, 8), dst_order: FCR, dst_shape: (20, 20, 2)) >> (UserBuffQEl0beach_robot/conv63 | timeout: 10s)
[2026-04-28 17:14:01.602] [3710] [HailoRT] [info] [core_op.cpp:156] [activate] Activating beach_robot took 0.526395 milliseconds. Note that the function is asynchronous and thus the network is not fully activated yet.
[2026-04-28 17:14:01.602] [3710] [HailoRT] [info] [core_op.cpp:156] [activate] Activating beach_robot took 0.535561 milliseconds. Note that the function is asynchronous and thus the network is not fully activated yet.
[2026-04-28 17:14:01.621] [5786] [HailoRT] [info] [vdevice_native_stream.cpp:331] [read_impl] Failed read from stream HAILO_STREAM_NOT_ACTIVATED(72) (device: 0001:01:00.0)
[2026-04-28 17:14:01.621] [5788] [HailoRT] [info] [vdevice_native_stream.cpp:331] [read_impl] Failed read from stream HAILO_STREAM_NOT_ACTIVATED(72) (device: 0001:01:00.0)
[2026-04-28 17:14:01.621] [5784] [HailoRT] [info] [vdevice_native_stream.cpp:331] [read_impl] Failed read from stream HAILO_STREAM_NOT_ACTIVATED(72) (device: 0001:01:00.0)
[2026-04-28 17:14:01.621] [5790] [HailoRT] [info] [vdevice_native_stream.cpp:331] [read_impl] Failed read from stream HAILO_STREAM_NOT_ACTIVATED(72) (device: 0001:01:00.0)
[2026-04-28 17:14:01.621] [5794] [HailoRT] [info] [vdevice_native_stream.cpp:331] [read_impl] Failed read from stream HAILO_STREAM_NOT_ACTIVATED(72) (device: 0001:01:00.0)
[2026-04-28 17:14:01.621] [5792] [HailoRT] [info] [vdevice_native_stream.cpp:331] [read_impl] Failed read from stream HAILO_STREAM_NOT_ACTIVATED(72) (device: 0001:01:00.0)
[2026-04-28 17:14:01.621] [3710] [HailoRT] [info] [core_op.cpp:186] [deactivate] Deactivating took 0.503247 ms
[2026-04-28 17:14:01.621] [3710] [HailoRT] [info] [core_op.cpp:186] [deactivate] Deactivating took 0.514524 ms
[2026-04-28 17:14:01.621] [5784] [HailoRT] [info] [queue_elements.cpp:734] [run_in_thread] Shutdown event was signaled in run_pull of queue element PullQEl_hw_read0beach_robot/conv41!
[2026-04-28 17:14:01.621] [5785] [HailoRT] [info] [queue_elements.cpp:855] [run_in_thread] Shutdown event was signaled in dequeue of UserBuffQEl0beach_robot/conv41!
[2026-04-28 17:14:01.621] [5784] [HailoRT] [info] [queue_elements.cpp:68] [operator()] Thread in element PullQEl_hw_read0beach_robot/conv41 is not running anymore, exiting..
[2026-04-28 17:14:01.621] [3710] [HailoRT] [info] [queue_elements.cpp:46] [~BaseQueueElement] Queue element PullQEl_hw_read0beach_robot/conv41 has 0 frames in his Queue on destruction
[2026-04-28 17:14:01.621] [5785] [HailoRT] [info] [queue_elements.cpp:68] [operator()] Thread in element UserBuffQEl0beach_robot/conv41 is not running anymore, exiting..
[2026-04-28 17:14:01.621] [3710] [HailoRT] [info] [queue_elements.cpp:46] [~BaseQueueElement] Queue element UserBuffQEl0beach_robot/conv41 has 0 frames in his Queue on destruction
[2026-04-28 17:14:01.622] [5786] [HailoRT] [info] [queue_elements.cpp:734] [run_in_thread] Shutdown event was signaled in run_pull of queue element PullQEl_hw_read7beach_robot/conv42!
[2026-04-28 17:14:01.622] [5787] [HailoRT] [info] [queue_elements.cpp:855] [run_in_thread] Shutdown event was signaled in dequeue of UserBuffQEl7beach_robot/conv42!
[2026-04-28 17:14:01.622] [5786] [HailoRT] [info] [queue_elements.cpp:68] [operator()] Thread in element PullQEl_hw_read7beach_robot/conv42 is not running anymore, exiting..
[2026-04-28 17:14:01.622] [3710] [HailoRT] [info] [queue_elements.cpp:46] [~BaseQueueElement] Queue element PullQEl_hw_read7beach_robot/conv42 has 0 frames in his Queue on destruction
[2026-04-28 17:14:01.622] [5787] [HailoRT] [info] [queue_elements.cpp:68] [operator()] Thread in element UserBuffQEl7beach_robot/conv42 is not running anymore, exiting..
[2026-04-28 17:14:01.622] [3710] [HailoRT] [info] [queue_elements.cpp:46] [~BaseQueueElement] Queue element UserBuffQEl7beach_robot/conv42 has 0 frames in his Queue on destruction
[2026-04-28 17:14:01.622] [5788] [HailoRT] [info] [queue_elements.cpp:734] [run_in_thread] Shutdown event was signaled in run_pull of queue element PullQEl_hw_read3beach_robot/conv52!
[2026-04-28 17:14:01.622] [5789] [HailoRT] [info] [queue_elements.cpp:855] [run_in_thread] Shutdown event was signaled in dequeue of UserBuffQEl3beach_robot/conv52!
[2026-04-28 17:14:01.622] [5788] [HailoRT] [info] [queue_elements.cpp:68] [operator()] Thread in element PullQEl_hw_read3beach_robot/conv52 is not running anymore, exiting..
[2026-04-28 17:14:01.622] [3710] [HailoRT] [info] [queue_elements.cpp:46] [~BaseQueueElement] Queue element PullQEl_hw_read3beach_robot/conv52 has 0 frames in his Queue on destruction
[2026-04-28 17:14:01.622] [5789] [HailoRT] [info] [queue_elements.cpp:68] [operator()] Thread in element UserBuffQEl3beach_robot/conv52 is not running anymore, exiting..
[2026-04-28 17:14:01.622] [3710] [HailoRT] [info] [queue_elements.cpp:46] [~BaseQueueElement] Queue element UserBuffQEl3beach_robot/conv52 has 0 frames in his Queue on destruction
[2026-04-28 17:14:01.622] [5790] [HailoRT] [info] [queue_elements.cpp:734] [run_in_thread] Shutdown event was signaled in run_pull of queue element PullQEl_hw_read1beach_robot/conv53!
[2026-04-28 17:14:01.622] [5791] [HailoRT] [info] [queue_elements.cpp:855] [run_in_thread] Shutdown event was signaled in dequeue of UserBuffQEl1beach_robot/conv53!
[2026-04-28 17:14:01.622] [5790] [HailoRT] [info] [queue_elements.cpp:68] [operator()] Thread in element PullQEl_hw_read1beach_robot/conv53 is not running anymore, exiting..
[2026-04-28 17:14:01.622] [3710] [HailoRT] [info] [queue_elements.cpp:46] [~BaseQueueElement] Queue element PullQEl_hw_read1beach_robot/conv53 has 0 frames in his Queue on destruction
[2026-04-28 17:14:01.622] [5791] [HailoRT] [info] [queue_elements.cpp:68] [operator()] Thread in element UserBuffQEl1beach_robot/conv53 is not running anymore, exiting..
[2026-04-28 17:14:01.622] [3710] [HailoRT] [info] [queue_elements.cpp:46] [~BaseQueueElement] Queue element UserBuffQEl1beach_robot/conv53 has 0 frames in his Queue on destruction
[2026-04-28 17:14:01.622] [5793] [HailoRT] [info] [queue_elements.cpp:855] [run_in_thread] Shutdown event was signaled in dequeue of UserBuffQEl2beach_robot/conv62!
[2026-04-28 17:14:01.622] [5792] [HailoRT] [info] [queue_elements.cpp:734] [run_in_thread] Shutdown event was signaled in run_pull of queue element PullQEl_hw_read2beach_robot/conv62!
[2026-04-28 17:14:01.622] [5792] [HailoRT] [info] [queue_elements.cpp:68] [operator()] Thread in element PullQEl_hw_read2beach_robot/conv62 is not running anymore, exiting..
[2026-04-28 17:14:01.622] [3710] [HailoRT] [info] [queue_elements.cpp:46] [~BaseQueueElement] Queue element PullQEl_hw_read2beach_robot/conv62 has 0 frames in his Queue on destruction
[2026-04-28 17:14:01.622] [5793] [HailoRT] [info] [queue_elements.cpp:68] [operator()] Thread in element UserBuffQEl2beach_robot/conv62 is not running anymore, exiting..
[2026-04-28 17:14:01.622] [3710] [HailoRT] [info] [queue_elements.cpp:46] [~BaseQueueElement] Queue element UserBuffQEl2beach_robot/conv62 has 0 frames in his Queue on destruction
[2026-04-28 17:14:01.622] [5794] [HailoRT] [info] [queue_elements.cpp:734] [run_in_thread] Shutdown event was signaled in run_pull of queue element PullQEl_hw_read0beach_robot/conv63!
[2026-04-28 17:14:01.622] [5795] [HailoRT] [info] [queue_elements.cpp:855] [run_in_thread] Shutdown event was signaled in dequeue of UserBuffQEl0beach_robot/conv63!
[2026-04-28 17:14:01.622] [5794] [HailoRT] [info] [queue_elements.cpp:68] [operator()] Thread in element PullQEl_hw_read0beach_robot/conv63 is not running anymore, exiting..
[2026-04-28 17:14:01.622] [3710] [HailoRT] [info] [queue_elements.cpp:46] [~BaseQueueElement] Queue element PullQEl_hw_read0beach_robot/conv63 has 0 frames in his Queue on destruction
[2026-04-28 17:14:01.622] [5795] [HailoRT] [info] [queue_elements.cpp:68] [operator()] Thread in element UserBuffQEl0beach_robot/conv63 is not running anymore, exiting..
[2026-04-28 17:14:01.622] [3710] [HailoRT] [info] [queue_elements.cpp:46] [~BaseQueueElement] Queue element UserBuffQEl0beach_robot/conv63 has 0 frames in his Queue on destruction
[2026-04-28 17:14:01.920] [3710] [HailoRT] [info] [edge_elements.cpp:52] [create] Created (HwWriteEl2beach_robot/input_layer1 | hw_frame_size: 1228800)
[2026-04-28 17:14:01.920] [3710] [HailoRT] [info] [vstream.cpp:754] [InputVStreamImpl] Creating beach_robot/input_layer1...
[2026-04-28 17:14:01.920] [3710] [HailoRT] [info] [vstream_builder.cpp:102] [create_inputs] Input pipeline 'beach_robot/input_layer1': (HwWriteEl2beach_robot/input_layer1 | hw_frame_size: 1228800) >> HW
[2026-04-28 17:14:01.920] [3710] [HailoRT] [info] [edge_elements.cpp:287] [create] Created (HwReadEl0beach_robot/conv41 | hw_frame_size: 409600)
[2026-04-28 17:14:01.920] [3710] [HailoRT] [info] [queue_elements.cpp:657] [create] Created (PullQEl_hw_read0beach_robot/conv41)
[2026-04-28 17:14:01.920] [3710] [HailoRT] [info] [filter_elements.cpp:372] [create] Created (PostInferEl0beach_robot/conv41 | Quantization - src_type: UINT8, dst_type FLOAT32, limvals_min: -10.8307, limvals_max: 18.5504)
[2026-04-28 17:14:01.920] [3710] [HailoRT] [info] [queue_elements.cpp:800] [create] Created (UserBuffQEl0beach_robot/conv41 | timeout: 10s)
[2026-04-28 17:14:01.920] [3710] [HailoRT] [info] [vstream.cpp:1114] [OutputVStreamImpl] Creating beach_robot/conv41...
[2026-04-28 17:14:01.920] [3710] [HailoRT] [info] [vstream_builder.cpp:220] [create_outputs] Output pipeline 'beach_robot/conv41': HW >> (HwReadEl0beach_robot/conv41 | hw_frame_size: 409600) >> (PullQEl_hw_read0beach_robot/conv41) >> (PostInferEl0beach_robot/conv41 | Quantization - src_type: UINT8, dst_type FLOAT32, limvals_min: -10.8307, limvals_max: 18.5504) >> (UserBuffQEl0beach_robot/conv41 | timeout: 10s)
[2026-04-28 17:14:01.920] [3710] [HailoRT] [info] [edge_elements.cpp:287] [create] Created (HwReadEl7beach_robot/conv42 | hw_frame_size: 12800)
[2026-04-28 17:14:01.920] [3710] [HailoRT] [info] [queue_elements.cpp:657] [create] Created (PullQEl_hw_read7beach_robot/conv42)
[2026-04-28 17:14:01.920] [3710] [HailoRT] [info] [filter_elements.cpp:372] [create] Created (PostInferEl7beach_robot/conv42 | Quantization - src_type: UINT8, dst_type FLOAT32, limvals_min: -25.6857, limvals_max: 0)
[2026-04-28 17:14:01.920] [3710] [HailoRT] [info] [queue_elements.cpp:800] [create] Created (UserBuffQEl7beach_robot/conv42 | timeout: 10s)
[2026-04-28 17:14:01.920] [3710] [HailoRT] [info] [vstream.cpp:1114] [OutputVStreamImpl] Creating beach_robot/conv42...
[2026-04-28 17:14:01.920] [3710] [HailoRT] [info] [vstream_builder.cpp:220] [create_outputs] Output pipeline 'beach_robot/conv42': HW >> (HwReadEl7beach_robot/conv42 | hw_frame_size: 12800) >> (PullQEl_hw_read7beach_robot/conv42) >> (PostInferEl7beach_robot/conv42 | Quantization - src_type: UINT8, dst_type FLOAT32, limvals_min: -25.6857, limvals_max: 0) >> (UserBuffQEl7beach_robot/conv42 | timeout: 10s)
[2026-04-28 17:14:01.920] [3710] [HailoRT] [info] [edge_elements.cpp:287] [create] Created (HwReadEl3beach_robot/conv52 | hw_frame_size: 102400)
[2026-04-28 17:14:01.921] [3710] [HailoRT] [info] [queue_elements.cpp:657] [create] Created (PullQEl_hw_read3beach_robot/conv52)
[2026-04-28 17:14:01.921] [3710] [HailoRT] [info] [filter_elements.cpp:372] [create] Created (PostInferEl3beach_robot/conv52 | Quantization - src_type: UINT8, dst_type FLOAT32, limvals_min: -6.53754, limvals_max: 19.9239)
[2026-04-28 17:14:01.921] [3710] [HailoRT] [info] [queue_elements.cpp:800] [create] Created (UserBuffQEl3beach_robot/conv52 | timeout: 10s)
[2026-04-28 17:14:01.921] [3710] [HailoRT] [info] [vstream.cpp:1114] [OutputVStreamImpl] Creating beach_robot/conv52...
[2026-04-28 17:14:01.921] [3710] [HailoRT] [info] [vstream_builder.cpp:220] [create_outputs] Output pipeline 'beach_robot/conv52': HW >> (HwReadEl3beach_robot/conv52 | hw_frame_size: 102400) >> (PullQEl_hw_read3beach_robot/conv52) >> (PostInferEl3beach_robot/conv52 | Quantization - src_type: UINT8, dst_type FLOAT32, limvals_min: -6.53754, limvals_max: 19.9239) >> (UserBuffQEl3beach_robot/conv52 | timeout: 10s)
[2026-04-28 17:14:01.921] [3710] [HailoRT] [info] [edge_elements.cpp:287] [create] Created (HwReadEl1beach_robot/conv53 | hw_frame_size: 3200)
[2026-04-28 17:14:01.921] [3710] [HailoRT] [info] [queue_elements.cpp:657] [create] Created (PullQEl_hw_read1beach_robot/conv53)
[2026-04-28 17:14:01.921] [3710] [HailoRT] [info] [filter_elements.cpp:372] [create] Created (PostInferEl1beach_robot/conv53 | Quantization - src_type: UINT8, dst_type FLOAT32, limvals_min: -15.7441, limvals_max: 0)
[2026-04-28 17:14:01.921] [3710] [HailoRT] [info] [queue_elements.cpp:800] [create] Created (UserBuffQEl1beach_robot/conv53 | timeout: 10s)
[2026-04-28 17:14:01.921] [3710] [HailoRT] [info] [vstream.cpp:1114] [OutputVStreamImpl] Creating beach_robot/conv53...
[2026-04-28 17:14:01.921] [3710] [HailoRT] [info] [vstream_builder.cpp:220] [create_outputs] Output pipeline 'beach_robot/conv53': HW >> (HwReadEl1beach_robot/conv53 | hw_frame_size: 3200) >> (PullQEl_hw_read1beach_robot/conv53) >> (PostInferEl1beach_robot/conv53 | Quantization - src_type: UINT8, dst_type FLOAT32, limvals_min: -15.7441, limvals_max: 0) >> (UserBuffQEl1beach_robot/conv53 | timeout: 10s)
[2026-04-28 17:14:01.921] [3710] [HailoRT] [info] [edge_elements.cpp:287] [create] Created (HwReadEl2beach_robot/conv62 | hw_frame_size: 25600)
[2026-04-28 17:14:01.921] [3710] [HailoRT] [info] [queue_elements.cpp:657] [create] Created (PullQEl_hw_read2beach_robot/conv62)
[2026-04-28 17:14:01.921] [3710] [HailoRT] [info] [filter_elements.cpp:372] [create] Created (PostInferEl2beach_robot/conv62 | Quantization - src_type: UINT8, dst_type FLOAT32, limvals_min: -8.27399, limvals_max: 14.6594)
[2026-04-28 17:14:01.921] [3710] [HailoRT] [info] [queue_elements.cpp:800] [create] Created (UserBuffQEl2beach_robot/conv62 | timeout: 10s)
[2026-04-28 17:14:01.921] [3710] [HailoRT] [info] [vstream.cpp:1114] [OutputVStreamImpl] Creating beach_robot/conv62...
[2026-04-28 17:14:01.921] [3710] [HailoRT] [info] [vstream_builder.cpp:220] [create_outputs] Output pipeline 'beach_robot/conv62': HW >> (HwReadEl2beach_robot/conv62 | hw_frame_size: 25600) >> (PullQEl_hw_read2beach_robot/conv62) >> (PostInferEl2beach_robot/conv62 | Quantization - src_type: UINT8, dst_type FLOAT32, limvals_min: -8.27399, limvals_max: 14.6594) >> (UserBuffQEl2beach_robot/conv62 | timeout: 10s)
[2026-04-28 17:14:01.921] [3710] [HailoRT] [info] [edge_elements.cpp:287] [create] Created (HwReadEl0beach_robot/conv63 | hw_frame_size: 3200)
[2026-04-28 17:14:01.921] [3710] [HailoRT] [info] [queue_elements.cpp:657] [create] Created (PullQEl_hw_read0beach_robot/conv63)
[2026-04-28 17:14:01.921] [3710] [HailoRT] [info] [filter_elements.cpp:372] [create] Created (PostInferEl0beach_robot/conv63 | Quantization - src_type: UINT8, dst_type FLOAT32, limvals_min: -15.2921, limvals_max: 1.44388 | Reorder - src_order: FCR, src_shape: (20, 20, 8), dst_order: FCR, dst_shape: (20, 20, 2))
[2026-04-28 17:14:01.921] [3710] [HailoRT] [info] [queue_elements.cpp:800] [create] Created (UserBuffQEl0beach_robot/conv63 | timeout: 10s)
[2026-04-28 17:14:01.921] [3710] [HailoRT] [info] [vstream.cpp:1114] [OutputVStreamImpl] Creating beach_robot/conv63...
[2026-04-28 17:14:01.921] [3710] [HailoRT] [info] [vstream_builder.cpp:220] [create_outputs] Output pipeline 'beach_robot/conv63': HW >> (HwReadEl0beach_robot/conv63 | hw_frame_size: 3200) >> (PullQEl_hw_read0beach_robot/conv63) >> (PostInferEl0beach_robot/conv63 | Quantization - src_type: UINT8, dst_type FLOAT32, limvals_min: -15.2921, limvals_max: 1.44388 | Reorder - src_order: FCR, src_shape: (20, 20, 8), dst_order: FCR, dst_shape: (20, 20, 2)) >> (UserBuffQEl0beach_robot/conv63 | timeout: 10s)
[2026-04-28 17:14:01.922] [3710] [HailoRT] [info] [core_op.cpp:156] [activate] Activating beach_robot took 0.531283 milliseconds. Note that the function is asynchronous and thus the network is not fully activated yet.
[2026-04-28 17:14:01.922] [3710] [HailoRT] [info] [core_op.cpp:156] [activate] Activating beach_robot took 0.54058 milliseconds. Note that the function is asynchronous and thus the network is not fully activated yet.
[2026-04-28 17:14:01.941] [5805] [HailoRT] [info] [vdevice_native_stream.cpp:331] [read_impl] Failed read from stream HAILO_STREAM_NOT_ACTIVATED(72) (device: 0001:01:00.0)
[2026-04-28 17:14:01.941] [5811] [HailoRT] [info] [vdevice_native_stream.cpp:331] [read_impl] Failed read from stream HAILO_STREAM_NOT_ACTIVATED(72) (device: 0001:01:00.0)
[2026-04-28 17:14:01.941] [5809] [HailoRT] [info] [vdevice_native_stream.cpp:331] [read_impl] Failed read from stream HAILO_STREAM_NOT_ACTIVATED(72) (device: 0001:01:00.0)
[2026-04-28 17:14:01.941] [5803] [HailoRT] [info] [vdevice_native_stream.cpp:331] [read_impl] Failed read from stream HAILO_STREAM_NOT_ACTIVATED(72) (device: 0001:01:00.0)
[2026-04-28 17:14:01.941] [5813] [HailoRT] [info] [vdevice_native_stream.cpp:331] [read_impl] Failed read from stream HAILO_STREAM_NOT_ACTIVATED(72) (device: 0001:01:00.0)
[2026-04-28 17:14:01.941] [5807] [HailoRT] [info] [vdevice_native_stream.cpp:331] [read_impl] Failed read from stream HAILO_STREAM_NOT_ACTIVATED(72) (device: 0001:01:00.0)
[2026-04-28 17:14:01.941] [3710] [HailoRT] [info] [core_op.cpp:186] [deactivate] Deactivating took 0.516228 ms
[2026-04-28 17:14:01.941] [3710] [HailoRT] [info] [core_op.cpp:186] [deactivate] Deactivating took 0.526394 ms
[2026-04-28 17:14:01.941] [5803] [HailoRT] [info] [queue_elements.cpp:734] [run_in_thread] Shutdown event was signaled in run_pull of queue element PullQEl_hw_read0beach_robot/conv41!
[2026-04-28 17:14:01.941] [5804] [HailoRT] [info] [queue_elements.cpp:855] [run_in_thread] Shutdown event was signaled in dequeue of UserBuffQEl0beach_robot/conv41!
[2026-04-28 17:14:01.941] [5803] [HailoRT] [info] [queue_elements.cpp:68] [operator()] Thread in element PullQEl_hw_read0beach_robot/conv41 is not running anymore, exiting..
[2026-04-28 17:14:01.941] [3710] [HailoRT] [info] [queue_elements.cpp:46] [~BaseQueueElement] Queue element PullQEl_hw_read0beach_robot/conv41 has 0 frames in his Queue on destruction
[2026-04-28 17:14:01.941] [5804] [HailoRT] [info] [queue_elements.cpp:68] [operator()] Thread in element UserBuffQEl0beach_robot/conv41 is not running anymore, exiting..
[2026-04-28 17:14:01.941] [3710] [HailoRT] [info] [queue_elements.cpp:46] [~BaseQueueElement] Queue element UserBuffQEl0beach_robot/conv41 has 0 frames in his Queue on destruction
[2026-04-28 17:14:01.941] [5805] [HailoRT] [info] [queue_elements.cpp:734] [run_in_thread] Shutdown event was signaled in run_pull of queue element PullQEl_hw_read7beach_robot/conv42!
[2026-04-28 17:14:01.941] [5806] [HailoRT] [info] [queue_elements.cpp:855] [run_in_thread] Shutdown event was signaled in dequeue of UserBuffQEl7beach_robot/conv42!
[2026-04-28 17:14:01.941] [5805] [HailoRT] [info] [queue_elements.cpp:68] [operator()] Thread in element PullQEl_hw_read7beach_robot/conv42 is not running anymore, exiting..
[2026-04-28 17:14:01.941] [3710] [HailoRT] [info] [queue_elements.cpp:46] [~BaseQueueElement] Queue element PullQEl_hw_read7beach_robot/conv42 has 0 frames in his Queue on destruction
[2026-04-28 17:14:01.941] [5806] [HailoRT] [info] [queue_elements.cpp:68] [operator()] Thread in element UserBuffQEl7beach_robot/conv42 is not running anymore, exiting..
[2026-04-28 17:14:01.941] [3710] [HailoRT] [info] [queue_elements.cpp:46] [~BaseQueueElement] Queue element UserBuffQEl7beach_robot/conv42 has 0 frames in his Queue on destruction
[2026-04-28 17:14:01.941] [5808] [HailoRT] [info] [queue_elements.cpp:855] [run_in_thread] Shutdown event was signaled in dequeue of UserBuffQEl3beach_robot/conv52!
[2026-04-28 17:14:01.941] [5807] [HailoRT] [info] [queue_elements.cpp:734] [run_in_thread] Shutdown event was signaled in run_pull of queue element PullQEl_hw_read3beach_robot/conv52!
[2026-04-28 17:14:01.942] [3710] [HailoRT] [info] [queue_elements.cpp:46] [~BaseQueueElement] Queue element PullQEl_hw_read3beach_robot/conv52 has 0 frames in his Queue on destruction
[2026-04-28 17:14:01.942] [5808] [HailoRT] [info] [queue_elements.cpp:68] [operator()] Thread in element UserBuffQEl3beach_robot/conv52 is not running anymore, exiting..
[2026-04-28 17:14:01.942] [3710] [HailoRT] [info] [queue_elements.cpp:46] [~BaseQueueElement] Queue element UserBuffQEl3beach_robot/conv52 has 0 frames in his Queue on destruction
[2026-04-28 17:14:01.942] [5810] [HailoRT] [info] [queue_elements.cpp:855] [run_in_thread] Shutdown event was signaled in dequeue of UserBuffQEl1beach_robot/conv53!
[2026-04-28 17:14:01.942] [5809] [HailoRT] [info] [queue_elements.cpp:734] [run_in_thread] Shutdown event was signaled in run_pull of queue element PullQEl_hw_read1beach_robot/conv53!
[2026-04-28 17:14:01.942] [5809] [HailoRT] [info] [queue_elements.cpp:68] [operator()] Thread in element PullQEl_hw_read1beach_robot/conv53 is not running anymore, exiting..
[2026-04-28 17:14:01.942] [3710] [HailoRT] [info] [queue_elements.cpp:46] [~BaseQueueElement] Queue element PullQEl_hw_read1beach_robot/conv53 has 0 frames in his Queue on destruction
[2026-04-28 17:14:01.942] [5810] [HailoRT] [info] [queue_elements.cpp:68] [operator()] Thread in element UserBuffQEl1beach_robot/conv53 is not running anymore, exiting..
[2026-04-28 17:14:01.942] [3710] [HailoRT] [info] [queue_elements.cpp:46] [~BaseQueueElement] Queue element UserBuffQEl1beach_robot/conv53 has 0 frames in his Queue on destruction
[2026-04-28 17:14:01.942] [5811] [HailoRT] [info] [queue_elements.cpp:734] [run_in_thread] Shutdown event was signaled in run_pull of queue element PullQEl_hw_read2beach_robot/conv62!
[2026-04-28 17:14:01.942] [5812] [HailoRT] [info] [queue_elements.cpp:855] [run_in_thread] Shutdown event was signaled in dequeue of UserBuffQEl2beach_robot/conv62!
[2026-04-28 17:14:01.942] [5811] [HailoRT] [info] [queue_elements.cpp:68] [operator()] Thread in element PullQEl_hw_read2beach_robot/conv62 is not running anymore, exiting..
[2026-04-28 17:14:01.942] [3710] [HailoRT] [info] [queue_elements.cpp:46] [~BaseQueueElement] Queue element PullQEl_hw_read2beach_robot/conv62 has 0 frames in his Queue on destruction
[2026-04-28 17:14:01.942] [5812] [HailoRT] [info] [queue_elements.cpp:68] [operator()] Thread in element UserBuffQEl2beach_robot/conv62 is not running anymore, exiting..
[2026-04-28 17:14:01.942] [3710] [HailoRT] [info] [queue_elements.cpp:46] [~BaseQueueElement] Queue element UserBuffQEl2beach_robot/conv62 has 0 frames in his Queue on destruction
[2026-04-28 17:14:01.942] [5813] [HailoRT] [info] [queue_elements.cpp:734] [run_in_thread] Shutdown event was signaled in run_pull of queue element PullQEl_hw_read0beach_robot/conv63!
[2026-04-28 17:14:01.942] [5814] [HailoRT] [info] [queue_elements.cpp:855] [run_in_thread] Shutdown event was signaled in dequeue of UserBuffQEl0beach_robot/conv63!
[2026-04-28 17:14:01.942] [5813] [HailoRT] [info] [queue_elements.cpp:68] [operator()] Thread in element PullQEl_hw_read0beach_robot/conv63 is not running anymore, exiting..
[2026-04-28 17:14:01.942] [3710] [HailoRT] [info] [queue_elements.cpp:46] [~BaseQueueElement] Queue element PullQEl_hw_read0beach_robot/conv63 has 0 frames in his Queue on destruction
[2026-04-28 17:14:01.942] [5814] [HailoRT] [info] [queue_elements.cpp:68] [operator()] Thread in element UserBuffQEl0beach_robot/conv63 is not running anymore, exiting..
[2026-04-28 17:14:01.942] [3710] [HailoRT] [info] [queue_elements.cpp:46] [~BaseQueueElement] Queue element UserBuffQEl0beach_robot/conv63 has 0 frames in his Queue on destruction
[2026-04-28 17:14:02.241] [3710] [HailoRT] [info] [edge_elements.cpp:52] [create] Created (HwWriteEl2beach_robot/input_layer1 | hw_frame_size: 1228800)
[2026-04-28 17:14:02.241] [3710] [HailoRT] [info] [vstream.cpp:754] [InputVStreamImpl] Creating beach_robot/input_layer1...
[2026-04-28 17:14:02.241] [3710] [HailoRT] [info] [vstream_builder.cpp:102] [create_inputs] Input pipeline 'beach_robot/input_layer1': (HwWriteEl2beach_robot/input_layer1 | hw_frame_size: 1228800) >> HW
[2026-04-28 17:14:02.241] [3710] [HailoRT] [info] [edge_elements.cpp:287] [create] Created (HwReadEl0beach_robot/conv41 | hw_frame_size: 409600)
[2026-04-28 17:14:02.242] [3710] [HailoRT] [info] [queue_elements.cpp:657] [create] Created (PullQEl_hw_read0beach_robot/conv41)
[2026-04-28 17:14:02.242] [3710] [HailoRT] [info] [filter_elements.cpp:372] [create] Created (PostInferEl0beach_robot/conv41 | Quantization - src_type: UINT8, dst_type FLOAT32, limvals_min: -10.8307, limvals_max: 18.5504)
[2026-04-28 17:14:02.242] [3710] [HailoRT] [info] [queue_elements.cpp:800] [create] Created (UserBuffQEl0beach_robot/conv41 | timeout: 10s)
[2026-04-28 17:14:02.242] [3710] [HailoRT] [info] [vstream.cpp:1114] [OutputVStreamImpl] Creating beach_robot/conv41...
[2026-04-28 17:14:02.242] [3710] [HailoRT] [info] [vstream_builder.cpp:220] [create_outputs] Output pipeline 'beach_robot/conv41': HW >> (HwReadEl0beach_robot/conv41 | hw_frame_size: 409600) >> (PullQEl_hw_read0beach_robot/conv41) >> (PostInferEl0beach_robot/conv41 | Quantization - src_type: UINT8, dst_type FLOAT32, limvals_min: -10.8307, limvals_max: 18.5504) >> (UserBuffQEl0beach_robot/conv41 | timeout: 10s)
[2026-04-28 17:14:02.242] [3710] [HailoRT] [info] [edge_elements.cpp:287] [create] Created (HwReadEl7beach_robot/conv42 | hw_frame_size: 12800)
[2026-04-28 17:14:02.242] [3710] [HailoRT] [info] [queue_elements.cpp:657] [create] Created (PullQEl_hw_read7beach_robot/conv42)
[2026-04-28 17:14:02.242] [3710] [HailoRT] [info] [filter_elements.cpp:372] [create] Created (PostInferEl7beach_robot/conv42 | Quantization - src_type: UINT8, dst_type FLOAT32, limvals_min: -25.6857, limvals_max: 0)
[2026-04-28 17:14:02.242] [3710] [HailoRT] [info] [queue_elements.cpp:800] [create] Created (UserBuffQEl7beach_robot/conv42 | timeout: 10s)
[2026-04-28 17:14:02.242] [3710] [HailoRT] [info] [vstream.cpp:1114] [OutputVStreamImpl] Creating beach_robot/conv42...
[2026-04-28 17:14:02.242] [3710] [HailoRT] [info] [vstream_builder.cpp:220] [create_outputs] Output pipeline 'beach_robot/conv42': HW >> (HwReadEl7beach_robot/conv42 | hw_frame_size: 12800) >> (PullQEl_hw_read7beach_robot/conv42) >> (PostInferEl7beach_robot/conv42 | Quantization - src_type: UINT8, dst_type FLOAT32, limvals_min: -25.6857, limvals_max: 0) >> (UserBuffQEl7beach_robot/conv42 | timeout: 10s)
[2026-04-28 17:14:02.242] [3710] [HailoRT] [info] [edge_elements.cpp:287] [create] Created (HwReadEl3beach_robot/conv52 | hw_frame_size: 102400)
[2026-04-28 17:14:02.242] [3710] [HailoRT] [info] [queue_elements.cpp:657] [create] Created (PullQEl_hw_read3beach_robot/conv52)
[2026-04-28 17:14:02.242] [3710] [HailoRT] [info] [filter_elements.cpp:372] [create] Created (PostInferEl3beach_robot/conv52 | Quantization - src_type: UINT8, dst_type FLOAT32, limvals_min: -6.53754, limvals_max: 19.9239)
[2026-04-28 17:14:02.242] [3710] [HailoRT] [info] [queue_elements.cpp:800] [create] Created (UserBuffQEl3beach_robot/conv52 | timeout: 10s)
[2026-04-28 17:14:02.242] [3710] [HailoRT] [info] [vstream.cpp:1114] [OutputVStreamImpl] Creating beach_robot/conv52...
[2026-04-28 17:14:02.242] [3710] [HailoRT] [info] [vstream_builder.cpp:220] [create_outputs] Output pipeline 'beach_robot/conv52': HW >> (HwReadEl3beach_robot/conv52 | hw_frame_size: 102400) >> (PullQEl_hw_read3beach_robot/conv52) >> (PostInferEl3beach_robot/conv52 | Quantization - src_type: UINT8, dst_type FLOAT32, limvals_min: -6.53754, limvals_max: 19.9239) >> (UserBuffQEl3beach_robot/conv52 | timeout: 10s)
[2026-04-28 17:14:02.242] [3710] [HailoRT] [info] [edge_elements.cpp:287] [create] Created (HwReadEl1beach_robot/conv53 | hw_frame_size: 3200)
[2026-04-28 17:14:02.242] [3710] [HailoRT] [info] [queue_elements.cpp:657] [create] Created (PullQEl_hw_read1beach_robot/conv53)
[2026-04-28 17:14:02.242] [3710] [HailoRT] [info] [filter_elements.cpp:372] [create] Created (PostInferEl1beach_robot/conv53 | Quantization - src_type: UINT8, dst_type FLOAT32, limvals_min: -15.7441, limvals_max: 0)
[2026-04-28 17:14:02.242] [3710] [HailoRT] [info] [queue_elements.cpp:800] [create] Created (UserBuffQEl1beach_robot/conv53 | timeout: 10s)
[2026-04-28 17:14:02.242] [3710] [HailoRT] [info] [vstream.cpp:1114] [OutputVStreamImpl] Creating beach_robot/conv53...
[2026-04-28 17:14:02.242] [3710] [HailoRT] [info] [vstream_builder.cpp:220] [create_outputs] Output pipeline 'beach_robot/conv53': HW >> (HwReadEl1beach_robot/conv53 | hw_frame_size: 3200) >> (PullQEl_hw_read1beach_robot/conv53) >> (PostInferEl1beach_robot/conv53 | Quantization - src_type: UINT8, dst_type FLOAT32, limvals_min: -15.7441, limvals_max: 0) >> (UserBuffQEl1beach_robot/conv53 | timeout: 10s)
[2026-04-28 17:14:02.242] [3710] [HailoRT] [info] [edge_elements.cpp:287] [create] Created (HwReadEl2beach_robot/conv62 | hw_frame_size: 25600)
[2026-04-28 17:14:02.242] [3710] [HailoRT] [info] [queue_elements.cpp:657] [create] Created (PullQEl_hw_read2beach_robot/conv62)
[2026-04-28 17:14:02.242] [3710] [HailoRT] [info] [filter_elements.cpp:372] [create] Created (PostInferEl2beach_robot/conv62 | Quantization - src_type: UINT8, dst_type FLOAT32, limvals_min: -8.27399, limvals_max: 14.6594)
[2026-04-28 17:14:02.242] [3710] [HailoRT] [info] [queue_elements.cpp:800] [create] Created (UserBuffQEl2beach_robot/conv62 | timeout: 10s)
[2026-04-28 17:14:02.242] [3710] [HailoRT] [info] [vstream.cpp:1114] [OutputVStreamImpl] Creating beach_robot/conv62...
[2026-04-28 17:14:02.242] [3710] [HailoRT] [info] [vstream_builder.cpp:220] [create_outputs] Output pipeline 'beach_robot/conv62': HW >> (HwReadEl2beach_robot/conv62 | hw_frame_size: 25600) >> (PullQEl_hw_read2beach_robot/conv62) >> (PostInferEl2beach_robot/conv62 | Quantization - src_type: UINT8, dst_type FLOAT32, limvals_min: -8.27399, limvals_max: 14.6594) >> (UserBuffQEl2beach_robot/conv62 | timeout: 10s)
[2026-04-28 17:14:02.242] [3710] [HailoRT] [info] [edge_elements.cpp:287] [create] Created (HwReadEl0beach_robot/conv63 | hw_frame_size: 3200)
[2026-04-28 17:14:02.242] [3710] [HailoRT] [info] [queue_elements.cpp:657] [create] Created (PullQEl_hw_read0beach_robot/conv63)
[2026-04-28 17:14:02.242] [3710] [HailoRT] [info] [filter_elements.cpp:372] [create] Created (PostInferEl0beach_robot/conv63 | Quantization - src_type: UINT8, dst_type FLOAT32, limvals_min: -15.2921, limvals_max: 1.44388 | Reorder - src_order: FCR, src_shape: (20, 20, 8), dst_order: FCR, dst_shape: (20, 20, 2))
[2026-04-28 17:14:02.242] [3710] [HailoRT] [info] [queue_elements.cpp:800] [create] Created (UserBuffQEl0beach_robot/conv63 | timeout: 10s)
[2026-04-28 17:14:02.242] [3710] [HailoRT] [info] [vstream.cpp:1114] [OutputVStreamImpl] Creating beach_robot/conv63...
[2026-04-28 17:14:02.242] [3710] [HailoRT] [info] [vstream_builder.cpp:220] [create_outputs] Output pipeline 'beach_robot/conv63': HW >> (HwReadEl0beach_robot/conv63 | hw_frame_size: 3200) >> (PullQEl_hw_read0beach_robot/conv63) >> (PostInferEl0beach_robot/conv63 | Quantization - src_type: UINT8, dst_type FLOAT32, limvals_min: -15.2921, limvals_max: 1.44388 | Reorder - src_order: FCR, src_shape: (20, 20, 8), dst_order: FCR, dst_shape: (20, 20, 2)) >> (UserBuffQEl0beach_robot/conv63 | timeout: 10s)
[2026-04-28 17:14:02.243] [3710] [HailoRT] [info] [core_op.cpp:156] [activate] Activating beach_robot took 0.525451 milliseconds. Note that the function is asynchronous and thus the network is not fully activated yet.
[2026-04-28 17:14:02.243] [3710] [HailoRT] [info] [core_op.cpp:156] [activate] Activating beach_robot took 0.546468 milliseconds. Note that the function is asynchronous and thus the network is not fully activated yet.
[2026-04-28 17:14:02.262] [5822] [HailoRT] [info] [vdevice_native_stream.cpp:331] [read_impl] Failed read from stream HAILO_STREAM_NOT_ACTIVATED(72) (device: 0001:01:00.0)
[2026-04-28 17:14:02.262] [5826] [HailoRT] [info] [vdevice_native_stream.cpp:331] [read_impl] Failed read from stream HAILO_STREAM_NOT_ACTIVATED(72) (device: 0001:01:00.0)
[2026-04-28 17:14:02.262] [5828] [HailoRT] [info] [vdevice_native_stream.cpp:331] [read_impl] Failed read from stream HAILO_STREAM_NOT_ACTIVATED(72) (device: 0001:01:00.0)
[2026-04-28 17:14:02.262] [5832] [HailoRT] [info] [vdevice_native_stream.cpp:331] [read_impl] Failed read from stream HAILO_STREAM_NOT_ACTIVATED(72) (device: 0001:01:00.0)
[2026-04-28 17:14:02.262] [5824] [HailoRT] [info] [vdevice_native_stream.cpp:331] [read_impl] Failed read from stream HAILO_STREAM_NOT_ACTIVATED(72) (device: 0001:01:00.0)
[2026-04-28 17:14:02.262] [5830] [HailoRT] [info] [vdevice_native_stream.cpp:331] [read_impl] Failed read from stream HAILO_STREAM_NOT_ACTIVATED(72) (device: 0001:01:00.0)
[2026-04-28 17:14:02.263] [3710] [HailoRT] [info] [core_op.cpp:186] [deactivate] Deactivating took 0.526395 ms
[2026-04-28 17:14:02.263] [3710] [HailoRT] [info] [core_op.cpp:186] [deactivate] Deactivating took 0.53782 ms
[2026-04-28 17:14:02.263] [5822] [HailoRT] [info] [queue_elements.cpp:734] [run_in_thread] Shutdown event was signaled in run_pull of queue element PullQEl_hw_read0beach_robot/conv41!
[2026-04-28 17:14:02.263] [5823] [HailoRT] [info] [queue_elements.cpp:855] [run_in_thread] Shutdown event was signaled in dequeue of UserBuffQEl0beach_robot/conv41!
[2026-04-28 17:14:02.263] [5822] [HailoRT] [info] [queue_elements.cpp:68] [operator()] Thread in element PullQEl_hw_read0beach_robot/conv41 is not running anymore, exiting..
[2026-04-28 17:14:02.263] [3710] [HailoRT] [info] [queue_elements.cpp:46] [~BaseQueueElement] Queue element PullQEl_hw_read0beach_robot/conv41 has 0 frames in his Queue on destruction
[2026-04-28 17:14:02.263] [5823] [HailoRT] [info] [queue_elements.cpp:68] [operator()] Thread in element UserBuffQEl0beach_robot/conv41 is not running anymore, exiting..
[2026-04-28 17:14:02.263] [3710] [HailoRT] [info] [queue_elements.cpp:46] [~BaseQueueElement] Queue element UserBuffQEl0beach_robot/conv41 has 0 frames in his Queue on destruction
[2026-04-28 17:14:02.263] [5824] [HailoRT] [info] [queue_elements.cpp:734] [run_in_thread] Shutdown event was signaled in run_pull of queue element PullQEl_hw_read7beach_robot/conv42!
[2026-04-28 17:14:02.263] [5825] [HailoRT] [info] [queue_elements.cpp:855] [run_in_thread] Shutdown event was signaled in dequeue of UserBuffQEl7beach_robot/conv42!
[2026-04-28 17:14:02.263] [5824] [HailoRT] [info] [queue_elements.cpp:68] [operator()] Thread in element PullQEl_hw_read7beach_robot/conv42 is not running anymore, exiting..
[2026-04-28 17:14:02.263] [3710] [HailoRT] [info] [queue_elements.cpp:46] [~BaseQueueElement] Queue element PullQEl_hw_read7beach_robot/conv42 has 0 frames in his Queue on destruction
[2026-04-28 17:14:02.263] [5825] [HailoRT] [info] [queue_elements.cpp:68] [operator()] Thread in element UserBuffQEl7beach_robot/conv42 is not running anymore, exiting..
[2026-04-28 17:14:02.263] [3710] [HailoRT] [info] [queue_elements.cpp:46] [~BaseQueueElement] Queue element UserBuffQEl7beach_robot/conv42 has 0 frames in his Queue on destruction
[2026-04-28 17:14:02.263] [5826] [HailoRT] [info] [queue_elements.cpp:734] [run_in_thread] Shutdown event was signaled in run_pull of queue element PullQEl_hw_read3beach_robot/conv52!
[2026-04-28 17:14:02.263] [5827] [HailoRT] [info] [queue_elements.cpp:855] [run_in_thread] Shutdown event was signaled in dequeue of UserBuffQEl3beach_robot/conv52!
[2026-04-28 17:14:02.263] [5826] [HailoRT] [info] [queue_elements.cpp:68] [operator()] Thread in element PullQEl_hw_read3beach_robot/conv52 is not running anymore, exiting..
[2026-04-28 17:14:02.263] [3710] [HailoRT] [info] [queue_elements.cpp:46] [~BaseQueueElement] Queue element PullQEl_hw_read3beach_robot/conv52 has 0 frames in his Queue on destruction
[2026-04-28 17:14:02.263] [5827] [HailoRT] [info] [queue_elements.cpp:68] [operator()] Thread in element UserBuffQEl3beach_robot/conv52 is not running anymore, exiting..
[2026-04-28 17:14:02.263] [3710] [HailoRT] [info] [queue_elements.cpp:46] [~BaseQueueElement] Queue element UserBuffQEl3beach_robot/conv52 has 0 frames in his Queue on destruction
[2026-04-28 17:14:02.263] [5828] [HailoRT] [info] [queue_elements.cpp:734] [run_in_thread] Shutdown event was signaled in run_pull of queue element PullQEl_hw_read1beach_robot/conv53!
[2026-04-28 17:14:02.263] [5829] [HailoRT] [info] [queue_elements.cpp:855] [run_in_thread] Shutdown event was signaled in dequeue of UserBuffQEl1beach_robot/conv53!
[2026-04-28 17:14:02.263] [5828] [HailoRT] [info] [queue_elements.cpp:68] [operator()] Thread in element PullQEl_hw_read1beach_robot/conv53 is not running anymore, exiting..
[2026-04-28 17:14:02.263] [3710] [HailoRT] [info] [queue_elements.cpp:46] [~BaseQueueElement] Queue element PullQEl_hw_read1beach_robot/conv53 has 0 frames in his Queue on destruction
[2026-04-28 17:14:02.263] [5829] [HailoRT] [info] [queue_elements.cpp:68] [operator()] Thread in element UserBuffQEl1beach_robot/conv53 is not running anymore, exiting..
[2026-04-28 17:14:02.263] [3710] [HailoRT] [info] [queue_elements.cpp:46] [~BaseQueueElement] Queue element UserBuffQEl1beach_robot/conv53 has 0 frames in his Queue on destruction
[2026-04-28 17:14:02.263] [5830] [HailoRT] [info] [queue_elements.cpp:734] [run_in_thread] Shutdown event was signaled in run_pull of queue element PullQEl_hw_read2beach_robot/conv62!
[2026-04-28 17:14:02.263] [5831] [HailoRT] [info] [queue_elements.cpp:855] [run_in_thread] Shutdown event was signaled in dequeue of UserBuffQEl2beach_robot/conv62!
[2026-04-28 17:14:02.263] [5830] [HailoRT] [info] [queue_elements.cpp:68] [operator()] Thread in element PullQEl_hw_read2beach_robot/conv62 is not running anymore, exiting..
[2026-04-28 17:14:02.263] [3710] [HailoRT] [info] [queue_elements.cpp:46] [~BaseQueueElement] Queue element PullQEl_hw_read2beach_robot/conv62 has 0 frames in his Queue on destruction
[2026-04-28 17:14:02.263] [5831] [HailoRT] [info] [queue_elements.cpp:68] [operator()] Thread in element UserBuffQEl2beach_robot/conv62 is not running anymore, exiting..
[2026-04-28 17:14:02.263] [3710] [HailoRT] [info] [queue_elements.cpp:46] [~BaseQueueElement] Queue element UserBuffQEl2beach_robot/conv62 has 0 frames in his Queue on destruction
[2026-04-28 17:14:02.263] [5832] [HailoRT] [info] [queue_elements.cpp:734] [run_in_thread] Shutdown event was signaled in run_pull of queue element PullQEl_hw_read0beach_robot/conv63!
[2026-04-28 17:14:02.263] [5833] [HailoRT] [info] [queue_elements.cpp:855] [run_in_thread] Shutdown event was signaled in dequeue of UserBuffQEl0beach_robot/conv63!
[2026-04-28 17:14:02.263] [5832] [HailoRT] [info] [queue_elements.cpp:68] [operator()] Thread in element PullQEl_hw_read0beach_robot/conv63 is not running anymore, exiting..
[2026-04-28 17:14:02.263] [3710] [HailoRT] [info] [queue_elements.cpp:46] [~BaseQueueElement] Queue element PullQEl_hw_read0beach_robot/conv63 has 0 frames in his Queue on destruction
[2026-04-28 17:14:02.263] [5833] [HailoRT] [info] [queue_elements.cpp:68] [operator()] Thread in element UserBuffQEl0beach_robot/conv63 is not running anymore, exiting..
[2026-04-28 17:14:02.263] [3710] [HailoRT] [info] [queue_elements.cpp:46] [~BaseQueueElement] Queue element UserBuffQEl0beach_robot/conv63 has 0 frames in his Queue on destruction
[2026-04-28 17:14:02.561] [3710] [HailoRT] [info] [edge_elements.cpp:52] [create] Created (HwWriteEl2beach_robot/input_layer1 | hw_frame_size: 1228800)
[2026-04-28 17:14:02.561] [3710] [HailoRT] [info] [vstream.cpp:754] [InputVStreamImpl] Creating beach_robot/input_layer1...
[2026-04-28 17:14:02.561] [3710] [HailoRT] [info] [vstream_builder.cpp:102] [create_inputs] Input pipeline 'beach_robot/input_layer1': (HwWriteEl2beach_robot/input_layer1 | hw_frame_size: 1228800) >> HW
[2026-04-28 17:14:02.561] [3710] [HailoRT] [info] [edge_elements.cpp:287] [create] Created (HwReadEl0beach_robot/conv41 | hw_frame_size: 409600)
[2026-04-28 17:14:02.562] [3710] [HailoRT] [info] [queue_elements.cpp:657] [create] Created (PullQEl_hw_read0beach_robot/conv41)
[2026-04-28 17:14:02.562] [3710] [HailoRT] [info] [filter_elements.cpp:372] [create] Created (PostInferEl0beach_robot/conv41 | Quantization - src_type: UINT8, dst_type FLOAT32, limvals_min: -10.8307, limvals_max: 18.5504)
[2026-04-28 17:14:02.562] [3710] [HailoRT] [info] [queue_elements.cpp:800] [create] Created (UserBuffQEl0beach_robot/conv41 | timeout: 10s)
[2026-04-28 17:14:02.562] [3710] [HailoRT] [info] [vstream.cpp:1114] [OutputVStreamImpl] Creating beach_robot/conv41...
[2026-04-28 17:14:02.562] [3710] [HailoRT] [info] [vstream_builder.cpp:220] [create_outputs] Output pipeline 'beach_robot/conv41': HW >> (HwReadEl0beach_robot/conv41 | hw_frame_size: 409600) >> (PullQEl_hw_read0beach_robot/conv41) >> (PostInferEl0beach_robot/conv41 | Quantization - src_type: UINT8, dst_type FLOAT32, limvals_min: -10.8307, limvals_max: 18.5504) >> (UserBuffQEl0beach_robot/conv41 | timeout: 10s)
[2026-04-28 17:14:02.562] [3710] [HailoRT] [info] [edge_elements.cpp:287] [create] Created (HwReadEl7beach_robot/conv42 | hw_frame_size: 12800)
[2026-04-28 17:14:02.562] [3710] [HailoRT] [info] [queue_elements.cpp:657] [create] Created (PullQEl_hw_read7beach_robot/conv42)
[2026-04-28 17:14:02.562] [3710] [HailoRT] [info] [filter_elements.cpp:372] [create] Created (PostInferEl7beach_robot/conv42 | Quantization - src_type: UINT8, dst_type FLOAT32, limvals_min: -25.6857, limvals_max: 0)
[2026-04-28 17:14:02.562] [3710] [HailoRT] [info] [queue_elements.cpp:800] [create] Created (UserBuffQEl7beach_robot/conv42 | timeout: 10s)
[2026-04-28 17:14:02.562] [3710] [HailoRT] [info] [vstream.cpp:1114] [OutputVStreamImpl] Creating beach_robot/conv42...
[2026-04-28 17:14:02.562] [3710] [HailoRT] [info] [vstream_builder.cpp:220] [create_outputs] Output pipeline 'beach_robot/conv42': HW >> (HwReadEl7beach_robot/conv42 | hw_frame_size: 12800) >> (PullQEl_hw_read7beach_robot/conv42) >> (PostInferEl7beach_robot/conv42 | Quantization - src_type: UINT8, dst_type FLOAT32, limvals_min: -25.6857, limvals_max: 0) >> (UserBuffQEl7beach_robot/conv42 | timeout: 10s)
[2026-04-28 17:14:02.562] [3710] [HailoRT] [info] [edge_elements.cpp:287] [create] Created (HwReadEl3beach_robot/conv52 | hw_frame_size: 102400)
[2026-04-28 17:14:02.562] [3710] [HailoRT] [info] [queue_elements.cpp:657] [create] Created (PullQEl_hw_read3beach_robot/conv52)
[2026-04-28 17:14:02.562] [3710] [HailoRT] [info] [filter_elements.cpp:372] [create] Created (PostInferEl3beach_robot/conv52 | Quantization - src_type: UINT8, dst_type FLOAT32, limvals_min: -6.53754, limvals_max: 19.9239)
[2026-04-28 17:14:02.562] [3710] [HailoRT] [info] [queue_elements.cpp:800] [create] Created (UserBuffQEl3beach_robot/conv52 | timeout: 10s)
[2026-04-28 17:14:02.562] [3710] [HailoRT] [info] [vstream.cpp:1114] [OutputVStreamImpl] Creating beach_robot/conv52...
[2026-04-28 17:14:02.562] [3710] [HailoRT] [info] [vstream_builder.cpp:220] [create_outputs] Output pipeline 'beach_robot/conv52': HW >> (HwReadEl3beach_robot/conv52 | hw_frame_size: 102400) >> (PullQEl_hw_read3beach_robot/conv52) >> (PostInferEl3beach_robot/conv52 | Quantization - src_type: UINT8, dst_type FLOAT32, limvals_min: -6.53754, limvals_max: 19.9239) >> (UserBuffQEl3beach_robot/conv52 | timeout: 10s)
[2026-04-28 17:14:02.562] [3710] [HailoRT] [info] [edge_elements.cpp:287] [create] Created (HwReadEl1beach_robot/conv53 | hw_frame_size: 3200)
[2026-04-28 17:14:02.562] [3710] [HailoRT] [info] [queue_elements.cpp:657] [create] Created (PullQEl_hw_read1beach_robot/conv53)
[2026-04-28 17:14:02.562] [3710] [HailoRT] [info] [filter_elements.cpp:372] [create] Created (PostInferEl1beach_robot/conv53 | Quantization - src_type: UINT8, dst_type FLOAT32, limvals_min: -15.7441, limvals_max: 0)
[2026-04-28 17:14:02.562] [3710] [HailoRT] [info] [queue_elements.cpp:800] [create] Created (UserBuffQEl1beach_robot/conv53 | timeout: 10s)
[2026-04-28 17:14:02.562] [3710] [HailoRT] [info] [vstream.cpp:1114] [OutputVStreamImpl] Creating beach_robot/conv53...
[2026-04-28 17:14:02.562] [3710] [HailoRT] [info] [vstream_builder.cpp:220] [create_outputs] Output pipeline 'beach_robot/conv53': HW >> (HwReadEl1beach_robot/conv53 | hw_frame_size: 3200) >> (PullQEl_hw_read1beach_robot/conv53) >> (PostInferEl1beach_robot/conv53 | Quantization - src_type: UINT8, dst_type FLOAT32, limvals_min: -15.7441, limvals_max: 0) >> (UserBuffQEl1beach_robot/conv53 | timeout: 10s)
[2026-04-28 17:14:02.562] [3710] [HailoRT] [info] [edge_elements.cpp:287] [create] Created (HwReadEl2beach_robot/conv62 | hw_frame_size: 25600)
[2026-04-28 17:14:02.562] [3710] [HailoRT] [info] [queue_elements.cpp:657] [create] Created (PullQEl_hw_read2beach_robot/conv62)
[2026-04-28 17:14:02.562] [3710] [HailoRT] [info] [filter_elements.cpp:372] [create] Created (PostInferEl2beach_robot/conv62 | Quantization - src_type: UINT8, dst_type FLOAT32, limvals_min: -8.27399, limvals_max: 14.6594)
[2026-04-28 17:14:02.562] [3710] [HailoRT] [info] [queue_elements.cpp:800] [create] Created (UserBuffQEl2beach_robot/conv62 | timeout: 10s)
[2026-04-28 17:14:02.562] [3710] [HailoRT] [info] [vstream.cpp:1114] [OutputVStreamImpl] Creating beach_robot/conv62...
[2026-04-28 17:14:02.562] [3710] [HailoRT] [info] [vstream_builder.cpp:220] [create_outputs] Output pipeline 'beach_robot/conv62': HW >> (HwReadEl2beach_robot/conv62 | hw_frame_size: 25600) >> (PullQEl_hw_read2beach_robot/conv62) >> (PostInferEl2beach_robot/conv62 | Quantization - src_type: UINT8, dst_type FLOAT32, limvals_min: -8.27399, limvals_max: 14.6594) >> (UserBuffQEl2beach_robot/conv62 | timeout: 10s)
[2026-04-28 17:14:02.562] [3710] [HailoRT] [info] [edge_elements.cpp:287] [create] Created (HwReadEl0beach_robot/conv63 | hw_frame_size: 3200)
[2026-04-28 17:14:02.562] [3710] [HailoRT] [info] [queue_elements.cpp:657] [create] Created (PullQEl_hw_read0beach_robot/conv63)
[2026-04-28 17:14:02.562] [3710] [HailoRT] [info] [filter_elements.cpp:372] [create] Created (PostInferEl0beach_robot/conv63 | Quantization - src_type: UINT8, dst_type FLOAT32, limvals_min: -15.2921, limvals_max: 1.44388 | Reorder - src_order: FCR, src_shape: (20, 20, 8), dst_order: FCR, dst_shape: (20, 20, 2))
[2026-04-28 17:14:02.562] [3710] [HailoRT] [info] [queue_elements.cpp:800] [create] Created (UserBuffQEl0beach_robot/conv63 | timeout: 10s)
[2026-04-28 17:14:02.562] [3710] [HailoRT] [info] [vstream.cpp:1114] [OutputVStreamImpl] Creating beach_robot/conv63...
[2026-04-28 17:14:02.562] [3710] [HailoRT] [info] [vstream_builder.cpp:220] [create_outputs] Output pipeline 'beach_robot/conv63': HW >> (HwReadEl0beach_robot/conv63 | hw_frame_size: 3200) >> (PullQEl_hw_read0beach_robot/conv63) >> (PostInferEl0beach_robot/conv63 | Quantization - src_type: UINT8, dst_type FLOAT32, limvals_min: -15.2921, limvals_max: 1.44388 | Reorder - src_order: FCR, src_shape: (20, 20, 8), dst_order: FCR, dst_shape: (20, 20, 2)) >> (UserBuffQEl0beach_robot/conv63 | timeout: 10s)
[2026-04-28 17:14:02.563] [3710] [HailoRT] [info] [core_op.cpp:156] [activate] Activating beach_robot took 0.525636 milliseconds. Note that the function is asynchronous and thus the network is not fully activated yet.
[2026-04-28 17:14:02.563] [3710] [HailoRT] [info] [core_op.cpp:156] [activate] Activating beach_robot took 0.535598 milliseconds. Note that the function is asynchronous and thus the network is not fully activated yet.
[2026-04-28 17:14:02.582] [5843] [HailoRT] [info] [vdevice_native_stream.cpp:331] [read_impl] Failed read from stream HAILO_STREAM_NOT_ACTIVATED(72) (device: 0001:01:00.0)
[2026-04-28 17:14:02.582] [5841] [HailoRT] [info] [vdevice_native_stream.cpp:331] [read_impl] Failed read from stream HAILO_STREAM_NOT_ACTIVATED(72) (device: 0001:01:00.0)
[2026-04-28 17:14:02.582] [5849] [HailoRT] [info] [vdevice_native_stream.cpp:331] [read_impl] Failed read from stream HAILO_STREAM_NOT_ACTIVATED(72) (device: 0001:01:00.0)
[2026-04-28 17:14:02.582] [5851] [HailoRT] [info] [vdevice_native_stream.cpp:331] [read_impl] Failed read from stream HAILO_STREAM_NOT_ACTIVATED(72) (device: 0001:01:00.0)
[2026-04-28 17:14:02.582] [5847] [HailoRT] [info] [vdevice_native_stream.cpp:331] [read_impl] Failed read from stream HAILO_STREAM_NOT_ACTIVATED(72) (device: 0001:01:00.0)
[2026-04-28 17:14:02.582] [5845] [HailoRT] [info] [vdevice_native_stream.cpp:331] [read_impl] Failed read from stream HAILO_STREAM_NOT_ACTIVATED(72) (device: 0001:01:00.0)
[2026-04-28 17:14:02.582] [3710] [HailoRT] [info] [core_op.cpp:186] [deactivate] Deactivating took 0.504137 ms
[2026-04-28 17:14:02.582] [3710] [HailoRT] [info] [core_op.cpp:186] [deactivate] Deactivating took 0.515914 ms
[2026-04-28 17:14:02.582] [5841] [HailoRT] [info] [queue_elements.cpp:734] [run_in_thread] Shutdown event was signaled in run_pull of queue element PullQEl_hw_read0beach_robot/conv41!
[2026-04-28 17:14:02.582] [5842] [HailoRT] [info] [queue_elements.cpp:855] [run_in_thread] Shutdown event was signaled in dequeue of UserBuffQEl0beach_robot/conv41!
[2026-04-28 17:14:02.583] [5841] [HailoRT] [info] [queue_elements.cpp:68] [operator()] Thread in element PullQEl_hw_read0beach_robot/conv41 is not running anymore, exiting..
[2026-04-28 17:14:02.583] [3710] [HailoRT] [info] [queue_elements.cpp:46] [~BaseQueueElement] Queue element PullQEl_hw_read0beach_robot/conv41 has 0 frames in his Queue on destruction
[2026-04-28 17:14:02.583] [5842] [HailoRT] [info] [queue_elements.cpp:68] [operator()] Thread in element UserBuffQEl0beach_robot/conv41 is not running anymore, exiting..
[2026-04-28 17:14:02.583] [3710] [HailoRT] [info] [queue_elements.cpp:46] [~BaseQueueElement] Queue element UserBuffQEl0beach_robot/conv41 has 0 frames in his Queue on destruction
[2026-04-28 17:14:02.583] [5843] [HailoRT] [info] [queue_elements.cpp:734] [run_in_thread] Shutdown event was signaled in run_pull of queue element PullQEl_hw_read7beach_robot/conv42!
[2026-04-28 17:14:02.583] [5844] [HailoRT] [info] [queue_elements.cpp:855] [run_in_thread] Shutdown event was signaled in dequeue of UserBuffQEl7beach_robot/conv42!
[2026-04-28 17:14:02.583] [5843] [HailoRT] [info] [queue_elements.cpp:68] [operator()] Thread in element PullQEl_hw_read7beach_robot/conv42 is not running anymore, exiting..
[2026-04-28 17:14:02.583] [3710] [HailoRT] [info] [queue_elements.cpp:46] [~BaseQueueElement] Queue element PullQEl_hw_read7beach_robot/conv42 has 0 frames in his Queue on destruction
[2026-04-28 17:14:02.583] [5844] [HailoRT] [info] [queue_elements.cpp:68] [operator()] Thread in element UserBuffQEl7beach_robot/conv42 is not running anymore, exiting..
[2026-04-28 17:14:02.583] [3710] [HailoRT] [info] [queue_elements.cpp:46] [~BaseQueueElement] Queue element UserBuffQEl7beach_robot/conv42 has 0 frames in his Queue on destruction
[2026-04-28 17:14:02.583] [5845] [HailoRT] [info] [queue_elements.cpp:734] [run_in_thread] Shutdown event was signaled in run_pull of queue element PullQEl_hw_read3beach_robot/conv52!
[2026-04-28 17:14:02.583] [5846] [HailoRT] [info] [queue_elements.cpp:855] [run_in_thread] Shutdown event was signaled in dequeue of UserBuffQEl3beach_robot/conv52!
[2026-04-28 17:14:02.583] [5845] [HailoRT] [info] [queue_elements.cpp:68] [operator()] Thread in element PullQEl_hw_read3beach_robot/conv52 is not running anymore, exiting..
[2026-04-28 17:14:02.583] [3710] [HailoRT] [info] [queue_elements.cpp:46] [~BaseQueueElement] Queue element PullQEl_hw_read3beach_robot/conv52 has 0 frames in his Queue on destruction
[2026-04-28 17:14:02.583] [5846] [HailoRT] [info] [queue_elements.cpp:68] [operator()] Thread in element UserBuffQEl3beach_robot/conv52 is not running anymore, exiting..
[2026-04-28 17:14:02.583] [3710] [HailoRT] [info] [queue_elements.cpp:46] [~BaseQueueElement] Queue element UserBuffQEl3beach_robot/conv52 has 0 frames in his Queue on destruction
[2026-04-28 17:14:02.583] [5847] [HailoRT] [info] [queue_elements.cpp:734] [run_in_thread] Shutdown event was signaled in run_pull of queue element PullQEl_hw_read1beach_robot/conv53!
[2026-04-28 17:14:02.583] [5848] [HailoRT] [info] [queue_elements.cpp:855] [run_in_thread] Shutdown event was signaled in dequeue of UserBuffQEl1beach_robot/conv53!
[2026-04-28 17:14:02.583] [5847] [HailoRT] [info] [queue_elements.cpp:68] [operator()] Thread in element PullQEl_hw_read1beach_robot/conv53 is not running anymore, exiting..
[2026-04-28 17:14:02.583] [3710] [HailoRT] [info] [queue_elements.cpp:46] [~BaseQueueElement] Queue element PullQEl_hw_read1beach_robot/conv53 has 0 frames in his Queue on destruction
[2026-04-28 17:14:02.583] [5848] [HailoRT] [info] [queue_elements.cpp:68] [operator()] Thread in element UserBuffQEl1beach_robot/conv53 is not running anymore, exiting..
[2026-04-28 17:14:02.583] [3710] [HailoRT] [info] [queue_elements.cpp:46] [~BaseQueueElement] Queue element UserBuffQEl1beach_robot/conv53 has 0 frames in his Queue on destruction
[2026-04-28 17:14:02.583] [5849] [HailoRT] [info] [queue_elements.cpp:734] [run_in_thread] Shutdown event was signaled in run_pull of queue element PullQEl_hw_read2beach_robot/conv62!
[2026-04-28 17:14:02.583] [5850] [HailoRT] [info] [queue_elements.cpp:855] [run_in_thread] Shutdown event was signaled in dequeue of UserBuffQEl2beach_robot/conv62!
[2026-04-28 17:14:02.583] [5849] [HailoRT] [info] [queue_elements.cpp:68] [operator()] Thread in element PullQEl_hw_read2beach_robot/conv62 is not running anymore, exiting..
[2026-04-28 17:14:02.583] [3710] [HailoRT] [info] [queue_elements.cpp:46] [~BaseQueueElement] Queue element PullQEl_hw_read2beach_robot/conv62 has 0 frames in his Queue on destruction
[2026-04-28 17:14:02.583] [5850] [HailoRT] [info] [queue_elements.cpp:68] [operator()] Thread in element UserBuffQEl2beach_robot/conv62 is not running anymore, exiting..
[2026-04-28 17:14:02.583] [3710] [HailoRT] [info] [queue_elements.cpp:46] [~BaseQueueElement] Queue element UserBuffQEl2beach_robot/conv62 has 0 frames in his Queue on destruction
[2026-04-28 17:14:02.583] [5851] [HailoRT] [info] [queue_elements.cpp:734] [run_in_thread] Shutdown event was signaled in run_pull of queue element PullQEl_hw_read0beach_robot/conv63!
[2026-04-28 17:14:02.583] [5852] [HailoRT] [info] [queue_elements.cpp:855] [run_in_thread] Shutdown event was signaled in dequeue of UserBuffQEl0beach_robot/conv63!
[2026-04-28 17:14:02.583] [5851] [HailoRT] [info] [queue_elements.cpp:68] [operator()] Thread in element PullQEl_hw_read0beach_robot/conv63 is not running anymore, exiting..
[2026-04-28 17:14:02.583] [3710] [HailoRT] [info] [queue_elements.cpp:46] [~BaseQueueElement] Queue element PullQEl_hw_read0beach_robot/conv63 has 0 frames in his Queue on destruction
[2026-04-28 17:14:02.583] [5852] [HailoRT] [info] [queue_elements.cpp:68] [operator()] Thread in element UserBuffQEl0beach_robot/conv63 is not running anymore, exiting..
[2026-04-28 17:14:02.583] [3710] [HailoRT] [info] [queue_elements.cpp:46] [~BaseQueueElement] Queue element UserBuffQEl0beach_robot/conv63 has 0 frames in his Queue on destruction
[2026-04-28 17:14:02.883] [3710] [HailoRT] [info] [edge_elements.cpp:52] [create] Created (HwWriteEl2beach_robot/input_layer1 | hw_frame_size: 1228800)
[2026-04-28 17:14:02.883] [3710] [HailoRT] [info] [vstream.cpp:754] [InputVStreamImpl] Creating beach_robot/input_layer1...
[2026-04-28 17:14:02.883] [3710] [HailoRT] [info] [vstream_builder.cpp:102] [create_inputs] Input pipeline 'beach_robot/input_layer1': (HwWriteEl2beach_robot/input_layer1 | hw_frame_size: 1228800) >> HW
[2026-04-28 17:14:02.883] [3710] [HailoRT] [info] [edge_elements.cpp:287] [create] Created (HwReadEl0beach_robot/conv41 | hw_frame_size: 409600)
[2026-04-28 17:14:02.883] [3710] [HailoRT] [info] [queue_elements.cpp:657] [create] Created (PullQEl_hw_read0beach_robot/conv41)
[2026-04-28 17:14:02.883] [3710] [HailoRT] [info] [filter_elements.cpp:372] [create] Created (PostInferEl0beach_robot/conv41 | Quantization - src_type: UINT8, dst_type FLOAT32, limvals_min: -10.8307, limvals_max: 18.5504)
[2026-04-28 17:14:02.883] [3710] [HailoRT] [info] [queue_elements.cpp:800] [create] Created (UserBuffQEl0beach_robot/conv41 | timeout: 10s)
[2026-04-28 17:14:02.883] [3710] [HailoRT] [info] [vstream.cpp:1114] [OutputVStreamImpl] Creating beach_robot/conv41...
[2026-04-28 17:14:02.883] [3710] [HailoRT] [info] [vstream_builder.cpp:220] [create_outputs] Output pipeline 'beach_robot/conv41': HW >> (HwReadEl0beach_robot/conv41 | hw_frame_size: 409600) >> (PullQEl_hw_read0beach_robot/conv41) >> (PostInferEl0beach_robot/conv41 | Quantization - src_type: UINT8, dst_type FLOAT32, limvals_min: -10.8307, limvals_max: 18.5504) >> (UserBuffQEl0beach_robot/conv41 | timeout: 10s)
[2026-04-28 17:14:02.883] [3710] [HailoRT] [info] [edge_elements.cpp:287] [create] Created (HwReadEl7beach_robot/conv42 | hw_frame_size: 12800)
[2026-04-28 17:14:02.883] [3710] [HailoRT] [info] [queue_elements.cpp:657] [create] Created (PullQEl_hw_read7beach_robot/conv42)
[2026-04-28 17:14:02.883] [3710] [HailoRT] [info] [filter_elements.cpp:372] [create] Created (PostInferEl7beach_robot/conv42 | Quantization - src_type: UINT8, dst_type FLOAT32, limvals_min: -25.6857, limvals_max: 0)
[2026-04-28 17:14:02.883] [3710] [HailoRT] [info] [queue_elements.cpp:800] [create] Created (UserBuffQEl7beach_robot/conv42 | timeout: 10s)
[2026-04-28 17:14:02.883] [3710] [HailoRT] [info] [vstream.cpp:1114] [OutputVStreamImpl] Creating beach_robot/conv42...
[2026-04-28 17:14:02.883] [3710] [HailoRT] [info] [vstream_builder.cpp:220] [create_outputs] Output pipeline 'beach_robot/conv42': HW >> (HwReadEl7beach_robot/conv42 | hw_frame_size: 12800) >> (PullQEl_hw_read7beach_robot/conv42) >> (PostInferEl7beach_robot/conv42 | Quantization - src_type: UINT8, dst_type FLOAT32, limvals_min: -25.6857, limvals_max: 0) >> (UserBuffQEl7beach_robot/conv42 | timeout: 10s)
[2026-04-28 17:14:02.883] [3710] [HailoRT] [info] [edge_elements.cpp:287] [create] Created (HwReadEl3beach_robot/conv52 | hw_frame_size: 102400)
[2026-04-28 17:14:02.883] [3710] [HailoRT] [info] [queue_elements.cpp:657] [create] Created (PullQEl_hw_read3beach_robot/conv52)
[2026-04-28 17:14:02.883] [3710] [HailoRT] [info] [filter_elements.cpp:372] [create] Created (PostInferEl3beach_robot/conv52 | Quantization - src_type: UINT8, dst_type FLOAT32, limvals_min: -6.53754, limvals_max: 19.9239)
[2026-04-28 17:14:02.883] [3710] [HailoRT] [info] [queue_elements.cpp:800] [create] Created (UserBuffQEl3beach_robot/conv52 | timeout: 10s)
[2026-04-28 17:14:02.883] [3710] [HailoRT] [info] [vstream.cpp:1114] [OutputVStreamImpl] Creating beach_robot/conv52...
[2026-04-28 17:14:02.883] [3710] [HailoRT] [info] [vstream_builder.cpp:220] [create_outputs] Output pipeline 'beach_robot/conv52': HW >> (HwReadEl3beach_robot/conv52 | hw_frame_size: 102400) >> (PullQEl_hw_read3beach_robot/conv52) >> (PostInferEl3beach_robot/conv52 | Quantization - src_type: UINT8, dst_type FLOAT32, limvals_min: -6.53754, limvals_max: 19.9239) >> (UserBuffQEl3beach_robot/conv52 | timeout: 10s)
[2026-04-28 17:14:02.883] [3710] [HailoRT] [info] [edge_elements.cpp:287] [create] Created (HwReadEl1beach_robot/conv53 | hw_frame_size: 3200)
[2026-04-28 17:14:02.883] [3710] [HailoRT] [info] [queue_elements.cpp:657] [create] Created (PullQEl_hw_read1beach_robot/conv53)
[2026-04-28 17:14:02.883] [3710] [HailoRT] [info] [filter_elements.cpp:372] [create] Created (PostInferEl1beach_robot/conv53 | Quantization - src_type: UINT8, dst_type FLOAT32, limvals_min: -15.7441, limvals_max: 0)
[2026-04-28 17:14:02.883] [3710] [HailoRT] [info] [queue_elements.cpp:800] [create] Created (UserBuffQEl1beach_robot/conv53 | timeout: 10s)
[2026-04-28 17:14:02.883] [3710] [HailoRT] [info] [vstream.cpp:1114] [OutputVStreamImpl] Creating beach_robot/conv53...
[2026-04-28 17:14:02.883] [3710] [HailoRT] [info] [vstream_builder.cpp:220] [create_outputs] Output pipeline 'beach_robot/conv53': HW >> (HwReadEl1beach_robot/conv53 | hw_frame_size: 3200) >> (PullQEl_hw_read1beach_robot/conv53) >> (PostInferEl1beach_robot/conv53 | Quantization - src_type: UINT8, dst_type FLOAT32, limvals_min: -15.7441, limvals_max: 0) >> (UserBuffQEl1beach_robot/conv53 | timeout: 10s)
[2026-04-28 17:14:02.883] [3710] [HailoRT] [info] [edge_elements.cpp:287] [create] Created (HwReadEl2beach_robot/conv62 | hw_frame_size: 25600)
[2026-04-28 17:14:02.883] [3710] [HailoRT] [info] [queue_elements.cpp:657] [create] Created (PullQEl_hw_read2beach_robot/conv62)
[2026-04-28 17:14:02.883] [3710] [HailoRT] [info] [filter_elements.cpp:372] [create] Created (PostInferEl2beach_robot/conv62 | Quantization - src_type: UINT8, dst_type FLOAT32, limvals_min: -8.27399, limvals_max: 14.6594)
[2026-04-28 17:14:02.884] [3710] [HailoRT] [info] [queue_elements.cpp:800] [create] Created (UserBuffQEl2beach_robot/conv62 | timeout: 10s)
[2026-04-28 17:14:02.884] [3710] [HailoRT] [info] [vstream.cpp:1114] [OutputVStreamImpl] Creating beach_robot/conv62...
[2026-04-28 17:14:02.884] [3710] [HailoRT] [info] [vstream_builder.cpp:220] [create_outputs] Output pipeline 'beach_robot/conv62': HW >> (HwReadEl2beach_robot/conv62 | hw_frame_size: 25600) >> (PullQEl_hw_read2beach_robot/conv62) >> (PostInferEl2beach_robot/conv62 | Quantization - src_type: UINT8, dst_type FLOAT32, limvals_min: -8.27399, limvals_max: 14.6594) >> (UserBuffQEl2beach_robot/conv62 | timeout: 10s)
[2026-04-28 17:14:02.884] [3710] [HailoRT] [info] [edge_elements.cpp:287] [create] Created (HwReadEl0beach_robot/conv63 | hw_frame_size: 3200)
[2026-04-28 17:14:02.884] [3710] [HailoRT] [info] [queue_elements.cpp:657] [create] Created (PullQEl_hw_read0beach_robot/conv63)
[2026-04-28 17:14:02.884] [3710] [HailoRT] [info] [filter_elements.cpp:372] [create] Created (PostInferEl0beach_robot/conv63 | Quantization - src_type: UINT8, dst_type FLOAT32, limvals_min: -15.2921, limvals_max: 1.44388 | Reorder - src_order: FCR, src_shape: (20, 20, 8), dst_order: FCR, dst_shape: (20, 20, 2))
[2026-04-28 17:14:02.884] [3710] [HailoRT] [info] [queue_elements.cpp:800] [create] Created (UserBuffQEl0beach_robot/conv63 | timeout: 10s)
[2026-04-28 17:14:02.884] [3710] [HailoRT] [info] [vstream.cpp:1114] [OutputVStreamImpl] Creating beach_robot/conv63...
[2026-04-28 17:14:02.884] [3710] [HailoRT] [info] [vstream_builder.cpp:220] [create_outputs] Output pipeline 'beach_robot/conv63': HW >> (HwReadEl0beach_robot/conv63 | hw_frame_size: 3200) >> (PullQEl_hw_read0beach_robot/conv63) >> (PostInferEl0beach_robot/conv63 | Quantization - src_type: UINT8, dst_type FLOAT32, limvals_min: -15.2921, limvals_max: 1.44388 | Reorder - src_order: FCR, src_shape: (20, 20, 8), dst_order: FCR, dst_shape: (20, 20, 2)) >> (UserBuffQEl0beach_robot/conv63 | timeout: 10s)
[2026-04-28 17:14:02.884] [3710] [HailoRT] [info] [core_op.cpp:156] [activate] Activating beach_robot took 0.545172 milliseconds. Note that the function is asynchronous and thus the network is not fully activated yet.
[2026-04-28 17:14:02.884] [3710] [HailoRT] [info] [core_op.cpp:156] [activate] Activating beach_robot took 0.555802 milliseconds. Note that the function is asynchronous and thus the network is not fully activated yet.
[2026-04-28 17:14:02.903] [5860] [HailoRT] [info] [vdevice_native_stream.cpp:331] [read_impl] Failed read from stream HAILO_STREAM_NOT_ACTIVATED(72) (device: 0001:01:00.0)
[2026-04-28 17:14:02.903] [5862] [HailoRT] [info] [vdevice_native_stream.cpp:331] [read_impl] Failed read from stream HAILO_STREAM_NOT_ACTIVATED(72) (device: 0001:01:00.0)
[2026-04-28 17:14:02.903] [5866] [HailoRT] [info] [vdevice_native_stream.cpp:331] [read_impl] Failed read from stream HAILO_STREAM_NOT_ACTIVATED(72) (device: 0001:01:00.0)
[2026-04-28 17:14:02.903] [5870] [HailoRT] [info] [vdevice_native_stream.cpp:331] [read_impl] Failed read from stream HAILO_STREAM_NOT_ACTIVATED(72) (device: 0001:01:00.0)
[2026-04-28 17:14:02.903] [5868] [HailoRT] [info] [vdevice_native_stream.cpp:331] [read_impl] Failed read from stream HAILO_STREAM_NOT_ACTIVATED(72) (device: 0001:01:00.0)
[2026-04-28 17:14:02.903] [5864] [HailoRT] [info] [vdevice_native_stream.cpp:331] [read_impl] Failed read from stream HAILO_STREAM_NOT_ACTIVATED(72) (device: 0001:01:00.0)
[2026-04-28 17:14:02.904] [3710] [HailoRT] [info] [core_op.cpp:186] [deactivate] Deactivating took 0.505563 ms
[2026-04-28 17:14:02.904] [3710] [HailoRT] [info] [core_op.cpp:186] [deactivate] Deactivating took 0.537635 ms
[2026-04-28 17:14:02.904] [5860] [HailoRT] [info] [queue_elements.cpp:734] [run_in_thread] Shutdown event was signaled in run_pull of queue element PullQEl_hw_read0beach_robot/conv41!
[2026-04-28 17:14:02.904] [5861] [HailoRT] [info] [queue_elements.cpp:855] [run_in_thread] Shutdown event was signaled in dequeue of UserBuffQEl0beach_robot/conv41!
[2026-04-28 17:14:02.904] [5860] [HailoRT] [info] [queue_elements.cpp:68] [operator()] Thread in element PullQEl_hw_read0beach_robot/conv41 is not running anymore, exiting..
[2026-04-28 17:14:02.904] [3710] [HailoRT] [info] [queue_elements.cpp:46] [~BaseQueueElement] Queue element PullQEl_hw_read0beach_robot/conv41 has 0 frames in his Queue on destruction
[2026-04-28 17:14:02.904] [5861] [HailoRT] [info] [queue_elements.cpp:68] [operator()] Thread in element UserBuffQEl0beach_robot/conv41 is not running anymore, exiting..
[2026-04-28 17:14:02.904] [3710] [HailoRT] [info] [queue_elements.cpp:46] [~BaseQueueElement] Queue element UserBuffQEl0beach_robot/conv41 has 0 frames in his Queue on destruction
[2026-04-28 17:14:02.904] [5862] [HailoRT] [info] [queue_elements.cpp:734] [run_in_thread] Shutdown event was signaled in run_pull of queue element PullQEl_hw_read7beach_robot/conv42!
[2026-04-28 17:14:02.904] [5863] [HailoRT] [info] [queue_elements.cpp:855] [run_in_thread] Shutdown event was signaled in dequeue of UserBuffQEl7beach_robot/conv42!
[2026-04-28 17:14:02.904] [5862] [HailoRT] [info] [queue_elements.cpp:68] [operator()] Thread in element PullQEl_hw_read7beach_robot/conv42 is not running anymore, exiting..
[2026-04-28 17:14:02.904] [3710] [HailoRT] [info] [queue_elements.cpp:46] [~BaseQueueElement] Queue element PullQEl_hw_read7beach_robot/conv42 has 0 frames in his Queue on destruction
[2026-04-28 17:14:02.904] [5863] [HailoRT] [info] [queue_elements.cpp:68] [operator()] Thread in element UserBuffQEl7beach_robot/conv42 is not running anymore, exiting..
[2026-04-28 17:14:02.904] [3710] [HailoRT] [info] [queue_elements.cpp:46] [~BaseQueueElement] Queue element UserBuffQEl7beach_robot/conv42 has 0 frames in his Queue on destruction
[2026-04-28 17:14:02.904] [5864] [HailoRT] [info] [queue_elements.cpp:734] [run_in_thread] Shutdown event was signaled in run_pull of queue element PullQEl_hw_read3beach_robot/conv52!
[2026-04-28 17:14:02.904] [5865] [HailoRT] [info] [queue_elements.cpp:855] [run_in_thread] Shutdown event was signaled in dequeue of UserBuffQEl3beach_robot/conv52!
[2026-04-28 17:14:02.904] [5864] [HailoRT] [info] [queue_elements.cpp:68] [operator()] Thread in element PullQEl_hw_read3beach_robot/conv52 is not running anymore, exiting..
[2026-04-28 17:14:02.904] [3710] [HailoRT] [info] [queue_elements.cpp:46] [~BaseQueueElement] Queue element PullQEl_hw_read3beach_robot/conv52 has 0 frames in his Queue on destruction
[2026-04-28 17:14:02.904] [5865] [HailoRT] [info] [queue_elements.cpp:68] [operator()] Thread in element UserBuffQEl3beach_robot/conv52 is not running anymore, exiting..
[2026-04-28 17:14:02.904] [3710] [HailoRT] [info] [queue_elements.cpp:46] [~BaseQueueElement] Queue element UserBuffQEl3beach_robot/conv52 has 0 frames in his Queue on destruction
[2026-04-28 17:14:02.904] [5866] [HailoRT] [info] [queue_elements.cpp:734] [run_in_thread] Shutdown event was signaled in run_pull of queue element PullQEl_hw_read1beach_robot/conv53!
[2026-04-28 17:14:02.904] [5867] [HailoRT] [info] [queue_elements.cpp:855] [run_in_thread] Shutdown event was signaled in dequeue of UserBuffQEl1beach_robot/conv53!
[2026-04-28 17:14:02.904] [5866] [HailoRT] [info] [queue_elements.cpp:68] [operator()] Thread in element PullQEl_hw_read1beach_robot/conv53 is not running anymore, exiting..
[2026-04-28 17:14:02.904] [3710] [HailoRT] [info] [queue_elements.cpp:46] [~BaseQueueElement] Queue element PullQEl_hw_read1beach_robot/conv53 has 0 frames in his Queue on destruction
[2026-04-28 17:14:02.904] [5867] [HailoRT] [info] [queue_elements.cpp:68] [operator()] Thread in element UserBuffQEl1beach_robot/conv53 is not running anymore, exiting..
[2026-04-28 17:14:02.904] [3710] [HailoRT] [info] [queue_elements.cpp:46] [~BaseQueueElement] Queue element UserBuffQEl1beach_robot/conv53 has 0 frames in his Queue on destruction
[2026-04-28 17:14:02.904] [5868] [HailoRT] [info] [queue_elements.cpp:734] [run_in_thread] Shutdown event was signaled in run_pull of queue element PullQEl_hw_read2beach_robot/conv62!
[2026-04-28 17:14:02.904] [5869] [HailoRT] [info] [queue_elements.cpp:855] [run_in_thread] Shutdown event was signaled in dequeue of UserBuffQEl2beach_robot/conv62!
[2026-04-28 17:14:02.904] [5868] [HailoRT] [info] [queue_elements.cpp:68] [operator()] Thread in element PullQEl_hw_read2beach_robot/conv62 is not running anymore, exiting..
[2026-04-28 17:14:02.904] [3710] [HailoRT] [info] [queue_elements.cpp:46] [~BaseQueueElement] Queue element PullQEl_hw_read2beach_robot/conv62 has 0 frames in his Queue on destruction
[2026-04-28 17:14:02.904] [5869] [HailoRT] [info] [queue_elements.cpp:68] [operator()] Thread in element UserBuffQEl2beach_robot/conv62 is not running anymore, exiting..
[2026-04-28 17:14:02.904] [3710] [HailoRT] [info] [queue_elements.cpp:46] [~BaseQueueElement] Queue element UserBuffQEl2beach_robot/conv62 has 0 frames in his Queue on destruction
[2026-04-28 17:14:02.904] [5870] [HailoRT] [info] [queue_elements.cpp:734] [run_in_thread] Shutdown event was signaled in run_pull of queue element PullQEl_hw_read0beach_robot/conv63!
[2026-04-28 17:14:02.904] [5871] [HailoRT] [info] [queue_elements.cpp:855] [run_in_thread] Shutdown event was signaled in dequeue of UserBuffQEl0beach_robot/conv63!
[2026-04-28 17:14:02.904] [5870] [HailoRT] [info] [queue_elements.cpp:68] [operator()] Thread in element PullQEl_hw_read0beach_robot/conv63 is not running anymore, exiting..
[2026-04-28 17:14:02.904] [3710] [HailoRT] [info] [queue_elements.cpp:46] [~BaseQueueElement] Queue element PullQEl_hw_read0beach_robot/conv63 has 0 frames in his Queue on destruction
[2026-04-28 17:14:02.904] [5871] [HailoRT] [info] [queue_elements.cpp:68] [operator()] Thread in element UserBuffQEl0beach_robot/conv63 is not running anymore, exiting..
[2026-04-28 17:14:02.904] [3710] [HailoRT] [info] [queue_elements.cpp:46] [~BaseQueueElement] Queue element UserBuffQEl0beach_robot/conv63 has 0 frames in his Queue on destruction
[2026-04-28 17:14:03.203] [3710] [HailoRT] [info] [edge_elements.cpp:52] [create] Created (HwWriteEl2beach_robot/input_layer1 | hw_frame_size: 1228800)
[2026-04-28 17:14:03.203] [3710] [HailoRT] [info] [vstream.cpp:754] [InputVStreamImpl] Creating beach_robot/input_layer1...
[2026-04-28 17:14:03.203] [3710] [HailoRT] [info] [vstream_builder.cpp:102] [create_inputs] Input pipeline 'beach_robot/input_layer1': (HwWriteEl2beach_robot/input_layer1 | hw_frame_size: 1228800) >> HW
[2026-04-28 17:14:03.203] [3710] [HailoRT] [info] [edge_elements.cpp:287] [create] Created (HwReadEl0beach_robot/conv41 | hw_frame_size: 409600)
[2026-04-28 17:14:03.204] [3710] [HailoRT] [info] [queue_elements.cpp:657] [create] Created (PullQEl_hw_read0beach_robot/conv41)
[2026-04-28 17:14:03.204] [3710] [HailoRT] [info] [filter_elements.cpp:372] [create] Created (PostInferEl0beach_robot/conv41 | Quantization - src_type: UINT8, dst_type FLOAT32, limvals_min: -10.8307, limvals_max: 18.5504)
[2026-04-28 17:14:03.204] [3710] [HailoRT] [info] [queue_elements.cpp:800] [create] Created (UserBuffQEl0beach_robot/conv41 | timeout: 10s)
[2026-04-28 17:14:03.204] [3710] [HailoRT] [info] [vstream.cpp:1114] [OutputVStreamImpl] Creating beach_robot/conv41...
[2026-04-28 17:14:03.204] [3710] [HailoRT] [info] [vstream_builder.cpp:220] [create_outputs] Output pipeline 'beach_robot/conv41': HW >> (HwReadEl0beach_robot/conv41 | hw_frame_size: 409600) >> (PullQEl_hw_read0beach_robot/conv41) >> (PostInferEl0beach_robot/conv41 | Quantization - src_type: UINT8, dst_type FLOAT32, limvals_min: -10.8307, limvals_max: 18.5504) >> (UserBuffQEl0beach_robot/conv41 | timeout: 10s)
[2026-04-28 17:14:03.204] [3710] [HailoRT] [info] [edge_elements.cpp:287] [create] Created (HwReadEl7beach_robot/conv42 | hw_frame_size: 12800)
[2026-04-28 17:14:03.204] [3710] [HailoRT] [info] [queue_elements.cpp:657] [create] Created (PullQEl_hw_read7beach_robot/conv42)
[2026-04-28 17:14:03.204] [3710] [HailoRT] [info] [filter_elements.cpp:372] [create] Created (PostInferEl7beach_robot/conv42 | Quantization - src_type: UINT8, dst_type FLOAT32, limvals_min: -25.6857, limvals_max: 0)
[2026-04-28 17:14:03.204] [3710] [HailoRT] [info] [queue_elements.cpp:800] [create] Created (UserBuffQEl7beach_robot/conv42 | timeout: 10s)
[2026-04-28 17:14:03.204] [3710] [HailoRT] [info] [vstream.cpp:1114] [OutputVStreamImpl] Creating beach_robot/conv42...
[2026-04-28 17:14:03.204] [3710] [HailoRT] [info] [vstream_builder.cpp:220] [create_outputs] Output pipeline 'beach_robot/conv42': HW >> (HwReadEl7beach_robot/conv42 | hw_frame_size: 12800) >> (PullQEl_hw_read7beach_robot/conv42) >> (PostInferEl7beach_robot/conv42 | Quantization - src_type: UINT8, dst_type FLOAT32, limvals_min: -25.6857, limvals_max: 0) >> (UserBuffQEl7beach_robot/conv42 | timeout: 10s)
[2026-04-28 17:14:03.204] [3710] [HailoRT] [info] [edge_elements.cpp:287] [create] Created (HwReadEl3beach_robot/conv52 | hw_frame_size: 102400)
[2026-04-28 17:14:03.204] [3710] [HailoRT] [info] [queue_elements.cpp:657] [create] Created (PullQEl_hw_read3beach_robot/conv52)
[2026-04-28 17:14:03.204] [3710] [HailoRT] [info] [filter_elements.cpp:372] [create] Created (PostInferEl3beach_robot/conv52 | Quantization - src_type: UINT8, dst_type FLOAT32, limvals_min: -6.53754, limvals_max: 19.9239)
[2026-04-28 17:14:03.204] [3710] [HailoRT] [info] [queue_elements.cpp:800] [create] Created (UserBuffQEl3beach_robot/conv52 | timeout: 10s)
[2026-04-28 17:14:03.204] [3710] [HailoRT] [info] [vstream.cpp:1114] [OutputVStreamImpl] Creating beach_robot/conv52...
[2026-04-28 17:14:03.204] [3710] [HailoRT] [info] [vstream_builder.cpp:220] [create_outputs] Output pipeline 'beach_robot/conv52': HW >> (HwReadEl3beach_robot/conv52 | hw_frame_size: 102400) >> (PullQEl_hw_read3beach_robot/conv52) >> (PostInferEl3beach_robot/conv52 | Quantization - src_type: UINT8, dst_type FLOAT32, limvals_min: -6.53754, limvals_max: 19.9239) >> (UserBuffQEl3beach_robot/conv52 | timeout: 10s)
[2026-04-28 17:14:03.204] [3710] [HailoRT] [info] [edge_elements.cpp:287] [create] Created (HwReadEl1beach_robot/conv53 | hw_frame_size: 3200)
[2026-04-28 17:14:03.204] [3710] [HailoRT] [info] [queue_elements.cpp:657] [create] Created (PullQEl_hw_read1beach_robot/conv53)
[2026-04-28 17:14:03.204] [3710] [HailoRT] [info] [filter_elements.cpp:372] [create] Created (PostInferEl1beach_robot/conv53 | Quantization - src_type: UINT8, dst_type FLOAT32, limvals_min: -15.7441, limvals_max: 0)
[2026-04-28 17:14:03.204] [3710] [HailoRT] [info] [queue_elements.cpp:800] [create] Created (UserBuffQEl1beach_robot/conv53 | timeout: 10s)
[2026-04-28 17:14:03.204] [3710] [HailoRT] [info] [vstream.cpp:1114] [OutputVStreamImpl] Creating beach_robot/conv53...
[2026-04-28 17:14:03.204] [3710] [HailoRT] [info] [vstream_builder.cpp:220] [create_outputs] Output pipeline 'beach_robot/conv53': HW >> (HwReadEl1beach_robot/conv53 | hw_frame_size: 3200) >> (PullQEl_hw_read1beach_robot/conv53) >> (PostInferEl1beach_robot/conv53 | Quantization - src_type: UINT8, dst_type FLOAT32, limvals_min: -15.7441, limvals_max: 0) >> (UserBuffQEl1beach_robot/conv53 | timeout: 10s)
[2026-04-28 17:14:03.204] [3710] [HailoRT] [info] [edge_elements.cpp:287] [create] Created (HwReadEl2beach_robot/conv62 | hw_frame_size: 25600)
[2026-04-28 17:14:03.204] [3710] [HailoRT] [info] [queue_elements.cpp:657] [create] Created (PullQEl_hw_read2beach_robot/conv62)
[2026-04-28 17:14:03.204] [3710] [HailoRT] [info] [filter_elements.cpp:372] [create] Created (PostInferEl2beach_robot/conv62 | Quantization - src_type: UINT8, dst_type FLOAT32, limvals_min: -8.27399, limvals_max: 14.6594)
[2026-04-28 17:14:03.204] [3710] [HailoRT] [info] [queue_elements.cpp:800] [create] Created (UserBuffQEl2beach_robot/conv62 | timeout: 10s)
[2026-04-28 17:14:03.204] [3710] [HailoRT] [info] [vstream.cpp:1114] [OutputVStreamImpl] Creating beach_robot/conv62...
[2026-04-28 17:14:03.204] [3710] [HailoRT] [info] [vstream_builder.cpp:220] [create_outputs] Output pipeline 'beach_robot/conv62': HW >> (HwReadEl2beach_robot/conv62 | hw_frame_size: 25600) >> (PullQEl_hw_read2beach_robot/conv62) >> (PostInferEl2beach_robot/conv62 | Quantization - src_type: UINT8, dst_type FLOAT32, limvals_min: -8.27399, limvals_max: 14.6594) >> (UserBuffQEl2beach_robot/conv62 | timeout: 10s)
[2026-04-28 17:14:03.204] [3710] [HailoRT] [info] [edge_elements.cpp:287] [create] Created (HwReadEl0beach_robot/conv63 | hw_frame_size: 3200)
[2026-04-28 17:14:03.204] [3710] [HailoRT] [info] [queue_elements.cpp:657] [create] Created (PullQEl_hw_read0beach_robot/conv63)
[2026-04-28 17:14:03.204] [3710] [HailoRT] [info] [filter_elements.cpp:372] [create] Created (PostInferEl0beach_robot/conv63 | Quantization - src_type: UINT8, dst_type FLOAT32, limvals_min: -15.2921, limvals_max: 1.44388 | Reorder - src_order: FCR, src_shape: (20, 20, 8), dst_order: FCR, dst_shape: (20, 20, 2))
[2026-04-28 17:14:03.204] [3710] [HailoRT] [info] [queue_elements.cpp:800] [create] Created (UserBuffQEl0beach_robot/conv63 | timeout: 10s)
[2026-04-28 17:14:03.204] [3710] [HailoRT] [info] [vstream.cpp:1114] [OutputVStreamImpl] Creating beach_robot/conv63...
[2026-04-28 17:14:03.204] [3710] [HailoRT] [info] [vstream_builder.cpp:220] [create_outputs] Output pipeline 'beach_robot/conv63': HW >> (HwReadEl0beach_robot/conv63 | hw_frame_size: 3200) >> (PullQEl_hw_read0beach_robot/conv63) >> (PostInferEl0beach_robot/conv63 | Quantization - src_type: UINT8, dst_type FLOAT32, limvals_min: -15.2921, limvals_max: 1.44388 | Reorder - src_order: FCR, src_shape: (20, 20, 8), dst_order: FCR, dst_shape: (20, 20, 2)) >> (UserBuffQEl0beach_robot/conv63 | timeout: 10s)
[2026-04-28 17:14:03.205] [3710] [HailoRT] [info] [core_op.cpp:156] [activate] Activating beach_robot took 0.524044 milliseconds. Note that the function is asynchronous and thus the network is not fully activated yet.
[2026-04-28 17:14:03.205] [3710] [HailoRT] [info] [core_op.cpp:156] [activate] Activating beach_robot took 0.533469 milliseconds. Note that the function is asynchronous and thus the network is not fully activated yet.
[2026-04-28 17:14:03.224] [5887] [HailoRT] [info] [vdevice_native_stream.cpp:331] [read_impl] Failed read from stream HAILO_STREAM_NOT_ACTIVATED(72) (device: 0001:01:00.0)
[2026-04-28 17:14:03.224] [5885] [HailoRT] [info] [vdevice_native_stream.cpp:331] [read_impl] Failed read from stream HAILO_STREAM_NOT_ACTIVATED(72) (device: 0001:01:00.0)
[2026-04-28 17:14:03.224] [5883] [HailoRT] [info] [vdevice_native_stream.cpp:331] [read_impl] Failed read from stream HAILO_STREAM_NOT_ACTIVATED(72) (device: 0001:01:00.0)
[2026-04-28 17:14:03.224] [5881] [HailoRT] [info] [vdevice_native_stream.cpp:331] [read_impl] Failed read from stream HAILO_STREAM_NOT_ACTIVATED(72) (device: 0001:01:00.0)
[2026-04-28 17:14:03.224] [5889] [HailoRT] [info] [vdevice_native_stream.cpp:331] [read_impl] Failed read from stream HAILO_STREAM_NOT_ACTIVATED(72) (device: 0001:01:00.0)
[2026-04-28 17:14:03.224] [5879] [HailoRT] [info] [vdevice_native_stream.cpp:331] [read_impl] Failed read from stream HAILO_STREAM_NOT_ACTIVATED(72) (device: 0001:01:00.0)
[2026-04-28 17:14:03.225] [3710] [HailoRT] [info] [core_op.cpp:186] [deactivate] Deactivating took 0.502673 ms
[2026-04-28 17:14:03.225] [3710] [HailoRT] [info] [core_op.cpp:186] [deactivate] Deactivating took 0.514229 ms
[2026-04-28 17:14:03.225] [5879] [HailoRT] [info] [queue_elements.cpp:734] [run_in_thread] Shutdown event was signaled in run_pull of queue element PullQEl_hw_read0beach_robot/conv41!
[2026-04-28 17:14:03.225] [5880] [HailoRT] [info] [queue_elements.cpp:855] [run_in_thread] Shutdown event was signaled in dequeue of UserBuffQEl0beach_robot/conv41!
[2026-04-28 17:14:03.225] [5879] [HailoRT] [info] [queue_elements.cpp:68] [operator()] Thread in element PullQEl_hw_read0beach_robot/conv41 is not running anymore, exiting..
[2026-04-28 17:14:03.225] [3710] [HailoRT] [info] [queue_elements.cpp:46] [~BaseQueueElement] Queue element PullQEl_hw_read0beach_robot/conv41 has 0 frames in his Queue on destruction
[2026-04-28 17:14:03.225] [5880] [HailoRT] [info] [queue_elements.cpp:68] [operator()] Thread in element UserBuffQEl0beach_robot/conv41 is not running anymore, exiting..
[2026-04-28 17:14:03.225] [3710] [HailoRT] [info] [queue_elements.cpp:46] [~BaseQueueElement] Queue element UserBuffQEl0beach_robot/conv41 has 0 frames in his Queue on destruction
[2026-04-28 17:14:03.225] [5881] [HailoRT] [info] [queue_elements.cpp:734] [run_in_thread] Shutdown event was signaled in run_pull of queue element PullQEl_hw_read7beach_robot/conv42!
[2026-04-28 17:14:03.225] [5882] [HailoRT] [info] [queue_elements.cpp:855] [run_in_thread] Shutdown event was signaled in dequeue of UserBuffQEl7beach_robot/conv42!
[2026-04-28 17:14:03.225] [5881] [HailoRT] [info] [queue_elements.cpp:68] [operator()] Thread in element PullQEl_hw_read7beach_robot/conv42 is not running anymore, exiting..
[2026-04-28 17:14:03.225] [3710] [HailoRT] [info] [queue_elements.cpp:46] [~BaseQueueElement] Queue element PullQEl_hw_read7beach_robot/conv42 has 0 frames in his Queue on destruction
[2026-04-28 17:14:03.225] [5882] [HailoRT] [info] [queue_elements.cpp:68] [operator()] Thread in element UserBuffQEl7beach_robot/conv42 is not running anymore, exiting..
[2026-04-28 17:14:03.225] [3710] [HailoRT] [info] [queue_elements.cpp:46] [~BaseQueueElement] Queue element UserBuffQEl7beach_robot/conv42 has 0 frames in his Queue on destruction
[2026-04-28 17:14:03.225] [5883] [HailoRT] [info] [queue_elements.cpp:734] [run_in_thread] Shutdown event was signaled in run_pull of queue element PullQEl_hw_read3beach_robot/conv52!
[2026-04-28 17:14:03.225] [5884] [HailoRT] [info] [queue_elements.cpp:855] [run_in_thread] Shutdown event was signaled in dequeue of UserBuffQEl3beach_robot/conv52!
[2026-04-28 17:14:03.225] [5883] [HailoRT] [info] [queue_elements.cpp:68] [operator()] Thread in element PullQEl_hw_read3beach_robot/conv52 is not running anymore, exiting..
[2026-04-28 17:14:03.225] [3710] [HailoRT] [info] [queue_elements.cpp:46] [~BaseQueueElement] Queue element PullQEl_hw_read3beach_robot/conv52 has 0 frames in his Queue on destruction
[2026-04-28 17:14:03.225] [5884] [HailoRT] [info] [queue_elements.cpp:68] [operator()] Thread in element UserBuffQEl3beach_robot/conv52 is not running anymore, exiting..
[2026-04-28 17:14:03.225] [3710] [HailoRT] [info] [queue_elements.cpp:46] [~BaseQueueElement] Queue element UserBuffQEl3beach_robot/conv52 has 0 frames in his Queue on destruction
[2026-04-28 17:14:03.225] [5885] [HailoRT] [info] [queue_elements.cpp:734] [run_in_thread] Shutdown event was signaled in run_pull of queue element PullQEl_hw_read1beach_robot/conv53!
[2026-04-28 17:14:03.225] [5886] [HailoRT] [info] [queue_elements.cpp:855] [run_in_thread] Shutdown event was signaled in dequeue of UserBuffQEl1beach_robot/conv53!
[2026-04-28 17:14:03.225] [5885] [HailoRT] [info] [queue_elements.cpp:68] [operator()] Thread in element PullQEl_hw_read1beach_robot/conv53 is not running anymore, exiting..
[2026-04-28 17:14:03.225] [3710] [HailoRT] [info] [queue_elements.cpp:46] [~BaseQueueElement] Queue element PullQEl_hw_read1beach_robot/conv53 has 0 frames in his Queue on destruction
[2026-04-28 17:14:03.225] [5886] [HailoRT] [info] [queue_elements.cpp:68] [operator()] Thread in element UserBuffQEl1beach_robot/conv53 is not running anymore, exiting..
[2026-04-28 17:14:03.225] [3710] [HailoRT] [info] [queue_elements.cpp:46] [~BaseQueueElement] Queue element UserBuffQEl1beach_robot/conv53 has 0 frames in his Queue on destruction
[2026-04-28 17:14:03.225] [5887] [HailoRT] [info] [queue_elements.cpp:734] [run_in_thread] Shutdown event was signaled in run_pull of queue element PullQEl_hw_read2beach_robot/conv62!
[2026-04-28 17:14:03.225] [5888] [HailoRT] [info] [queue_elements.cpp:855] [run_in_thread] Shutdown event was signaled in dequeue of UserBuffQEl2beach_robot/conv62!
[2026-04-28 17:14:03.225] [5887] [HailoRT] [info] [queue_elements.cpp:68] [operator()] Thread in element PullQEl_hw_read2beach_robot/conv62 is not running anymore, exiting..
[2026-04-28 17:14:03.225] [3710] [HailoRT] [info] [queue_elements.cpp:46] [~BaseQueueElement] Queue element PullQEl_hw_read2beach_robot/conv62 has 0 frames in his Queue on destruction
[2026-04-28 17:14:03.225] [5888] [HailoRT] [info] [queue_elements.cpp:68] [operator()] Thread in element UserBuffQEl2beach_robot/conv62 is not running anymore, exiting..
[2026-04-28 17:14:03.225] [3710] [HailoRT] [info] [queue_elements.cpp:46] [~BaseQueueElement] Queue element UserBuffQEl2beach_robot/conv62 has 0 frames in his Queue on destruction
[2026-04-28 17:14:03.225] [5889] [HailoRT] [info] [queue_elements.cpp:734] [run_in_thread] Shutdown event was signaled in run_pull of queue element PullQEl_hw_read0beach_robot/conv63!
[2026-04-28 17:14:03.225] [5890] [HailoRT] [info] [queue_elements.cpp:855] [run_in_thread] Shutdown event was signaled in dequeue of UserBuffQEl0beach_robot/conv63!
[2026-04-28 17:14:03.225] [5889] [HailoRT] [info] [queue_elements.cpp:68] [operator()] Thread in element PullQEl_hw_read0beach_robot/conv63 is not running anymore, exiting..
[2026-04-28 17:14:03.225] [3710] [HailoRT] [info] [queue_elements.cpp:46] [~BaseQueueElement] Queue element PullQEl_hw_read0beach_robot/conv63 has 0 frames in his Queue on destruction
[2026-04-28 17:14:03.225] [5890] [HailoRT] [info] [queue_elements.cpp:68] [operator()] Thread in element UserBuffQEl0beach_robot/conv63 is not running anymore, exiting..
[2026-04-28 17:14:03.225] [3710] [HailoRT] [info] [queue_elements.cpp:46] [~BaseQueueElement] Queue element UserBuffQEl0beach_robot/conv63 has 0 frames in his Queue on destruction
[2026-04-28 17:14:03.524] [3710] [HailoRT] [info] [edge_elements.cpp:52] [create] Created (HwWriteEl2beach_robot/input_layer1 | hw_frame_size: 1228800)
[2026-04-28 17:14:03.524] [3710] [HailoRT] [info] [vstream.cpp:754] [InputVStreamImpl] Creating beach_robot/input_layer1...
[2026-04-28 17:14:03.524] [3710] [HailoRT] [info] [vstream_builder.cpp:102] [create_inputs] Input pipeline 'beach_robot/input_layer1': (HwWriteEl2beach_robot/input_layer1 | hw_frame_size: 1228800) >> HW
[2026-04-28 17:14:03.524] [3710] [HailoRT] [info] [edge_elements.cpp:287] [create] Created (HwReadEl0beach_robot/conv41 | hw_frame_size: 409600)
[2026-04-28 17:14:03.524] [3710] [HailoRT] [info] [queue_elements.cpp:657] [create] Created (PullQEl_hw_read0beach_robot/conv41)
[2026-04-28 17:14:03.524] [3710] [HailoRT] [info] [filter_elements.cpp:372] [create] Created (PostInferEl0beach_robot/conv41 | Quantization - src_type: UINT8, dst_type FLOAT32, limvals_min: -10.8307, limvals_max: 18.5504)
[2026-04-28 17:14:03.524] [3710] [HailoRT] [info] [queue_elements.cpp:800] [create] Created (UserBuffQEl0beach_robot/conv41 | timeout: 10s)
[2026-04-28 17:14:03.524] [3710] [HailoRT] [info] [vstream.cpp:1114] [OutputVStreamImpl] Creating beach_robot/conv41...
[2026-04-28 17:14:03.524] [3710] [HailoRT] [info] [vstream_builder.cpp:220] [create_outputs] Output pipeline 'beach_robot/conv41': HW >> (HwReadEl0beach_robot/conv41 | hw_frame_size: 409600) >> (PullQEl_hw_read0beach_robot/conv41) >> (PostInferEl0beach_robot/conv41 | Quantization - src_type: UINT8, dst_type FLOAT32, limvals_min: -10.8307, limvals_max: 18.5504) >> (UserBuffQEl0beach_robot/conv41 | timeout: 10s)
[2026-04-28 17:14:03.524] [3710] [HailoRT] [info] [edge_elements.cpp:287] [create] Created (HwReadEl7beach_robot/conv42 | hw_frame_size: 12800)
[2026-04-28 17:14:03.525] [3710] [HailoRT] [info] [queue_elements.cpp:657] [create] Created (PullQEl_hw_read7beach_robot/conv42)
[2026-04-28 17:14:03.525] [3710] [HailoRT] [info] [filter_elements.cpp:372] [create] Created (PostInferEl7beach_robot/conv42 | Quantization - src_type: UINT8, dst_type FLOAT32, limvals_min: -25.6857, limvals_max: 0)
[2026-04-28 17:14:03.525] [3710] [HailoRT] [info] [queue_elements.cpp:800] [create] Created (UserBuffQEl7beach_robot/conv42 | timeout: 10s)
[2026-04-28 17:14:03.525] [3710] [HailoRT] [info] [vstream.cpp:1114] [OutputVStreamImpl] Creating beach_robot/conv42...
[2026-04-28 17:14:03.525] [3710] [HailoRT] [info] [vstream_builder.cpp:220] [create_outputs] Output pipeline 'beach_robot/conv42': HW >> (HwReadEl7beach_robot/conv42 | hw_frame_size: 12800) >> (PullQEl_hw_read7beach_robot/conv42) >> (PostInferEl7beach_robot/conv42 | Quantization - src_type: UINT8, dst_type FLOAT32, limvals_min: -25.6857, limvals_max: 0) >> (UserBuffQEl7beach_robot/conv42 | timeout: 10s)
[2026-04-28 17:14:03.525] [3710] [HailoRT] [info] [edge_elements.cpp:287] [create] Created (HwReadEl3beach_robot/conv52 | hw_frame_size: 102400)
[2026-04-28 17:14:03.525] [3710] [HailoRT] [info] [queue_elements.cpp:657] [create] Created (PullQEl_hw_read3beach_robot/conv52)
[2026-04-28 17:14:03.525] [3710] [HailoRT] [info] [filter_elements.cpp:372] [create] Created (PostInferEl3beach_robot/conv52 | Quantization - src_type: UINT8, dst_type FLOAT32, limvals_min: -6.53754, limvals_max: 19.9239)
[2026-04-28 17:14:03.525] [3710] [HailoRT] [info] [queue_elements.cpp:800] [create] Created (UserBuffQEl3beach_robot/conv52 | timeout: 10s)
[2026-04-28 17:14:03.525] [3710] [HailoRT] [info] [vstream.cpp:1114] [OutputVStreamImpl] Creating beach_robot/conv52...
[2026-04-28 17:14:03.525] [3710] [HailoRT] [info] [vstream_builder.cpp:220] [create_outputs] Output pipeline 'beach_robot/conv52': HW >> (HwReadEl3beach_robot/conv52 | hw_frame_size: 102400) >> (PullQEl_hw_read3beach_robot/conv52) >> (PostInferEl3beach_robot/conv52 | Quantization - src_type: UINT8, dst_type FLOAT32, limvals_min: -6.53754, limvals_max: 19.9239) >> (UserBuffQEl3beach_robot/conv52 | timeout: 10s)
[2026-04-28 17:14:03.525] [3710] [HailoRT] [info] [edge_elements.cpp:287] [create] Created (HwReadEl1beach_robot/conv53 | hw_frame_size: 3200)
[2026-04-28 17:14:03.525] [3710] [HailoRT] [info] [queue_elements.cpp:657] [create] Created (PullQEl_hw_read1beach_robot/conv53)
[2026-04-28 17:14:03.525] [3710] [HailoRT] [info] [filter_elements.cpp:372] [create] Created (PostInferEl1beach_robot/conv53 | Quantization - src_type: UINT8, dst_type FLOAT32, limvals_min: -15.7441, limvals_max: 0)
[2026-04-28 17:14:03.525] [3710] [HailoRT] [info] [queue_elements.cpp:800] [create] Created (UserBuffQEl1beach_robot/conv53 | timeout: 10s)
[2026-04-28 17:14:03.525] [3710] [HailoRT] [info] [vstream.cpp:1114] [OutputVStreamImpl] Creating beach_robot/conv53...
[2026-04-28 17:14:03.525] [3710] [HailoRT] [info] [vstream_builder.cpp:220] [create_outputs] Output pipeline 'beach_robot/conv53': HW >> (HwReadEl1beach_robot/conv53 | hw_frame_size: 3200) >> (PullQEl_hw_read1beach_robot/conv53) >> (PostInferEl1beach_robot/conv53 | Quantization - src_type: UINT8, dst_type FLOAT32, limvals_min: -15.7441, limvals_max: 0) >> (UserBuffQEl1beach_robot/conv53 | timeout: 10s)
[2026-04-28 17:14:03.525] [3710] [HailoRT] [info] [edge_elements.cpp:287] [create] Created (HwReadEl2beach_robot/conv62 | hw_frame_size: 25600)
[2026-04-28 17:14:03.525] [3710] [HailoRT] [info] [queue_elements.cpp:657] [create] Created (PullQEl_hw_read2beach_robot/conv62)
[2026-04-28 17:14:03.525] [3710] [HailoRT] [info] [filter_elements.cpp:372] [create] Created (PostInferEl2beach_robot/conv62 | Quantization - src_type: UINT8, dst_type FLOAT32, limvals_min: -8.27399, limvals_max: 14.6594)
[2026-04-28 17:14:03.525] [3710] [HailoRT] [info] [queue_elements.cpp:800] [create] Created (UserBuffQEl2beach_robot/conv62 | timeout: 10s)
[2026-04-28 17:14:03.525] [3710] [HailoRT] [info] [vstream.cpp:1114] [OutputVStreamImpl] Creating beach_robot/conv62...
[2026-04-28 17:14:03.525] [3710] [HailoRT] [info] [vstream_builder.cpp:220] [create_outputs] Output pipeline 'beach_robot/conv62': HW >> (HwReadEl2beach_robot/conv62 | hw_frame_size: 25600) >> (PullQEl_hw_read2beach_robot/conv62) >> (PostInferEl2beach_robot/conv62 | Quantization - src_type: UINT8, dst_type FLOAT32, limvals_min: -8.27399, limvals_max: 14.6594) >> (UserBuffQEl2beach_robot/conv62 | timeout: 10s)
[2026-04-28 17:14:03.525] [3710] [HailoRT] [info] [edge_elements.cpp:287] [create] Created (HwReadEl0beach_robot/conv63 | hw_frame_size: 3200)
[2026-04-28 17:14:03.525] [3710] [HailoRT] [info] [queue_elements.cpp:657] [create] Created (PullQEl_hw_read0beach_robot/conv63)
[2026-04-28 17:14:03.525] [3710] [HailoRT] [info] [filter_elements.cpp:372] [create] Created (PostInferEl0beach_robot/conv63 | Quantization - src_type: UINT8, dst_type FLOAT32, limvals_min: -15.2921, limvals_max: 1.44388 | Reorder - src_order: FCR, src_shape: (20, 20, 8), dst_order: FCR, dst_shape: (20, 20, 2))
[2026-04-28 17:14:03.525] [3710] [HailoRT] [info] [queue_elements.cpp:800] [create] Created (UserBuffQEl0beach_robot/conv63 | timeout: 10s)
[2026-04-28 17:14:03.525] [3710] [HailoRT] [info] [vstream.cpp:1114] [OutputVStreamImpl] Creating beach_robot/conv63...
[2026-04-28 17:14:03.525] [3710] [HailoRT] [info] [vstream_builder.cpp:220] [create_outputs] Output pipeline 'beach_robot/conv63': HW >> (HwReadEl0beach_robot/conv63 | hw_frame_size: 3200) >> (PullQEl_hw_read0beach_robot/conv63) >> (PostInferEl0beach_robot/conv63 | Quantization - src_type: UINT8, dst_type FLOAT32, limvals_min: -15.2921, limvals_max: 1.44388 | Reorder - src_order: FCR, src_shape: (20, 20, 8), dst_order: FCR, dst_shape: (20, 20, 2)) >> (UserBuffQEl0beach_robot/conv63 | timeout: 10s)
[2026-04-28 17:14:03.526] [3710] [HailoRT] [info] [core_op.cpp:156] [activate] Activating beach_robot took 0.523302 milliseconds. Note that the function is asynchronous and thus the network is not fully activated yet.
[2026-04-28 17:14:03.526] [3710] [HailoRT] [info] [core_op.cpp:156] [activate] Activating beach_robot took 0.532765 milliseconds. Note that the function is asynchronous and thus the network is not fully activated yet.
[2026-04-28 17:14:03.545] [5900] [HailoRT] [info] [vdevice_native_stream.cpp:331] [read_impl] Failed read from stream HAILO_STREAM_NOT_ACTIVATED(72) (device: 0001:01:00.0)
[2026-04-28 17:14:03.545] [5904] [HailoRT] [info] [vdevice_native_stream.cpp:331] [read_impl] Failed read from stream HAILO_STREAM_NOT_ACTIVATED(72) (device: 0001:01:00.0)
[2026-04-28 17:14:03.545] [5906] [HailoRT] [info] [vdevice_native_stream.cpp:331] [read_impl] Failed read from stream HAILO_STREAM_NOT_ACTIVATED(72) (device: 0001:01:00.0)
[2026-04-28 17:14:03.545] [5908] [HailoRT] [info] [vdevice_native_stream.cpp:331] [read_impl] Failed read from stream HAILO_STREAM_NOT_ACTIVATED(72) (device: 0001:01:00.0)
[2026-04-28 17:14:03.545] [5902] [HailoRT] [info] [vdevice_native_stream.cpp:331] [read_impl] Failed read from stream HAILO_STREAM_NOT_ACTIVATED(72) (device: 0001:01:00.0)
[2026-04-28 17:14:03.545] [5898] [HailoRT] [info] [vdevice_native_stream.cpp:331] [read_impl] Failed read from stream HAILO_STREAM_NOT_ACTIVATED(72) (device: 0001:01:00.0)
[2026-04-28 17:14:03.545] [3710] [HailoRT] [info] [core_op.cpp:186] [deactivate] Deactivating took 0.507118 ms
[2026-04-28 17:14:03.545] [3710] [HailoRT] [info] [core_op.cpp:186] [deactivate] Deactivating took 0.519173 ms
[2026-04-28 17:14:03.545] [5898] [HailoRT] [info] [queue_elements.cpp:734] [run_in_thread] Shutdown event was signaled in run_pull of queue element PullQEl_hw_read0beach_robot/conv41!
[2026-04-28 17:14:03.545] [5899] [HailoRT] [info] [queue_elements.cpp:855] [run_in_thread] Shutdown event was signaled in dequeue of UserBuffQEl0beach_robot/conv41!
[2026-04-28 17:14:03.545] [5898] [HailoRT] [info] [queue_elements.cpp:68] [operator()] Thread in element PullQEl_hw_read0beach_robot/conv41 is not running anymore, exiting..
[2026-04-28 17:14:03.545] [3710] [HailoRT] [info] [queue_elements.cpp:46] [~BaseQueueElement] Queue element PullQEl_hw_read0beach_robot/conv41 has 0 frames in his Queue on destruction
[2026-04-28 17:14:03.545] [5899] [HailoRT] [info] [queue_elements.cpp:68] [operator()] Thread in element UserBuffQEl0beach_robot/conv41 is not running anymore, exiting..
[2026-04-28 17:14:03.545] [3710] [HailoRT] [info] [queue_elements.cpp:46] [~BaseQueueElement] Queue element UserBuffQEl0beach_robot/conv41 has 0 frames in his Queue on destruction
[2026-04-28 17:14:03.545] [5900] [HailoRT] [info] [queue_elements.cpp:734] [run_in_thread] Shutdown event was signaled in run_pull of queue element PullQEl_hw_read7beach_robot/conv42!
[2026-04-28 17:14:03.545] [5901] [HailoRT] [info] [queue_elements.cpp:855] [run_in_thread] Shutdown event was signaled in dequeue of UserBuffQEl7beach_robot/conv42!
[2026-04-28 17:14:03.546] [5900] [HailoRT] [info] [queue_elements.cpp:68] [operator()] Thread in element PullQEl_hw_read7beach_robot/conv42 is not running anymore, exiting..
[2026-04-28 17:14:03.546] [3710] [HailoRT] [info] [queue_elements.cpp:46] [~BaseQueueElement] Queue element PullQEl_hw_read7beach_robot/conv42 has 0 frames in his Queue on destruction
[2026-04-28 17:14:03.546] [5901] [HailoRT] [info] [queue_elements.cpp:68] [operator()] Thread in element UserBuffQEl7beach_robot/conv42 is not running anymore, exiting..
[2026-04-28 17:14:03.546] [3710] [HailoRT] [info] [queue_elements.cpp:46] [~BaseQueueElement] Queue element UserBuffQEl7beach_robot/conv42 has 0 frames in his Queue on destruction
[2026-04-28 17:14:03.546] [5902] [HailoRT] [info] [queue_elements.cpp:734] [run_in_thread] Shutdown event was signaled in run_pull of queue element PullQEl_hw_read3beach_robot/conv52!
[2026-04-28 17:14:03.546] [5903] [HailoRT] [info] [queue_elements.cpp:855] [run_in_thread] Shutdown event was signaled in dequeue of UserBuffQEl3beach_robot/conv52!
[2026-04-28 17:14:03.546] [5902] [HailoRT] [info] [queue_elements.cpp:68] [operator()] Thread in element PullQEl_hw_read3beach_robot/conv52 is not running anymore, exiting..
[2026-04-28 17:14:03.546] [3710] [HailoRT] [info] [queue_elements.cpp:46] [~BaseQueueElement] Queue element PullQEl_hw_read3beach_robot/conv52 has 0 frames in his Queue on destruction
[2026-04-28 17:14:03.546] [5903] [HailoRT] [info] [queue_elements.cpp:68] [operator()] Thread in element UserBuffQEl3beach_robot/conv52 is not running anymore, exiting..
[2026-04-28 17:14:03.546] [3710] [HailoRT] [info] [queue_elements.cpp:46] [~BaseQueueElement] Queue element UserBuffQEl3beach_robot/conv52 has 0 frames in his Queue on destruction
[2026-04-28 17:14:03.546] [5905] [HailoRT] [info] [queue_elements.cpp:855] [run_in_thread] Shutdown event was signaled in dequeue of UserBuffQEl1beach_robot/conv53!
[2026-04-28 17:14:03.546] [5904] [HailoRT] [info] [queue_elements.cpp:734] [run_in_thread] Shutdown event was signaled in run_pull of queue element PullQEl_hw_read1beach_robot/conv53!
[2026-04-28 17:14:03.546] [5904] [HailoRT] [info] [queue_elements.cpp:68] [operator()] Thread in element PullQEl_hw_read1beach_robot/conv53 is not running anymore, exiting..
[2026-04-28 17:14:03.546] [3710] [HailoRT] [info] [queue_elements.cpp:46] [~BaseQueueElement] Queue element PullQEl_hw_read1beach_robot/conv53 has 0 frames in his Queue on destruction
[2026-04-28 17:14:03.546] [5905] [HailoRT] [info] [queue_elements.cpp:68] [operator()] Thread in element UserBuffQEl1beach_robot/conv53 is not running anymore, exiting..
[2026-04-28 17:14:03.546] [3710] [HailoRT] [info] [queue_elements.cpp:46] [~BaseQueueElement] Queue element UserBuffQEl1beach_robot/conv53 has 0 frames in his Queue on destruction
[2026-04-28 17:14:03.546] [5906] [HailoRT] [info] [queue_elements.cpp:734] [run_in_thread] Shutdown event was signaled in run_pull of queue element PullQEl_hw_read2beach_robot/conv62!
[2026-04-28 17:14:03.546] [5907] [HailoRT] [info] [queue_elements.cpp:855] [run_in_thread] Shutdown event was signaled in dequeue of UserBuffQEl2beach_robot/conv62!
[2026-04-28 17:14:03.546] [5906] [HailoRT] [info] [queue_elements.cpp:68] [operator()] Thread in element PullQEl_hw_read2beach_robot/conv62 is not running anymore, exiting..
[2026-04-28 17:14:03.546] [3710] [HailoRT] [info] [queue_elements.cpp:46] [~BaseQueueElement] Queue element PullQEl_hw_read2beach_robot/conv62 has 0 frames in his Queue on destruction
[2026-04-28 17:14:03.546] [5907] [HailoRT] [info] [queue_elements.cpp:68] [operator()] Thread in element UserBuffQEl2beach_robot/conv62 is not running anymore, exiting..
[2026-04-28 17:14:03.546] [3710] [HailoRT] [info] [queue_elements.cpp:46] [~BaseQueueElement] Queue element UserBuffQEl2beach_robot/conv62 has 0 frames in his Queue on destruction
[2026-04-28 17:14:03.546] [5908] [HailoRT] [info] [queue_elements.cpp:734] [run_in_thread] Shutdown event was signaled in run_pull of queue element PullQEl_hw_read0beach_robot/conv63!
[2026-04-28 17:14:03.546] [5909] [HailoRT] [info] [queue_elements.cpp:855] [run_in_thread] Shutdown event was signaled in dequeue of UserBuffQEl0beach_robot/conv63!
[2026-04-28 17:14:03.546] [5908] [HailoRT] [info] [queue_elements.cpp:68] [operator()] Thread in element PullQEl_hw_read0beach_robot/conv63 is not running anymore, exiting..
[2026-04-28 17:14:03.546] [3710] [HailoRT] [info] [queue_elements.cpp:46] [~BaseQueueElement] Queue element PullQEl_hw_read0beach_robot/conv63 has 0 frames in his Queue on destruction
[2026-04-28 17:14:03.546] [5909] [HailoRT] [info] [queue_elements.cpp:68] [operator()] Thread in element UserBuffQEl0beach_robot/conv63 is not running anymore, exiting..
[2026-04-28 17:14:03.546] [3710] [HailoRT] [info] [queue_elements.cpp:46] [~BaseQueueElement] Queue element UserBuffQEl0beach_robot/conv63 has 0 frames in his Queue on destruction
[2026-04-28 17:14:03.844] [3710] [HailoRT] [info] [edge_elements.cpp:52] [create] Created (HwWriteEl2beach_robot/input_layer1 | hw_frame_size: 1228800)
[2026-04-28 17:14:03.844] [3710] [HailoRT] [info] [vstream.cpp:754] [InputVStreamImpl] Creating beach_robot/input_layer1...
[2026-04-28 17:14:03.844] [3710] [HailoRT] [info] [vstream_builder.cpp:102] [create_inputs] Input pipeline 'beach_robot/input_layer1': (HwWriteEl2beach_robot/input_layer1 | hw_frame_size: 1228800) >> HW
[2026-04-28 17:14:03.844] [3710] [HailoRT] [info] [edge_elements.cpp:287] [create] Created (HwReadEl0beach_robot/conv41 | hw_frame_size: 409600)
[2026-04-28 17:14:03.845] [3710] [HailoRT] [info] [queue_elements.cpp:657] [create] Created (PullQEl_hw_read0beach_robot/conv41)
[2026-04-28 17:14:03.845] [3710] [HailoRT] [info] [filter_elements.cpp:372] [create] Created (PostInferEl0beach_robot/conv41 | Quantization - src_type: UINT8, dst_type FLOAT32, limvals_min: -10.8307, limvals_max: 18.5504)
[2026-04-28 17:14:03.845] [3710] [HailoRT] [info] [queue_elements.cpp:800] [create] Created (UserBuffQEl0beach_robot/conv41 | timeout: 10s)
[2026-04-28 17:14:03.845] [3710] [HailoRT] [info] [vstream.cpp:1114] [OutputVStreamImpl] Creating beach_robot/conv41...
[2026-04-28 17:14:03.845] [3710] [HailoRT] [info] [vstream_builder.cpp:220] [create_outputs] Output pipeline 'beach_robot/conv41': HW >> (HwReadEl0beach_robot/conv41 | hw_frame_size: 409600) >> (PullQEl_hw_read0beach_robot/conv41) >> (PostInferEl0beach_robot/conv41 | Quantization - src_type: UINT8, dst_type FLOAT32, limvals_min: -10.8307, limvals_max: 18.5504) >> (UserBuffQEl0beach_robot/conv41 | timeout: 10s)
[2026-04-28 17:14:03.845] [3710] [HailoRT] [info] [edge_elements.cpp:287] [create] Created (HwReadEl7beach_robot/conv42 | hw_frame_size: 12800)
[2026-04-28 17:14:03.845] [3710] [HailoRT] [info] [queue_elements.cpp:657] [create] Created (PullQEl_hw_read7beach_robot/conv42)
[2026-04-28 17:14:03.845] [3710] [HailoRT] [info] [filter_elements.cpp:372] [create] Created (PostInferEl7beach_robot/conv42 | Quantization - src_type: UINT8, dst_type FLOAT32, limvals_min: -25.6857, limvals_max: 0)
[2026-04-28 17:14:03.845] [3710] [HailoRT] [info] [queue_elements.cpp:800] [create] Created (UserBuffQEl7beach_robot/conv42 | timeout: 10s)
[2026-04-28 17:14:03.845] [3710] [HailoRT] [info] [vstream.cpp:1114] [OutputVStreamImpl] Creating beach_robot/conv42...
[2026-04-28 17:14:03.845] [3710] [HailoRT] [info] [vstream_builder.cpp:220] [create_outputs] Output pipeline 'beach_robot/conv42': HW >> (HwReadEl7beach_robot/conv42 | hw_frame_size: 12800) >> (PullQEl_hw_read7beach_robot/conv42) >> (PostInferEl7beach_robot/conv42 | Quantization - src_type: UINT8, dst_type FLOAT32, limvals_min: -25.6857, limvals_max: 0) >> (UserBuffQEl7beach_robot/conv42 | timeout: 10s)
[2026-04-28 17:14:03.845] [3710] [HailoRT] [info] [edge_elements.cpp:287] [create] Created (HwReadEl3beach_robot/conv52 | hw_frame_size: 102400)
[2026-04-28 17:14:03.845] [3710] [HailoRT] [info] [queue_elements.cpp:657] [create] Created (PullQEl_hw_read3beach_robot/conv52)
[2026-04-28 17:14:03.845] [3710] [HailoRT] [info] [filter_elements.cpp:372] [create] Created (PostInferEl3beach_robot/conv52 | Quantization - src_type: UINT8, dst_type FLOAT32, limvals_min: -6.53754, limvals_max: 19.9239)
[2026-04-28 17:14:03.845] [3710] [HailoRT] [info] [queue_elements.cpp:800] [create] Created (UserBuffQEl3beach_robot/conv52 | timeout: 10s)
[2026-04-28 17:14:03.845] [3710] [HailoRT] [info] [vstream.cpp:1114] [OutputVStreamImpl] Creating beach_robot/conv52...
[2026-04-28 17:14:03.845] [3710] [HailoRT] [info] [vstream_builder.cpp:220] [create_outputs] Output pipeline 'beach_robot/conv52': HW >> (HwReadEl3beach_robot/conv52 | hw_frame_size: 102400) >> (PullQEl_hw_read3beach_robot/conv52) >> (PostInferEl3beach_robot/conv52 | Quantization - src_type: UINT8, dst_type FLOAT32, limvals_min: -6.53754, limvals_max: 19.9239) >> (UserBuffQEl3beach_robot/conv52 | timeout: 10s)
[2026-04-28 17:14:03.845] [3710] [HailoRT] [info] [edge_elements.cpp:287] [create] Created (HwReadEl1beach_robot/conv53 | hw_frame_size: 3200)
[2026-04-28 17:14:03.845] [3710] [HailoRT] [info] [queue_elements.cpp:657] [create] Created (PullQEl_hw_read1beach_robot/conv53)
[2026-04-28 17:14:03.845] [3710] [HailoRT] [info] [filter_elements.cpp:372] [create] Created (PostInferEl1beach_robot/conv53 | Quantization - src_type: UINT8, dst_type FLOAT32, limvals_min: -15.7441, limvals_max: 0)
[2026-04-28 17:14:03.845] [3710] [HailoRT] [info] [queue_elements.cpp:800] [create] Created (UserBuffQEl1beach_robot/conv53 | timeout: 10s)
[2026-04-28 17:14:03.845] [3710] [HailoRT] [info] [vstream.cpp:1114] [OutputVStreamImpl] Creating beach_robot/conv53...
[2026-04-28 17:14:03.845] [3710] [HailoRT] [info] [vstream_builder.cpp:220] [create_outputs] Output pipeline 'beach_robot/conv53': HW >> (HwReadEl1beach_robot/conv53 | hw_frame_size: 3200) >> (PullQEl_hw_read1beach_robot/conv53) >> (PostInferEl1beach_robot/conv53 | Quantization - src_type: UINT8, dst_type FLOAT32, limvals_min: -15.7441, limvals_max: 0) >> (UserBuffQEl1beach_robot/conv53 | timeout: 10s)
[2026-04-28 17:14:03.845] [3710] [HailoRT] [info] [edge_elements.cpp:287] [create] Created (HwReadEl2beach_robot/conv62 | hw_frame_size: 25600)
[2026-04-28 17:14:03.845] [3710] [HailoRT] [info] [queue_elements.cpp:657] [create] Created (PullQEl_hw_read2beach_robot/conv62)
[2026-04-28 17:14:03.845] [3710] [HailoRT] [info] [filter_elements.cpp:372] [create] Created (PostInferEl2beach_robot/conv62 | Quantization - src_type: UINT8, dst_type FLOAT32, limvals_min: -8.27399, limvals_max: 14.6594)
[2026-04-28 17:14:03.845] [3710] [HailoRT] [info] [queue_elements.cpp:800] [create] Created (UserBuffQEl2beach_robot/conv62 | timeout: 10s)
[2026-04-28 17:14:03.845] [3710] [HailoRT] [info] [vstream.cpp:1114] [OutputVStreamImpl] Creating beach_robot/conv62...
[2026-04-28 17:14:03.845] [3710] [HailoRT] [info] [vstream_builder.cpp:220] [create_outputs] Output pipeline 'beach_robot/conv62': HW >> (HwReadEl2beach_robot/conv62 | hw_frame_size: 25600) >> (PullQEl_hw_read2beach_robot/conv62) >> (PostInferEl2beach_robot/conv62 | Quantization - src_type: UINT8, dst_type FLOAT32, limvals_min: -8.27399, limvals_max: 14.6594) >> (UserBuffQEl2beach_robot/conv62 | timeout: 10s)
[2026-04-28 17:14:03.845] [3710] [HailoRT] [info] [edge_elements.cpp:287] [create] Created (HwReadEl0beach_robot/conv63 | hw_frame_size: 3200)
[2026-04-28 17:14:03.845] [3710] [HailoRT] [info] [queue_elements.cpp:657] [create] Created (PullQEl_hw_read0beach_robot/conv63)
[2026-04-28 17:14:03.845] [3710] [HailoRT] [info] [filter_elements.cpp:372] [create] Created (PostInferEl0beach_robot/conv63 | Quantization - src_type: UINT8, dst_type FLOAT32, limvals_min: -15.2921, limvals_max: 1.44388 | Reorder - src_order: FCR, src_shape: (20, 20, 8), dst_order: FCR, dst_shape: (20, 20, 2))
[2026-04-28 17:14:03.845] [3710] [HailoRT] [info] [queue_elements.cpp:800] [create] Created (UserBuffQEl0beach_robot/conv63 | timeout: 10s)
[2026-04-28 17:14:03.845] [3710] [HailoRT] [info] [vstream.cpp:1114] [OutputVStreamImpl] Creating beach_robot/conv63...
[2026-04-28 17:14:03.845] [3710] [HailoRT] [info] [vstream_builder.cpp:220] [create_outputs] Output pipeline 'beach_robot/conv63': HW >> (HwReadEl0beach_robot/conv63 | hw_frame_size: 3200) >> (PullQEl_hw_read0beach_robot/conv63) >> (PostInferEl0beach_robot/conv63 | Quantization - src_type: UINT8, dst_type FLOAT32, limvals_min: -15.2921, limvals_max: 1.44388 | Reorder - src_order: FCR, src_shape: (20, 20, 8), dst_order: FCR, dst_shape: (20, 20, 2)) >> (UserBuffQEl0beach_robot/conv63 | timeout: 10s)
[2026-04-28 17:14:03.846] [3710] [HailoRT] [info] [core_op.cpp:156] [activate] Activating beach_robot took 0.526877 milliseconds. Note that the function is asynchronous and thus the network is not fully activated yet.
[2026-04-28 17:14:03.846] [3710] [HailoRT] [info] [core_op.cpp:156] [activate] Activating beach_robot took 0.536172 milliseconds. Note that the function is asynchronous and thus the network is not fully activated yet.
[2026-04-28 17:14:03.865] [5917] [HailoRT] [info] [vdevice_native_stream.cpp:331] [read_impl] Failed read from stream HAILO_STREAM_NOT_ACTIVATED(72) (device: 0001:01:00.0)
[2026-04-28 17:14:03.865] [5923] [HailoRT] [info] [vdevice_native_stream.cpp:331] [read_impl] Failed read from stream HAILO_STREAM_NOT_ACTIVATED(72) (device: 0001:01:00.0)
[2026-04-28 17:14:03.865] [5925] [HailoRT] [info] [vdevice_native_stream.cpp:331] [read_impl] Failed read from stream HAILO_STREAM_NOT_ACTIVATED(72) (device: 0001:01:00.0)
[2026-04-28 17:14:03.865] [5921] [HailoRT] [info] [vdevice_native_stream.cpp:331] [read_impl] Failed read from stream HAILO_STREAM_NOT_ACTIVATED(72) (device: 0001:01:00.0)
[2026-04-28 17:14:03.865] [5927] [HailoRT] [info] [vdevice_native_stream.cpp:331] [read_impl] Failed read from stream HAILO_STREAM_NOT_ACTIVATED(72) (device: 0001:01:00.0)
[2026-04-28 17:14:03.865] [5919] [HailoRT] [info] [vdevice_native_stream.cpp:331] [read_impl] Failed read from stream HAILO_STREAM_NOT_ACTIVATED(72) (device: 0001:01:00.0)
[2026-04-28 17:14:03.865] [3710] [HailoRT] [info] [core_op.cpp:186] [deactivate] Deactivating took 0.508989 ms
[2026-04-28 17:14:03.866] [3710] [HailoRT] [info] [core_op.cpp:186] [deactivate] Deactivating took 0.536858 ms
[2026-04-28 17:14:03.866] [5917] [HailoRT] [info] [queue_elements.cpp:734] [run_in_thread] Shutdown event was signaled in run_pull of queue element PullQEl_hw_read0beach_robot/conv41!
[2026-04-28 17:14:03.866] [5918] [HailoRT] [info] [queue_elements.cpp:855] [run_in_thread] Shutdown event was signaled in dequeue of UserBuffQEl0beach_robot/conv41!
[2026-04-28 17:14:03.866] [5917] [HailoRT] [info] [queue_elements.cpp:68] [operator()] Thread in element PullQEl_hw_read0beach_robot/conv41 is not running anymore, exiting..
[2026-04-28 17:14:03.866] [3710] [HailoRT] [info] [queue_elements.cpp:46] [~BaseQueueElement] Queue element PullQEl_hw_read0beach_robot/conv41 has 0 frames in his Queue on destruction
[2026-04-28 17:14:03.866] [5918] [HailoRT] [info] [queue_elements.cpp:68] [operator()] Thread in element UserBuffQEl0beach_robot/conv41 is not running anymore, exiting..
[2026-04-28 17:14:03.866] [3710] [HailoRT] [info] [queue_elements.cpp:46] [~BaseQueueElement] Queue element UserBuffQEl0beach_robot/conv41 has 0 frames in his Queue on destruction
[2026-04-28 17:14:03.866] [5919] [HailoRT] [info] [queue_elements.cpp:734] [run_in_thread] Shutdown event was signaled in run_pull of queue element PullQEl_hw_read7beach_robot/conv42!
[2026-04-28 17:14:03.866] [5920] [HailoRT] [info] [queue_elements.cpp:855] [run_in_thread] Shutdown event was signaled in dequeue of UserBuffQEl7beach_robot/conv42!
[2026-04-28 17:14:03.866] [5919] [HailoRT] [info] [queue_elements.cpp:68] [operator()] Thread in element PullQEl_hw_read7beach_robot/conv42 is not running anymore, exiting..
[2026-04-28 17:14:03.866] [3710] [HailoRT] [info] [queue_elements.cpp:46] [~BaseQueueElement] Queue element PullQEl_hw_read7beach_robot/conv42 has 0 frames in his Queue on destruction
[2026-04-28 17:14:03.866] [5920] [HailoRT] [info] [queue_elements.cpp:68] [operator()] Thread in element UserBuffQEl7beach_robot/conv42 is not running anymore, exiting..
[2026-04-28 17:14:03.866] [3710] [HailoRT] [info] [queue_elements.cpp:46] [~BaseQueueElement] Queue element UserBuffQEl7beach_robot/conv42 has 0 frames in his Queue on destruction
[2026-04-28 17:14:03.866] [5921] [HailoRT] [info] [queue_elements.cpp:734] [run_in_thread] Shutdown event was signaled in run_pull of queue element PullQEl_hw_read3beach_robot/conv52!
[2026-04-28 17:14:03.866] [5922] [HailoRT] [info] [queue_elements.cpp:855] [run_in_thread] Shutdown event was signaled in dequeue of UserBuffQEl3beach_robot/conv52!
[2026-04-28 17:14:03.866] [5921] [HailoRT] [info] [queue_elements.cpp:68] [operator()] Thread in element PullQEl_hw_read3beach_robot/conv52 is not running anymore, exiting..
[2026-04-28 17:14:03.866] [3710] [HailoRT] [info] [queue_elements.cpp:46] [~BaseQueueElement] Queue element PullQEl_hw_read3beach_robot/conv52 has 0 frames in his Queue on destruction
[2026-04-28 17:14:03.866] [5922] [HailoRT] [info] [queue_elements.cpp:68] [operator()] Thread in element UserBuffQEl3beach_robot/conv52 is not running anymore, exiting..
[2026-04-28 17:14:03.866] [3710] [HailoRT] [info] [queue_elements.cpp:46] [~BaseQueueElement] Queue element UserBuffQEl3beach_robot/conv52 has 0 frames in his Queue on destruction
[2026-04-28 17:14:03.866] [5923] [HailoRT] [info] [queue_elements.cpp:734] [run_in_thread] Shutdown event was signaled in run_pull of queue element PullQEl_hw_read1beach_robot/conv53!
[2026-04-28 17:14:03.866] [5924] [HailoRT] [info] [queue_elements.cpp:855] [run_in_thread] Shutdown event was signaled in dequeue of UserBuffQEl1beach_robot/conv53!
[2026-04-28 17:14:03.866] [5923] [HailoRT] [info] [queue_elements.cpp:68] [operator()] Thread in element PullQEl_hw_read1beach_robot/conv53 is not running anymore, exiting..
[2026-04-28 17:14:03.866] [3710] [HailoRT] [info] [queue_elements.cpp:46] [~BaseQueueElement] Queue element PullQEl_hw_read1beach_robot/conv53 has 0 frames in his Queue on destruction
[2026-04-28 17:14:03.866] [5924] [HailoRT] [info] [queue_elements.cpp:68] [operator()] Thread in element UserBuffQEl1beach_robot/conv53 is not running anymore, exiting..
[2026-04-28 17:14:03.866] [3710] [HailoRT] [info] [queue_elements.cpp:46] [~BaseQueueElement] Queue element UserBuffQEl1beach_robot/conv53 has 0 frames in his Queue on destruction
[2026-04-28 17:14:03.866] [5925] [HailoRT] [info] [queue_elements.cpp:734] [run_in_thread] Shutdown event was signaled in run_pull of queue element PullQEl_hw_read2beach_robot/conv62!
[2026-04-28 17:14:03.866] [5926] [HailoRT] [info] [queue_elements.cpp:855] [run_in_thread] Shutdown event was signaled in dequeue of UserBuffQEl2beach_robot/conv62!
[2026-04-28 17:14:03.866] [5925] [HailoRT] [info] [queue_elements.cpp:68] [operator()] Thread in element PullQEl_hw_read2beach_robot/conv62 is not running anymore, exiting..
[2026-04-28 17:14:03.866] [3710] [HailoRT] [info] [queue_elements.cpp:46] [~BaseQueueElement] Queue element PullQEl_hw_read2beach_robot/conv62 has 0 frames in his Queue on destruction
[2026-04-28 17:14:03.866] [5926] [HailoRT] [info] [queue_elements.cpp:68] [operator()] Thread in element UserBuffQEl2beach_robot/conv62 is not running anymore, exiting..
[2026-04-28 17:14:03.866] [3710] [HailoRT] [info] [queue_elements.cpp:46] [~BaseQueueElement] Queue element UserBuffQEl2beach_robot/conv62 has 0 frames in his Queue on destruction
[2026-04-28 17:14:03.866] [5927] [HailoRT] [info] [queue_elements.cpp:734] [run_in_thread] Shutdown event was signaled in run_pull of queue element PullQEl_hw_read0beach_robot/conv63!
[2026-04-28 17:14:03.866] [5928] [HailoRT] [info] [queue_elements.cpp:855] [run_in_thread] Shutdown event was signaled in dequeue of UserBuffQEl0beach_robot/conv63!
[2026-04-28 17:14:03.866] [5927] [HailoRT] [info] [queue_elements.cpp:68] [operator()] Thread in element PullQEl_hw_read0beach_robot/conv63 is not running anymore, exiting..
[2026-04-28 17:14:03.866] [3710] [HailoRT] [info] [queue_elements.cpp:46] [~BaseQueueElement] Queue element PullQEl_hw_read0beach_robot/conv63 has 0 frames in his Queue on destruction
[2026-04-28 17:14:03.866] [5928] [HailoRT] [info] [queue_elements.cpp:68] [operator()] Thread in element UserBuffQEl0beach_robot/conv63 is not running anymore, exiting..
[2026-04-28 17:14:03.866] [3710] [HailoRT] [info] [queue_elements.cpp:46] [~BaseQueueElement] Queue element UserBuffQEl0beach_robot/conv63 has 0 frames in his Queue on destruction
[2026-04-28 17:14:04.166] [3710] [HailoRT] [info] [edge_elements.cpp:52] [create] Created (HwWriteEl2beach_robot/input_layer1 | hw_frame_size: 1228800)
[2026-04-28 17:14:04.166] [3710] [HailoRT] [info] [vstream.cpp:754] [InputVStreamImpl] Creating beach_robot/input_layer1...
[2026-04-28 17:14:04.166] [3710] [HailoRT] [info] [vstream_builder.cpp:102] [create_inputs] Input pipeline 'beach_robot/input_layer1': (HwWriteEl2beach_robot/input_layer1 | hw_frame_size: 1228800) >> HW
[2026-04-28 17:14:04.166] [3710] [HailoRT] [info] [edge_elements.cpp:287] [create] Created (HwReadEl0beach_robot/conv41 | hw_frame_size: 409600)
[2026-04-28 17:14:04.166] [3710] [HailoRT] [info] [queue_elements.cpp:657] [create] Created (PullQEl_hw_read0beach_robot/conv41)
[2026-04-28 17:14:04.166] [3710] [HailoRT] [info] [filter_elements.cpp:372] [create] Created (PostInferEl0beach_robot/conv41 | Quantization - src_type: UINT8, dst_type FLOAT32, limvals_min: -10.8307, limvals_max: 18.5504)
[2026-04-28 17:14:04.166] [3710] [HailoRT] [info] [queue_elements.cpp:800] [create] Created (UserBuffQEl0beach_robot/conv41 | timeout: 10s)
[2026-04-28 17:14:04.166] [3710] [HailoRT] [info] [vstream.cpp:1114] [OutputVStreamImpl] Creating beach_robot/conv41...
[2026-04-28 17:14:04.166] [3710] [HailoRT] [info] [vstream_builder.cpp:220] [create_outputs] Output pipeline 'beach_robot/conv41': HW >> (HwReadEl0beach_robot/conv41 | hw_frame_size: 409600) >> (PullQEl_hw_read0beach_robot/conv41) >> (PostInferEl0beach_robot/conv41 | Quantization - src_type: UINT8, dst_type FLOAT32, limvals_min: -10.8307, limvals_max: 18.5504) >> (UserBuffQEl0beach_robot/conv41 | timeout: 10s)
[2026-04-28 17:14:04.167] [3710] [HailoRT] [info] [edge_elements.cpp:287] [create] Created (HwReadEl7beach_robot/conv42 | hw_frame_size: 12800)
[2026-04-28 17:14:04.167] [3710] [HailoRT] [info] [queue_elements.cpp:657] [create] Created (PullQEl_hw_read7beach_robot/conv42)
[2026-04-28 17:14:04.167] [3710] [HailoRT] [info] [filter_elements.cpp:372] [create] Created (PostInferEl7beach_robot/conv42 | Quantization - src_type: UINT8, dst_type FLOAT32, limvals_min: -25.6857, limvals_max: 0)
[2026-04-28 17:14:04.167] [3710] [HailoRT] [info] [queue_elements.cpp:800] [create] Created (UserBuffQEl7beach_robot/conv42 | timeout: 10s)
[2026-04-28 17:14:04.167] [3710] [HailoRT] [info] [vstream.cpp:1114] [OutputVStreamImpl] Creating beach_robot/conv42...
[2026-04-28 17:14:04.167] [3710] [HailoRT] [info] [vstream_builder.cpp:220] [create_outputs] Output pipeline 'beach_robot/conv42': HW >> (HwReadEl7beach_robot/conv42 | hw_frame_size: 12800) >> (PullQEl_hw_read7beach_robot/conv42) >> (PostInferEl7beach_robot/conv42 | Quantization - src_type: UINT8, dst_type FLOAT32, limvals_min: -25.6857, limvals_max: 0) >> (UserBuffQEl7beach_robot/conv42 | timeout: 10s)
[2026-04-28 17:14:04.167] [3710] [HailoRT] [info] [edge_elements.cpp:287] [create] Created (HwReadEl3beach_robot/conv52 | hw_frame_size: 102400)
[2026-04-28 17:14:04.167] [3710] [HailoRT] [info] [queue_elements.cpp:657] [create] Created (PullQEl_hw_read3beach_robot/conv52)
[2026-04-28 17:14:04.167] [3710] [HailoRT] [info] [filter_elements.cpp:372] [create] Created (PostInferEl3beach_robot/conv52 | Quantization - src_type: UINT8, dst_type FLOAT32, limvals_min: -6.53754, limvals_max: 19.9239)
[2026-04-28 17:14:04.167] [3710] [HailoRT] [info] [queue_elements.cpp:800] [create] Created (UserBuffQEl3beach_robot/conv52 | timeout: 10s)
[2026-04-28 17:14:04.167] [3710] [HailoRT] [info] [vstream.cpp:1114] [OutputVStreamImpl] Creating beach_robot/conv52...
[2026-04-28 17:14:04.167] [3710] [HailoRT] [info] [vstream_builder.cpp:220] [create_outputs] Output pipeline 'beach_robot/conv52': HW >> (HwReadEl3beach_robot/conv52 | hw_frame_size: 102400) >> (PullQEl_hw_read3beach_robot/conv52) >> (PostInferEl3beach_robot/conv52 | Quantization - src_type: UINT8, dst_type FLOAT32, limvals_min: -6.53754, limvals_max: 19.9239) >> (UserBuffQEl3beach_robot/conv52 | timeout: 10s)
[2026-04-28 17:14:04.167] [3710] [HailoRT] [info] [edge_elements.cpp:287] [create] Created (HwReadEl1beach_robot/conv53 | hw_frame_size: 3200)
[2026-04-28 17:14:04.167] [3710] [HailoRT] [info] [queue_elements.cpp:657] [create] Created (PullQEl_hw_read1beach_robot/conv53)
[2026-04-28 17:14:04.167] [3710] [HailoRT] [info] [filter_elements.cpp:372] [create] Created (PostInferEl1beach_robot/conv53 | Quantization - src_type: UINT8, dst_type FLOAT32, limvals_min: -15.7441, limvals_max: 0)
[2026-04-28 17:14:04.167] [3710] [HailoRT] [info] [queue_elements.cpp:800] [create] Created (UserBuffQEl1beach_robot/conv53 | timeout: 10s)
[2026-04-28 17:14:04.167] [3710] [HailoRT] [info] [vstream.cpp:1114] [OutputVStreamImpl] Creating beach_robot/conv53...
[2026-04-28 17:14:04.167] [3710] [HailoRT] [info] [vstream_builder.cpp:220] [create_outputs] Output pipeline 'beach_robot/conv53': HW >> (HwReadEl1beach_robot/conv53 | hw_frame_size: 3200) >> (PullQEl_hw_read1beach_robot/conv53) >> (PostInferEl1beach_robot/conv53 | Quantization - src_type: UINT8, dst_type FLOAT32, limvals_min: -15.7441, limvals_max: 0) >> (UserBuffQEl1beach_robot/conv53 | timeout: 10s)
[2026-04-28 17:14:04.167] [3710] [HailoRT] [info] [edge_elements.cpp:287] [create] Created (HwReadEl2beach_robot/conv62 | hw_frame_size: 25600)
[2026-04-28 17:14:04.167] [3710] [HailoRT] [info] [queue_elements.cpp:657] [create] Created (PullQEl_hw_read2beach_robot/conv62)
[2026-04-28 17:14:04.167] [3710] [HailoRT] [info] [filter_elements.cpp:372] [create] Created (PostInferEl2beach_robot/conv62 | Quantization - src_type: UINT8, dst_type FLOAT32, limvals_min: -8.27399, limvals_max: 14.6594)
[2026-04-28 17:14:04.167] [3710] [HailoRT] [info] [queue_elements.cpp:800] [create] Created (UserBuffQEl2beach_robot/conv62 | timeout: 10s)
[2026-04-28 17:14:04.167] [3710] [HailoRT] [info] [vstream.cpp:1114] [OutputVStreamImpl] Creating beach_robot/conv62...
[2026-04-28 17:14:04.167] [3710] [HailoRT] [info] [vstream_builder.cpp:220] [create_outputs] Output pipeline 'beach_robot/conv62': HW >> (HwReadEl2beach_robot/conv62 | hw_frame_size: 25600) >> (PullQEl_hw_read2beach_robot/conv62) >> (PostInferEl2beach_robot/conv62 | Quantization - src_type: UINT8, dst_type FLOAT32, limvals_min: -8.27399, limvals_max: 14.6594) >> (UserBuffQEl2beach_robot/conv62 | timeout: 10s)
[2026-04-28 17:14:04.167] [3710] [HailoRT] [info] [edge_elements.cpp:287] [create] Created (HwReadEl0beach_robot/conv63 | hw_frame_size: 3200)
[2026-04-28 17:14:04.167] [3710] [HailoRT] [info] [queue_elements.cpp:657] [create] Created (PullQEl_hw_read0beach_robot/conv63)
[2026-04-28 17:14:04.167] [3710] [HailoRT] [info] [filter_elements.cpp:372] [create] Created (PostInferEl0beach_robot/conv63 | Quantization - src_type: UINT8, dst_type FLOAT32, limvals_min: -15.2921, limvals_max: 1.44388 | Reorder - src_order: FCR, src_shape: (20, 20, 8), dst_order: FCR, dst_shape: (20, 20, 2))
[2026-04-28 17:14:04.167] [3710] [HailoRT] [info] [queue_elements.cpp:800] [create] Created (UserBuffQEl0beach_robot/conv63 | timeout: 10s)
[2026-04-28 17:14:04.167] [3710] [HailoRT] [info] [vstream.cpp:1114] [OutputVStreamImpl] Creating beach_robot/conv63...
[2026-04-28 17:14:04.167] [3710] [HailoRT] [info] [vstream_builder.cpp:220] [create_outputs] Output pipeline 'beach_robot/conv63': HW >> (HwReadEl0beach_robot/conv63 | hw_frame_size: 3200) >> (PullQEl_hw_read0beach_robot/conv63) >> (PostInferEl0beach_robot/conv63 | Quantization - src_type: UINT8, dst_type FLOAT32, limvals_min: -15.2921, limvals_max: 1.44388 | Reorder - src_order: FCR, src_shape: (20, 20, 8), dst_order: FCR, dst_shape: (20, 20, 2)) >> (UserBuffQEl0beach_robot/conv63 | timeout: 10s)
[2026-04-28 17:14:04.168] [3710] [HailoRT] [info] [core_op.cpp:156] [activate] Activating beach_robot took 0.527044 milliseconds. Note that the function is asynchronous and thus the network is not fully activated yet.
[2026-04-28 17:14:04.168] [3710] [HailoRT] [info] [core_op.cpp:156] [activate] Activating beach_robot took 0.535821 milliseconds. Note that the function is asynchronous and thus the network is not fully activated yet.
[2026-04-28 17:14:04.187] [5944] [HailoRT] [info] [vdevice_native_stream.cpp:331] [read_impl] Failed read from stream HAILO_STREAM_NOT_ACTIVATED(72) (device: 0001:01:00.0)
[2026-04-28 17:14:04.187] [5942] [HailoRT] [info] [vdevice_native_stream.cpp:331] [read_impl] Failed read from stream HAILO_STREAM_NOT_ACTIVATED(72) (device: 0001:01:00.0)
[2026-04-28 17:14:04.187] [5940] [HailoRT] [info] [vdevice_native_stream.cpp:331] [read_impl] Failed read from stream HAILO_STREAM_NOT_ACTIVATED(72) (device: 0001:01:00.0)
[2026-04-28 17:14:04.187] [5936] [HailoRT] [info] [vdevice_native_stream.cpp:331] [read_impl] Failed read from stream HAILO_STREAM_NOT_ACTIVATED(72) (device: 0001:01:00.0)
[2026-04-28 17:14:04.187] [5946] [HailoRT] [info] [vdevice_native_stream.cpp:331] [read_impl] Failed read from stream HAILO_STREAM_NOT_ACTIVATED(72) (device: 0001:01:00.0)
[2026-04-28 17:14:04.187] [5938] [HailoRT] [info] [vdevice_native_stream.cpp:331] [read_impl] Failed read from stream HAILO_STREAM_NOT_ACTIVATED(72) (device: 0001:01:00.0)
[2026-04-28 17:14:04.187] [3710] [HailoRT] [info] [core_op.cpp:186] [deactivate] Deactivating took 0.511303 ms
[2026-04-28 17:14:04.187] [3710] [HailoRT] [info] [core_op.cpp:186] [deactivate] Deactivating took 0.522118 ms
[2026-04-28 17:14:04.187] [5936] [HailoRT] [info] [queue_elements.cpp:734] [run_in_thread] Shutdown event was signaled in run_pull of queue element PullQEl_hw_read0beach_robot/conv41!
[2026-04-28 17:14:04.187] [5937] [HailoRT] [info] [queue_elements.cpp:855] [run_in_thread] Shutdown event was signaled in dequeue of UserBuffQEl0beach_robot/conv41!
[2026-04-28 17:14:04.187] [5936] [HailoRT] [info] [queue_elements.cpp:68] [operator()] Thread in element PullQEl_hw_read0beach_robot/conv41 is not running anymore, exiting..
[2026-04-28 17:14:04.187] [3710] [HailoRT] [info] [queue_elements.cpp:46] [~BaseQueueElement] Queue element PullQEl_hw_read0beach_robot/conv41 has 0 frames in his Queue on destruction
[2026-04-28 17:14:04.187] [5937] [HailoRT] [info] [queue_elements.cpp:68] [operator()] Thread in element UserBuffQEl0beach_robot/conv41 is not running anymore, exiting..
[2026-04-28 17:14:04.187] [3710] [HailoRT] [info] [queue_elements.cpp:46] [~BaseQueueElement] Queue element UserBuffQEl0beach_robot/conv41 has 0 frames in his Queue on destruction
[2026-04-28 17:14:04.188] [5938] [HailoRT] [info] [queue_elements.cpp:734] [run_in_thread] Shutdown event was signaled in run_pull of queue element PullQEl_hw_read7beach_robot/conv42!
[2026-04-28 17:14:04.188] [5939] [HailoRT] [info] [queue_elements.cpp:855] [run_in_thread] Shutdown event was signaled in dequeue of UserBuffQEl7beach_robot/conv42!
[2026-04-28 17:14:04.188] [5938] [HailoRT] [info] [queue_elements.cpp:68] [operator()] Thread in element PullQEl_hw_read7beach_robot/conv42 is not running anymore, exiting..
[2026-04-28 17:14:04.188] [3710] [HailoRT] [info] [queue_elements.cpp:46] [~BaseQueueElement] Queue element PullQEl_hw_read7beach_robot/conv42 has 0 frames in his Queue on destruction
[2026-04-28 17:14:04.188] [5939] [HailoRT] [info] [queue_elements.cpp:68] [operator()] Thread in element UserBuffQEl7beach_robot/conv42 is not running anymore, exiting..
[2026-04-28 17:14:04.188] [3710] [HailoRT] [info] [queue_elements.cpp:46] [~BaseQueueElement] Queue element UserBuffQEl7beach_robot/conv42 has 0 frames in his Queue on destruction
[2026-04-28 17:14:04.188] [5940] [HailoRT] [info] [queue_elements.cpp:734] [run_in_thread] Shutdown event was signaled in run_pull of queue element PullQEl_hw_read3beach_robot/conv52!
[2026-04-28 17:14:04.188] [5941] [HailoRT] [info] [queue_elements.cpp:855] [run_in_thread] Shutdown event was signaled in dequeue of UserBuffQEl3beach_robot/conv52!
[2026-04-28 17:14:04.188] [5940] [HailoRT] [info] [queue_elements.cpp:68] [operator()] Thread in element PullQEl_hw_read3beach_robot/conv52 is not running anymore, exiting..
[2026-04-28 17:14:04.188] [3710] [HailoRT] [info] [queue_elements.cpp:46] [~BaseQueueElement] Queue element PullQEl_hw_read3beach_robot/conv52 has 0 frames in his Queue on destruction
[2026-04-28 17:14:04.188] [5941] [HailoRT] [info] [queue_elements.cpp:68] [operator()] Thread in element UserBuffQEl3beach_robot/conv52 is not running anymore, exiting..
[2026-04-28 17:14:04.188] [3710] [HailoRT] [info] [queue_elements.cpp:46] [~BaseQueueElement] Queue element UserBuffQEl3beach_robot/conv52 has 0 frames in his Queue on destruction
[2026-04-28 17:14:04.188] [5942] [HailoRT] [info] [queue_elements.cpp:734] [run_in_thread] Shutdown event was signaled in run_pull of queue element PullQEl_hw_read1beach_robot/conv53!
[2026-04-28 17:14:04.188] [5943] [HailoRT] [info] [queue_elements.cpp:855] [run_in_thread] Shutdown event was signaled in dequeue of UserBuffQEl1beach_robot/conv53!
[2026-04-28 17:14:04.188] [5942] [HailoRT] [info] [queue_elements.cpp:68] [operator()] Thread in element PullQEl_hw_read1beach_robot/conv53 is not running anymore, exiting..
[2026-04-28 17:14:04.188] [3710] [HailoRT] [info] [queue_elements.cpp:46] [~BaseQueueElement] Queue element PullQEl_hw_read1beach_robot/conv53 has 0 frames in his Queue on destruction
[2026-04-28 17:14:04.188] [5943] [HailoRT] [info] [queue_elements.cpp:68] [operator()] Thread in element UserBuffQEl1beach_robot/conv53 is not running anymore, exiting..
[2026-04-28 17:14:04.188] [3710] [HailoRT] [info] [queue_elements.cpp:46] [~BaseQueueElement] Queue element UserBuffQEl1beach_robot/conv53 has 0 frames in his Queue on destruction
[2026-04-28 17:14:04.188] [5944] [HailoRT] [info] [queue_elements.cpp:734] [run_in_thread] Shutdown event was signaled in run_pull of queue element PullQEl_hw_read2beach_robot/conv62!
[2026-04-28 17:14:04.188] [5945] [HailoRT] [info] [queue_elements.cpp:855] [run_in_thread] Shutdown event was signaled in dequeue of UserBuffQEl2beach_robot/conv62!
[2026-04-28 17:14:04.188] [5944] [HailoRT] [info] [queue_elements.cpp:68] [operator()] Thread in element PullQEl_hw_read2beach_robot/conv62 is not running anymore, exiting..
[2026-04-28 17:14:04.188] [3710] [HailoRT] [info] [queue_elements.cpp:46] [~BaseQueueElement] Queue element PullQEl_hw_read2beach_robot/conv62 has 0 frames in his Queue on destruction
[2026-04-28 17:14:04.188] [5945] [HailoRT] [info] [queue_elements.cpp:68] [operator()] Thread in element UserBuffQEl2beach_robot/conv62 is not running anymore, exiting..
[2026-04-28 17:14:04.188] [3710] [HailoRT] [info] [queue_elements.cpp:46] [~BaseQueueElement] Queue element UserBuffQEl2beach_robot/conv62 has 0 frames in his Queue on destruction
[2026-04-28 17:14:04.188] [5946] [HailoRT] [info] [queue_elements.cpp:734] [run_in_thread] Shutdown event was signaled in run_pull of queue element PullQEl_hw_read0beach_robot/conv63!
[2026-04-28 17:14:04.188] [5947] [HailoRT] [info] [queue_elements.cpp:855] [run_in_thread] Shutdown event was signaled in dequeue of UserBuffQEl0beach_robot/conv63!
[2026-04-28 17:14:04.188] [5946] [HailoRT] [info] [queue_elements.cpp:68] [operator()] Thread in element PullQEl_hw_read0beach_robot/conv63 is not running anymore, exiting..
[2026-04-28 17:14:04.188] [3710] [HailoRT] [info] [queue_elements.cpp:46] [~BaseQueueElement] Queue element PullQEl_hw_read0beach_robot/conv63 has 0 frames in his Queue on destruction
[2026-04-28 17:14:04.188] [5947] [HailoRT] [info] [queue_elements.cpp:68] [operator()] Thread in element UserBuffQEl0beach_robot/conv63 is not running anymore, exiting..
[2026-04-28 17:14:04.188] [3710] [HailoRT] [info] [queue_elements.cpp:46] [~BaseQueueElement] Queue element UserBuffQEl0beach_robot/conv63 has 0 frames in his Queue on destruction
[2026-04-28 17:14:04.487] [3710] [HailoRT] [info] [edge_elements.cpp:52] [create] Created (HwWriteEl2beach_robot/input_layer1 | hw_frame_size: 1228800)
[2026-04-28 17:14:04.487] [3710] [HailoRT] [info] [vstream.cpp:754] [InputVStreamImpl] Creating beach_robot/input_layer1...
[2026-04-28 17:14:04.487] [3710] [HailoRT] [info] [vstream_builder.cpp:102] [create_inputs] Input pipeline 'beach_robot/input_layer1': (HwWriteEl2beach_robot/input_layer1 | hw_frame_size: 1228800) >> HW
[2026-04-28 17:14:04.487] [3710] [HailoRT] [info] [edge_elements.cpp:287] [create] Created (HwReadEl0beach_robot/conv41 | hw_frame_size: 409600)
[2026-04-28 17:14:04.487] [3710] [HailoRT] [info] [queue_elements.cpp:657] [create] Created (PullQEl_hw_read0beach_robot/conv41)
[2026-04-28 17:14:04.487] [3710] [HailoRT] [info] [filter_elements.cpp:372] [create] Created (PostInferEl0beach_robot/conv41 | Quantization - src_type: UINT8, dst_type FLOAT32, limvals_min: -10.8307, limvals_max: 18.5504)
[2026-04-28 17:14:04.487] [3710] [HailoRT] [info] [queue_elements.cpp:800] [create] Created (UserBuffQEl0beach_robot/conv41 | timeout: 10s)
[2026-04-28 17:14:04.487] [3710] [HailoRT] [info] [vstream.cpp:1114] [OutputVStreamImpl] Creating beach_robot/conv41...
[2026-04-28 17:14:04.487] [3710] [HailoRT] [info] [vstream_builder.cpp:220] [create_outputs] Output pipeline 'beach_robot/conv41': HW >> (HwReadEl0beach_robot/conv41 | hw_frame_size: 409600) >> (PullQEl_hw_read0beach_robot/conv41) >> (PostInferEl0beach_robot/conv41 | Quantization - src_type: UINT8, dst_type FLOAT32, limvals_min: -10.8307, limvals_max: 18.5504) >> (UserBuffQEl0beach_robot/conv41 | timeout: 10s)
[2026-04-28 17:14:04.487] [3710] [HailoRT] [info] [edge_elements.cpp:287] [create] Created (HwReadEl7beach_robot/conv42 | hw_frame_size: 12800)
[2026-04-28 17:14:04.487] [3710] [HailoRT] [info] [queue_elements.cpp:657] [create] Created (PullQEl_hw_read7beach_robot/conv42)
[2026-04-28 17:14:04.487] [3710] [HailoRT] [info] [filter_elements.cpp:372] [create] Created (PostInferEl7beach_robot/conv42 | Quantization - src_type: UINT8, dst_type FLOAT32, limvals_min: -25.6857, limvals_max: 0)
[2026-04-28 17:14:04.487] [3710] [HailoRT] [info] [queue_elements.cpp:800] [create] Created (UserBuffQEl7beach_robot/conv42 | timeout: 10s)
[2026-04-28 17:14:04.487] [3710] [HailoRT] [info] [vstream.cpp:1114] [OutputVStreamImpl] Creating beach_robot/conv42...
[2026-04-28 17:14:04.487] [3710] [HailoRT] [info] [vstream_builder.cpp:220] [create_outputs] Output pipeline 'beach_robot/conv42': HW >> (HwReadEl7beach_robot/conv42 | hw_frame_size: 12800) >> (PullQEl_hw_read7beach_robot/conv42) >> (PostInferEl7beach_robot/conv42 | Quantization - src_type: UINT8, dst_type FLOAT32, limvals_min: -25.6857, limvals_max: 0) >> (UserBuffQEl7beach_robot/conv42 | timeout: 10s)
[2026-04-28 17:14:04.487] [3710] [HailoRT] [info] [edge_elements.cpp:287] [create] Created (HwReadEl3beach_robot/conv52 | hw_frame_size: 102400)
[2026-04-28 17:14:04.487] [3710] [HailoRT] [info] [queue_elements.cpp:657] [create] Created (PullQEl_hw_read3beach_robot/conv52)
[2026-04-28 17:14:04.487] [3710] [HailoRT] [info] [filter_elements.cpp:372] [create] Created (PostInferEl3beach_robot/conv52 | Quantization - src_type: UINT8, dst_type FLOAT32, limvals_min: -6.53754, limvals_max: 19.9239)
[2026-04-28 17:14:04.487] [3710] [HailoRT] [info] [queue_elements.cpp:800] [create] Created (UserBuffQEl3beach_robot/conv52 | timeout: 10s)
[2026-04-28 17:14:04.487] [3710] [HailoRT] [info] [vstream.cpp:1114] [OutputVStreamImpl] Creating beach_robot/conv52...
[2026-04-28 17:14:04.487] [3710] [HailoRT] [info] [vstream_builder.cpp:220] [create_outputs] Output pipeline 'beach_robot/conv52': HW >> (HwReadEl3beach_robot/conv52 | hw_frame_size: 102400) >> (PullQEl_hw_read3beach_robot/conv52) >> (PostInferEl3beach_robot/conv52 | Quantization - src_type: UINT8, dst_type FLOAT32, limvals_min: -6.53754, limvals_max: 19.9239) >> (UserBuffQEl3beach_robot/conv52 | timeout: 10s)
[2026-04-28 17:14:04.487] [3710] [HailoRT] [info] [edge_elements.cpp:287] [create] Created (HwReadEl1beach_robot/conv53 | hw_frame_size: 3200)
[2026-04-28 17:14:04.487] [3710] [HailoRT] [info] [queue_elements.cpp:657] [create] Created (PullQEl_hw_read1beach_robot/conv53)
[2026-04-28 17:14:04.487] [3710] [HailoRT] [info] [filter_elements.cpp:372] [create] Created (PostInferEl1beach_robot/conv53 | Quantization - src_type: UINT8, dst_type FLOAT32, limvals_min: -15.7441, limvals_max: 0)
[2026-04-28 17:14:04.487] [3710] [HailoRT] [info] [queue_elements.cpp:800] [create] Created (UserBuffQEl1beach_robot/conv53 | timeout: 10s)
[2026-04-28 17:14:04.487] [3710] [HailoRT] [info] [vstream.cpp:1114] [OutputVStreamImpl] Creating beach_robot/conv53...
[2026-04-28 17:14:04.487] [3710] [HailoRT] [info] [vstream_builder.cpp:220] [create_outputs] Output pipeline 'beach_robot/conv53': HW >> (HwReadEl1beach_robot/conv53 | hw_frame_size: 3200) >> (PullQEl_hw_read1beach_robot/conv53) >> (PostInferEl1beach_robot/conv53 | Quantization - src_type: UINT8, dst_type FLOAT32, limvals_min: -15.7441, limvals_max: 0) >> (UserBuffQEl1beach_robot/conv53 | timeout: 10s)
[2026-04-28 17:14:04.487] [3710] [HailoRT] [info] [edge_elements.cpp:287] [create] Created (HwReadEl2beach_robot/conv62 | hw_frame_size: 25600)
[2026-04-28 17:14:04.487] [3710] [HailoRT] [info] [queue_elements.cpp:657] [create] Created (PullQEl_hw_read2beach_robot/conv62)
[2026-04-28 17:14:04.487] [3710] [HailoRT] [info] [filter_elements.cpp:372] [create] Created (PostInferEl2beach_robot/conv62 | Quantization - src_type: UINT8, dst_type FLOAT32, limvals_min: -8.27399, limvals_max: 14.6594)
[2026-04-28 17:14:04.487] [3710] [HailoRT] [info] [queue_elements.cpp:800] [create] Created (UserBuffQEl2beach_robot/conv62 | timeout: 10s)
[2026-04-28 17:14:04.488] [3710] [HailoRT] [info] [vstream.cpp:1114] [OutputVStreamImpl] Creating beach_robot/conv62...
[2026-04-28 17:14:04.488] [3710] [HailoRT] [info] [vstream_builder.cpp:220] [create_outputs] Output pipeline 'beach_robot/conv62': HW >> (HwReadEl2beach_robot/conv62 | hw_frame_size: 25600) >> (PullQEl_hw_read2beach_robot/conv62) >> (PostInferEl2beach_robot/conv62 | Quantization - src_type: UINT8, dst_type FLOAT32, limvals_min: -8.27399, limvals_max: 14.6594) >> (UserBuffQEl2beach_robot/conv62 | timeout: 10s)
[2026-04-28 17:14:04.488] [3710] [HailoRT] [info] [edge_elements.cpp:287] [create] Created (HwReadEl0beach_robot/conv63 | hw_frame_size: 3200)
[2026-04-28 17:14:04.488] [3710] [HailoRT] [info] [queue_elements.cpp:657] [create] Created (PullQEl_hw_read0beach_robot/conv63)
[2026-04-28 17:14:04.488] [3710] [HailoRT] [info] [filter_elements.cpp:372] [create] Created (PostInferEl0beach_robot/conv63 | Quantization - src_type: UINT8, dst_type FLOAT32, limvals_min: -15.2921, limvals_max: 1.44388 | Reorder - src_order: FCR, src_shape: (20, 20, 8), dst_order: FCR, dst_shape: (20, 20, 2))
[2026-04-28 17:14:04.488] [3710] [HailoRT] [info] [queue_elements.cpp:800] [create] Created (UserBuffQEl0beach_robot/conv63 | timeout: 10s)
[2026-04-28 17:14:04.488] [3710] [HailoRT] [info] [vstream.cpp:1114] [OutputVStreamImpl] Creating beach_robot/conv63...
[2026-04-28 17:14:04.488] [3710] [HailoRT] [info] [vstream_builder.cpp:220] [create_outputs] Output pipeline 'beach_robot/conv63': HW >> (HwReadEl0beach_robot/conv63 | hw_frame_size: 3200) >> (PullQEl_hw_read0beach_robot/conv63) >> (PostInferEl0beach_robot/conv63 | Quantization - src_type: UINT8, dst_type FLOAT32, limvals_min: -15.2921, limvals_max: 1.44388 | Reorder - src_order: FCR, src_shape: (20, 20, 8), dst_order: FCR, dst_shape: (20, 20, 2)) >> (UserBuffQEl0beach_robot/conv63 | timeout: 10s)
[2026-04-28 17:14:04.488] [3710] [HailoRT] [info] [core_op.cpp:156] [activate] Activating beach_robot took 0.543709 milliseconds. Note that the function is asynchronous and thus the network is not fully activated yet.
[2026-04-28 17:14:04.488] [3710] [HailoRT] [info] [core_op.cpp:156] [activate] Activating beach_robot took 0.552951 milliseconds. Note that the function is asynchronous and thus the network is not fully activated yet.
[2026-04-28 17:14:04.507] [5963] [HailoRT] [info] [vdevice_native_stream.cpp:331] [read_impl] Failed read from stream HAILO_STREAM_NOT_ACTIVATED(72) (device: 0001:01:00.0)
[2026-04-28 17:14:04.507] [5961] [HailoRT] [info] [vdevice_native_stream.cpp:331] [read_impl] Failed read from stream HAILO_STREAM_NOT_ACTIVATED(72) (device: 0001:01:00.0)
[2026-04-28 17:14:04.507] [5965] [HailoRT] [info] [vdevice_native_stream.cpp:331] [read_impl] Failed read from stream HAILO_STREAM_NOT_ACTIVATED(72) (device: 0001:01:00.0)
[2026-04-28 17:14:04.507] [5957] [HailoRT] [info] [vdevice_native_stream.cpp:331] [read_impl] Failed read from stream HAILO_STREAM_NOT_ACTIVATED(72) (device: 0001:01:00.0)
[2026-04-28 17:14:04.507] [5959] [HailoRT] [info] [vdevice_native_stream.cpp:331] [read_impl] Failed read from stream HAILO_STREAM_NOT_ACTIVATED(72) (device: 0001:01:00.0)
[2026-04-28 17:14:04.507] [5955] [HailoRT] [info] [vdevice_native_stream.cpp:331] [read_impl] Failed read from stream HAILO_STREAM_NOT_ACTIVATED(72) (device: 0001:01:00.0)
[2026-04-28 17:14:04.508] [3710] [HailoRT] [info] [core_op.cpp:186] [deactivate] Deactivating took 0.493248 ms
[2026-04-28 17:14:04.508] [3710] [HailoRT] [info] [core_op.cpp:186] [deactivate] Deactivating took 0.504933 ms
[2026-04-28 17:14:04.508] [5955] [HailoRT] [info] [queue_elements.cpp:734] [run_in_thread] Shutdown event was signaled in run_pull of queue element PullQEl_hw_read0beach_robot/conv41!
[2026-04-28 17:14:04.508] [5956] [HailoRT] [info] [queue_elements.cpp:855] [run_in_thread] Shutdown event was signaled in dequeue of UserBuffQEl0beach_robot/conv41!
[2026-04-28 17:14:04.508] [5955] [HailoRT] [info] [queue_elements.cpp:68] [operator()] Thread in element PullQEl_hw_read0beach_robot/conv41 is not running anymore, exiting..
[2026-04-28 17:14:04.508] [3710] [HailoRT] [info] [queue_elements.cpp:46] [~BaseQueueElement] Queue element PullQEl_hw_read0beach_robot/conv41 has 0 frames in his Queue on destruction
[2026-04-28 17:14:04.508] [5956] [HailoRT] [info] [queue_elements.cpp:68] [operator()] Thread in element UserBuffQEl0beach_robot/conv41 is not running anymore, exiting..
[2026-04-28 17:14:04.508] [3710] [HailoRT] [info] [queue_elements.cpp:46] [~BaseQueueElement] Queue element UserBuffQEl0beach_robot/conv41 has 0 frames in his Queue on destruction
[2026-04-28 17:14:04.508] [5957] [HailoRT] [info] [queue_elements.cpp:734] [run_in_thread] Shutdown event was signaled in run_pull of queue element PullQEl_hw_read7beach_robot/conv42!
[2026-04-28 17:14:04.508] [5958] [HailoRT] [info] [queue_elements.cpp:855] [run_in_thread] Shutdown event was signaled in dequeue of UserBuffQEl7beach_robot/conv42!
[2026-04-28 17:14:04.508] [5957] [HailoRT] [info] [queue_elements.cpp:68] [operator()] Thread in element PullQEl_hw_read7beach_robot/conv42 is not running anymore, exiting..
[2026-04-28 17:14:04.508] [3710] [HailoRT] [info] [queue_elements.cpp:46] [~BaseQueueElement] Queue element PullQEl_hw_read7beach_robot/conv42 has 0 frames in his Queue on destruction
[2026-04-28 17:14:04.508] [5958] [HailoRT] [info] [queue_elements.cpp:68] [operator()] Thread in element UserBuffQEl7beach_robot/conv42 is not running anymore, exiting..
[2026-04-28 17:14:04.508] [3710] [HailoRT] [info] [queue_elements.cpp:46] [~BaseQueueElement] Queue element UserBuffQEl7beach_robot/conv42 has 0 frames in his Queue on destruction
[2026-04-28 17:14:04.508] [5960] [HailoRT] [info] [queue_elements.cpp:855] [run_in_thread] Shutdown event was signaled in dequeue of UserBuffQEl3beach_robot/conv52!
[2026-04-28 17:14:04.508] [5959] [HailoRT] [info] [queue_elements.cpp:734] [run_in_thread] Shutdown event was signaled in run_pull of queue element PullQEl_hw_read3beach_robot/conv52!
[2026-04-28 17:14:04.508] [5959] [HailoRT] [info] [queue_elements.cpp:68] [operator()] Thread in element PullQEl_hw_read3beach_robot/conv52 is not running anymore, exiting..
[2026-04-28 17:14:04.508] [3710] [HailoRT] [info] [queue_elements.cpp:46] [~BaseQueueElement] Queue element PullQEl_hw_read3beach_robot/conv52 has 0 frames in his Queue on destruction
[2026-04-28 17:14:04.508] [5960] [HailoRT] [info] [queue_elements.cpp:68] [operator()] Thread in element UserBuffQEl3beach_robot/conv52 is not running anymore, exiting..
[2026-04-28 17:14:04.508] [3710] [HailoRT] [info] [queue_elements.cpp:46] [~BaseQueueElement] Queue element UserBuffQEl3beach_robot/conv52 has 0 frames in his Queue on destruction
[2026-04-28 17:14:04.508] [5961] [HailoRT] [info] [queue_elements.cpp:734] [run_in_thread] Shutdown event was signaled in run_pull of queue element PullQEl_hw_read1beach_robot/conv53!
[2026-04-28 17:14:04.508] [5962] [HailoRT] [info] [queue_elements.cpp:855] [run_in_thread] Shutdown event was signaled in dequeue of UserBuffQEl1beach_robot/conv53!
[2026-04-28 17:14:04.508] [5961] [HailoRT] [info] [queue_elements.cpp:68] [operator()] Thread in element PullQEl_hw_read1beach_robot/conv53 is not running anymore, exiting..
[2026-04-28 17:14:04.508] [3710] [HailoRT] [info] [queue_elements.cpp:46] [~BaseQueueElement] Queue element PullQEl_hw_read1beach_robot/conv53 has 0 frames in his Queue on destruction
[2026-04-28 17:14:04.508] [5962] [HailoRT] [info] [queue_elements.cpp:68] [operator()] Thread in element UserBuffQEl1beach_robot/conv53 is not running anymore, exiting..
[2026-04-28 17:14:04.508] [3710] [HailoRT] [info] [queue_elements.cpp:46] [~BaseQueueElement] Queue element UserBuffQEl1beach_robot/conv53 has 0 frames in his Queue on destruction
[2026-04-28 17:14:04.508] [5963] [HailoRT] [info] [queue_elements.cpp:734] [run_in_thread] Shutdown event was signaled in run_pull of queue element PullQEl_hw_read2beach_robot/conv62!
[2026-04-28 17:14:04.508] [5964] [HailoRT] [info] [queue_elements.cpp:855] [run_in_thread] Shutdown event was signaled in dequeue of UserBuffQEl2beach_robot/conv62!
[2026-04-28 17:14:04.508] [5963] [HailoRT] [info] [queue_elements.cpp:68] [operator()] Thread in element PullQEl_hw_read2beach_robot/conv62 is not running anymore, exiting..
[2026-04-28 17:14:04.508] [3710] [HailoRT] [info] [queue_elements.cpp:46] [~BaseQueueElement] Queue element PullQEl_hw_read2beach_robot/conv62 has 0 frames in his Queue on destruction
[2026-04-28 17:14:04.508] [5964] [HailoRT] [info] [queue_elements.cpp:68] [operator()] Thread in element UserBuffQEl2beach_robot/conv62 is not running anymore, exiting..
[2026-04-28 17:14:04.508] [3710] [HailoRT] [info] [queue_elements.cpp:46] [~BaseQueueElement] Queue element UserBuffQEl2beach_robot/conv62 has 0 frames in his Queue on destruction
[2026-04-28 17:14:04.508] [5965] [HailoRT] [info] [queue_elements.cpp:734] [run_in_thread] Shutdown event was signaled in run_pull of queue element PullQEl_hw_read0beach_robot/conv63!
[2026-04-28 17:14:04.508] [5966] [HailoRT] [info] [queue_elements.cpp:855] [run_in_thread] Shutdown event was signaled in dequeue of UserBuffQEl0beach_robot/conv63!
[2026-04-28 17:14:04.508] [5965] [HailoRT] [info] [queue_elements.cpp:68] [operator()] Thread in element PullQEl_hw_read0beach_robot/conv63 is not running anymore, exiting..
[2026-04-28 17:14:04.508] [3710] [HailoRT] [info] [queue_elements.cpp:46] [~BaseQueueElement] Queue element PullQEl_hw_read0beach_robot/conv63 has 0 frames in his Queue on destruction
[2026-04-28 17:14:04.508] [5966] [HailoRT] [info] [queue_elements.cpp:68] [operator()] Thread in element UserBuffQEl0beach_robot/conv63 is not running anymore, exiting..
[2026-04-28 17:14:04.508] [3710] [HailoRT] [info] [queue_elements.cpp:46] [~BaseQueueElement] Queue element UserBuffQEl0beach_robot/conv63 has 0 frames in his Queue on destruction
[2026-04-28 17:14:04.809] [3710] [HailoRT] [info] [edge_elements.cpp:52] [create] Created (HwWriteEl2beach_robot/input_layer1 | hw_frame_size: 1228800)
[2026-04-28 17:14:04.809] [3710] [HailoRT] [info] [vstream.cpp:754] [InputVStreamImpl] Creating beach_robot/input_layer1...
[2026-04-28 17:14:04.809] [3710] [HailoRT] [info] [vstream_builder.cpp:102] [create_inputs] Input pipeline 'beach_robot/input_layer1': (HwWriteEl2beach_robot/input_layer1 | hw_frame_size: 1228800) >> HW
[2026-04-28 17:14:04.809] [3710] [HailoRT] [info] [edge_elements.cpp:287] [create] Created (HwReadEl0beach_robot/conv41 | hw_frame_size: 409600)
[2026-04-28 17:14:04.809] [3710] [HailoRT] [info] [queue_elements.cpp:657] [create] Created (PullQEl_hw_read0beach_robot/conv41)
[2026-04-28 17:14:04.809] [3710] [HailoRT] [info] [filter_elements.cpp:372] [create] Created (PostInferEl0beach_robot/conv41 | Quantization - src_type: UINT8, dst_type FLOAT32, limvals_min: -10.8307, limvals_max: 18.5504)
[2026-04-28 17:14:04.809] [3710] [HailoRT] [info] [queue_elements.cpp:800] [create] Created (UserBuffQEl0beach_robot/conv41 | timeout: 10s)
[2026-04-28 17:14:04.809] [3710] [HailoRT] [info] [vstream.cpp:1114] [OutputVStreamImpl] Creating beach_robot/conv41...
[2026-04-28 17:14:04.809] [3710] [HailoRT] [info] [vstream_builder.cpp:220] [create_outputs] Output pipeline 'beach_robot/conv41': HW >> (HwReadEl0beach_robot/conv41 | hw_frame_size: 409600) >> (PullQEl_hw_read0beach_robot/conv41) >> (PostInferEl0beach_robot/conv41 | Quantization - src_type: UINT8, dst_type FLOAT32, limvals_min: -10.8307, limvals_max: 18.5504) >> (UserBuffQEl0beach_robot/conv41 | timeout: 10s)
[2026-04-28 17:14:04.809] [3710] [HailoRT] [info] [edge_elements.cpp:287] [create] Created (HwReadEl7beach_robot/conv42 | hw_frame_size: 12800)
[2026-04-28 17:14:04.809] [3710] [HailoRT] [info] [queue_elements.cpp:657] [create] Created (PullQEl_hw_read7beach_robot/conv42)
[2026-04-28 17:14:04.809] [3710] [HailoRT] [info] [filter_elements.cpp:372] [create] Created (PostInferEl7beach_robot/conv42 | Quantization - src_type: UINT8, dst_type FLOAT32, limvals_min: -25.6857, limvals_max: 0)
[2026-04-28 17:14:04.809] [3710] [HailoRT] [info] [queue_elements.cpp:800] [create] Created (UserBuffQEl7beach_robot/conv42 | timeout: 10s)
[2026-04-28 17:14:04.809] [3710] [HailoRT] [info] [vstream.cpp:1114] [OutputVStreamImpl] Creating beach_robot/conv42...
[2026-04-28 17:14:04.809] [3710] [HailoRT] [info] [vstream_builder.cpp:220] [create_outputs] Output pipeline 'beach_robot/conv42': HW >> (HwReadEl7beach_robot/conv42 | hw_frame_size: 12800) >> (PullQEl_hw_read7beach_robot/conv42) >> (PostInferEl7beach_robot/conv42 | Quantization - src_type: UINT8, dst_type FLOAT32, limvals_min: -25.6857, limvals_max: 0) >> (UserBuffQEl7beach_robot/conv42 | timeout: 10s)
[2026-04-28 17:14:04.809] [3710] [HailoRT] [info] [edge_elements.cpp:287] [create] Created (HwReadEl3beach_robot/conv52 | hw_frame_size: 102400)
[2026-04-28 17:14:04.809] [3710] [HailoRT] [info] [queue_elements.cpp:657] [create] Created (PullQEl_hw_read3beach_robot/conv52)
[2026-04-28 17:14:04.809] [3710] [HailoRT] [info] [filter_elements.cpp:372] [create] Created (PostInferEl3beach_robot/conv52 | Quantization - src_type: UINT8, dst_type FLOAT32, limvals_min: -6.53754, limvals_max: 19.9239)
[2026-04-28 17:14:04.810] [3710] [HailoRT] [info] [queue_elements.cpp:800] [create] Created (UserBuffQEl3beach_robot/conv52 | timeout: 10s)
[2026-04-28 17:14:04.810] [3710] [HailoRT] [info] [vstream.cpp:1114] [OutputVStreamImpl] Creating beach_robot/conv52...
[2026-04-28 17:14:04.810] [3710] [HailoRT] [info] [vstream_builder.cpp:220] [create_outputs] Output pipeline 'beach_robot/conv52': HW >> (HwReadEl3beach_robot/conv52 | hw_frame_size: 102400) >> (PullQEl_hw_read3beach_robot/conv52) >> (PostInferEl3beach_robot/conv52 | Quantization - src_type: UINT8, dst_type FLOAT32, limvals_min: -6.53754, limvals_max: 19.9239) >> (UserBuffQEl3beach_robot/conv52 | timeout: 10s)
[2026-04-28 17:14:04.810] [3710] [HailoRT] [info] [edge_elements.cpp:287] [create] Created (HwReadEl1beach_robot/conv53 | hw_frame_size: 3200)
[2026-04-28 17:14:04.810] [3710] [HailoRT] [info] [queue_elements.cpp:657] [create] Created (PullQEl_hw_read1beach_robot/conv53)
[2026-04-28 17:14:04.810] [3710] [HailoRT] [info] [filter_elements.cpp:372] [create] Created (PostInferEl1beach_robot/conv53 | Quantization - src_type: UINT8, dst_type FLOAT32, limvals_min: -15.7441, limvals_max: 0)
[2026-04-28 17:14:04.810] [3710] [HailoRT] [info] [queue_elements.cpp:800] [create] Created (UserBuffQEl1beach_robot/conv53 | timeout: 10s)
[2026-04-28 17:14:04.810] [3710] [HailoRT] [info] [vstream.cpp:1114] [OutputVStreamImpl] Creating beach_robot/conv53...
[2026-04-28 17:14:04.810] [3710] [HailoRT] [info] [vstream_builder.cpp:220] [create_outputs] Output pipeline 'beach_robot/conv53': HW >> (HwReadEl1beach_robot/conv53 | hw_frame_size: 3200) >> (PullQEl_hw_read1beach_robot/conv53) >> (PostInferEl1beach_robot/conv53 | Quantization - src_type: UINT8, dst_type FLOAT32, limvals_min: -15.7441, limvals_max: 0) >> (UserBuffQEl1beach_robot/conv53 | timeout: 10s)
[2026-04-28 17:14:04.810] [3710] [HailoRT] [info] [edge_elements.cpp:287] [create] Created (HwReadEl2beach_robot/conv62 | hw_frame_size: 25600)
[2026-04-28 17:14:04.810] [3710] [HailoRT] [info] [queue_elements.cpp:657] [create] Created (PullQEl_hw_read2beach_robot/conv62)
[2026-04-28 17:14:04.810] [3710] [HailoRT] [info] [filter_elements.cpp:372] [create] Created (PostInferEl2beach_robot/conv62 | Quantization - src_type: UINT8, dst_type FLOAT32, limvals_min: -8.27399, limvals_max: 14.6594)
[2026-04-28 17:14:04.810] [3710] [HailoRT] [info] [queue_elements.cpp:800] [create] Created (UserBuffQEl2beach_robot/conv62 | timeout: 10s)
[2026-04-28 17:14:04.810] [3710] [HailoRT] [info] [vstream.cpp:1114] [OutputVStreamImpl] Creating beach_robot/conv62...
[2026-04-28 17:14:04.810] [3710] [HailoRT] [info] [vstream_builder.cpp:220] [create_outputs] Output pipeline 'beach_robot/conv62': HW >> (HwReadEl2beach_robot/conv62 | hw_frame_size: 25600) >> (PullQEl_hw_read2beach_robot/conv62) >> (PostInferEl2beach_robot/conv62 | Quantization - src_type: UINT8, dst_type FLOAT32, limvals_min: -8.27399, limvals_max: 14.6594) >> (UserBuffQEl2beach_robot/conv62 | timeout: 10s)
[2026-04-28 17:14:04.810] [3710] [HailoRT] [info] [edge_elements.cpp:287] [create] Created (HwReadEl0beach_robot/conv63 | hw_frame_size: 3200)
[2026-04-28 17:14:04.810] [3710] [HailoRT] [info] [queue_elements.cpp:657] [create] Created (PullQEl_hw_read0beach_robot/conv63)
[2026-04-28 17:14:04.810] [3710] [HailoRT] [info] [filter_elements.cpp:372] [create] Created (PostInferEl0beach_robot/conv63 | Quantization - src_type: UINT8, dst_type FLOAT32, limvals_min: -15.2921, limvals_max: 1.44388 | Reorder - src_order: FCR, src_shape: (20, 20, 8), dst_order: FCR, dst_shape: (20, 20, 2))
[2026-04-28 17:14:04.810] [3710] [HailoRT] [info] [queue_elements.cpp:800] [create] Created (UserBuffQEl0beach_robot/conv63 | timeout: 10s)
[2026-04-28 17:14:04.810] [3710] [HailoRT] [info] [vstream.cpp:1114] [OutputVStreamImpl] Creating beach_robot/conv63...
[2026-04-28 17:14:04.810] [3710] [HailoRT] [info] [vstream_builder.cpp:220] [create_outputs] Output pipeline 'beach_robot/conv63': HW >> (HwReadEl0beach_robot/conv63 | hw_frame_size: 3200) >> (PullQEl_hw_read0beach_robot/conv63) >> (PostInferEl0beach_robot/conv63 | Quantization - src_type: UINT8, dst_type FLOAT32, limvals_min: -15.2921, limvals_max: 1.44388 | Reorder - src_order: FCR, src_shape: (20, 20, 8), dst_order: FCR, dst_shape: (20, 20, 2)) >> (UserBuffQEl0beach_robot/conv63 | timeout: 10s)
[2026-04-28 17:14:04.811] [3710] [HailoRT] [info] [core_op.cpp:156] [activate] Activating beach_robot took 0.522989 milliseconds. Note that the function is asynchronous and thus the network is not fully activated yet.
[2026-04-28 17:14:04.811] [3710] [HailoRT] [info] [core_op.cpp:156] [activate] Activating beach_robot took 0.532062 milliseconds. Note that the function is asynchronous and thus the network is not fully activated yet.
[2026-04-28 17:14:04.830] [5976] [HailoRT] [info] [vdevice_native_stream.cpp:331] [read_impl] Failed read from stream HAILO_STREAM_NOT_ACTIVATED(72) (device: 0001:01:00.0)
[2026-04-28 17:14:04.830] [5980] [HailoRT] [info] [vdevice_native_stream.cpp:331] [read_impl] Failed read from stream HAILO_STREAM_NOT_ACTIVATED(72) (device: 0001:01:00.0)
[2026-04-28 17:14:04.830] [5978] [HailoRT] [info] [vdevice_native_stream.cpp:331] [read_impl] Failed read from stream HAILO_STREAM_NOT_ACTIVATED(72) (device: 0001:01:00.0)
[2026-04-28 17:14:04.830] [5982] [HailoRT] [info] [vdevice_native_stream.cpp:331] [read_impl] Failed read from stream HAILO_STREAM_NOT_ACTIVATED(72) (device: 0001:01:00.0)
[2026-04-28 17:14:04.830] [5984] [HailoRT] [info] [vdevice_native_stream.cpp:331] [read_impl] Failed read from stream HAILO_STREAM_NOT_ACTIVATED(72) (device: 0001:01:00.0)
[2026-04-28 17:14:04.830] [5974] [HailoRT] [info] [vdevice_native_stream.cpp:331] [read_impl] Failed read from stream HAILO_STREAM_NOT_ACTIVATED(72) (device: 0001:01:00.0)
[2026-04-28 17:14:04.830] [3710] [HailoRT] [info] [core_op.cpp:186] [deactivate] Deactivating took 0.498248 ms
[2026-04-28 17:14:04.830] [3710] [HailoRT] [info] [core_op.cpp:186] [deactivate] Deactivating took 0.509007 ms
[2026-04-28 17:14:04.830] [5974] [HailoRT] [info] [queue_elements.cpp:734] [run_in_thread] Shutdown event was signaled in run_pull of queue element PullQEl_hw_read0beach_robot/conv41!
[2026-04-28 17:14:04.830] [5975] [HailoRT] [info] [queue_elements.cpp:855] [run_in_thread] Shutdown event was signaled in dequeue of UserBuffQEl0beach_robot/conv41!
[2026-04-28 17:14:04.830] [5974] [HailoRT] [info] [queue_elements.cpp:68] [operator()] Thread in element PullQEl_hw_read0beach_robot/conv41 is not running anymore, exiting..
[2026-04-28 17:14:04.830] [3710] [HailoRT] [info] [queue_elements.cpp:46] [~BaseQueueElement] Queue element PullQEl_hw_read0beach_robot/conv41 has 0 frames in his Queue on destruction
[2026-04-28 17:14:04.830] [5975] [HailoRT] [info] [queue_elements.cpp:68] [operator()] Thread in element UserBuffQEl0beach_robot/conv41 is not running anymore, exiting..
[2026-04-28 17:14:04.830] [3710] [HailoRT] [info] [queue_elements.cpp:46] [~BaseQueueElement] Queue element UserBuffQEl0beach_robot/conv41 has 0 frames in his Queue on destruction
[2026-04-28 17:14:04.830] [5976] [HailoRT] [info] [queue_elements.cpp:734] [run_in_thread] Shutdown event was signaled in run_pull of queue element PullQEl_hw_read7beach_robot/conv42!
[2026-04-28 17:14:04.830] [5977] [HailoRT] [info] [queue_elements.cpp:855] [run_in_thread] Shutdown event was signaled in dequeue of UserBuffQEl7beach_robot/conv42!
[2026-04-28 17:14:04.830] [5976] [HailoRT] [info] [queue_elements.cpp:68] [operator()] Thread in element PullQEl_hw_read7beach_robot/conv42 is not running anymore, exiting..
[2026-04-28 17:14:04.830] [3710] [HailoRT] [info] [queue_elements.cpp:46] [~BaseQueueElement] Queue element PullQEl_hw_read7beach_robot/conv42 has 0 frames in his Queue on destruction
[2026-04-28 17:14:04.830] [5977] [HailoRT] [info] [queue_elements.cpp:68] [operator()] Thread in element UserBuffQEl7beach_robot/conv42 is not running anymore, exiting..
[2026-04-28 17:14:04.830] [3710] [HailoRT] [info] [queue_elements.cpp:46] [~BaseQueueElement] Queue element UserBuffQEl7beach_robot/conv42 has 0 frames in his Queue on destruction
[2026-04-28 17:14:04.830] [5978] [HailoRT] [info] [queue_elements.cpp:734] [run_in_thread] Shutdown event was signaled in run_pull of queue element PullQEl_hw_read3beach_robot/conv52!
[2026-04-28 17:14:04.830] [5979] [HailoRT] [info] [queue_elements.cpp:855] [run_in_thread] Shutdown event was signaled in dequeue of UserBuffQEl3beach_robot/conv52!
[2026-04-28 17:14:04.830] [5978] [HailoRT] [info] [queue_elements.cpp:68] [operator()] Thread in element PullQEl_hw_read3beach_robot/conv52 is not running anymore, exiting..
[2026-04-28 17:14:04.830] [3710] [HailoRT] [info] [queue_elements.cpp:46] [~BaseQueueElement] Queue element PullQEl_hw_read3beach_robot/conv52 has 0 frames in his Queue on destruction
[2026-04-28 17:14:04.830] [5979] [HailoRT] [info] [queue_elements.cpp:68] [operator()] Thread in element UserBuffQEl3beach_robot/conv52 is not running anymore, exiting..
[2026-04-28 17:14:04.830] [3710] [HailoRT] [info] [queue_elements.cpp:46] [~BaseQueueElement] Queue element UserBuffQEl3beach_robot/conv52 has 0 frames in his Queue on destruction
[2026-04-28 17:14:04.830] [5981] [HailoRT] [info] [queue_elements.cpp:855] [run_in_thread] Shutdown event was signaled in dequeue of UserBuffQEl1beach_robot/conv53!
[2026-04-28 17:14:04.830] [5980] [HailoRT] [info] [queue_elements.cpp:734] [run_in_thread] Shutdown event was signaled in run_pull of queue element PullQEl_hw_read1beach_robot/conv53!
[2026-04-28 17:14:04.830] [5980] [HailoRT] [info] [queue_elements.cpp:68] [operator()] Thread in element PullQEl_hw_read1beach_robot/conv53 is not running anymore, exiting..
[2026-04-28 17:14:04.830] [3710] [HailoRT] [info] [queue_elements.cpp:46] [~BaseQueueElement] Queue element PullQEl_hw_read1beach_robot/conv53 has 0 frames in his Queue on destruction
[2026-04-28 17:14:04.830] [5981] [HailoRT] [info] [queue_elements.cpp:68] [operator()] Thread in element UserBuffQEl1beach_robot/conv53 is not running anymore, exiting..
[2026-04-28 17:14:04.830] [3710] [HailoRT] [info] [queue_elements.cpp:46] [~BaseQueueElement] Queue element UserBuffQEl1beach_robot/conv53 has 0 frames in his Queue on destruction
[2026-04-28 17:14:04.830] [5982] [HailoRT] [info] [queue_elements.cpp:734] [run_in_thread] Shutdown event was signaled in run_pull of queue element PullQEl_hw_read2beach_robot/conv62!
[2026-04-28 17:14:04.830] [5983] [HailoRT] [info] [queue_elements.cpp:855] [run_in_thread] Shutdown event was signaled in dequeue of UserBuffQEl2beach_robot/conv62!
[2026-04-28 17:14:04.830] [5982] [HailoRT] [info] [queue_elements.cpp:68] [operator()] Thread in element PullQEl_hw_read2beach_robot/conv62 is not running anymore, exiting..
[2026-04-28 17:14:04.830] [3710] [HailoRT] [info] [queue_elements.cpp:46] [~BaseQueueElement] Queue element PullQEl_hw_read2beach_robot/conv62 has 0 frames in his Queue on destruction
[2026-04-28 17:14:04.831] [5983] [HailoRT] [info] [queue_elements.cpp:68] [operator()] Thread in element UserBuffQEl2beach_robot/conv62 is not running anymore, exiting..
[2026-04-28 17:14:04.831] [3710] [HailoRT] [info] [queue_elements.cpp:46] [~BaseQueueElement] Queue element UserBuffQEl2beach_robot/conv62 has 0 frames in his Queue on destruction
[2026-04-28 17:14:04.831] [5984] [HailoRT] [info] [queue_elements.cpp:734] [run_in_thread] Shutdown event was signaled in run_pull of queue element PullQEl_hw_read0beach_robot/conv63!
[2026-04-28 17:14:04.831] [5985] [HailoRT] [info] [queue_elements.cpp:855] [run_in_thread] Shutdown event was signaled in dequeue of UserBuffQEl0beach_robot/conv63!
[2026-04-28 17:14:04.831] [5984] [HailoRT] [info] [queue_elements.cpp:68] [operator()] Thread in element PullQEl_hw_read0beach_robot/conv63 is not running anymore, exiting..
[2026-04-28 17:14:04.831] [3710] [HailoRT] [info] [queue_elements.cpp:46] [~BaseQueueElement] Queue element PullQEl_hw_read0beach_robot/conv63 has 0 frames in his Queue on destruction
[2026-04-28 17:14:04.831] [5985] [HailoRT] [info] [queue_elements.cpp:68] [operator()] Thread in element UserBuffQEl0beach_robot/conv63 is not running anymore, exiting..
[2026-04-28 17:14:04.831] [3710] [HailoRT] [info] [queue_elements.cpp:46] [~BaseQueueElement] Queue element UserBuffQEl0beach_robot/conv63 has 0 frames in his Queue on destruction
[2026-04-28 17:14:05.130] [3710] [HailoRT] [info] [edge_elements.cpp:52] [create] Created (HwWriteEl2beach_robot/input_layer1 | hw_frame_size: 1228800)
[2026-04-28 17:14:05.130] [3710] [HailoRT] [info] [vstream.cpp:754] [InputVStreamImpl] Creating beach_robot/input_layer1...
[2026-04-28 17:14:05.130] [3710] [HailoRT] [info] [vstream_builder.cpp:102] [create_inputs] Input pipeline 'beach_robot/input_layer1': (HwWriteEl2beach_robot/input_layer1 | hw_frame_size: 1228800) >> HW
[2026-04-28 17:14:05.130] [3710] [HailoRT] [info] [edge_elements.cpp:287] [create] Created (HwReadEl0beach_robot/conv41 | hw_frame_size: 409600)
[2026-04-28 17:14:05.131] [3710] [HailoRT] [info] [queue_elements.cpp:657] [create] Created (PullQEl_hw_read0beach_robot/conv41)
[2026-04-28 17:14:05.131] [3710] [HailoRT] [info] [filter_elements.cpp:372] [create] Created (PostInferEl0beach_robot/conv41 | Quantization - src_type: UINT8, dst_type FLOAT32, limvals_min: -10.8307, limvals_max: 18.5504)
[2026-04-28 17:14:05.131] [3710] [HailoRT] [info] [queue_elements.cpp:800] [create] Created (UserBuffQEl0beach_robot/conv41 | timeout: 10s)
[2026-04-28 17:14:05.131] [3710] [HailoRT] [info] [vstream.cpp:1114] [OutputVStreamImpl] Creating beach_robot/conv41...
[2026-04-28 17:14:05.131] [3710] [HailoRT] [info] [vstream_builder.cpp:220] [create_outputs] Output pipeline 'beach_robot/conv41': HW >> (HwReadEl0beach_robot/conv41 | hw_frame_size: 409600) >> (PullQEl_hw_read0beach_robot/conv41) >> (PostInferEl0beach_robot/conv41 | Quantization - src_type: UINT8, dst_type FLOAT32, limvals_min: -10.8307, limvals_max: 18.5504) >> (UserBuffQEl0beach_robot/conv41 | timeout: 10s)
[2026-04-28 17:14:05.131] [3710] [HailoRT] [info] [edge_elements.cpp:287] [create] Created (HwReadEl7beach_robot/conv42 | hw_frame_size: 12800)
[2026-04-28 17:14:05.131] [3710] [HailoRT] [info] [queue_elements.cpp:657] [create] Created (PullQEl_hw_read7beach_robot/conv42)
[2026-04-28 17:14:05.131] [3710] [HailoRT] [info] [filter_elements.cpp:372] [create] Created (PostInferEl7beach_robot/conv42 | Quantization - src_type: UINT8, dst_type FLOAT32, limvals_min: -25.6857, limvals_max: 0)
[2026-04-28 17:14:05.131] [3710] [HailoRT] [info] [queue_elements.cpp:800] [create] Created (UserBuffQEl7beach_robot/conv42 | timeout: 10s)
[2026-04-28 17:14:05.131] [3710] [HailoRT] [info] [vstream.cpp:1114] [OutputVStreamImpl] Creating beach_robot/conv42...
[2026-04-28 17:14:05.131] [3710] [HailoRT] [info] [vstream_builder.cpp:220] [create_outputs] Output pipeline 'beach_robot/conv42': HW >> (HwReadEl7beach_robot/conv42 | hw_frame_size: 12800) >> (PullQEl_hw_read7beach_robot/conv42) >> (PostInferEl7beach_robot/conv42 | Quantization - src_type: UINT8, dst_type FLOAT32, limvals_min: -25.6857, limvals_max: 0) >> (UserBuffQEl7beach_robot/conv42 | timeout: 10s)
[2026-04-28 17:14:05.131] [3710] [HailoRT] [info] [edge_elements.cpp:287] [create] Created (HwReadEl3beach_robot/conv52 | hw_frame_size: 102400)
[2026-04-28 17:14:05.131] [3710] [HailoRT] [info] [queue_elements.cpp:657] [create] Created (PullQEl_hw_read3beach_robot/conv52)
[2026-04-28 17:14:05.131] [3710] [HailoRT] [info] [filter_elements.cpp:372] [create] Created (PostInferEl3beach_robot/conv52 | Quantization - src_type: UINT8, dst_type FLOAT32, limvals_min: -6.53754, limvals_max: 19.9239)
[2026-04-28 17:14:05.131] [3710] [HailoRT] [info] [queue_elements.cpp:800] [create] Created (UserBuffQEl3beach_robot/conv52 | timeout: 10s)
[2026-04-28 17:14:05.131] [3710] [HailoRT] [info] [vstream.cpp:1114] [OutputVStreamImpl] Creating beach_robot/conv52...
[2026-04-28 17:14:05.131] [3710] [HailoRT] [info] [vstream_builder.cpp:220] [create_outputs] Output pipeline 'beach_robot/conv52': HW >> (HwReadEl3beach_robot/conv52 | hw_frame_size: 102400) >> (PullQEl_hw_read3beach_robot/conv52) >> (PostInferEl3beach_robot/conv52 | Quantization - src_type: UINT8, dst_type FLOAT32, limvals_min: -6.53754, limvals_max: 19.9239) >> (UserBuffQEl3beach_robot/conv52 | timeout: 10s)
[2026-04-28 17:14:05.131] [3710] [HailoRT] [info] [edge_elements.cpp:287] [create] Created (HwReadEl1beach_robot/conv53 | hw_frame_size: 3200)
[2026-04-28 17:14:05.131] [3710] [HailoRT] [info] [queue_elements.cpp:657] [create] Created (PullQEl_hw_read1beach_robot/conv53)
[2026-04-28 17:14:05.131] [3710] [HailoRT] [info] [filter_elements.cpp:372] [create] Created (PostInferEl1beach_robot/conv53 | Quantization - src_type: UINT8, dst_type FLOAT32, limvals_min: -15.7441, limvals_max: 0)
[2026-04-28 17:14:05.131] [3710] [HailoRT] [info] [queue_elements.cpp:800] [create] Created (UserBuffQEl1beach_robot/conv53 | timeout: 10s)
[2026-04-28 17:14:05.131] [3710] [HailoRT] [info] [vstream.cpp:1114] [OutputVStreamImpl] Creating beach_robot/conv53...
[2026-04-28 17:14:05.131] [3710] [HailoRT] [info] [vstream_builder.cpp:220] [create_outputs] Output pipeline 'beach_robot/conv53': HW >> (HwReadEl1beach_robot/conv53 | hw_frame_size: 3200) >> (PullQEl_hw_read1beach_robot/conv53) >> (PostInferEl1beach_robot/conv53 | Quantization - src_type: UINT8, dst_type FLOAT32, limvals_min: -15.7441, limvals_max: 0) >> (UserBuffQEl1beach_robot/conv53 | timeout: 10s)
[2026-04-28 17:14:05.131] [3710] [HailoRT] [info] [edge_elements.cpp:287] [create] Created (HwReadEl2beach_robot/conv62 | hw_frame_size: 25600)
[2026-04-28 17:14:05.131] [3710] [HailoRT] [info] [queue_elements.cpp:657] [create] Created (PullQEl_hw_read2beach_robot/conv62)
[2026-04-28 17:14:05.131] [3710] [HailoRT] [info] [filter_elements.cpp:372] [create] Created (PostInferEl2beach_robot/conv62 | Quantization - src_type: UINT8, dst_type FLOAT32, limvals_min: -8.27399, limvals_max: 14.6594)
[2026-04-28 17:14:05.131] [3710] [HailoRT] [info] [queue_elements.cpp:800] [create] Created (UserBuffQEl2beach_robot/conv62 | timeout: 10s)
[2026-04-28 17:14:05.131] [3710] [HailoRT] [info] [vstream.cpp:1114] [OutputVStreamImpl] Creating beach_robot/conv62...
[2026-04-28 17:14:05.131] [3710] [HailoRT] [info] [vstream_builder.cpp:220] [create_outputs] Output pipeline 'beach_robot/conv62': HW >> (HwReadEl2beach_robot/conv62 | hw_frame_size: 25600) >> (PullQEl_hw_read2beach_robot/conv62) >> (PostInferEl2beach_robot/conv62 | Quantization - src_type: UINT8, dst_type FLOAT32, limvals_min: -8.27399, limvals_max: 14.6594) >> (UserBuffQEl2beach_robot/conv62 | timeout: 10s)
[2026-04-28 17:14:05.131] [3710] [HailoRT] [info] [edge_elements.cpp:287] [create] Created (HwReadEl0beach_robot/conv63 | hw_frame_size: 3200)
[2026-04-28 17:14:05.131] [3710] [HailoRT] [info] [queue_elements.cpp:657] [create] Created (PullQEl_hw_read0beach_robot/conv63)
[2026-04-28 17:14:05.131] [3710] [HailoRT] [info] [filter_elements.cpp:372] [create] Created (PostInferEl0beach_robot/conv63 | Quantization - src_type: UINT8, dst_type FLOAT32, limvals_min: -15.2921, limvals_max: 1.44388 | Reorder - src_order: FCR, src_shape: (20, 20, 8), dst_order: FCR, dst_shape: (20, 20, 2))
[2026-04-28 17:14:05.131] [3710] [HailoRT] [info] [queue_elements.cpp:800] [create] Created (UserBuffQEl0beach_robot/conv63 | timeout: 10s)
[2026-04-28 17:14:05.131] [3710] [HailoRT] [info] [vstream.cpp:1114] [OutputVStreamImpl] Creating beach_robot/conv63...
[2026-04-28 17:14:05.131] [3710] [HailoRT] [info] [vstream_builder.cpp:220] [create_outputs] Output pipeline 'beach_robot/conv63': HW >> (HwReadEl0beach_robot/conv63 | hw_frame_size: 3200) >> (PullQEl_hw_read0beach_robot/conv63) >> (PostInferEl0beach_robot/conv63 | Quantization - src_type: UINT8, dst_type FLOAT32, limvals_min: -15.2921, limvals_max: 1.44388 | Reorder - src_order: FCR, src_shape: (20, 20, 8), dst_order: FCR, dst_shape: (20, 20, 2)) >> (UserBuffQEl0beach_robot/conv63 | timeout: 10s)
[2026-04-28 17:14:05.132] [3710] [HailoRT] [info] [core_op.cpp:156] [activate] Activating beach_robot took 0.546155 milliseconds. Note that the function is asynchronous and thus the network is not fully activated yet.
[2026-04-28 17:14:05.132] [3710] [HailoRT] [info] [core_op.cpp:156] [activate] Activating beach_robot took 0.556118 milliseconds. Note that the function is asynchronous and thus the network is not fully activated yet.
[2026-04-28 17:14:05.151] [6003] [HailoRT] [info] [vdevice_native_stream.cpp:331] [read_impl] Failed read from stream HAILO_STREAM_NOT_ACTIVATED(72) (device: 0001:01:00.0)
[2026-04-28 17:14:05.151] [5999] [HailoRT] [info] [vdevice_native_stream.cpp:331] [read_impl] Failed read from stream HAILO_STREAM_NOT_ACTIVATED(72) (device: 0001:01:00.0)
[2026-04-28 17:14:05.151] [6001] [HailoRT] [info] [vdevice_native_stream.cpp:331] [read_impl] Failed read from stream HAILO_STREAM_NOT_ACTIVATED(72) (device: 0001:01:00.0)
[2026-04-28 17:14:05.151] [5995] [HailoRT] [info] [vdevice_native_stream.cpp:331] [read_impl] Failed read from stream HAILO_STREAM_NOT_ACTIVATED(72) (device: 0001:01:00.0)
[2026-04-28 17:14:05.151] [5997] [HailoRT] [info] [vdevice_native_stream.cpp:331] [read_impl] Failed read from stream HAILO_STREAM_NOT_ACTIVATED(72) (device: 0001:01:00.0)
[2026-04-28 17:14:05.151] [5993] [HailoRT] [info] [vdevice_native_stream.cpp:331] [read_impl] Failed read from stream HAILO_STREAM_NOT_ACTIVATED(72) (device: 0001:01:00.0)
[2026-04-28 17:14:05.152] [3710] [HailoRT] [info] [core_op.cpp:186] [deactivate] Deactivating took 0.51397 ms
[2026-04-28 17:14:05.152] [3710] [HailoRT] [info] [core_op.cpp:186] [deactivate] Deactivating took 0.525692 ms
[2026-04-28 17:14:05.152] [5993] [HailoRT] [info] [queue_elements.cpp:734] [run_in_thread] Shutdown event was signaled in run_pull of queue element PullQEl_hw_read0beach_robot/conv41!
[2026-04-28 17:14:05.152] [5994] [HailoRT] [info] [queue_elements.cpp:855] [run_in_thread] Shutdown event was signaled in dequeue of UserBuffQEl0beach_robot/conv41!
[2026-04-28 17:14:05.152] [5993] [HailoRT] [info] [queue_elements.cpp:68] [operator()] Thread in element PullQEl_hw_read0beach_robot/conv41 is not running anymore, exiting..
[2026-04-28 17:14:05.152] [3710] [HailoRT] [info] [queue_elements.cpp:46] [~BaseQueueElement] Queue element PullQEl_hw_read0beach_robot/conv41 has 0 frames in his Queue on destruction
[2026-04-28 17:14:05.152] [5994] [HailoRT] [info] [queue_elements.cpp:68] [operator()] Thread in element UserBuffQEl0beach_robot/conv41 is not running anymore, exiting..
[2026-04-28 17:14:05.152] [3710] [HailoRT] [info] [queue_elements.cpp:46] [~BaseQueueElement] Queue element UserBuffQEl0beach_robot/conv41 has 0 frames in his Queue on destruction
[2026-04-28 17:14:05.152] [5995] [HailoRT] [info] [queue_elements.cpp:734] [run_in_thread] Shutdown event was signaled in run_pull of queue element PullQEl_hw_read7beach_robot/conv42!
[2026-04-28 17:14:05.152] [5996] [HailoRT] [info] [queue_elements.cpp:855] [run_in_thread] Shutdown event was signaled in dequeue of UserBuffQEl7beach_robot/conv42!
[2026-04-28 17:14:05.152] [5995] [HailoRT] [info] [queue_elements.cpp:68] [operator()] Thread in element PullQEl_hw_read7beach_robot/conv42 is not running anymore, exiting..
[2026-04-28 17:14:05.152] [3710] [HailoRT] [info] [queue_elements.cpp:46] [~BaseQueueElement] Queue element PullQEl_hw_read7beach_robot/conv42 has 0 frames in his Queue on destruction
[2026-04-28 17:14:05.152] [5996] [HailoRT] [info] [queue_elements.cpp:68] [operator()] Thread in element UserBuffQEl7beach_robot/conv42 is not running anymore, exiting..
[2026-04-28 17:14:05.152] [3710] [HailoRT] [info] [queue_elements.cpp:46] [~BaseQueueElement] Queue element UserBuffQEl7beach_robot/conv42 has 0 frames in his Queue on destruction
[2026-04-28 17:14:05.152] [5997] [HailoRT] [info] [queue_elements.cpp:734] [run_in_thread] Shutdown event was signaled in run_pull of queue element PullQEl_hw_read3beach_robot/conv52!
[2026-04-28 17:14:05.152] [5998] [HailoRT] [info] [queue_elements.cpp:855] [run_in_thread] Shutdown event was signaled in dequeue of UserBuffQEl3beach_robot/conv52!
[2026-04-28 17:14:05.152] [5997] [HailoRT] [info] [queue_elements.cpp:68] [operator()] Thread in element PullQEl_hw_read3beach_robot/conv52 is not running anymore, exiting..
[2026-04-28 17:14:05.152] [3710] [HailoRT] [info] [queue_elements.cpp:46] [~BaseQueueElement] Queue element PullQEl_hw_read3beach_robot/conv52 has 0 frames in his Queue on destruction
[2026-04-28 17:14:05.152] [5998] [HailoRT] [info] [queue_elements.cpp:68] [operator()] Thread in element UserBuffQEl3beach_robot/conv52 is not running anymore, exiting..
[2026-04-28 17:14:05.152] [3710] [HailoRT] [info] [queue_elements.cpp:46] [~BaseQueueElement] Queue element UserBuffQEl3beach_robot/conv52 has 0 frames in his Queue on destruction
[2026-04-28 17:14:05.152] [5999] [HailoRT] [info] [queue_elements.cpp:734] [run_in_thread] Shutdown event was signaled in run_pull of queue element PullQEl_hw_read1beach_robot/conv53!
[2026-04-28 17:14:05.152] [6000] [HailoRT] [info] [queue_elements.cpp:855] [run_in_thread] Shutdown event was signaled in dequeue of UserBuffQEl1beach_robot/conv53!
[2026-04-28 17:14:05.152] [5999] [HailoRT] [info] [queue_elements.cpp:68] [operator()] Thread in element PullQEl_hw_read1beach_robot/conv53 is not running anymore, exiting..
[2026-04-28 17:14:05.152] [3710] [HailoRT] [info] [queue_elements.cpp:46] [~BaseQueueElement] Queue element PullQEl_hw_read1beach_robot/conv53 has 0 frames in his Queue on destruction
[2026-04-28 17:14:05.152] [6000] [HailoRT] [info] [queue_elements.cpp:68] [operator()] Thread in element UserBuffQEl1beach_robot/conv53 is not running anymore, exiting..
[2026-04-28 17:14:05.152] [3710] [HailoRT] [info] [queue_elements.cpp:46] [~BaseQueueElement] Queue element UserBuffQEl1beach_robot/conv53 has 0 frames in his Queue on destruction
[2026-04-28 17:14:05.152] [6002] [HailoRT] [info] [queue_elements.cpp:855] [run_in_thread] Shutdown event was signaled in dequeue of UserBuffQEl2beach_robot/conv62!
[2026-04-28 17:14:05.152] [6001] [HailoRT] [info] [queue_elements.cpp:734] [run_in_thread] Shutdown event was signaled in run_pull of queue element PullQEl_hw_read2beach_robot/conv62!
[2026-04-28 17:14:05.152] [6001] [HailoRT] [info] [queue_elements.cpp:68] [operator()] Thread in element PullQEl_hw_read2beach_robot/conv62 is not running anymore, exiting..
[2026-04-28 17:14:05.152] [3710] [HailoRT] [info] [queue_elements.cpp:46] [~BaseQueueElement] Queue element PullQEl_hw_read2beach_robot/conv62 has 0 frames in his Queue on destruction
[2026-04-28 17:14:05.152] [6002] [HailoRT] [info] [queue_elements.cpp:68] [operator()] Thread in element UserBuffQEl2beach_robot/conv62 is not running anymore, exiting..
[2026-04-28 17:14:05.152] [3710] [HailoRT] [info] [queue_elements.cpp:46] [~BaseQueueElement] Queue element UserBuffQEl2beach_robot/conv62 has 0 frames in his Queue on destruction
[2026-04-28 17:14:05.152] [6003] [HailoRT] [info] [queue_elements.cpp:734] [run_in_thread] Shutdown event was signaled in run_pull of queue element PullQEl_hw_read0beach_robot/conv63!
[2026-04-28 17:14:05.152] [6004] [HailoRT] [info] [queue_elements.cpp:855] [run_in_thread] Shutdown event was signaled in dequeue of UserBuffQEl0beach_robot/conv63!
[2026-04-28 17:14:05.152] [6003] [HailoRT] [info] [queue_elements.cpp:68] [operator()] Thread in element PullQEl_hw_read0beach_robot/conv63 is not running anymore, exiting..
[2026-04-28 17:14:05.152] [3710] [HailoRT] [info] [queue_elements.cpp:46] [~BaseQueueElement] Queue element PullQEl_hw_read0beach_robot/conv63 has 0 frames in his Queue on destruction
[2026-04-28 17:14:05.152] [6004] [HailoRT] [info] [queue_elements.cpp:68] [operator()] Thread in element UserBuffQEl0beach_robot/conv63 is not running anymore, exiting..
[2026-04-28 17:14:05.152] [3710] [HailoRT] [info] [queue_elements.cpp:46] [~BaseQueueElement] Queue element UserBuffQEl0beach_robot/conv63 has 0 frames in his Queue on destruction
[2026-04-28 17:14:05.452] [3710] [HailoRT] [info] [edge_elements.cpp:52] [create] Created (HwWriteEl2beach_robot/input_layer1 | hw_frame_size: 1228800)
[2026-04-28 17:14:05.452] [3710] [HailoRT] [info] [vstream.cpp:754] [InputVStreamImpl] Creating beach_robot/input_layer1...
[2026-04-28 17:14:05.452] [3710] [HailoRT] [info] [vstream_builder.cpp:102] [create_inputs] Input pipeline 'beach_robot/input_layer1': (HwWriteEl2beach_robot/input_layer1 | hw_frame_size: 1228800) >> HW
[2026-04-28 17:14:05.452] [3710] [HailoRT] [info] [edge_elements.cpp:287] [create] Created (HwReadEl0beach_robot/conv41 | hw_frame_size: 409600)
[2026-04-28 17:14:05.452] [3710] [HailoRT] [info] [queue_elements.cpp:657] [create] Created (PullQEl_hw_read0beach_robot/conv41)
[2026-04-28 17:14:05.452] [3710] [HailoRT] [info] [filter_elements.cpp:372] [create] Created (PostInferEl0beach_robot/conv41 | Quantization - src_type: UINT8, dst_type FLOAT32, limvals_min: -10.8307, limvals_max: 18.5504)
[2026-04-28 17:14:05.452] [3710] [HailoRT] [info] [queue_elements.cpp:800] [create] Created (UserBuffQEl0beach_robot/conv41 | timeout: 10s)
[2026-04-28 17:14:05.452] [3710] [HailoRT] [info] [vstream.cpp:1114] [OutputVStreamImpl] Creating beach_robot/conv41...
[2026-04-28 17:14:05.452] [3710] [HailoRT] [info] [vstream_builder.cpp:220] [create_outputs] Output pipeline 'beach_robot/conv41': HW >> (HwReadEl0beach_robot/conv41 | hw_frame_size: 409600) >> (PullQEl_hw_read0beach_robot/conv41) >> (PostInferEl0beach_robot/conv41 | Quantization - src_type: UINT8, dst_type FLOAT32, limvals_min: -10.8307, limvals_max: 18.5504) >> (UserBuffQEl0beach_robot/conv41 | timeout: 10s)
[2026-04-28 17:14:05.453] [3710] [HailoRT] [info] [edge_elements.cpp:287] [create] Created (HwReadEl7beach_robot/conv42 | hw_frame_size: 12800)
[2026-04-28 17:14:05.453] [3710] [HailoRT] [info] [queue_elements.cpp:657] [create] Created (PullQEl_hw_read7beach_robot/conv42)
[2026-04-28 17:14:05.453] [3710] [HailoRT] [info] [filter_elements.cpp:372] [create] Created (PostInferEl7beach_robot/conv42 | Quantization - src_type: UINT8, dst_type FLOAT32, limvals_min: -25.6857, limvals_max: 0)
[2026-04-28 17:14:05.453] [3710] [HailoRT] [info] [queue_elements.cpp:800] [create] Created (UserBuffQEl7beach_robot/conv42 | timeout: 10s)
[2026-04-28 17:14:05.453] [3710] [HailoRT] [info] [vstream.cpp:1114] [OutputVStreamImpl] Creating beach_robot/conv42...
[2026-04-28 17:14:05.453] [3710] [HailoRT] [info] [vstream_builder.cpp:220] [create_outputs] Output pipeline 'beach_robot/conv42': HW >> (HwReadEl7beach_robot/conv42 | hw_frame_size: 12800) >> (PullQEl_hw_read7beach_robot/conv42) >> (PostInferEl7beach_robot/conv42 | Quantization - src_type: UINT8, dst_type FLOAT32, limvals_min: -25.6857, limvals_max: 0) >> (UserBuffQEl7beach_robot/conv42 | timeout: 10s)
[2026-04-28 17:14:05.453] [3710] [HailoRT] [info] [edge_elements.cpp:287] [create] Created (HwReadEl3beach_robot/conv52 | hw_frame_size: 102400)
[2026-04-28 17:14:05.453] [3710] [HailoRT] [info] [queue_elements.cpp:657] [create] Created (PullQEl_hw_read3beach_robot/conv52)
[2026-04-28 17:14:05.453] [3710] [HailoRT] [info] [filter_elements.cpp:372] [create] Created (PostInferEl3beach_robot/conv52 | Quantization - src_type: UINT8, dst_type FLOAT32, limvals_min: -6.53754, limvals_max: 19.9239)
[2026-04-28 17:14:05.453] [3710] [HailoRT] [info] [queue_elements.cpp:800] [create] Created (UserBuffQEl3beach_robot/conv52 | timeout: 10s)
[2026-04-28 17:14:05.453] [3710] [HailoRT] [info] [vstream.cpp:1114] [OutputVStreamImpl] Creating beach_robot/conv52...
[2026-04-28 17:14:05.453] [3710] [HailoRT] [info] [vstream_builder.cpp:220] [create_outputs] Output pipeline 'beach_robot/conv52': HW >> (HwReadEl3beach_robot/conv52 | hw_frame_size: 102400) >> (PullQEl_hw_read3beach_robot/conv52) >> (PostInferEl3beach_robot/conv52 | Quantization - src_type: UINT8, dst_type FLOAT32, limvals_min: -6.53754, limvals_max: 19.9239) >> (UserBuffQEl3beach_robot/conv52 | timeout: 10s)
[2026-04-28 17:14:05.453] [3710] [HailoRT] [info] [edge_elements.cpp:287] [create] Created (HwReadEl1beach_robot/conv53 | hw_frame_size: 3200)
[2026-04-28 17:14:05.453] [3710] [HailoRT] [info] [queue_elements.cpp:657] [create] Created (PullQEl_hw_read1beach_robot/conv53)
[2026-04-28 17:14:05.453] [3710] [HailoRT] [info] [filter_elements.cpp:372] [create] Created (PostInferEl1beach_robot/conv53 | Quantization - src_type: UINT8, dst_type FLOAT32, limvals_min: -15.7441, limvals_max: 0)
[2026-04-28 17:14:05.453] [3710] [HailoRT] [info] [queue_elements.cpp:800] [create] Created (UserBuffQEl1beach_robot/conv53 | timeout: 10s)
[2026-04-28 17:14:05.453] [3710] [HailoRT] [info] [vstream.cpp:1114] [OutputVStreamImpl] Creating beach_robot/conv53...
[2026-04-28 17:14:05.453] [3710] [HailoRT] [info] [vstream_builder.cpp:220] [create_outputs] Output pipeline 'beach_robot/conv53': HW >> (HwReadEl1beach_robot/conv53 | hw_frame_size: 3200) >> (PullQEl_hw_read1beach_robot/conv53) >> (PostInferEl1beach_robot/conv53 | Quantization - src_type: UINT8, dst_type FLOAT32, limvals_min: -15.7441, limvals_max: 0) >> (UserBuffQEl1beach_robot/conv53 | timeout: 10s)
[2026-04-28 17:14:05.453] [3710] [HailoRT] [info] [edge_elements.cpp:287] [create] Created (HwReadEl2beach_robot/conv62 | hw_frame_size: 25600)
[2026-04-28 17:14:05.453] [3710] [HailoRT] [info] [queue_elements.cpp:657] [create] Created (PullQEl_hw_read2beach_robot/conv62)
[2026-04-28 17:14:05.453] [3710] [HailoRT] [info] [filter_elements.cpp:372] [create] Created (PostInferEl2beach_robot/conv62 | Quantization - src_type: UINT8, dst_type FLOAT32, limvals_min: -8.27399, limvals_max: 14.6594)
[2026-04-28 17:14:05.453] [3710] [HailoRT] [info] [queue_elements.cpp:800] [create] Created (UserBuffQEl2beach_robot/conv62 | timeout: 10s)
[2026-04-28 17:14:05.453] [3710] [HailoRT] [info] [vstream.cpp:1114] [OutputVStreamImpl] Creating beach_robot/conv62...
[2026-04-28 17:14:05.453] [3710] [HailoRT] [info] [vstream_builder.cpp:220] [create_outputs] Output pipeline 'beach_robot/conv62': HW >> (HwReadEl2beach_robot/conv62 | hw_frame_size: 25600) >> (PullQEl_hw_read2beach_robot/conv62) >> (PostInferEl2beach_robot/conv62 | Quantization - src_type: UINT8, dst_type FLOAT32, limvals_min: -8.27399, limvals_max: 14.6594) >> (UserBuffQEl2beach_robot/conv62 | timeout: 10s)
[2026-04-28 17:14:05.453] [3710] [HailoRT] [info] [edge_elements.cpp:287] [create] Created (HwReadEl0beach_robot/conv63 | hw_frame_size: 3200)
[2026-04-28 17:14:05.453] [3710] [HailoRT] [info] [queue_elements.cpp:657] [create] Created (PullQEl_hw_read0beach_robot/conv63)
[2026-04-28 17:14:05.453] [3710] [HailoRT] [info] [filter_elements.cpp:372] [create] Created (PostInferEl0beach_robot/conv63 | Quantization - src_type: UINT8, dst_type FLOAT32, limvals_min: -15.2921, limvals_max: 1.44388 | Reorder - src_order: FCR, src_shape: (20, 20, 8), dst_order: FCR, dst_shape: (20, 20, 2))
[2026-04-28 17:14:05.453] [3710] [HailoRT] [info] [queue_elements.cpp:800] [create] Created (UserBuffQEl0beach_robot/conv63 | timeout: 10s)
[2026-04-28 17:14:05.453] [3710] [HailoRT] [info] [vstream.cpp:1114] [OutputVStreamImpl] Creating beach_robot/conv63...
[2026-04-28 17:14:05.453] [3710] [HailoRT] [info] [vstream_builder.cpp:220] [create_outputs] Output pipeline 'beach_robot/conv63': HW >> (HwReadEl0beach_robot/conv63 | hw_frame_size: 3200) >> (PullQEl_hw_read0beach_robot/conv63) >> (PostInferEl0beach_robot/conv63 | Quantization - src_type: UINT8, dst_type FLOAT32, limvals_min: -15.2921, limvals_max: 1.44388 | Reorder - src_order: FCR, src_shape: (20, 20, 8), dst_order: FCR, dst_shape: (20, 20, 2)) >> (UserBuffQEl0beach_robot/conv63 | timeout: 10s)
[2026-04-28 17:14:05.454] [3710] [HailoRT] [info] [core_op.cpp:156] [activate] Activating beach_robot took 0.522915 milliseconds. Note that the function is asynchronous and thus the network is not fully activated yet.
[2026-04-28 17:14:05.454] [3710] [HailoRT] [info] [core_op.cpp:156] [activate] Activating beach_robot took 0.532581 milliseconds. Note that the function is asynchronous and thus the network is not fully activated yet.
[2026-04-28 17:14:05.473] [6016] [HailoRT] [info] [vdevice_native_stream.cpp:331] [read_impl] Failed read from stream HAILO_STREAM_NOT_ACTIVATED(72) (device: 0001:01:00.0)
[2026-04-28 17:14:05.473] [6012] [HailoRT] [info] [vdevice_native_stream.cpp:331] [read_impl] Failed read from stream HAILO_STREAM_NOT_ACTIVATED(72) (device: 0001:01:00.0)
[2026-04-28 17:14:05.473] [6022] [HailoRT] [info] [vdevice_native_stream.cpp:331] [read_impl] Failed read from stream HAILO_STREAM_NOT_ACTIVATED(72) (device: 0001:01:00.0)
[2026-04-28 17:14:05.473] [6018] [HailoRT] [info] [vdevice_native_stream.cpp:331] [read_impl] Failed read from stream HAILO_STREAM_NOT_ACTIVATED(72) (device: 0001:01:00.0)
[2026-04-28 17:14:05.473] [6020] [HailoRT] [info] [vdevice_native_stream.cpp:331] [read_impl] Failed read from stream HAILO_STREAM_NOT_ACTIVATED(72) (device: 0001:01:00.0)
[2026-04-28 17:14:05.473] [6014] [HailoRT] [info] [vdevice_native_stream.cpp:331] [read_impl] Failed read from stream HAILO_STREAM_NOT_ACTIVATED(72) (device: 0001:01:00.0)
[2026-04-28 17:14:05.473] [3710] [HailoRT] [info] [core_op.cpp:186] [deactivate] Deactivating took 0.516137 ms
[2026-04-28 17:14:05.473] [3710] [HailoRT] [info] [core_op.cpp:186] [deactivate] Deactivating took 0.528248 ms
[2026-04-28 17:14:05.473] [6012] [HailoRT] [info] [queue_elements.cpp:734] [run_in_thread] Shutdown event was signaled in run_pull of queue element PullQEl_hw_read0beach_robot/conv41!
[2026-04-28 17:14:05.473] [6013] [HailoRT] [info] [queue_elements.cpp:855] [run_in_thread] Shutdown event was signaled in dequeue of UserBuffQEl0beach_robot/conv41!
[2026-04-28 17:14:05.473] [6012] [HailoRT] [info] [queue_elements.cpp:68] [operator()] Thread in element PullQEl_hw_read0beach_robot/conv41 is not running anymore, exiting..
[2026-04-28 17:14:05.473] [3710] [HailoRT] [info] [queue_elements.cpp:46] [~BaseQueueElement] Queue element PullQEl_hw_read0beach_robot/conv41 has 0 frames in his Queue on destruction
[2026-04-28 17:14:05.473] [6013] [HailoRT] [info] [queue_elements.cpp:68] [operator()] Thread in element UserBuffQEl0beach_robot/conv41 is not running anymore, exiting..
[2026-04-28 17:14:05.474] [3710] [HailoRT] [info] [queue_elements.cpp:46] [~BaseQueueElement] Queue element UserBuffQEl0beach_robot/conv41 has 0 frames in his Queue on destruction
[2026-04-28 17:14:05.474] [6014] [HailoRT] [info] [queue_elements.cpp:734] [run_in_thread] Shutdown event was signaled in run_pull of queue element PullQEl_hw_read7beach_robot/conv42!
[2026-04-28 17:14:05.474] [6015] [HailoRT] [info] [queue_elements.cpp:855] [run_in_thread] Shutdown event was signaled in dequeue of UserBuffQEl7beach_robot/conv42!
[2026-04-28 17:14:05.474] [6014] [HailoRT] [info] [queue_elements.cpp:68] [operator()] Thread in element PullQEl_hw_read7beach_robot/conv42 is not running anymore, exiting..
[2026-04-28 17:14:05.474] [3710] [HailoRT] [info] [queue_elements.cpp:46] [~BaseQueueElement] Queue element PullQEl_hw_read7beach_robot/conv42 has 0 frames in his Queue on destruction
[2026-04-28 17:14:05.474] [6015] [HailoRT] [info] [queue_elements.cpp:68] [operator()] Thread in element UserBuffQEl7beach_robot/conv42 is not running anymore, exiting..
[2026-04-28 17:14:05.474] [3710] [HailoRT] [info] [queue_elements.cpp:46] [~BaseQueueElement] Queue element UserBuffQEl7beach_robot/conv42 has 0 frames in his Queue on destruction
[2026-04-28 17:14:05.474] [6016] [HailoRT] [info] [queue_elements.cpp:734] [run_in_thread] Shutdown event was signaled in run_pull of queue element PullQEl_hw_read3beach_robot/conv52!
[2026-04-28 17:14:05.474] [6017] [HailoRT] [info] [queue_elements.cpp:855] [run_in_thread] Shutdown event was signaled in dequeue of UserBuffQEl3beach_robot/conv52!
[2026-04-28 17:14:05.474] [6016] [HailoRT] [info] [queue_elements.cpp:68] [operator()] Thread in element PullQEl_hw_read3beach_robot/conv52 is not running anymore, exiting..
[2026-04-28 17:14:05.474] [3710] [HailoRT] [info] [queue_elements.cpp:46] [~BaseQueueElement] Queue element PullQEl_hw_read3beach_robot/conv52 has 0 frames in his Queue on destruction
[2026-04-28 17:14:05.474] [6017] [HailoRT] [info] [queue_elements.cpp:68] [operator()] Thread in element UserBuffQEl3beach_robot/conv52 is not running anymore, exiting..
[2026-04-28 17:14:05.474] [3710] [HailoRT] [info] [queue_elements.cpp:46] [~BaseQueueElement] Queue element UserBuffQEl3beach_robot/conv52 has 0 frames in his Queue on destruction
[2026-04-28 17:14:05.474] [6019] [HailoRT] [info] [queue_elements.cpp:855] [run_in_thread] Shutdown event was signaled in dequeue of UserBuffQEl1beach_robot/conv53!
[2026-04-28 17:14:05.474] [6018] [HailoRT] [info] [queue_elements.cpp:734] [run_in_thread] Shutdown event was signaled in run_pull of queue element PullQEl_hw_read1beach_robot/conv53!
[2026-04-28 17:14:05.474] [6018] [HailoRT] [info] [queue_elements.cpp:68] [operator()] Thread in element PullQEl_hw_read1beach_robot/conv53 is not running anymore, exiting..
[2026-04-28 17:14:05.474] [3710] [HailoRT] [info] [queue_elements.cpp:46] [~BaseQueueElement] Queue element PullQEl_hw_read1beach_robot/conv53 has 0 frames in his Queue on destruction
[2026-04-28 17:14:05.474] [6019] [HailoRT] [info] [queue_elements.cpp:68] [operator()] Thread in element UserBuffQEl1beach_robot/conv53 is not running anymore, exiting..
[2026-04-28 17:14:05.474] [3710] [HailoRT] [info] [queue_elements.cpp:46] [~BaseQueueElement] Queue element UserBuffQEl1beach_robot/conv53 has 0 frames in his Queue on destruction
[2026-04-28 17:14:05.474] [6020] [HailoRT] [info] [queue_elements.cpp:734] [run_in_thread] Shutdown event was signaled in run_pull of queue element PullQEl_hw_read2beach_robot/conv62!
[2026-04-28 17:14:05.474] [6021] [HailoRT] [info] [queue_elements.cpp:855] [run_in_thread] Shutdown event was signaled in dequeue of UserBuffQEl2beach_robot/conv62!
[2026-04-28 17:14:05.474] [6020] [HailoRT] [info] [queue_elements.cpp:68] [operator()] Thread in element PullQEl_hw_read2beach_robot/conv62 is not running anymore, exiting..
[2026-04-28 17:14:05.474] [3710] [HailoRT] [info] [queue_elements.cpp:46] [~BaseQueueElement] Queue element PullQEl_hw_read2beach_robot/conv62 has 0 frames in his Queue on destruction
[2026-04-28 17:14:05.474] [6021] [HailoRT] [info] [queue_elements.cpp:68] [operator()] Thread in element UserBuffQEl2beach_robot/conv62 is not running anymore, exiting..
[2026-04-28 17:14:05.474] [3710] [HailoRT] [info] [queue_elements.cpp:46] [~BaseQueueElement] Queue element UserBuffQEl2beach_robot/conv62 has 0 frames in his Queue on destruction
[2026-04-28 17:14:05.474] [6022] [HailoRT] [info] [queue_elements.cpp:734] [run_in_thread] Shutdown event was signaled in run_pull of queue element PullQEl_hw_read0beach_robot/conv63!
[2026-04-28 17:14:05.474] [6023] [HailoRT] [info] [queue_elements.cpp:855] [run_in_thread] Shutdown event was signaled in dequeue of UserBuffQEl0beach_robot/conv63!
[2026-04-28 17:14:05.474] [6022] [HailoRT] [info] [queue_elements.cpp:68] [operator()] Thread in element PullQEl_hw_read0beach_robot/conv63 is not running anymore, exiting..
[2026-04-28 17:14:05.474] [3710] [HailoRT] [info] [queue_elements.cpp:46] [~BaseQueueElement] Queue element PullQEl_hw_read0beach_robot/conv63 has 0 frames in his Queue on destruction
[2026-04-28 17:14:05.474] [6023] [HailoRT] [info] [queue_elements.cpp:68] [operator()] Thread in element UserBuffQEl0beach_robot/conv63 is not running anymore, exiting..
[2026-04-28 17:14:05.474] [3710] [HailoRT] [info] [queue_elements.cpp:46] [~BaseQueueElement] Queue element UserBuffQEl0beach_robot/conv63 has 0 frames in his Queue on destruction
[2026-04-28 17:14:05.774] [3710] [HailoRT] [info] [edge_elements.cpp:52] [create] Created (HwWriteEl2beach_robot/input_layer1 | hw_frame_size: 1228800)
[2026-04-28 17:14:05.774] [3710] [HailoRT] [info] [vstream.cpp:754] [InputVStreamImpl] Creating beach_robot/input_layer1...
[2026-04-28 17:14:05.774] [3710] [HailoRT] [info] [vstream_builder.cpp:102] [create_inputs] Input pipeline 'beach_robot/input_layer1': (HwWriteEl2beach_robot/input_layer1 | hw_frame_size: 1228800) >> HW
[2026-04-28 17:14:05.774] [3710] [HailoRT] [info] [edge_elements.cpp:287] [create] Created (HwReadEl0beach_robot/conv41 | hw_frame_size: 409600)
[2026-04-28 17:14:05.775] [3710] [HailoRT] [info] [queue_elements.cpp:657] [create] Created (PullQEl_hw_read0beach_robot/conv41)
[2026-04-28 17:14:05.775] [3710] [HailoRT] [info] [filter_elements.cpp:372] [create] Created (PostInferEl0beach_robot/conv41 | Quantization - src_type: UINT8, dst_type FLOAT32, limvals_min: -10.8307, limvals_max: 18.5504)
[2026-04-28 17:14:05.775] [3710] [HailoRT] [info] [queue_elements.cpp:800] [create] Created (UserBuffQEl0beach_robot/conv41 | timeout: 10s)
[2026-04-28 17:14:05.775] [3710] [HailoRT] [info] [vstream.cpp:1114] [OutputVStreamImpl] Creating beach_robot/conv41...
[2026-04-28 17:14:05.775] [3710] [HailoRT] [info] [vstream_builder.cpp:220] [create_outputs] Output pipeline 'beach_robot/conv41': HW >> (HwReadEl0beach_robot/conv41 | hw_frame_size: 409600) >> (PullQEl_hw_read0beach_robot/conv41) >> (PostInferEl0beach_robot/conv41 | Quantization - src_type: UINT8, dst_type FLOAT32, limvals_min: -10.8307, limvals_max: 18.5504) >> (UserBuffQEl0beach_robot/conv41 | timeout: 10s)
[2026-04-28 17:14:05.775] [3710] [HailoRT] [info] [edge_elements.cpp:287] [create] Created (HwReadEl7beach_robot/conv42 | hw_frame_size: 12800)
[2026-04-28 17:14:05.775] [3710] [HailoRT] [info] [queue_elements.cpp:657] [create] Created (PullQEl_hw_read7beach_robot/conv42)
[2026-04-28 17:14:05.775] [3710] [HailoRT] [info] [filter_elements.cpp:372] [create] Created (PostInferEl7beach_robot/conv42 | Quantization - src_type: UINT8, dst_type FLOAT32, limvals_min: -25.6857, limvals_max: 0)
[2026-04-28 17:14:05.775] [3710] [HailoRT] [info] [queue_elements.cpp:800] [create] Created (UserBuffQEl7beach_robot/conv42 | timeout: 10s)
[2026-04-28 17:14:05.775] [3710] [HailoRT] [info] [vstream.cpp:1114] [OutputVStreamImpl] Creating beach_robot/conv42...
[2026-04-28 17:14:05.775] [3710] [HailoRT] [info] [vstream_builder.cpp:220] [create_outputs] Output pipeline 'beach_robot/conv42': HW >> (HwReadEl7beach_robot/conv42 | hw_frame_size: 12800) >> (PullQEl_hw_read7beach_robot/conv42) >> (PostInferEl7beach_robot/conv42 | Quantization - src_type: UINT8, dst_type FLOAT32, limvals_min: -25.6857, limvals_max: 0) >> (UserBuffQEl7beach_robot/conv42 | timeout: 10s)
[2026-04-28 17:14:05.775] [3710] [HailoRT] [info] [edge_elements.cpp:287] [create] Created (HwReadEl3beach_robot/conv52 | hw_frame_size: 102400)
[2026-04-28 17:14:05.775] [3710] [HailoRT] [info] [queue_elements.cpp:657] [create] Created (PullQEl_hw_read3beach_robot/conv52)
[2026-04-28 17:14:05.775] [3710] [HailoRT] [info] [filter_elements.cpp:372] [create] Created (PostInferEl3beach_robot/conv52 | Quantization - src_type: UINT8, dst_type FLOAT32, limvals_min: -6.53754, limvals_max: 19.9239)
[2026-04-28 17:14:05.775] [3710] [HailoRT] [info] [queue_elements.cpp:800] [create] Created (UserBuffQEl3beach_robot/conv52 | timeout: 10s)
[2026-04-28 17:14:05.775] [3710] [HailoRT] [info] [vstream.cpp:1114] [OutputVStreamImpl] Creating beach_robot/conv52...
[2026-04-28 17:14:05.775] [3710] [HailoRT] [info] [vstream_builder.cpp:220] [create_outputs] Output pipeline 'beach_robot/conv52': HW >> (HwReadEl3beach_robot/conv52 | hw_frame_size: 102400) >> (PullQEl_hw_read3beach_robot/conv52) >> (PostInferEl3beach_robot/conv52 | Quantization - src_type: UINT8, dst_type FLOAT32, limvals_min: -6.53754, limvals_max: 19.9239) >> (UserBuffQEl3beach_robot/conv52 | timeout: 10s)
[2026-04-28 17:14:05.775] [3710] [HailoRT] [info] [edge_elements.cpp:287] [create] Created (HwReadEl1beach_robot/conv53 | hw_frame_size: 3200)
[2026-04-28 17:14:05.775] [3710] [HailoRT] [info] [queue_elements.cpp:657] [create] Created (PullQEl_hw_read1beach_robot/conv53)
[2026-04-28 17:14:05.775] [3710] [HailoRT] [info] [filter_elements.cpp:372] [create] Created (PostInferEl1beach_robot/conv53 | Quantization - src_type: UINT8, dst_type FLOAT32, limvals_min: -15.7441, limvals_max: 0)
[2026-04-28 17:14:05.775] [3710] [HailoRT] [info] [queue_elements.cpp:800] [create] Created (UserBuffQEl1beach_robot/conv53 | timeout: 10s)
[2026-04-28 17:14:05.775] [3710] [HailoRT] [info] [vstream.cpp:1114] [OutputVStreamImpl] Creating beach_robot/conv53...
[2026-04-28 17:14:05.775] [3710] [HailoRT] [info] [vstream_builder.cpp:220] [create_outputs] Output pipeline 'beach_robot/conv53': HW >> (HwReadEl1beach_robot/conv53 | hw_frame_size: 3200) >> (PullQEl_hw_read1beach_robot/conv53) >> (PostInferEl1beach_robot/conv53 | Quantization - src_type: UINT8, dst_type FLOAT32, limvals_min: -15.7441, limvals_max: 0) >> (UserBuffQEl1beach_robot/conv53 | timeout: 10s)
[2026-04-28 17:14:05.775] [3710] [HailoRT] [info] [edge_elements.cpp:287] [create] Created (HwReadEl2beach_robot/conv62 | hw_frame_size: 25600)
[2026-04-28 17:14:05.775] [3710] [HailoRT] [info] [queue_elements.cpp:657] [create] Created (PullQEl_hw_read2beach_robot/conv62)
[2026-04-28 17:14:05.775] [3710] [HailoRT] [info] [filter_elements.cpp:372] [create] Created (PostInferEl2beach_robot/conv62 | Quantization - src_type: UINT8, dst_type FLOAT32, limvals_min: -8.27399, limvals_max: 14.6594)
[2026-04-28 17:14:05.775] [3710] [HailoRT] [info] [queue_elements.cpp:800] [create] Created (UserBuffQEl2beach_robot/conv62 | timeout: 10s)
[2026-04-28 17:14:05.775] [3710] [HailoRT] [info] [vstream.cpp:1114] [OutputVStreamImpl] Creating beach_robot/conv62...
[2026-04-28 17:14:05.775] [3710] [HailoRT] [info] [vstream_builder.cpp:220] [create_outputs] Output pipeline 'beach_robot/conv62': HW >> (HwReadEl2beach_robot/conv62 | hw_frame_size: 25600) >> (PullQEl_hw_read2beach_robot/conv62) >> (PostInferEl2beach_robot/conv62 | Quantization - src_type: UINT8, dst_type FLOAT32, limvals_min: -8.27399, limvals_max: 14.6594) >> (UserBuffQEl2beach_robot/conv62 | timeout: 10s)
[2026-04-28 17:14:05.775] [3710] [HailoRT] [info] [edge_elements.cpp:287] [create] Created (HwReadEl0beach_robot/conv63 | hw_frame_size: 3200)
[2026-04-28 17:14:05.775] [3710] [HailoRT] [info] [queue_elements.cpp:657] [create] Created (PullQEl_hw_read0beach_robot/conv63)
[2026-04-28 17:14:05.775] [3710] [HailoRT] [info] [filter_elements.cpp:372] [create] Created (PostInferEl0beach_robot/conv63 | Quantization - src_type: UINT8, dst_type FLOAT32, limvals_min: -15.2921, limvals_max: 1.44388 | Reorder - src_order: FCR, src_shape: (20, 20, 8), dst_order: FCR, dst_shape: (20, 20, 2))
[2026-04-28 17:14:05.775] [3710] [HailoRT] [info] [queue_elements.cpp:800] [create] Created (UserBuffQEl0beach_robot/conv63 | timeout: 10s)
[2026-04-28 17:14:05.775] [3710] [HailoRT] [info] [vstream.cpp:1114] [OutputVStreamImpl] Creating beach_robot/conv63...
[2026-04-28 17:14:05.775] [3710] [HailoRT] [info] [vstream_builder.cpp:220] [create_outputs] Output pipeline 'beach_robot/conv63': HW >> (HwReadEl0beach_robot/conv63 | hw_frame_size: 3200) >> (PullQEl_hw_read0beach_robot/conv63) >> (PostInferEl0beach_robot/conv63 | Quantization - src_type: UINT8, dst_type FLOAT32, limvals_min: -15.2921, limvals_max: 1.44388 | Reorder - src_order: FCR, src_shape: (20, 20, 8), dst_order: FCR, dst_shape: (20, 20, 2)) >> (UserBuffQEl0beach_robot/conv63 | timeout: 10s)
[2026-04-28 17:14:05.776] [3710] [HailoRT] [info] [core_op.cpp:156] [activate] Activating beach_robot took 0.548895 milliseconds. Note that the function is asynchronous and thus the network is not fully activated yet.
[2026-04-28 17:14:05.776] [3710] [HailoRT] [info] [core_op.cpp:156] [activate] Activating beach_robot took 0.558469 milliseconds. Note that the function is asynchronous and thus the network is not fully activated yet.
[2026-04-28 17:14:05.795] [6039] [HailoRT] [info] [vdevice_native_stream.cpp:331] [read_impl] Failed read from stream HAILO_STREAM_NOT_ACTIVATED(72) (device: 0001:01:00.0)
[2026-04-28 17:14:05.795] [6037] [HailoRT] [info] [vdevice_native_stream.cpp:331] [read_impl] Failed read from stream HAILO_STREAM_NOT_ACTIVATED(72) (device: 0001:01:00.0)
[2026-04-28 17:14:05.795] [6041] [HailoRT] [info] [vdevice_native_stream.cpp:331] [read_impl] Failed read from stream HAILO_STREAM_NOT_ACTIVATED(72) (device: 0001:01:00.0)
[2026-04-28 17:14:05.795] [6035] [HailoRT] [info] [vdevice_native_stream.cpp:331] [read_impl] Failed read from stream HAILO_STREAM_NOT_ACTIVATED(72) (device: 0001:01:00.0)
[2026-04-28 17:14:05.795] [6033] [HailoRT] [info] [vdevice_native_stream.cpp:331] [read_impl] Failed read from stream HAILO_STREAM_NOT_ACTIVATED(72) (device: 0001:01:00.0)
[2026-04-28 17:14:05.795] [6031] [HailoRT] [info] [vdevice_native_stream.cpp:331] [read_impl] Failed read from stream HAILO_STREAM_NOT_ACTIVATED(72) (device: 0001:01:00.0)
[2026-04-28 17:14:05.796] [3710] [HailoRT] [info] [core_op.cpp:186] [deactivate] Deactivating took 0.514248 ms
[2026-04-28 17:14:05.796] [3710] [HailoRT] [info] [core_op.cpp:186] [deactivate] Deactivating took 0.525581 ms
[2026-04-28 17:14:05.796] [6031] [HailoRT] [info] [queue_elements.cpp:734] [run_in_thread] Shutdown event was signaled in run_pull of queue element PullQEl_hw_read0beach_robot/conv41!
[2026-04-28 17:14:05.796] [6032] [HailoRT] [info] [queue_elements.cpp:855] [run_in_thread] Shutdown event was signaled in dequeue of UserBuffQEl0beach_robot/conv41!
[2026-04-28 17:14:05.796] [6031] [HailoRT] [info] [queue_elements.cpp:68] [operator()] Thread in element PullQEl_hw_read0beach_robot/conv41 is not running anymore, exiting..
[2026-04-28 17:14:05.796] [3710] [HailoRT] [info] [queue_elements.cpp:46] [~BaseQueueElement] Queue element PullQEl_hw_read0beach_robot/conv41 has 0 frames in his Queue on destruction
[2026-04-28 17:14:05.796] [6032] [HailoRT] [info] [queue_elements.cpp:68] [operator()] Thread in element UserBuffQEl0beach_robot/conv41 is not running anymore, exiting..
[2026-04-28 17:14:05.796] [3710] [HailoRT] [info] [queue_elements.cpp:46] [~BaseQueueElement] Queue element UserBuffQEl0beach_robot/conv41 has 0 frames in his Queue on destruction
[2026-04-28 17:14:05.796] [6033] [HailoRT] [info] [queue_elements.cpp:734] [run_in_thread] Shutdown event was signaled in run_pull of queue element PullQEl_hw_read7beach_robot/conv42!
[2026-04-28 17:14:05.796] [6034] [HailoRT] [info] [queue_elements.cpp:855] [run_in_thread] Shutdown event was signaled in dequeue of UserBuffQEl7beach_robot/conv42!
[2026-04-28 17:14:05.796] [6033] [HailoRT] [info] [queue_elements.cpp:68] [operator()] Thread in element PullQEl_hw_read7beach_robot/conv42 is not running anymore, exiting..
[2026-04-28 17:14:05.796] [3710] [HailoRT] [info] [queue_elements.cpp:46] [~BaseQueueElement] Queue element PullQEl_hw_read7beach_robot/conv42 has 0 frames in his Queue on destruction
[2026-04-28 17:14:05.796] [6034] [HailoRT] [info] [queue_elements.cpp:68] [operator()] Thread in element UserBuffQEl7beach_robot/conv42 is not running anymore, exiting..
[2026-04-28 17:14:05.796] [3710] [HailoRT] [info] [queue_elements.cpp:46] [~BaseQueueElement] Queue element UserBuffQEl7beach_robot/conv42 has 0 frames in his Queue on destruction
[2026-04-28 17:14:05.796] [6035] [HailoRT] [info] [queue_elements.cpp:734] [run_in_thread] Shutdown event was signaled in run_pull of queue element PullQEl_hw_read3beach_robot/conv52!
[2026-04-28 17:14:05.796] [6036] [HailoRT] [info] [queue_elements.cpp:855] [run_in_thread] Shutdown event was signaled in dequeue of UserBuffQEl3beach_robot/conv52!
[2026-04-28 17:14:05.796] [6035] [HailoRT] [info] [queue_elements.cpp:68] [operator()] Thread in element PullQEl_hw_read3beach_robot/conv52 is not running anymore, exiting..
[2026-04-28 17:14:05.796] [3710] [HailoRT] [info] [queue_elements.cpp:46] [~BaseQueueElement] Queue element PullQEl_hw_read3beach_robot/conv52 has 0 frames in his Queue on destruction
[2026-04-28 17:14:05.796] [6036] [HailoRT] [info] [queue_elements.cpp:68] [operator()] Thread in element UserBuffQEl3beach_robot/conv52 is not running anymore, exiting..
[2026-04-28 17:14:05.796] [3710] [HailoRT] [info] [queue_elements.cpp:46] [~BaseQueueElement] Queue element UserBuffQEl3beach_robot/conv52 has 0 frames in his Queue on destruction
[2026-04-28 17:14:05.796] [6037] [HailoRT] [info] [queue_elements.cpp:734] [run_in_thread] Shutdown event was signaled in run_pull of queue element PullQEl_hw_read1beach_robot/conv53!
[2026-04-28 17:14:05.796] [6038] [HailoRT] [info] [queue_elements.cpp:855] [run_in_thread] Shutdown event was signaled in dequeue of UserBuffQEl1beach_robot/conv53!
[2026-04-28 17:14:05.796] [6037] [HailoRT] [info] [queue_elements.cpp:68] [operator()] Thread in element PullQEl_hw_read1beach_robot/conv53 is not running anymore, exiting..
[2026-04-28 17:14:05.796] [3710] [HailoRT] [info] [queue_elements.cpp:46] [~BaseQueueElement] Queue element PullQEl_hw_read1beach_robot/conv53 has 0 frames in his Queue on destruction
[2026-04-28 17:14:05.796] [6038] [HailoRT] [info] [queue_elements.cpp:68] [operator()] Thread in element UserBuffQEl1beach_robot/conv53 is not running anymore, exiting..
[2026-04-28 17:14:05.796] [3710] [HailoRT] [info] [queue_elements.cpp:46] [~BaseQueueElement] Queue element UserBuffQEl1beach_robot/conv53 has 0 frames in his Queue on destruction
[2026-04-28 17:14:05.796] [6040] [HailoRT] [info] [queue_elements.cpp:855] [run_in_thread] Shutdown event was signaled in dequeue of UserBuffQEl2beach_robot/conv62!
[2026-04-28 17:14:05.796] [6039] [HailoRT] [info] [queue_elements.cpp:734] [run_in_thread] Shutdown event was signaled in run_pull of queue element PullQEl_hw_read2beach_robot/conv62!
[2026-04-28 17:14:05.796] [6039] [HailoRT] [info] [queue_elements.cpp:68] [operator()] Thread in element PullQEl_hw_read2beach_robot/conv62 is not running anymore, exiting..
[2026-04-28 17:14:05.796] [3710] [HailoRT] [info] [queue_elements.cpp:46] [~BaseQueueElement] Queue element PullQEl_hw_read2beach_robot/conv62 has 0 frames in his Queue on destruction
[2026-04-28 17:14:05.796] [6040] [HailoRT] [info] [queue_elements.cpp:68] [operator()] Thread in element UserBuffQEl2beach_robot/conv62 is not running anymore, exiting..
[2026-04-28 17:14:05.796] [3710] [HailoRT] [info] [queue_elements.cpp:46] [~BaseQueueElement] Queue element UserBuffQEl2beach_robot/conv62 has 0 frames in his Queue on destruction
[2026-04-28 17:14:05.796] [6041] [HailoRT] [info] [queue_elements.cpp:734] [run_in_thread] Shutdown event was signaled in run_pull of queue element PullQEl_hw_read0beach_robot/conv63!
[2026-04-28 17:14:05.796] [6042] [HailoRT] [info] [queue_elements.cpp:855] [run_in_thread] Shutdown event was signaled in dequeue of UserBuffQEl0beach_robot/conv63!
[2026-04-28 17:14:05.796] [6041] [HailoRT] [info] [queue_elements.cpp:68] [operator()] Thread in element PullQEl_hw_read0beach_robot/conv63 is not running anymore, exiting..
[2026-04-28 17:14:05.796] [3710] [HailoRT] [info] [queue_elements.cpp:46] [~BaseQueueElement] Queue element PullQEl_hw_read0beach_robot/conv63 has 0 frames in his Queue on destruction
[2026-04-28 17:14:05.796] [6042] [HailoRT] [info] [queue_elements.cpp:68] [operator()] Thread in element UserBuffQEl0beach_robot/conv63 is not running anymore, exiting..
[2026-04-28 17:14:05.796] [3710] [HailoRT] [info] [queue_elements.cpp:46] [~BaseQueueElement] Queue element UserBuffQEl0beach_robot/conv63 has 0 frames in his Queue on destruction
[2026-04-28 17:14:06.096] [3710] [HailoRT] [info] [edge_elements.cpp:52] [create] Created (HwWriteEl2beach_robot/input_layer1 | hw_frame_size: 1228800)
[2026-04-28 17:14:06.096] [3710] [HailoRT] [info] [vstream.cpp:754] [InputVStreamImpl] Creating beach_robot/input_layer1...
[2026-04-28 17:14:06.097] [3710] [HailoRT] [info] [vstream_builder.cpp:102] [create_inputs] Input pipeline 'beach_robot/input_layer1': (HwWriteEl2beach_robot/input_layer1 | hw_frame_size: 1228800) >> HW
[2026-04-28 17:14:06.097] [3710] [HailoRT] [info] [edge_elements.cpp:287] [create] Created (HwReadEl0beach_robot/conv41 | hw_frame_size: 409600)
[2026-04-28 17:14:06.097] [3710] [HailoRT] [info] [queue_elements.cpp:657] [create] Created (PullQEl_hw_read0beach_robot/conv41)
[2026-04-28 17:14:06.097] [3710] [HailoRT] [info] [filter_elements.cpp:372] [create] Created (PostInferEl0beach_robot/conv41 | Quantization - src_type: UINT8, dst_type FLOAT32, limvals_min: -10.8307, limvals_max: 18.5504)
[2026-04-28 17:14:06.097] [3710] [HailoRT] [info] [queue_elements.cpp:800] [create] Created (UserBuffQEl0beach_robot/conv41 | timeout: 10s)
[2026-04-28 17:14:06.097] [3710] [HailoRT] [info] [vstream.cpp:1114] [OutputVStreamImpl] Creating beach_robot/conv41...
[2026-04-28 17:14:06.097] [3710] [HailoRT] [info] [vstream_builder.cpp:220] [create_outputs] Output pipeline 'beach_robot/conv41': HW >> (HwReadEl0beach_robot/conv41 | hw_frame_size: 409600) >> (PullQEl_hw_read0beach_robot/conv41) >> (PostInferEl0beach_robot/conv41 | Quantization - src_type: UINT8, dst_type FLOAT32, limvals_min: -10.8307, limvals_max: 18.5504) >> (UserBuffQEl0beach_robot/conv41 | timeout: 10s)
[2026-04-28 17:14:06.097] [3710] [HailoRT] [info] [edge_elements.cpp:287] [create] Created (HwReadEl7beach_robot/conv42 | hw_frame_size: 12800)
[2026-04-28 17:14:06.097] [3710] [HailoRT] [info] [queue_elements.cpp:657] [create] Created (PullQEl_hw_read7beach_robot/conv42)
[2026-04-28 17:14:06.097] [3710] [HailoRT] [info] [filter_elements.cpp:372] [create] Created (PostInferEl7beach_robot/conv42 | Quantization - src_type: UINT8, dst_type FLOAT32, limvals_min: -25.6857, limvals_max: 0)
[2026-04-28 17:14:06.097] [3710] [HailoRT] [info] [queue_elements.cpp:800] [create] Created (UserBuffQEl7beach_robot/conv42 | timeout: 10s)
[2026-04-28 17:14:06.097] [3710] [HailoRT] [info] [vstream.cpp:1114] [OutputVStreamImpl] Creating beach_robot/conv42...
[2026-04-28 17:14:06.097] [3710] [HailoRT] [info] [vstream_builder.cpp:220] [create_outputs] Output pipeline 'beach_robot/conv42': HW >> (HwReadEl7beach_robot/conv42 | hw_frame_size: 12800) >> (PullQEl_hw_read7beach_robot/conv42) >> (PostInferEl7beach_robot/conv42 | Quantization - src_type: UINT8, dst_type FLOAT32, limvals_min: -25.6857, limvals_max: 0) >> (UserBuffQEl7beach_robot/conv42 | timeout: 10s)
[2026-04-28 17:14:06.097] [3710] [HailoRT] [info] [edge_elements.cpp:287] [create] Created (HwReadEl3beach_robot/conv52 | hw_frame_size: 102400)
[2026-04-28 17:14:06.097] [3710] [HailoRT] [info] [queue_elements.cpp:657] [create] Created (PullQEl_hw_read3beach_robot/conv52)
[2026-04-28 17:14:06.097] [3710] [HailoRT] [info] [filter_elements.cpp:372] [create] Created (PostInferEl3beach_robot/conv52 | Quantization - src_type: UINT8, dst_type FLOAT32, limvals_min: -6.53754, limvals_max: 19.9239)
[2026-04-28 17:14:06.097] [3710] [HailoRT] [info] [queue_elements.cpp:800] [create] Created (UserBuffQEl3beach_robot/conv52 | timeout: 10s)
[2026-04-28 17:14:06.097] [3710] [HailoRT] [info] [vstream.cpp:1114] [OutputVStreamImpl] Creating beach_robot/conv52...
[2026-04-28 17:14:06.097] [3710] [HailoRT] [info] [vstream_builder.cpp:220] [create_outputs] Output pipeline 'beach_robot/conv52': HW >> (HwReadEl3beach_robot/conv52 | hw_frame_size: 102400) >> (PullQEl_hw_read3beach_robot/conv52) >> (PostInferEl3beach_robot/conv52 | Quantization - src_type: UINT8, dst_type FLOAT32, limvals_min: -6.53754, limvals_max: 19.9239) >> (UserBuffQEl3beach_robot/conv52 | timeout: 10s)
[2026-04-28 17:14:06.097] [3710] [HailoRT] [info] [edge_elements.cpp:287] [create] Created (HwReadEl1beach_robot/conv53 | hw_frame_size: 3200)
[2026-04-28 17:14:06.097] [3710] [HailoRT] [info] [queue_elements.cpp:657] [create] Created (PullQEl_hw_read1beach_robot/conv53)
[2026-04-28 17:14:06.097] [3710] [HailoRT] [info] [filter_elements.cpp:372] [create] Created (PostInferEl1beach_robot/conv53 | Quantization - src_type: UINT8, dst_type FLOAT32, limvals_min: -15.7441, limvals_max: 0)
[2026-04-28 17:14:06.097] [3710] [HailoRT] [info] [queue_elements.cpp:800] [create] Created (UserBuffQEl1beach_robot/conv53 | timeout: 10s)
[2026-04-28 17:14:06.097] [3710] [HailoRT] [info] [vstream.cpp:1114] [OutputVStreamImpl] Creating beach_robot/conv53...
[2026-04-28 17:14:06.097] [3710] [HailoRT] [info] [vstream_builder.cpp:220] [create_outputs] Output pipeline 'beach_robot/conv53': HW >> (HwReadEl1beach_robot/conv53 | hw_frame_size: 3200) >> (PullQEl_hw_read1beach_robot/conv53) >> (PostInferEl1beach_robot/conv53 | Quantization - src_type: UINT8, dst_type FLOAT32, limvals_min: -15.7441, limvals_max: 0) >> (UserBuffQEl1beach_robot/conv53 | timeout: 10s)
[2026-04-28 17:14:06.097] [3710] [HailoRT] [info] [edge_elements.cpp:287] [create] Created (HwReadEl2beach_robot/conv62 | hw_frame_size: 25600)
[2026-04-28 17:14:06.097] [3710] [HailoRT] [info] [queue_elements.cpp:657] [create] Created (PullQEl_hw_read2beach_robot/conv62)
[2026-04-28 17:14:06.097] [3710] [HailoRT] [info] [filter_elements.cpp:372] [create] Created (PostInferEl2beach_robot/conv62 | Quantization - src_type: UINT8, dst_type FLOAT32, limvals_min: -8.27399, limvals_max: 14.6594)
[2026-04-28 17:14:06.097] [3710] [HailoRT] [info] [queue_elements.cpp:800] [create] Created (UserBuffQEl2beach_robot/conv62 | timeout: 10s)
[2026-04-28 17:14:06.097] [3710] [HailoRT] [info] [vstream.cpp:1114] [OutputVStreamImpl] Creating beach_robot/conv62...
[2026-04-28 17:14:06.097] [3710] [HailoRT] [info] [vstream_builder.cpp:220] [create_outputs] Output pipeline 'beach_robot/conv62': HW >> (HwReadEl2beach_robot/conv62 | hw_frame_size: 25600) >> (PullQEl_hw_read2beach_robot/conv62) >> (PostInferEl2beach_robot/conv62 | Quantization - src_type: UINT8, dst_type FLOAT32, limvals_min: -8.27399, limvals_max: 14.6594) >> (UserBuffQEl2beach_robot/conv62 | timeout: 10s)
[2026-04-28 17:14:06.097] [3710] [HailoRT] [info] [edge_elements.cpp:287] [create] Created (HwReadEl0beach_robot/conv63 | hw_frame_size: 3200)
[2026-04-28 17:14:06.097] [3710] [HailoRT] [info] [queue_elements.cpp:657] [create] Created (PullQEl_hw_read0beach_robot/conv63)
[2026-04-28 17:14:06.097] [3710] [HailoRT] [info] [filter_elements.cpp:372] [create] Created (PostInferEl0beach_robot/conv63 | Quantization - src_type: UINT8, dst_type FLOAT32, limvals_min: -15.2921, limvals_max: 1.44388 | Reorder - src_order: FCR, src_shape: (20, 20, 8), dst_order: FCR, dst_shape: (20, 20, 2))
[2026-04-28 17:14:06.098] [3710] [HailoRT] [info] [queue_elements.cpp:800] [create] Created (UserBuffQEl0beach_robot/conv63 | timeout: 10s)
[2026-04-28 17:14:06.098] [3710] [HailoRT] [info] [vstream.cpp:1114] [OutputVStreamImpl] Creating beach_robot/conv63...
[2026-04-28 17:14:06.098] [3710] [HailoRT] [info] [vstream_builder.cpp:220] [create_outputs] Output pipeline 'beach_robot/conv63': HW >> (HwReadEl0beach_robot/conv63 | hw_frame_size: 3200) >> (PullQEl_hw_read0beach_robot/conv63) >> (PostInferEl0beach_robot/conv63 | Quantization - src_type: UINT8, dst_type FLOAT32, limvals_min: -15.2921, limvals_max: 1.44388 | Reorder - src_order: FCR, src_shape: (20, 20, 8), dst_order: FCR, dst_shape: (20, 20, 2)) >> (UserBuffQEl0beach_robot/conv63 | timeout: 10s)
[2026-04-28 17:14:06.098] [3710] [HailoRT] [info] [core_op.cpp:156] [activate] Activating beach_robot took 0.525822 milliseconds. Note that the function is asynchronous and thus the network is not fully activated yet.
[2026-04-28 17:14:06.098] [3710] [HailoRT] [info] [core_op.cpp:156] [activate] Activating beach_robot took 0.535026 milliseconds. Note that the function is asynchronous and thus the network is not fully activated yet.
[2026-04-28 17:14:06.117] [6052] [HailoRT] [info] [vdevice_native_stream.cpp:331] [read_impl] Failed read from stream HAILO_STREAM_NOT_ACTIVATED(72) (device: 0001:01:00.0)
[2026-04-28 17:14:06.117] [6060] [HailoRT] [info] [vdevice_native_stream.cpp:331] [read_impl] Failed read from stream HAILO_STREAM_NOT_ACTIVATED(72) (device: 0001:01:00.0)
[2026-04-28 17:14:06.117] [6058] [HailoRT] [info] [vdevice_native_stream.cpp:331] [read_impl] Failed read from stream HAILO_STREAM_NOT_ACTIVATED(72) (device: 0001:01:00.0)
[2026-04-28 17:14:06.117] [6050] [HailoRT] [info] [vdevice_native_stream.cpp:331] [read_impl] Failed read from stream HAILO_STREAM_NOT_ACTIVATED(72) (device: 0001:01:00.0)
[2026-04-28 17:14:06.117] [6054] [HailoRT] [info] [vdevice_native_stream.cpp:331] [read_impl] Failed read from stream HAILO_STREAM_NOT_ACTIVATED(72) (device: 0001:01:00.0)
[2026-04-28 17:14:06.117] [6056] [HailoRT] [info] [vdevice_native_stream.cpp:331] [read_impl] Failed read from stream HAILO_STREAM_NOT_ACTIVATED(72) (device: 0001:01:00.0)
[2026-04-28 17:14:06.118] [3710] [HailoRT] [info] [core_op.cpp:186] [deactivate] Deactivating took 0.497897 ms
[2026-04-28 17:14:06.118] [3710] [HailoRT] [info] [core_op.cpp:186] [deactivate] Deactivating took 0.511192 ms
[2026-04-28 17:14:06.118] [6050] [HailoRT] [info] [queue_elements.cpp:734] [run_in_thread] Shutdown event was signaled in run_pull of queue element PullQEl_hw_read0beach_robot/conv41!
[2026-04-28 17:14:06.118] [6051] [HailoRT] [info] [queue_elements.cpp:855] [run_in_thread] Shutdown event was signaled in dequeue of UserBuffQEl0beach_robot/conv41!
[2026-04-28 17:14:06.118] [6050] [HailoRT] [info] [queue_elements.cpp:68] [operator()] Thread in element PullQEl_hw_read0beach_robot/conv41 is not running anymore, exiting..
[2026-04-28 17:14:06.118] [3710] [HailoRT] [info] [queue_elements.cpp:46] [~BaseQueueElement] Queue element PullQEl_hw_read0beach_robot/conv41 has 0 frames in his Queue on destruction
[2026-04-28 17:14:06.118] [6051] [HailoRT] [info] [queue_elements.cpp:68] [operator()] Thread in element UserBuffQEl0beach_robot/conv41 is not running anymore, exiting..
[2026-04-28 17:14:06.118] [3710] [HailoRT] [info] [queue_elements.cpp:46] [~BaseQueueElement] Queue element UserBuffQEl0beach_robot/conv41 has 0 frames in his Queue on destruction
[2026-04-28 17:14:06.118] [6052] [HailoRT] [info] [queue_elements.cpp:734] [run_in_thread] Shutdown event was signaled in run_pull of queue element PullQEl_hw_read7beach_robot/conv42!
[2026-04-28 17:14:06.118] [6053] [HailoRT] [info] [queue_elements.cpp:855] [run_in_thread] Shutdown event was signaled in dequeue of UserBuffQEl7beach_robot/conv42!
[2026-04-28 17:14:06.118] [6052] [HailoRT] [info] [queue_elements.cpp:68] [operator()] Thread in element PullQEl_hw_read7beach_robot/conv42 is not running anymore, exiting..
[2026-04-28 17:14:06.118] [3710] [HailoRT] [info] [queue_elements.cpp:46] [~BaseQueueElement] Queue element PullQEl_hw_read7beach_robot/conv42 has 0 frames in his Queue on destruction
[2026-04-28 17:14:06.118] [6053] [HailoRT] [info] [queue_elements.cpp:68] [operator()] Thread in element UserBuffQEl7beach_robot/conv42 is not running anymore, exiting..
[2026-04-28 17:14:06.118] [3710] [HailoRT] [info] [queue_elements.cpp:46] [~BaseQueueElement] Queue element UserBuffQEl7beach_robot/conv42 has 0 frames in his Queue on destruction
[2026-04-28 17:14:06.118] [6054] [HailoRT] [info] [queue_elements.cpp:734] [run_in_thread] Shutdown event was signaled in run_pull of queue element PullQEl_hw_read3beach_robot/conv52!
[2026-04-28 17:14:06.118] [6055] [HailoRT] [info] [queue_elements.cpp:855] [run_in_thread] Shutdown event was signaled in dequeue of UserBuffQEl3beach_robot/conv52!
[2026-04-28 17:14:06.118] [6054] [HailoRT] [info] [queue_elements.cpp:68] [operator()] Thread in element PullQEl_hw_read3beach_robot/conv52 is not running anymore, exiting..
[2026-04-28 17:14:06.118] [3710] [HailoRT] [info] [queue_elements.cpp:46] [~BaseQueueElement] Queue element PullQEl_hw_read3beach_robot/conv52 has 0 frames in his Queue on destruction
[2026-04-28 17:14:06.118] [6055] [HailoRT] [info] [queue_elements.cpp:68] [operator()] Thread in element UserBuffQEl3beach_robot/conv52 is not running anymore, exiting..
[2026-04-28 17:14:06.118] [3710] [HailoRT] [info] [queue_elements.cpp:46] [~BaseQueueElement] Queue element UserBuffQEl3beach_robot/conv52 has 0 frames in his Queue on destruction
[2026-04-28 17:14:06.118] [6057] [HailoRT] [info] [queue_elements.cpp:855] [run_in_thread] Shutdown event was signaled in dequeue of UserBuffQEl1beach_robot/conv53!
[2026-04-28 17:14:06.118] [6056] [HailoRT] [info] [queue_elements.cpp:734] [run_in_thread] Shutdown event was signaled in run_pull of queue element PullQEl_hw_read1beach_robot/conv53!
[2026-04-28 17:14:06.118] [6056] [HailoRT] [info] [queue_elements.cpp:68] [operator()] Thread in element PullQEl_hw_read1beach_robot/conv53 is not running anymore, exiting..
[2026-04-28 17:14:06.118] [3710] [HailoRT] [info] [queue_elements.cpp:46] [~BaseQueueElement] Queue element PullQEl_hw_read1beach_robot/conv53 has 0 frames in his Queue on destruction
[2026-04-28 17:14:06.118] [6057] [HailoRT] [info] [queue_elements.cpp:68] [operator()] Thread in element UserBuffQEl1beach_robot/conv53 is not running anymore, exiting..
[2026-04-28 17:14:06.118] [3710] [HailoRT] [info] [queue_elements.cpp:46] [~BaseQueueElement] Queue element UserBuffQEl1beach_robot/conv53 has 0 frames in his Queue on destruction
[2026-04-28 17:14:06.118] [6058] [HailoRT] [info] [queue_elements.cpp:734] [run_in_thread] Shutdown event was signaled in run_pull of queue element PullQEl_hw_read2beach_robot/conv62!
[2026-04-28 17:14:06.118] [6059] [HailoRT] [info] [queue_elements.cpp:855] [run_in_thread] Shutdown event was signaled in dequeue of UserBuffQEl2beach_robot/conv62!
[2026-04-28 17:14:06.118] [6058] [HailoRT] [info] [queue_elements.cpp:68] [operator()] Thread in element PullQEl_hw_read2beach_robot/conv62 is not running anymore, exiting..
[2026-04-28 17:14:06.118] [3710] [HailoRT] [info] [queue_elements.cpp:46] [~BaseQueueElement] Queue element PullQEl_hw_read2beach_robot/conv62 has 0 frames in his Queue on destruction
[2026-04-28 17:14:06.118] [6059] [HailoRT] [info] [queue_elements.cpp:68] [operator()] Thread in element UserBuffQEl2beach_robot/conv62 is not running anymore, exiting..
[2026-04-28 17:14:06.118] [3710] [HailoRT] [info] [queue_elements.cpp:46] [~BaseQueueElement] Queue element UserBuffQEl2beach_robot/conv62 has 0 frames in his Queue on destruction
[2026-04-28 17:14:06.118] [6060] [HailoRT] [info] [queue_elements.cpp:734] [run_in_thread] Shutdown event was signaled in run_pull of queue element PullQEl_hw_read0beach_robot/conv63!
[2026-04-28 17:14:06.118] [6061] [HailoRT] [info] [queue_elements.cpp:855] [run_in_thread] Shutdown event was signaled in dequeue of UserBuffQEl0beach_robot/conv63!
[2026-04-28 17:14:06.118] [6060] [HailoRT] [info] [queue_elements.cpp:68] [operator()] Thread in element PullQEl_hw_read0beach_robot/conv63 is not running anymore, exiting..
[2026-04-28 17:14:06.118] [3710] [HailoRT] [info] [queue_elements.cpp:46] [~BaseQueueElement] Queue element PullQEl_hw_read0beach_robot/conv63 has 0 frames in his Queue on destruction
[2026-04-28 17:14:06.118] [6061] [HailoRT] [info] [queue_elements.cpp:68] [operator()] Thread in element UserBuffQEl0beach_robot/conv63 is not running anymore, exiting..
[2026-04-28 17:14:06.118] [3710] [HailoRT] [info] [queue_elements.cpp:46] [~BaseQueueElement] Queue element UserBuffQEl0beach_robot/conv63 has 0 frames in his Queue on destruction
[2026-04-28 17:14:06.418] [3710] [HailoRT] [info] [edge_elements.cpp:52] [create] Created (HwWriteEl2beach_robot/input_layer1 | hw_frame_size: 1228800)
[2026-04-28 17:14:06.418] [3710] [HailoRT] [info] [vstream.cpp:754] [InputVStreamImpl] Creating beach_robot/input_layer1...
[2026-04-28 17:14:06.418] [3710] [HailoRT] [info] [vstream_builder.cpp:102] [create_inputs] Input pipeline 'beach_robot/input_layer1': (HwWriteEl2beach_robot/input_layer1 | hw_frame_size: 1228800) >> HW
[2026-04-28 17:14:06.418] [3710] [HailoRT] [info] [edge_elements.cpp:287] [create] Created (HwReadEl0beach_robot/conv41 | hw_frame_size: 409600)
[2026-04-28 17:14:06.418] [3710] [HailoRT] [info] [queue_elements.cpp:657] [create] Created (PullQEl_hw_read0beach_robot/conv41)
[2026-04-28 17:14:06.418] [3710] [HailoRT] [info] [filter_elements.cpp:372] [create] Created (PostInferEl0beach_robot/conv41 | Quantization - src_type: UINT8, dst_type FLOAT32, limvals_min: -10.8307, limvals_max: 18.5504)
[2026-04-28 17:14:06.418] [3710] [HailoRT] [info] [queue_elements.cpp:800] [create] Created (UserBuffQEl0beach_robot/conv41 | timeout: 10s)
[2026-04-28 17:14:06.418] [3710] [HailoRT] [info] [vstream.cpp:1114] [OutputVStreamImpl] Creating beach_robot/conv41...
[2026-04-28 17:14:06.418] [3710] [HailoRT] [info] [vstream_builder.cpp:220] [create_outputs] Output pipeline 'beach_robot/conv41': HW >> (HwReadEl0beach_robot/conv41 | hw_frame_size: 409600) >> (PullQEl_hw_read0beach_robot/conv41) >> (PostInferEl0beach_robot/conv41 | Quantization - src_type: UINT8, dst_type FLOAT32, limvals_min: -10.8307, limvals_max: 18.5504) >> (UserBuffQEl0beach_robot/conv41 | timeout: 10s)
[2026-04-28 17:14:06.419] [3710] [HailoRT] [info] [edge_elements.cpp:287] [create] Created (HwReadEl7beach_robot/conv42 | hw_frame_size: 12800)
[2026-04-28 17:14:06.419] [3710] [HailoRT] [info] [queue_elements.cpp:657] [create] Created (PullQEl_hw_read7beach_robot/conv42)
[2026-04-28 17:14:06.419] [3710] [HailoRT] [info] [filter_elements.cpp:372] [create] Created (PostInferEl7beach_robot/conv42 | Quantization - src_type: UINT8, dst_type FLOAT32, limvals_min: -25.6857, limvals_max: 0)
[2026-04-28 17:14:06.419] [3710] [HailoRT] [info] [queue_elements.cpp:800] [create] Created (UserBuffQEl7beach_robot/conv42 | timeout: 10s)
[2026-04-28 17:14:06.419] [3710] [HailoRT] [info] [vstream.cpp:1114] [OutputVStreamImpl] Creating beach_robot/conv42...
[2026-04-28 17:14:06.419] [3710] [HailoRT] [info] [vstream_builder.cpp:220] [create_outputs] Output pipeline 'beach_robot/conv42': HW >> (HwReadEl7beach_robot/conv42 | hw_frame_size: 12800) >> (PullQEl_hw_read7beach_robot/conv42) >> (PostInferEl7beach_robot/conv42 | Quantization - src_type: UINT8, dst_type FLOAT32, limvals_min: -25.6857, limvals_max: 0) >> (UserBuffQEl7beach_robot/conv42 | timeout: 10s)
[2026-04-28 17:14:06.419] [3710] [HailoRT] [info] [edge_elements.cpp:287] [create] Created (HwReadEl3beach_robot/conv52 | hw_frame_size: 102400)
[2026-04-28 17:14:06.419] [3710] [HailoRT] [info] [queue_elements.cpp:657] [create] Created (PullQEl_hw_read3beach_robot/conv52)
[2026-04-28 17:14:06.419] [3710] [HailoRT] [info] [filter_elements.cpp:372] [create] Created (PostInferEl3beach_robot/conv52 | Quantization - src_type: UINT8, dst_type FLOAT32, limvals_min: -6.53754, limvals_max: 19.9239)
[2026-04-28 17:14:06.419] [3710] [HailoRT] [info] [queue_elements.cpp:800] [create] Created (UserBuffQEl3beach_robot/conv52 | timeout: 10s)
[2026-04-28 17:14:06.419] [3710] [HailoRT] [info] [vstream.cpp:1114] [OutputVStreamImpl] Creating beach_robot/conv52...
[2026-04-28 17:14:06.419] [3710] [HailoRT] [info] [vstream_builder.cpp:220] [create_outputs] Output pipeline 'beach_robot/conv52': HW >> (HwReadEl3beach_robot/conv52 | hw_frame_size: 102400) >> (PullQEl_hw_read3beach_robot/conv52) >> (PostInferEl3beach_robot/conv52 | Quantization - src_type: UINT8, dst_type FLOAT32, limvals_min: -6.53754, limvals_max: 19.9239) >> (UserBuffQEl3beach_robot/conv52 | timeout: 10s)
[2026-04-28 17:14:06.419] [3710] [HailoRT] [info] [edge_elements.cpp:287] [create] Created (HwReadEl1beach_robot/conv53 | hw_frame_size: 3200)
[2026-04-28 17:14:06.419] [3710] [HailoRT] [info] [queue_elements.cpp:657] [create] Created (PullQEl_hw_read1beach_robot/conv53)
[2026-04-28 17:14:06.419] [3710] [HailoRT] [info] [filter_elements.cpp:372] [create] Created (PostInferEl1beach_robot/conv53 | Quantization - src_type: UINT8, dst_type FLOAT32, limvals_min: -15.7441, limvals_max: 0)
[2026-04-28 17:14:06.420] [3710] [HailoRT] [info] [queue_elements.cpp:800] [create] Created (UserBuffQEl1beach_robot/conv53 | timeout: 10s)
[2026-04-28 17:14:06.420] [3710] [HailoRT] [info] [vstream.cpp:1114] [OutputVStreamImpl] Creating beach_robot/conv53...
[2026-04-28 17:14:06.420] [3710] [HailoRT] [info] [vstream_builder.cpp:220] [create_outputs] Output pipeline 'beach_robot/conv53': HW >> (HwReadEl1beach_robot/conv53 | hw_frame_size: 3200) >> (PullQEl_hw_read1beach_robot/conv53) >> (PostInferEl1beach_robot/conv53 | Quantization - src_type: UINT8, dst_type FLOAT32, limvals_min: -15.7441, limvals_max: 0) >> (UserBuffQEl1beach_robot/conv53 | timeout: 10s)
[2026-04-28 17:14:06.420] [3710] [HailoRT] [info] [edge_elements.cpp:287] [create] Created (HwReadEl2beach_robot/conv62 | hw_frame_size: 25600)
[2026-04-28 17:14:06.420] [3710] [HailoRT] [info] [queue_elements.cpp:657] [create] Created (PullQEl_hw_read2beach_robot/conv62)
[2026-04-28 17:14:06.420] [3710] [HailoRT] [info] [filter_elements.cpp:372] [create] Created (PostInferEl2beach_robot/conv62 | Quantization - src_type: UINT8, dst_type FLOAT32, limvals_min: -8.27399, limvals_max: 14.6594)
[2026-04-28 17:14:06.420] [3710] [HailoRT] [info] [queue_elements.cpp:800] [create] Created (UserBuffQEl2beach_robot/conv62 | timeout: 10s)
[2026-04-28 17:14:06.420] [3710] [HailoRT] [info] [vstream.cpp:1114] [OutputVStreamImpl] Creating beach_robot/conv62...
[2026-04-28 17:14:06.420] [3710] [HailoRT] [info] [vstream_builder.cpp:220] [create_outputs] Output pipeline 'beach_robot/conv62': HW >> (HwReadEl2beach_robot/conv62 | hw_frame_size: 25600) >> (PullQEl_hw_read2beach_robot/conv62) >> (PostInferEl2beach_robot/conv62 | Quantization - src_type: UINT8, dst_type FLOAT32, limvals_min: -8.27399, limvals_max: 14.6594) >> (UserBuffQEl2beach_robot/conv62 | timeout: 10s)
[2026-04-28 17:14:06.420] [3710] [HailoRT] [info] [edge_elements.cpp:287] [create] Created (HwReadEl0beach_robot/conv63 | hw_frame_size: 3200)
[2026-04-28 17:14:06.420] [3710] [HailoRT] [info] [queue_elements.cpp:657] [create] Created (PullQEl_hw_read0beach_robot/conv63)
[2026-04-28 17:14:06.420] [3710] [HailoRT] [info] [filter_elements.cpp:372] [create] Created (PostInferEl0beach_robot/conv63 | Quantization - src_type: UINT8, dst_type FLOAT32, limvals_min: -15.2921, limvals_max: 1.44388 | Reorder - src_order: FCR, src_shape: (20, 20, 8), dst_order: FCR, dst_shape: (20, 20, 2))
[2026-04-28 17:14:06.420] [3710] [HailoRT] [info] [queue_elements.cpp:800] [create] Created (UserBuffQEl0beach_robot/conv63 | timeout: 10s)
[2026-04-28 17:14:06.420] [3710] [HailoRT] [info] [vstream.cpp:1114] [OutputVStreamImpl] Creating beach_robot/conv63...
[2026-04-28 17:14:06.420] [3710] [HailoRT] [info] [vstream_builder.cpp:220] [create_outputs] Output pipeline 'beach_robot/conv63': HW >> (HwReadEl0beach_robot/conv63 | hw_frame_size: 3200) >> (PullQEl_hw_read0beach_robot/conv63) >> (PostInferEl0beach_robot/conv63 | Quantization - src_type: UINT8, dst_type FLOAT32, limvals_min: -15.2921, limvals_max: 1.44388 | Reorder - src_order: FCR, src_shape: (20, 20, 8), dst_order: FCR, dst_shape: (20, 20, 2)) >> (UserBuffQEl0beach_robot/conv63 | timeout: 10s)
[2026-04-28 17:14:06.420] [3710] [HailoRT] [info] [core_op.cpp:156] [activate] Activating beach_robot took 0.531045 milliseconds. Note that the function is asynchronous and thus the network is not fully activated yet.
[2026-04-28 17:14:06.420] [3710] [HailoRT] [info] [core_op.cpp:156] [activate] Activating beach_robot took 0.540377 milliseconds. Note that the function is asynchronous and thus the network is not fully activated yet.
[2026-04-28 17:14:06.439] [6073] [HailoRT] [info] [vdevice_native_stream.cpp:331] [read_impl] Failed read from stream HAILO_STREAM_NOT_ACTIVATED(72) (device: 0001:01:00.0)
[2026-04-28 17:14:06.439] [6071] [HailoRT] [info] [vdevice_native_stream.cpp:331] [read_impl] Failed read from stream HAILO_STREAM_NOT_ACTIVATED(72) (device: 0001:01:00.0)
[2026-04-28 17:14:06.439] [6075] [HailoRT] [info] [vdevice_native_stream.cpp:331] [read_impl] Failed read from stream HAILO_STREAM_NOT_ACTIVATED(72) (device: 0001:01:00.0)
[2026-04-28 17:14:06.439] [6069] [HailoRT] [info] [vdevice_native_stream.cpp:331] [read_impl] Failed read from stream HAILO_STREAM_NOT_ACTIVATED(72) (device: 0001:01:00.0)
[2026-04-28 17:14:06.439] [6077] [HailoRT] [info] [vdevice_native_stream.cpp:331] [read_impl] Failed read from stream HAILO_STREAM_NOT_ACTIVATED(72) (device: 0001:01:00.0)
[2026-04-28 17:14:06.439] [6079] [HailoRT] [info] [vdevice_native_stream.cpp:331] [read_impl] Failed read from stream HAILO_STREAM_NOT_ACTIVATED(72) (device: 0001:01:00.0)
[2026-04-28 17:14:06.440] [3710] [HailoRT] [info] [core_op.cpp:186] [deactivate] Deactivating took 0.5326 ms
[2026-04-28 17:14:06.440] [3710] [HailoRT] [info] [core_op.cpp:186] [deactivate] Deactivating took 0.543229 ms
[2026-04-28 17:14:06.440] [6069] [HailoRT] [info] [queue_elements.cpp:734] [run_in_thread] Shutdown event was signaled in run_pull of queue element PullQEl_hw_read0beach_robot/conv41!
[2026-04-28 17:14:06.440] [6070] [HailoRT] [info] [queue_elements.cpp:855] [run_in_thread] Shutdown event was signaled in dequeue of UserBuffQEl0beach_robot/conv41!
[2026-04-28 17:14:06.440] [6069] [HailoRT] [info] [queue_elements.cpp:68] [operator()] Thread in element PullQEl_hw_read0beach_robot/conv41 is not running anymore, exiting..
[2026-04-28 17:14:06.440] [3710] [HailoRT] [info] [queue_elements.cpp:46] [~BaseQueueElement] Queue element PullQEl_hw_read0beach_robot/conv41 has 0 frames in his Queue on destruction
[2026-04-28 17:14:06.440] [6070] [HailoRT] [info] [queue_elements.cpp:68] [operator()] Thread in element UserBuffQEl0beach_robot/conv41 is not running anymore, exiting..
[2026-04-28 17:14:06.440] [3710] [HailoRT] [info] [queue_elements.cpp:46] [~BaseQueueElement] Queue element UserBuffQEl0beach_robot/conv41 has 0 frames in his Queue on destruction
[2026-04-28 17:14:06.440] [6071] [HailoRT] [info] [queue_elements.cpp:734] [run_in_thread] Shutdown event was signaled in run_pull of queue element PullQEl_hw_read7beach_robot/conv42!
[2026-04-28 17:14:06.440] [6072] [HailoRT] [info] [queue_elements.cpp:855] [run_in_thread] Shutdown event was signaled in dequeue of UserBuffQEl7beach_robot/conv42!
[2026-04-28 17:14:06.440] [6071] [HailoRT] [info] [queue_elements.cpp:68] [operator()] Thread in element PullQEl_hw_read7beach_robot/conv42 is not running anymore, exiting..
[2026-04-28 17:14:06.440] [3710] [HailoRT] [info] [queue_elements.cpp:46] [~BaseQueueElement] Queue element PullQEl_hw_read7beach_robot/conv42 has 0 frames in his Queue on destruction
[2026-04-28 17:14:06.440] [6072] [HailoRT] [info] [queue_elements.cpp:68] [operator()] Thread in element UserBuffQEl7beach_robot/conv42 is not running anymore, exiting..
[2026-04-28 17:14:06.440] [3710] [HailoRT] [info] [queue_elements.cpp:46] [~BaseQueueElement] Queue element UserBuffQEl7beach_robot/conv42 has 0 frames in his Queue on destruction
[2026-04-28 17:14:06.440] [6073] [HailoRT] [info] [queue_elements.cpp:734] [run_in_thread] Shutdown event was signaled in run_pull of queue element PullQEl_hw_read3beach_robot/conv52!
[2026-04-28 17:14:06.440] [6074] [HailoRT] [info] [queue_elements.cpp:855] [run_in_thread] Shutdown event was signaled in dequeue of UserBuffQEl3beach_robot/conv52!
[2026-04-28 17:14:06.440] [6073] [HailoRT] [info] [queue_elements.cpp:68] [operator()] Thread in element PullQEl_hw_read3beach_robot/conv52 is not running anymore, exiting..
[2026-04-28 17:14:06.440] [3710] [HailoRT] [info] [queue_elements.cpp:46] [~BaseQueueElement] Queue element PullQEl_hw_read3beach_robot/conv52 has 0 frames in his Queue on destruction
[2026-04-28 17:14:06.440] [6074] [HailoRT] [info] [queue_elements.cpp:68] [operator()] Thread in element UserBuffQEl3beach_robot/conv52 is not running anymore, exiting..
[2026-04-28 17:14:06.440] [3710] [HailoRT] [info] [queue_elements.cpp:46] [~BaseQueueElement] Queue element UserBuffQEl3beach_robot/conv52 has 0 frames in his Queue on destruction
[2026-04-28 17:14:06.440] [6076] [HailoRT] [info] [queue_elements.cpp:855] [run_in_thread] Shutdown event was signaled in dequeue of UserBuffQEl1beach_robot/conv53!
[2026-04-28 17:14:06.440] [6075] [HailoRT] [info] [queue_elements.cpp:734] [run_in_thread] Shutdown event was signaled in run_pull of queue element PullQEl_hw_read1beach_robot/conv53!
[2026-04-28 17:14:06.440] [6075] [HailoRT] [info] [queue_elements.cpp:68] [operator()] Thread in element PullQEl_hw_read1beach_robot/conv53 is not running anymore, exiting..
[2026-04-28 17:14:06.440] [3710] [HailoRT] [info] [queue_elements.cpp:46] [~BaseQueueElement] Queue element PullQEl_hw_read1beach_robot/conv53 has 0 frames in his Queue on destruction
[2026-04-28 17:14:06.440] [6076] [HailoRT] [info] [queue_elements.cpp:68] [operator()] Thread in element UserBuffQEl1beach_robot/conv53 is not running anymore, exiting..
[2026-04-28 17:14:06.440] [3710] [HailoRT] [info] [queue_elements.cpp:46] [~BaseQueueElement] Queue element UserBuffQEl1beach_robot/conv53 has 0 frames in his Queue on destruction
[2026-04-28 17:14:06.440] [6077] [HailoRT] [info] [queue_elements.cpp:734] [run_in_thread] Shutdown event was signaled in run_pull of queue element PullQEl_hw_read2beach_robot/conv62!
[2026-04-28 17:14:06.440] [6078] [HailoRT] [info] [queue_elements.cpp:855] [run_in_thread] Shutdown event was signaled in dequeue of UserBuffQEl2beach_robot/conv62!
[2026-04-28 17:14:06.441] [6077] [HailoRT] [info] [queue_elements.cpp:68] [operator()] Thread in element PullQEl_hw_read2beach_robot/conv62 is not running anymore, exiting..
[2026-04-28 17:14:06.441] [3710] [HailoRT] [info] [queue_elements.cpp:46] [~BaseQueueElement] Queue element PullQEl_hw_read2beach_robot/conv62 has 0 frames in his Queue on destruction
[2026-04-28 17:14:06.441] [6078] [HailoRT] [info] [queue_elements.cpp:68] [operator()] Thread in element UserBuffQEl2beach_robot/conv62 is not running anymore, exiting..
[2026-04-28 17:14:06.441] [3710] [HailoRT] [info] [queue_elements.cpp:46] [~BaseQueueElement] Queue element UserBuffQEl2beach_robot/conv62 has 0 frames in his Queue on destruction
[2026-04-28 17:14:06.441] [6079] [HailoRT] [info] [queue_elements.cpp:734] [run_in_thread] Shutdown event was signaled in run_pull of queue element PullQEl_hw_read0beach_robot/conv63!
[2026-04-28 17:14:06.441] [6080] [HailoRT] [info] [queue_elements.cpp:855] [run_in_thread] Shutdown event was signaled in dequeue of UserBuffQEl0beach_robot/conv63!
[2026-04-28 17:14:06.441] [6079] [HailoRT] [info] [queue_elements.cpp:68] [operator()] Thread in element PullQEl_hw_read0beach_robot/conv63 is not running anymore, exiting..
[2026-04-28 17:14:06.441] [3710] [HailoRT] [info] [queue_elements.cpp:46] [~BaseQueueElement] Queue element PullQEl_hw_read0beach_robot/conv63 has 0 frames in his Queue on destruction
[2026-04-28 17:14:06.441] [6080] [HailoRT] [info] [queue_elements.cpp:68] [operator()] Thread in element UserBuffQEl0beach_robot/conv63 is not running anymore, exiting..
[2026-04-28 17:14:06.441] [3710] [HailoRT] [info] [queue_elements.cpp:46] [~BaseQueueElement] Queue element UserBuffQEl0beach_robot/conv63 has 0 frames in his Queue on destruction
[2026-04-28 17:14:06.742] [3710] [HailoRT] [info] [edge_elements.cpp:52] [create] Created (HwWriteEl2beach_robot/input_layer1 | hw_frame_size: 1228800)
[2026-04-28 17:14:06.742] [3710] [HailoRT] [info] [vstream.cpp:754] [InputVStreamImpl] Creating beach_robot/input_layer1...
[2026-04-28 17:14:06.742] [3710] [HailoRT] [info] [vstream_builder.cpp:102] [create_inputs] Input pipeline 'beach_robot/input_layer1': (HwWriteEl2beach_robot/input_layer1 | hw_frame_size: 1228800) >> HW
[2026-04-28 17:14:06.742] [3710] [HailoRT] [info] [edge_elements.cpp:287] [create] Created (HwReadEl0beach_robot/conv41 | hw_frame_size: 409600)
[2026-04-28 17:14:06.742] [3710] [HailoRT] [info] [queue_elements.cpp:657] [create] Created (PullQEl_hw_read0beach_robot/conv41)
[2026-04-28 17:14:06.742] [3710] [HailoRT] [info] [filter_elements.cpp:372] [create] Created (PostInferEl0beach_robot/conv41 | Quantization - src_type: UINT8, dst_type FLOAT32, limvals_min: -10.8307, limvals_max: 18.5504)
[2026-04-28 17:14:06.742] [3710] [HailoRT] [info] [queue_elements.cpp:800] [create] Created (UserBuffQEl0beach_robot/conv41 | timeout: 10s)
[2026-04-28 17:14:06.742] [3710] [HailoRT] [info] [vstream.cpp:1114] [OutputVStreamImpl] Creating beach_robot/conv41...
[2026-04-28 17:14:06.742] [3710] [HailoRT] [info] [vstream_builder.cpp:220] [create_outputs] Output pipeline 'beach_robot/conv41': HW >> (HwReadEl0beach_robot/conv41 | hw_frame_size: 409600) >> (PullQEl_hw_read0beach_robot/conv41) >> (PostInferEl0beach_robot/conv41 | Quantization - src_type: UINT8, dst_type FLOAT32, limvals_min: -10.8307, limvals_max: 18.5504) >> (UserBuffQEl0beach_robot/conv41 | timeout: 10s)
[2026-04-28 17:14:06.742] [3710] [HailoRT] [info] [edge_elements.cpp:287] [create] Created (HwReadEl7beach_robot/conv42 | hw_frame_size: 12800)
[2026-04-28 17:14:06.742] [3710] [HailoRT] [info] [queue_elements.cpp:657] [create] Created (PullQEl_hw_read7beach_robot/conv42)
[2026-04-28 17:14:06.742] [3710] [HailoRT] [info] [filter_elements.cpp:372] [create] Created (PostInferEl7beach_robot/conv42 | Quantization - src_type: UINT8, dst_type FLOAT32, limvals_min: -25.6857, limvals_max: 0)
[2026-04-28 17:14:06.742] [3710] [HailoRT] [info] [queue_elements.cpp:800] [create] Created (UserBuffQEl7beach_robot/conv42 | timeout: 10s)
[2026-04-28 17:14:06.742] [3710] [HailoRT] [info] [vstream.cpp:1114] [OutputVStreamImpl] Creating beach_robot/conv42...
[2026-04-28 17:14:06.742] [3710] [HailoRT] [info] [vstream_builder.cpp:220] [create_outputs] Output pipeline 'beach_robot/conv42': HW >> (HwReadEl7beach_robot/conv42 | hw_frame_size: 12800) >> (PullQEl_hw_read7beach_robot/conv42) >> (PostInferEl7beach_robot/conv42 | Quantization - src_type: UINT8, dst_type FLOAT32, limvals_min: -25.6857, limvals_max: 0) >> (UserBuffQEl7beach_robot/conv42 | timeout: 10s)
[2026-04-28 17:14:06.742] [3710] [HailoRT] [info] [edge_elements.cpp:287] [create] Created (HwReadEl3beach_robot/conv52 | hw_frame_size: 102400)
[2026-04-28 17:14:06.742] [3710] [HailoRT] [info] [queue_elements.cpp:657] [create] Created (PullQEl_hw_read3beach_robot/conv52)
[2026-04-28 17:14:06.742] [3710] [HailoRT] [info] [filter_elements.cpp:372] [create] Created (PostInferEl3beach_robot/conv52 | Quantization - src_type: UINT8, dst_type FLOAT32, limvals_min: -6.53754, limvals_max: 19.9239)
[2026-04-28 17:14:06.742] [3710] [HailoRT] [info] [queue_elements.cpp:800] [create] Created (UserBuffQEl3beach_robot/conv52 | timeout: 10s)
[2026-04-28 17:14:06.742] [3710] [HailoRT] [info] [vstream.cpp:1114] [OutputVStreamImpl] Creating beach_robot/conv52...
[2026-04-28 17:14:06.742] [3710] [HailoRT] [info] [vstream_builder.cpp:220] [create_outputs] Output pipeline 'beach_robot/conv52': HW >> (HwReadEl3beach_robot/conv52 | hw_frame_size: 102400) >> (PullQEl_hw_read3beach_robot/conv52) >> (PostInferEl3beach_robot/conv52 | Quantization - src_type: UINT8, dst_type FLOAT32, limvals_min: -6.53754, limvals_max: 19.9239) >> (UserBuffQEl3beach_robot/conv52 | timeout: 10s)
[2026-04-28 17:14:06.742] [3710] [HailoRT] [info] [edge_elements.cpp:287] [create] Created (HwReadEl1beach_robot/conv53 | hw_frame_size: 3200)
[2026-04-28 17:14:06.743] [3710] [HailoRT] [info] [queue_elements.cpp:657] [create] Created (PullQEl_hw_read1beach_robot/conv53)
[2026-04-28 17:14:06.743] [3710] [HailoRT] [info] [filter_elements.cpp:372] [create] Created (PostInferEl1beach_robot/conv53 | Quantization - src_type: UINT8, dst_type FLOAT32, limvals_min: -15.7441, limvals_max: 0)
[2026-04-28 17:14:06.743] [3710] [HailoRT] [info] [queue_elements.cpp:800] [create] Created (UserBuffQEl1beach_robot/conv53 | timeout: 10s)
[2026-04-28 17:14:06.743] [3710] [HailoRT] [info] [vstream.cpp:1114] [OutputVStreamImpl] Creating beach_robot/conv53...
[2026-04-28 17:14:06.743] [3710] [HailoRT] [info] [vstream_builder.cpp:220] [create_outputs] Output pipeline 'beach_robot/conv53': HW >> (HwReadEl1beach_robot/conv53 | hw_frame_size: 3200) >> (PullQEl_hw_read1beach_robot/conv53) >> (PostInferEl1beach_robot/conv53 | Quantization - src_type: UINT8, dst_type FLOAT32, limvals_min: -15.7441, limvals_max: 0) >> (UserBuffQEl1beach_robot/conv53 | timeout: 10s)
[2026-04-28 17:14:06.743] [3710] [HailoRT] [info] [edge_elements.cpp:287] [create] Created (HwReadEl2beach_robot/conv62 | hw_frame_size: 25600)
[2026-04-28 17:14:06.743] [3710] [HailoRT] [info] [queue_elements.cpp:657] [create] Created (PullQEl_hw_read2beach_robot/conv62)
[2026-04-28 17:14:06.743] [3710] [HailoRT] [info] [filter_elements.cpp:372] [create] Created (PostInferEl2beach_robot/conv62 | Quantization - src_type: UINT8, dst_type FLOAT32, limvals_min: -8.27399, limvals_max: 14.6594)
[2026-04-28 17:14:06.743] [3710] [HailoRT] [info] [queue_elements.cpp:800] [create] Created (UserBuffQEl2beach_robot/conv62 | timeout: 10s)
[2026-04-28 17:14:06.743] [3710] [HailoRT] [info] [vstream.cpp:1114] [OutputVStreamImpl] Creating beach_robot/conv62...
[2026-04-28 17:14:06.743] [3710] [HailoRT] [info] [vstream_builder.cpp:220] [create_outputs] Output pipeline 'beach_robot/conv62': HW >> (HwReadEl2beach_robot/conv62 | hw_frame_size: 25600) >> (PullQEl_hw_read2beach_robot/conv62) >> (PostInferEl2beach_robot/conv62 | Quantization - src_type: UINT8, dst_type FLOAT32, limvals_min: -8.27399, limvals_max: 14.6594) >> (UserBuffQEl2beach_robot/conv62 | timeout: 10s)
[2026-04-28 17:14:06.743] [3710] [HailoRT] [info] [edge_elements.cpp:287] [create] Created (HwReadEl0beach_robot/conv63 | hw_frame_size: 3200)
[2026-04-28 17:14:06.743] [3710] [HailoRT] [info] [queue_elements.cpp:657] [create] Created (PullQEl_hw_read0beach_robot/conv63)
[2026-04-28 17:14:06.743] [3710] [HailoRT] [info] [filter_elements.cpp:372] [create] Created (PostInferEl0beach_robot/conv63 | Quantization - src_type: UINT8, dst_type FLOAT32, limvals_min: -15.2921, limvals_max: 1.44388 | Reorder - src_order: FCR, src_shape: (20, 20, 8), dst_order: FCR, dst_shape: (20, 20, 2))
[2026-04-28 17:14:06.743] [3710] [HailoRT] [info] [queue_elements.cpp:800] [create] Created (UserBuffQEl0beach_robot/conv63 | timeout: 10s)
[2026-04-28 17:14:06.743] [3710] [HailoRT] [info] [vstream.cpp:1114] [OutputVStreamImpl] Creating beach_robot/conv63...
[2026-04-28 17:14:06.743] [3710] [HailoRT] [info] [vstream_builder.cpp:220] [create_outputs] Output pipeline 'beach_robot/conv63': HW >> (HwReadEl0beach_robot/conv63 | hw_frame_size: 3200) >> (PullQEl_hw_read0beach_robot/conv63) >> (PostInferEl0beach_robot/conv63 | Quantization - src_type: UINT8, dst_type FLOAT32, limvals_min: -15.2921, limvals_max: 1.44388 | Reorder - src_order: FCR, src_shape: (20, 20, 8), dst_order: FCR, dst_shape: (20, 20, 2)) >> (UserBuffQEl0beach_robot/conv63 | timeout: 10s)
[2026-04-28 17:14:06.744] [3710] [HailoRT] [info] [core_op.cpp:156] [activate] Activating beach_robot took 0.522877 milliseconds. Note that the function is asynchronous and thus the network is not fully activated yet.
[2026-04-28 17:14:06.744] [3710] [HailoRT] [info] [core_op.cpp:156] [activate] Activating beach_robot took 0.532766 milliseconds. Note that the function is asynchronous and thus the network is not fully activated yet.
[2026-04-28 17:14:06.763] [6090] [HailoRT] [info] [vdevice_native_stream.cpp:331] [read_impl] Failed read from stream HAILO_STREAM_NOT_ACTIVATED(72) (device: 0001:01:00.0)
[2026-04-28 17:14:06.763] [6088] [HailoRT] [info] [vdevice_native_stream.cpp:331] [read_impl] Failed read from stream HAILO_STREAM_NOT_ACTIVATED(72) (device: 0001:01:00.0)
[2026-04-28 17:14:06.763] [6098] [HailoRT] [info] [vdevice_native_stream.cpp:331] [read_impl] Failed read from stream HAILO_STREAM_NOT_ACTIVATED(72) (device: 0001:01:00.0)
[2026-04-28 17:14:06.763] [6096] [HailoRT] [info] [vdevice_native_stream.cpp:331] [read_impl] Failed read from stream HAILO_STREAM_NOT_ACTIVATED(72) (device: 0001:01:00.0)
[2026-04-28 17:14:06.763] [6094] [HailoRT] [info] [vdevice_native_stream.cpp:331] [read_impl] Failed read from stream HAILO_STREAM_NOT_ACTIVATED(72) (device: 0001:01:00.0)
[2026-04-28 17:14:06.763] [6092] [HailoRT] [info] [vdevice_native_stream.cpp:331] [read_impl] Failed read from stream HAILO_STREAM_NOT_ACTIVATED(72) (device: 0001:01:00.0)
[2026-04-28 17:14:06.763] [3710] [HailoRT] [info] [core_op.cpp:186] [deactivate] Deactivating took 0.501915 ms
[2026-04-28 17:14:06.763] [3710] [HailoRT] [info] [core_op.cpp:186] [deactivate] Deactivating took 0.513415 ms
[2026-04-28 17:14:06.763] [6088] [HailoRT] [info] [queue_elements.cpp:734] [run_in_thread] Shutdown event was signaled in run_pull of queue element PullQEl_hw_read0beach_robot/conv41!
[2026-04-28 17:14:06.763] [6089] [HailoRT] [info] [queue_elements.cpp:855] [run_in_thread] Shutdown event was signaled in dequeue of UserBuffQEl0beach_robot/conv41!
[2026-04-28 17:14:06.763] [6088] [HailoRT] [info] [queue_elements.cpp:68] [operator()] Thread in element PullQEl_hw_read0beach_robot/conv41 is not running anymore, exiting..
[2026-04-28 17:14:06.763] [3710] [HailoRT] [info] [queue_elements.cpp:46] [~BaseQueueElement] Queue element PullQEl_hw_read0beach_robot/conv41 has 0 frames in his Queue on destruction
[2026-04-28 17:14:06.763] [6089] [HailoRT] [info] [queue_elements.cpp:68] [operator()] Thread in element UserBuffQEl0beach_robot/conv41 is not running anymore, exiting..
[2026-04-28 17:14:06.763] [3710] [HailoRT] [info] [queue_elements.cpp:46] [~BaseQueueElement] Queue element UserBuffQEl0beach_robot/conv41 has 0 frames in his Queue on destruction
[2026-04-28 17:14:06.763] [6090] [HailoRT] [info] [queue_elements.cpp:734] [run_in_thread] Shutdown event was signaled in run_pull of queue element PullQEl_hw_read7beach_robot/conv42!
[2026-04-28 17:14:06.763] [6091] [HailoRT] [info] [queue_elements.cpp:855] [run_in_thread] Shutdown event was signaled in dequeue of UserBuffQEl7beach_robot/conv42!
[2026-04-28 17:14:06.763] [6090] [HailoRT] [info] [queue_elements.cpp:68] [operator()] Thread in element PullQEl_hw_read7beach_robot/conv42 is not running anymore, exiting..
[2026-04-28 17:14:06.763] [3710] [HailoRT] [info] [queue_elements.cpp:46] [~BaseQueueElement] Queue element PullQEl_hw_read7beach_robot/conv42 has 0 frames in his Queue on destruction
[2026-04-28 17:14:06.763] [6091] [HailoRT] [info] [queue_elements.cpp:68] [operator()] Thread in element UserBuffQEl7beach_robot/conv42 is not running anymore, exiting..
[2026-04-28 17:14:06.763] [3710] [HailoRT] [info] [queue_elements.cpp:46] [~BaseQueueElement] Queue element UserBuffQEl7beach_robot/conv42 has 0 frames in his Queue on destruction
[2026-04-28 17:14:06.763] [6093] [HailoRT] [info] [queue_elements.cpp:855] [run_in_thread] Shutdown event was signaled in dequeue of UserBuffQEl3beach_robot/conv52!
[2026-04-28 17:14:06.763] [6092] [HailoRT] [info] [queue_elements.cpp:734] [run_in_thread] Shutdown event was signaled in run_pull of queue element PullQEl_hw_read3beach_robot/conv52!
[2026-04-28 17:14:06.763] [6092] [HailoRT] [info] [queue_elements.cpp:68] [operator()] Thread in element PullQEl_hw_read3beach_robot/conv52 is not running anymore, exiting..
[2026-04-28 17:14:06.763] [3710] [HailoRT] [info] [queue_elements.cpp:46] [~BaseQueueElement] Queue element PullQEl_hw_read3beach_robot/conv52 has 0 frames in his Queue on destruction
[2026-04-28 17:14:06.763] [6093] [HailoRT] [info] [queue_elements.cpp:68] [operator()] Thread in element UserBuffQEl3beach_robot/conv52 is not running anymore, exiting..
[2026-04-28 17:14:06.763] [3710] [HailoRT] [info] [queue_elements.cpp:46] [~BaseQueueElement] Queue element UserBuffQEl3beach_robot/conv52 has 0 frames in his Queue on destruction
[2026-04-28 17:14:06.763] [6094] [HailoRT] [info] [queue_elements.cpp:734] [run_in_thread] Shutdown event was signaled in run_pull of queue element PullQEl_hw_read1beach_robot/conv53!
[2026-04-28 17:14:06.763] [6095] [HailoRT] [info] [queue_elements.cpp:855] [run_in_thread] Shutdown event was signaled in dequeue of UserBuffQEl1beach_robot/conv53!
[2026-04-28 17:14:06.763] [6094] [HailoRT] [info] [queue_elements.cpp:68] [operator()] Thread in element PullQEl_hw_read1beach_robot/conv53 is not running anymore, exiting..
[2026-04-28 17:14:06.763] [3710] [HailoRT] [info] [queue_elements.cpp:46] [~BaseQueueElement] Queue element PullQEl_hw_read1beach_robot/conv53 has 0 frames in his Queue on destruction
[2026-04-28 17:14:06.763] [6095] [HailoRT] [info] [queue_elements.cpp:68] [operator()] Thread in element UserBuffQEl1beach_robot/conv53 is not running anymore, exiting..
[2026-04-28 17:14:06.763] [3710] [HailoRT] [info] [queue_elements.cpp:46] [~BaseQueueElement] Queue element UserBuffQEl1beach_robot/conv53 has 0 frames in his Queue on destruction
[2026-04-28 17:14:06.763] [6096] [HailoRT] [info] [queue_elements.cpp:734] [run_in_thread] Shutdown event was signaled in run_pull of queue element PullQEl_hw_read2beach_robot/conv62!
[2026-04-28 17:14:06.763] [6097] [HailoRT] [info] [queue_elements.cpp:855] [run_in_thread] Shutdown event was signaled in dequeue of UserBuffQEl2beach_robot/conv62!
[2026-04-28 17:14:06.763] [6096] [HailoRT] [info] [queue_elements.cpp:68] [operator()] Thread in element PullQEl_hw_read2beach_robot/conv62 is not running anymore, exiting..
[2026-04-28 17:14:06.763] [3710] [HailoRT] [info] [queue_elements.cpp:46] [~BaseQueueElement] Queue element PullQEl_hw_read2beach_robot/conv62 has 0 frames in his Queue on destruction
[2026-04-28 17:14:06.763] [6097] [HailoRT] [info] [queue_elements.cpp:68] [operator()] Thread in element UserBuffQEl2beach_robot/conv62 is not running anymore, exiting..
[2026-04-28 17:14:06.763] [3710] [HailoRT] [info] [queue_elements.cpp:46] [~BaseQueueElement] Queue element UserBuffQEl2beach_robot/conv62 has 0 frames in his Queue on destruction
[2026-04-28 17:14:06.764] [6098] [HailoRT] [info] [queue_elements.cpp:734] [run_in_thread] Shutdown event was signaled in run_pull of queue element PullQEl_hw_read0beach_robot/conv63!
[2026-04-28 17:14:06.764] [6099] [HailoRT] [info] [queue_elements.cpp:855] [run_in_thread] Shutdown event was signaled in dequeue of UserBuffQEl0beach_robot/conv63!
[2026-04-28 17:14:06.764] [6098] [HailoRT] [info] [queue_elements.cpp:68] [operator()] Thread in element PullQEl_hw_read0beach_robot/conv63 is not running anymore, exiting..
[2026-04-28 17:14:06.764] [3710] [HailoRT] [info] [queue_elements.cpp:46] [~BaseQueueElement] Queue element PullQEl_hw_read0beach_robot/conv63 has 0 frames in his Queue on destruction
[2026-04-28 17:14:06.764] [6099] [HailoRT] [info] [queue_elements.cpp:68] [operator()] Thread in element UserBuffQEl0beach_robot/conv63 is not running anymore, exiting..
[2026-04-28 17:14:06.764] [3710] [HailoRT] [info] [queue_elements.cpp:46] [~BaseQueueElement] Queue element UserBuffQEl0beach_robot/conv63 has 0 frames in his Queue on destruction
[2026-04-28 17:14:07.064] [3710] [HailoRT] [info] [edge_elements.cpp:52] [create] Created (HwWriteEl2beach_robot/input_layer1 | hw_frame_size: 1228800)
[2026-04-28 17:14:07.064] [3710] [HailoRT] [info] [vstream.cpp:754] [InputVStreamImpl] Creating beach_robot/input_layer1...
[2026-04-28 17:14:07.064] [3710] [HailoRT] [info] [vstream_builder.cpp:102] [create_inputs] Input pipeline 'beach_robot/input_layer1': (HwWriteEl2beach_robot/input_layer1 | hw_frame_size: 1228800) >> HW
[2026-04-28 17:14:07.064] [3710] [HailoRT] [info] [edge_elements.cpp:287] [create] Created (HwReadEl0beach_robot/conv41 | hw_frame_size: 409600)
[2026-04-28 17:14:07.064] [3710] [HailoRT] [info] [queue_elements.cpp:657] [create] Created (PullQEl_hw_read0beach_robot/conv41)
[2026-04-28 17:14:07.064] [3710] [HailoRT] [info] [filter_elements.cpp:372] [create] Created (PostInferEl0beach_robot/conv41 | Quantization - src_type: UINT8, dst_type FLOAT32, limvals_min: -10.8307, limvals_max: 18.5504)
[2026-04-28 17:14:07.064] [3710] [HailoRT] [info] [queue_elements.cpp:800] [create] Created (UserBuffQEl0beach_robot/conv41 | timeout: 10s)
[2026-04-28 17:14:07.064] [3710] [HailoRT] [info] [vstream.cpp:1114] [OutputVStreamImpl] Creating beach_robot/conv41...
[2026-04-28 17:14:07.064] [3710] [HailoRT] [info] [vstream_builder.cpp:220] [create_outputs] Output pipeline 'beach_robot/conv41': HW >> (HwReadEl0beach_robot/conv41 | hw_frame_size: 409600) >> (PullQEl_hw_read0beach_robot/conv41) >> (PostInferEl0beach_robot/conv41 | Quantization - src_type: UINT8, dst_type FLOAT32, limvals_min: -10.8307, limvals_max: 18.5504) >> (UserBuffQEl0beach_robot/conv41 | timeout: 10s)
[2026-04-28 17:14:07.064] [3710] [HailoRT] [info] [edge_elements.cpp:287] [create] Created (HwReadEl7beach_robot/conv42 | hw_frame_size: 12800)
[2026-04-28 17:14:07.064] [3710] [HailoRT] [info] [queue_elements.cpp:657] [create] Created (PullQEl_hw_read7beach_robot/conv42)
[2026-04-28 17:14:07.064] [3710] [HailoRT] [info] [filter_elements.cpp:372] [create] Created (PostInferEl7beach_robot/conv42 | Quantization - src_type: UINT8, dst_type FLOAT32, limvals_min: -25.6857, limvals_max: 0)
[2026-04-28 17:14:07.064] [3710] [HailoRT] [info] [queue_elements.cpp:800] [create] Created (UserBuffQEl7beach_robot/conv42 | timeout: 10s)
[2026-04-28 17:14:07.064] [3710] [HailoRT] [info] [vstream.cpp:1114] [OutputVStreamImpl] Creating beach_robot/conv42...
[2026-04-28 17:14:07.064] [3710] [HailoRT] [info] [vstream_builder.cpp:220] [create_outputs] Output pipeline 'beach_robot/conv42': HW >> (HwReadEl7beach_robot/conv42 | hw_frame_size: 12800) >> (PullQEl_hw_read7beach_robot/conv42) >> (PostInferEl7beach_robot/conv42 | Quantization - src_type: UINT8, dst_type FLOAT32, limvals_min: -25.6857, limvals_max: 0) >> (UserBuffQEl7beach_robot/conv42 | timeout: 10s)
[2026-04-28 17:14:07.065] [3710] [HailoRT] [info] [edge_elements.cpp:287] [create] Created (HwReadEl3beach_robot/conv52 | hw_frame_size: 102400)
[2026-04-28 17:14:07.065] [3710] [HailoRT] [info] [queue_elements.cpp:657] [create] Created (PullQEl_hw_read3beach_robot/conv52)
[2026-04-28 17:14:07.065] [3710] [HailoRT] [info] [filter_elements.cpp:372] [create] Created (PostInferEl3beach_robot/conv52 | Quantization - src_type: UINT8, dst_type FLOAT32, limvals_min: -6.53754, limvals_max: 19.9239)
[2026-04-28 17:14:07.065] [3710] [HailoRT] [info] [queue_elements.cpp:800] [create] Created (UserBuffQEl3beach_robot/conv52 | timeout: 10s)
[2026-04-28 17:14:07.065] [3710] [HailoRT] [info] [vstream.cpp:1114] [OutputVStreamImpl] Creating beach_robot/conv52...
[2026-04-28 17:14:07.065] [3710] [HailoRT] [info] [vstream_builder.cpp:220] [create_outputs] Output pipeline 'beach_robot/conv52': HW >> (HwReadEl3beach_robot/conv52 | hw_frame_size: 102400) >> (PullQEl_hw_read3beach_robot/conv52) >> (PostInferEl3beach_robot/conv52 | Quantization - src_type: UINT8, dst_type FLOAT32, limvals_min: -6.53754, limvals_max: 19.9239) >> (UserBuffQEl3beach_robot/conv52 | timeout: 10s)
[2026-04-28 17:14:07.065] [3710] [HailoRT] [info] [edge_elements.cpp:287] [create] Created (HwReadEl1beach_robot/conv53 | hw_frame_size: 3200)
[2026-04-28 17:14:07.065] [3710] [HailoRT] [info] [queue_elements.cpp:657] [create] Created (PullQEl_hw_read1beach_robot/conv53)
[2026-04-28 17:14:07.065] [3710] [HailoRT] [info] [filter_elements.cpp:372] [create] Created (PostInferEl1beach_robot/conv53 | Quantization - src_type: UINT8, dst_type FLOAT32, limvals_min: -15.7441, limvals_max: 0)
[2026-04-28 17:14:07.065] [3710] [HailoRT] [info] [queue_elements.cpp:800] [create] Created (UserBuffQEl1beach_robot/conv53 | timeout: 10s)
[2026-04-28 17:14:07.065] [3710] [HailoRT] [info] [vstream.cpp:1114] [OutputVStreamImpl] Creating beach_robot/conv53...
[2026-04-28 17:14:07.065] [3710] [HailoRT] [info] [vstream_builder.cpp:220] [create_outputs] Output pipeline 'beach_robot/conv53': HW >> (HwReadEl1beach_robot/conv53 | hw_frame_size: 3200) >> (PullQEl_hw_read1beach_robot/conv53) >> (PostInferEl1beach_robot/conv53 | Quantization - src_type: UINT8, dst_type FLOAT32, limvals_min: -15.7441, limvals_max: 0) >> (UserBuffQEl1beach_robot/conv53 | timeout: 10s)
[2026-04-28 17:14:07.065] [3710] [HailoRT] [info] [edge_elements.cpp:287] [create] Created (HwReadEl2beach_robot/conv62 | hw_frame_size: 25600)
[2026-04-28 17:14:07.065] [3710] [HailoRT] [info] [queue_elements.cpp:657] [create] Created (PullQEl_hw_read2beach_robot/conv62)
[2026-04-28 17:14:07.065] [3710] [HailoRT] [info] [filter_elements.cpp:372] [create] Created (PostInferEl2beach_robot/conv62 | Quantization - src_type: UINT8, dst_type FLOAT32, limvals_min: -8.27399, limvals_max: 14.6594)
[2026-04-28 17:14:07.065] [3710] [HailoRT] [info] [queue_elements.cpp:800] [create] Created (UserBuffQEl2beach_robot/conv62 | timeout: 10s)
[2026-04-28 17:14:07.065] [3710] [HailoRT] [info] [vstream.cpp:1114] [OutputVStreamImpl] Creating beach_robot/conv62...
[2026-04-28 17:14:07.065] [3710] [HailoRT] [info] [vstream_builder.cpp:220] [create_outputs] Output pipeline 'beach_robot/conv62': HW >> (HwReadEl2beach_robot/conv62 | hw_frame_size: 25600) >> (PullQEl_hw_read2beach_robot/conv62) >> (PostInferEl2beach_robot/conv62 | Quantization - src_type: UINT8, dst_type FLOAT32, limvals_min: -8.27399, limvals_max: 14.6594) >> (UserBuffQEl2beach_robot/conv62 | timeout: 10s)
[2026-04-28 17:14:07.065] [3710] [HailoRT] [info] [edge_elements.cpp:287] [create] Created (HwReadEl0beach_robot/conv63 | hw_frame_size: 3200)
[2026-04-28 17:14:07.065] [3710] [HailoRT] [info] [queue_elements.cpp:657] [create] Created (PullQEl_hw_read0beach_robot/conv63)
[2026-04-28 17:14:07.065] [3710] [HailoRT] [info] [filter_elements.cpp:372] [create] Created (PostInferEl0beach_robot/conv63 | Quantization - src_type: UINT8, dst_type FLOAT32, limvals_min: -15.2921, limvals_max: 1.44388 | Reorder - src_order: FCR, src_shape: (20, 20, 8), dst_order: FCR, dst_shape: (20, 20, 2))
[2026-04-28 17:14:07.065] [3710] [HailoRT] [info] [queue_elements.cpp:800] [create] Created (UserBuffQEl0beach_robot/conv63 | timeout: 10s)
[2026-04-28 17:14:07.065] [3710] [HailoRT] [info] [vstream.cpp:1114] [OutputVStreamImpl] Creating beach_robot/conv63...
[2026-04-28 17:14:07.065] [3710] [HailoRT] [info] [vstream_builder.cpp:220] [create_outputs] Output pipeline 'beach_robot/conv63': HW >> (HwReadEl0beach_robot/conv63 | hw_frame_size: 3200) >> (PullQEl_hw_read0beach_robot/conv63) >> (PostInferEl0beach_robot/conv63 | Quantization - src_type: UINT8, dst_type FLOAT32, limvals_min: -15.2921, limvals_max: 1.44388 | Reorder - src_order: FCR, src_shape: (20, 20, 8), dst_order: FCR, dst_shape: (20, 20, 2)) >> (UserBuffQEl0beach_robot/conv63 | timeout: 10s)
[2026-04-28 17:14:07.066] [3710] [HailoRT] [info] [core_op.cpp:156] [activate] Activating beach_robot took 0.523508 milliseconds. Note that the function is asynchronous and thus the network is not fully activated yet.
[2026-04-28 17:14:07.066] [3710] [HailoRT] [info] [core_op.cpp:156] [activate] Activating beach_robot took 0.532415 milliseconds. Note that the function is asynchronous and thus the network is not fully activated yet.
[2026-04-28 17:14:07.085] [6115] [HailoRT] [info] [vdevice_native_stream.cpp:331] [read_impl] Failed read from stream HAILO_STREAM_NOT_ACTIVATED(72) (device: 0001:01:00.0)
[2026-04-28 17:14:07.085] [6111] [HailoRT] [info] [vdevice_native_stream.cpp:331] [read_impl] Failed read from stream HAILO_STREAM_NOT_ACTIVATED(72) (device: 0001:01:00.0)
[2026-04-28 17:14:07.085] [6117] [HailoRT] [info] [vdevice_native_stream.cpp:331] [read_impl] Failed read from stream HAILO_STREAM_NOT_ACTIVATED(72) (device: 0001:01:00.0)
[2026-04-28 17:14:07.085] [6109] [HailoRT] [info] [vdevice_native_stream.cpp:331] [read_impl] Failed read from stream HAILO_STREAM_NOT_ACTIVATED(72) (device: 0001:01:00.0)
[2026-04-28 17:14:07.085] [6113] [HailoRT] [info] [vdevice_native_stream.cpp:331] [read_impl] Failed read from stream HAILO_STREAM_NOT_ACTIVATED(72) (device: 0001:01:00.0)
[2026-04-28 17:14:07.085] [6107] [HailoRT] [info] [vdevice_native_stream.cpp:331] [read_impl] Failed read from stream HAILO_STREAM_NOT_ACTIVATED(72) (device: 0001:01:00.0)
[2026-04-28 17:14:07.085] [3710] [HailoRT] [info] [core_op.cpp:186] [deactivate] Deactivating took 0.526396 ms
[2026-04-28 17:14:07.085] [3710] [HailoRT] [info] [core_op.cpp:186] [deactivate] Deactivating took 0.536971 ms
[2026-04-28 17:14:07.085] [6107] [HailoRT] [info] [queue_elements.cpp:734] [run_in_thread] Shutdown event was signaled in run_pull of queue element PullQEl_hw_read0beach_robot/conv41!
[2026-04-28 17:14:07.085] [6108] [HailoRT] [info] [queue_elements.cpp:855] [run_in_thread] Shutdown event was signaled in dequeue of UserBuffQEl0beach_robot/conv41!
[2026-04-28 17:14:07.085] [6107] [HailoRT] [info] [queue_elements.cpp:68] [operator()] Thread in element PullQEl_hw_read0beach_robot/conv41 is not running anymore, exiting..
[2026-04-28 17:14:07.085] [3710] [HailoRT] [info] [queue_elements.cpp:46] [~BaseQueueElement] Queue element PullQEl_hw_read0beach_robot/conv41 has 0 frames in his Queue on destruction
[2026-04-28 17:14:07.085] [6108] [HailoRT] [info] [queue_elements.cpp:68] [operator()] Thread in element UserBuffQEl0beach_robot/conv41 is not running anymore, exiting..
[2026-04-28 17:14:07.085] [3710] [HailoRT] [info] [queue_elements.cpp:46] [~BaseQueueElement] Queue element UserBuffQEl0beach_robot/conv41 has 0 frames in his Queue on destruction
[2026-04-28 17:14:07.085] [6109] [HailoRT] [info] [queue_elements.cpp:734] [run_in_thread] Shutdown event was signaled in run_pull of queue element PullQEl_hw_read7beach_robot/conv42!
[2026-04-28 17:14:07.085] [6110] [HailoRT] [info] [queue_elements.cpp:855] [run_in_thread] Shutdown event was signaled in dequeue of UserBuffQEl7beach_robot/conv42!
[2026-04-28 17:14:07.085] [6109] [HailoRT] [info] [queue_elements.cpp:68] [operator()] Thread in element PullQEl_hw_read7beach_robot/conv42 is not running anymore, exiting..
[2026-04-28 17:14:07.085] [3710] [HailoRT] [info] [queue_elements.cpp:46] [~BaseQueueElement] Queue element PullQEl_hw_read7beach_robot/conv42 has 0 frames in his Queue on destruction
[2026-04-28 17:14:07.085] [6110] [HailoRT] [info] [queue_elements.cpp:68] [operator()] Thread in element UserBuffQEl7beach_robot/conv42 is not running anymore, exiting..
[2026-04-28 17:14:07.085] [3710] [HailoRT] [info] [queue_elements.cpp:46] [~BaseQueueElement] Queue element UserBuffQEl7beach_robot/conv42 has 0 frames in his Queue on destruction
[2026-04-28 17:14:07.085] [6111] [HailoRT] [info] [queue_elements.cpp:734] [run_in_thread] Shutdown event was signaled in run_pull of queue element PullQEl_hw_read3beach_robot/conv52!
[2026-04-28 17:14:07.085] [6112] [HailoRT] [info] [queue_elements.cpp:855] [run_in_thread] Shutdown event was signaled in dequeue of UserBuffQEl3beach_robot/conv52!
[2026-04-28 17:14:07.085] [6111] [HailoRT] [info] [queue_elements.cpp:68] [operator()] Thread in element PullQEl_hw_read3beach_robot/conv52 is not running anymore, exiting..
[2026-04-28 17:14:07.086] [3710] [HailoRT] [info] [queue_elements.cpp:46] [~BaseQueueElement] Queue element PullQEl_hw_read3beach_robot/conv52 has 0 frames in his Queue on destruction
[2026-04-28 17:14:07.086] [6112] [HailoRT] [info] [queue_elements.cpp:68] [operator()] Thread in element UserBuffQEl3beach_robot/conv52 is not running anymore, exiting..
[2026-04-28 17:14:07.086] [3710] [HailoRT] [info] [queue_elements.cpp:46] [~BaseQueueElement] Queue element UserBuffQEl3beach_robot/conv52 has 0 frames in his Queue on destruction
[2026-04-28 17:14:07.086] [6113] [HailoRT] [info] [queue_elements.cpp:734] [run_in_thread] Shutdown event was signaled in run_pull of queue element PullQEl_hw_read1beach_robot/conv53!
[2026-04-28 17:14:07.086] [6114] [HailoRT] [info] [queue_elements.cpp:855] [run_in_thread] Shutdown event was signaled in dequeue of UserBuffQEl1beach_robot/conv53!
[2026-04-28 17:14:07.086] [6113] [HailoRT] [info] [queue_elements.cpp:68] [operator()] Thread in element PullQEl_hw_read1beach_robot/conv53 is not running anymore, exiting..
[2026-04-28 17:14:07.086] [3710] [HailoRT] [info] [queue_elements.cpp:46] [~BaseQueueElement] Queue element PullQEl_hw_read1beach_robot/conv53 has 0 frames in his Queue on destruction
[2026-04-28 17:14:07.086] [6114] [HailoRT] [info] [queue_elements.cpp:68] [operator()] Thread in element UserBuffQEl1beach_robot/conv53 is not running anymore, exiting..
[2026-04-28 17:14:07.086] [3710] [HailoRT] [info] [queue_elements.cpp:46] [~BaseQueueElement] Queue element UserBuffQEl1beach_robot/conv53 has 0 frames in his Queue on destruction
[2026-04-28 17:14:07.086] [6115] [HailoRT] [info] [queue_elements.cpp:734] [run_in_thread] Shutdown event was signaled in run_pull of queue element PullQEl_hw_read2beach_robot/conv62!
[2026-04-28 17:14:07.086] [6116] [HailoRT] [info] [queue_elements.cpp:855] [run_in_thread] Shutdown event was signaled in dequeue of UserBuffQEl2beach_robot/conv62!
[2026-04-28 17:14:07.086] [6115] [HailoRT] [info] [queue_elements.cpp:68] [operator()] Thread in element PullQEl_hw_read2beach_robot/conv62 is not running anymore, exiting..
[2026-04-28 17:14:07.086] [3710] [HailoRT] [info] [queue_elements.cpp:46] [~BaseQueueElement] Queue element PullQEl_hw_read2beach_robot/conv62 has 0 frames in his Queue on destruction
[2026-04-28 17:14:07.086] [6116] [HailoRT] [info] [queue_elements.cpp:68] [operator()] Thread in element UserBuffQEl2beach_robot/conv62 is not running anymore, exiting..
[2026-04-28 17:14:07.086] [3710] [HailoRT] [info] [queue_elements.cpp:46] [~BaseQueueElement] Queue element UserBuffQEl2beach_robot/conv62 has 0 frames in his Queue on destruction
[2026-04-28 17:14:07.086] [6117] [HailoRT] [info] [queue_elements.cpp:734] [run_in_thread] Shutdown event was signaled in run_pull of queue element PullQEl_hw_read0beach_robot/conv63!
[2026-04-28 17:14:07.086] [6118] [HailoRT] [info] [queue_elements.cpp:855] [run_in_thread] Shutdown event was signaled in dequeue of UserBuffQEl0beach_robot/conv63!
[2026-04-28 17:14:07.086] [6117] [HailoRT] [info] [queue_elements.cpp:68] [operator()] Thread in element PullQEl_hw_read0beach_robot/conv63 is not running anymore, exiting..
[2026-04-28 17:14:07.086] [3710] [HailoRT] [info] [queue_elements.cpp:46] [~BaseQueueElement] Queue element PullQEl_hw_read0beach_robot/conv63 has 0 frames in his Queue on destruction
[2026-04-28 17:14:07.086] [6118] [HailoRT] [info] [queue_elements.cpp:68] [operator()] Thread in element UserBuffQEl0beach_robot/conv63 is not running anymore, exiting..
[2026-04-28 17:14:07.086] [3710] [HailoRT] [info] [queue_elements.cpp:46] [~BaseQueueElement] Queue element UserBuffQEl0beach_robot/conv63 has 0 frames in his Queue on destruction
[2026-04-28 17:14:07.386] [3710] [HailoRT] [info] [edge_elements.cpp:52] [create] Created (HwWriteEl2beach_robot/input_layer1 | hw_frame_size: 1228800)
[2026-04-28 17:14:07.386] [3710] [HailoRT] [info] [vstream.cpp:754] [InputVStreamImpl] Creating beach_robot/input_layer1...
[2026-04-28 17:14:07.386] [3710] [HailoRT] [info] [vstream_builder.cpp:102] [create_inputs] Input pipeline 'beach_robot/input_layer1': (HwWriteEl2beach_robot/input_layer1 | hw_frame_size: 1228800) >> HW
[2026-04-28 17:14:07.386] [3710] [HailoRT] [info] [edge_elements.cpp:287] [create] Created (HwReadEl0beach_robot/conv41 | hw_frame_size: 409600)
[2026-04-28 17:14:07.386] [3710] [HailoRT] [info] [queue_elements.cpp:657] [create] Created (PullQEl_hw_read0beach_robot/conv41)
[2026-04-28 17:14:07.386] [3710] [HailoRT] [info] [filter_elements.cpp:372] [create] Created (PostInferEl0beach_robot/conv41 | Quantization - src_type: UINT8, dst_type FLOAT32, limvals_min: -10.8307, limvals_max: 18.5504)
[2026-04-28 17:14:07.386] [3710] [HailoRT] [info] [queue_elements.cpp:800] [create] Created (UserBuffQEl0beach_robot/conv41 | timeout: 10s)
[2026-04-28 17:14:07.386] [3710] [HailoRT] [info] [vstream.cpp:1114] [OutputVStreamImpl] Creating beach_robot/conv41...
[2026-04-28 17:14:07.386] [3710] [HailoRT] [info] [vstream_builder.cpp:220] [create_outputs] Output pipeline 'beach_robot/conv41': HW >> (HwReadEl0beach_robot/conv41 | hw_frame_size: 409600) >> (PullQEl_hw_read0beach_robot/conv41) >> (PostInferEl0beach_robot/conv41 | Quantization - src_type: UINT8, dst_type FLOAT32, limvals_min: -10.8307, limvals_max: 18.5504) >> (UserBuffQEl0beach_robot/conv41 | timeout: 10s)
[2026-04-28 17:14:07.386] [3710] [HailoRT] [info] [edge_elements.cpp:287] [create] Created (HwReadEl7beach_robot/conv42 | hw_frame_size: 12800)
[2026-04-28 17:14:07.386] [3710] [HailoRT] [info] [queue_elements.cpp:657] [create] Created (PullQEl_hw_read7beach_robot/conv42)
[2026-04-28 17:14:07.387] [3710] [HailoRT] [info] [filter_elements.cpp:372] [create] Created (PostInferEl7beach_robot/conv42 | Quantization - src_type: UINT8, dst_type FLOAT32, limvals_min: -25.6857, limvals_max: 0)
[2026-04-28 17:14:07.387] [3710] [HailoRT] [info] [queue_elements.cpp:800] [create] Created (UserBuffQEl7beach_robot/conv42 | timeout: 10s)
[2026-04-28 17:14:07.387] [3710] [HailoRT] [info] [vstream.cpp:1114] [OutputVStreamImpl] Creating beach_robot/conv42...
[2026-04-28 17:14:07.387] [3710] [HailoRT] [info] [vstream_builder.cpp:220] [create_outputs] Output pipeline 'beach_robot/conv42': HW >> (HwReadEl7beach_robot/conv42 | hw_frame_size: 12800) >> (PullQEl_hw_read7beach_robot/conv42) >> (PostInferEl7beach_robot/conv42 | Quantization - src_type: UINT8, dst_type FLOAT32, limvals_min: -25.6857, limvals_max: 0) >> (UserBuffQEl7beach_robot/conv42 | timeout: 10s)
[2026-04-28 17:14:07.387] [3710] [HailoRT] [info] [edge_elements.cpp:287] [create] Created (HwReadEl3beach_robot/conv52 | hw_frame_size: 102400)
[2026-04-28 17:14:07.387] [3710] [HailoRT] [info] [queue_elements.cpp:657] [create] Created (PullQEl_hw_read3beach_robot/conv52)
[2026-04-28 17:14:07.387] [3710] [HailoRT] [info] [filter_elements.cpp:372] [create] Created (PostInferEl3beach_robot/conv52 | Quantization - src_type: UINT8, dst_type FLOAT32, limvals_min: -6.53754, limvals_max: 19.9239)
[2026-04-28 17:14:07.387] [3710] [HailoRT] [info] [queue_elements.cpp:800] [create] Created (UserBuffQEl3beach_robot/conv52 | timeout: 10s)
[2026-04-28 17:14:07.387] [3710] [HailoRT] [info] [vstream.cpp:1114] [OutputVStreamImpl] Creating beach_robot/conv52...
[2026-04-28 17:14:07.387] [3710] [HailoRT] [info] [vstream_builder.cpp:220] [create_outputs] Output pipeline 'beach_robot/conv52': HW >> (HwReadEl3beach_robot/conv52 | hw_frame_size: 102400) >> (PullQEl_hw_read3beach_robot/conv52) >> (PostInferEl3beach_robot/conv52 | Quantization - src_type: UINT8, dst_type FLOAT32, limvals_min: -6.53754, limvals_max: 19.9239) >> (UserBuffQEl3beach_robot/conv52 | timeout: 10s)
[2026-04-28 17:14:07.387] [3710] [HailoRT] [info] [edge_elements.cpp:287] [create] Created (HwReadEl1beach_robot/conv53 | hw_frame_size: 3200)
[2026-04-28 17:14:07.387] [3710] [HailoRT] [info] [queue_elements.cpp:657] [create] Created (PullQEl_hw_read1beach_robot/conv53)
[2026-04-28 17:14:07.387] [3710] [HailoRT] [info] [filter_elements.cpp:372] [create] Created (PostInferEl1beach_robot/conv53 | Quantization - src_type: UINT8, dst_type FLOAT32, limvals_min: -15.7441, limvals_max: 0)
[2026-04-28 17:14:07.387] [3710] [HailoRT] [info] [queue_elements.cpp:800] [create] Created (UserBuffQEl1beach_robot/conv53 | timeout: 10s)
[2026-04-28 17:14:07.387] [3710] [HailoRT] [info] [vstream.cpp:1114] [OutputVStreamImpl] Creating beach_robot/conv53...
[2026-04-28 17:14:07.387] [3710] [HailoRT] [info] [vstream_builder.cpp:220] [create_outputs] Output pipeline 'beach_robot/conv53': HW >> (HwReadEl1beach_robot/conv53 | hw_frame_size: 3200) >> (PullQEl_hw_read1beach_robot/conv53) >> (PostInferEl1beach_robot/conv53 | Quantization - src_type: UINT8, dst_type FLOAT32, limvals_min: -15.7441, limvals_max: 0) >> (UserBuffQEl1beach_robot/conv53 | timeout: 10s)
[2026-04-28 17:14:07.387] [3710] [HailoRT] [info] [edge_elements.cpp:287] [create] Created (HwReadEl2beach_robot/conv62 | hw_frame_size: 25600)
[2026-04-28 17:14:07.387] [3710] [HailoRT] [info] [queue_elements.cpp:657] [create] Created (PullQEl_hw_read2beach_robot/conv62)
[2026-04-28 17:14:07.387] [3710] [HailoRT] [info] [filter_elements.cpp:372] [create] Created (PostInferEl2beach_robot/conv62 | Quantization - src_type: UINT8, dst_type FLOAT32, limvals_min: -8.27399, limvals_max: 14.6594)
[2026-04-28 17:14:07.387] [3710] [HailoRT] [info] [queue_elements.cpp:800] [create] Created (UserBuffQEl2beach_robot/conv62 | timeout: 10s)
[2026-04-28 17:14:07.387] [3710] [HailoRT] [info] [vstream.cpp:1114] [OutputVStreamImpl] Creating beach_robot/conv62...
[2026-04-28 17:14:07.387] [3710] [HailoRT] [info] [vstream_builder.cpp:220] [create_outputs] Output pipeline 'beach_robot/conv62': HW >> (HwReadEl2beach_robot/conv62 | hw_frame_size: 25600) >> (PullQEl_hw_read2beach_robot/conv62) >> (PostInferEl2beach_robot/conv62 | Quantization - src_type: UINT8, dst_type FLOAT32, limvals_min: -8.27399, limvals_max: 14.6594) >> (UserBuffQEl2beach_robot/conv62 | timeout: 10s)
[2026-04-28 17:14:07.387] [3710] [HailoRT] [info] [edge_elements.cpp:287] [create] Created (HwReadEl0beach_robot/conv63 | hw_frame_size: 3200)
[2026-04-28 17:14:07.387] [3710] [HailoRT] [info] [queue_elements.cpp:657] [create] Created (PullQEl_hw_read0beach_robot/conv63)
[2026-04-28 17:14:07.387] [3710] [HailoRT] [info] [filter_elements.cpp:372] [create] Created (PostInferEl0beach_robot/conv63 | Quantization - src_type: UINT8, dst_type FLOAT32, limvals_min: -15.2921, limvals_max: 1.44388 | Reorder - src_order: FCR, src_shape: (20, 20, 8), dst_order: FCR, dst_shape: (20, 20, 2))
[2026-04-28 17:14:07.387] [3710] [HailoRT] [info] [queue_elements.cpp:800] [create] Created (UserBuffQEl0beach_robot/conv63 | timeout: 10s)
[2026-04-28 17:14:07.387] [3710] [HailoRT] [info] [vstream.cpp:1114] [OutputVStreamImpl] Creating beach_robot/conv63...
[2026-04-28 17:14:07.387] [3710] [HailoRT] [info] [vstream_builder.cpp:220] [create_outputs] Output pipeline 'beach_robot/conv63': HW >> (HwReadEl0beach_robot/conv63 | hw_frame_size: 3200) >> (PullQEl_hw_read0beach_robot/conv63) >> (PostInferEl0beach_robot/conv63 | Quantization - src_type: UINT8, dst_type FLOAT32, limvals_min: -15.2921, limvals_max: 1.44388 | Reorder - src_order: FCR, src_shape: (20, 20, 8), dst_order: FCR, dst_shape: (20, 20, 2)) >> (UserBuffQEl0beach_robot/conv63 | timeout: 10s)
[2026-04-28 17:14:07.388] [3710] [HailoRT] [info] [core_op.cpp:156] [activate] Activating beach_robot took 0.525008 milliseconds. Note that the function is asynchronous and thus the network is not fully activated yet.
[2026-04-28 17:14:07.388] [3710] [HailoRT] [info] [core_op.cpp:156] [activate] Activating beach_robot took 0.534581 milliseconds. Note that the function is asynchronous and thus the network is not fully activated yet.
[2026-04-28 17:14:07.407] [6128] [HailoRT] [info] [vdevice_native_stream.cpp:331] [read_impl] Failed read from stream HAILO_STREAM_NOT_ACTIVATED(72) (device: 0001:01:00.0)
[2026-04-28 17:14:07.407] [6136] [HailoRT] [info] [vdevice_native_stream.cpp:331] [read_impl] Failed read from stream HAILO_STREAM_NOT_ACTIVATED(72) (device: 0001:01:00.0)
[2026-04-28 17:14:07.407] [6126] [HailoRT] [info] [vdevice_native_stream.cpp:331] [read_impl] Failed read from stream HAILO_STREAM_NOT_ACTIVATED(72) (device: 0001:01:00.0)
[2026-04-28 17:14:07.407] [6130] [HailoRT] [info] [vdevice_native_stream.cpp:331] [read_impl] Failed read from stream HAILO_STREAM_NOT_ACTIVATED(72) (device: 0001:01:00.0)
[2026-04-28 17:14:07.407] [6132] [HailoRT] [info] [vdevice_native_stream.cpp:331] [read_impl] Failed read from stream HAILO_STREAM_NOT_ACTIVATED(72) (device: 0001:01:00.0)
[2026-04-28 17:14:07.407] [6134] [HailoRT] [info] [vdevice_native_stream.cpp:331] [read_impl] Failed read from stream HAILO_STREAM_NOT_ACTIVATED(72) (device: 0001:01:00.0)
[2026-04-28 17:14:07.407] [3710] [HailoRT] [info] [core_op.cpp:186] [deactivate] Deactivating took 0.500545 ms
[2026-04-28 17:14:07.407] [3710] [HailoRT] [info] [core_op.cpp:186] [deactivate] Deactivating took 0.512822 ms
[2026-04-28 17:14:07.407] [6126] [HailoRT] [info] [queue_elements.cpp:734] [run_in_thread] Shutdown event was signaled in run_pull of queue element PullQEl_hw_read0beach_robot/conv41!
[2026-04-28 17:14:07.407] [6127] [HailoRT] [info] [queue_elements.cpp:855] [run_in_thread] Shutdown event was signaled in dequeue of UserBuffQEl0beach_robot/conv41!
[2026-04-28 17:14:07.407] [6126] [HailoRT] [info] [queue_elements.cpp:68] [operator()] Thread in element PullQEl_hw_read0beach_robot/conv41 is not running anymore, exiting..
[2026-04-28 17:14:07.407] [3710] [HailoRT] [info] [queue_elements.cpp:46] [~BaseQueueElement] Queue element PullQEl_hw_read0beach_robot/conv41 has 0 frames in his Queue on destruction
[2026-04-28 17:14:07.407] [6127] [HailoRT] [info] [queue_elements.cpp:68] [operator()] Thread in element UserBuffQEl0beach_robot/conv41 is not running anymore, exiting..
[2026-04-28 17:14:07.407] [3710] [HailoRT] [info] [queue_elements.cpp:46] [~BaseQueueElement] Queue element UserBuffQEl0beach_robot/conv41 has 0 frames in his Queue on destruction
[2026-04-28 17:14:07.407] [6128] [HailoRT] [info] [queue_elements.cpp:734] [run_in_thread] Shutdown event was signaled in run_pull of queue element PullQEl_hw_read7beach_robot/conv42!
[2026-04-28 17:14:07.407] [6129] [HailoRT] [info] [queue_elements.cpp:855] [run_in_thread] Shutdown event was signaled in dequeue of UserBuffQEl7beach_robot/conv42!
[2026-04-28 17:14:07.407] [6128] [HailoRT] [info] [queue_elements.cpp:68] [operator()] Thread in element PullQEl_hw_read7beach_robot/conv42 is not running anymore, exiting..
[2026-04-28 17:14:07.407] [3710] [HailoRT] [info] [queue_elements.cpp:46] [~BaseQueueElement] Queue element PullQEl_hw_read7beach_robot/conv42 has 0 frames in his Queue on destruction
[2026-04-28 17:14:07.407] [6129] [HailoRT] [info] [queue_elements.cpp:68] [operator()] Thread in element UserBuffQEl7beach_robot/conv42 is not running anymore, exiting..
[2026-04-28 17:14:07.407] [3710] [HailoRT] [info] [queue_elements.cpp:46] [~BaseQueueElement] Queue element UserBuffQEl7beach_robot/conv42 has 0 frames in his Queue on destruction
[2026-04-28 17:14:07.407] [6130] [HailoRT] [info] [queue_elements.cpp:734] [run_in_thread] Shutdown event was signaled in run_pull of queue element PullQEl_hw_read3beach_robot/conv52!
[2026-04-28 17:14:07.407] [6131] [HailoRT] [info] [queue_elements.cpp:855] [run_in_thread] Shutdown event was signaled in dequeue of UserBuffQEl3beach_robot/conv52!
[2026-04-28 17:14:07.408] [6130] [HailoRT] [info] [queue_elements.cpp:68] [operator()] Thread in element PullQEl_hw_read3beach_robot/conv52 is not running anymore, exiting..
[2026-04-28 17:14:07.408] [3710] [HailoRT] [info] [queue_elements.cpp:46] [~BaseQueueElement] Queue element PullQEl_hw_read3beach_robot/conv52 has 0 frames in his Queue on destruction
[2026-04-28 17:14:07.408] [6131] [HailoRT] [info] [queue_elements.cpp:68] [operator()] Thread in element UserBuffQEl3beach_robot/conv52 is not running anymore, exiting..
[2026-04-28 17:14:07.408] [3710] [HailoRT] [info] [queue_elements.cpp:46] [~BaseQueueElement] Queue element UserBuffQEl3beach_robot/conv52 has 0 frames in his Queue on destruction
[2026-04-28 17:14:07.408] [6132] [HailoRT] [info] [queue_elements.cpp:734] [run_in_thread] Shutdown event was signaled in run_pull of queue element PullQEl_hw_read1beach_robot/conv53!
[2026-04-28 17:14:07.408] [6133] [HailoRT] [info] [queue_elements.cpp:855] [run_in_thread] Shutdown event was signaled in dequeue of UserBuffQEl1beach_robot/conv53!
[2026-04-28 17:14:07.408] [6132] [HailoRT] [info] [queue_elements.cpp:68] [operator()] Thread in element PullQEl_hw_read1beach_robot/conv53 is not running anymore, exiting..
[2026-04-28 17:14:07.408] [3710] [HailoRT] [info] [queue_elements.cpp:46] [~BaseQueueElement] Queue element PullQEl_hw_read1beach_robot/conv53 has 0 frames in his Queue on destruction
[2026-04-28 17:14:07.408] [6133] [HailoRT] [info] [queue_elements.cpp:68] [operator()] Thread in element UserBuffQEl1beach_robot/conv53 is not running anymore, exiting..
[2026-04-28 17:14:07.408] [3710] [HailoRT] [info] [queue_elements.cpp:46] [~BaseQueueElement] Queue element UserBuffQEl1beach_robot/conv53 has 0 frames in his Queue on destruction
[2026-04-28 17:14:07.408] [6135] [HailoRT] [info] [queue_elements.cpp:855] [run_in_thread] Shutdown event was signaled in dequeue of UserBuffQEl2beach_robot/conv62!
[2026-04-28 17:14:07.408] [6134] [HailoRT] [info] [queue_elements.cpp:734] [run_in_thread] Shutdown event was signaled in run_pull of queue element PullQEl_hw_read2beach_robot/conv62!
[2026-04-28 17:14:07.408] [6134] [HailoRT] [info] [queue_elements.cpp:68] [operator()] Thread in element PullQEl_hw_read2beach_robot/conv62 is not running anymore, exiting..
[2026-04-28 17:14:07.408] [3710] [HailoRT] [info] [queue_elements.cpp:46] [~BaseQueueElement] Queue element PullQEl_hw_read2beach_robot/conv62 has 0 frames in his Queue on destruction
[2026-04-28 17:14:07.408] [6135] [HailoRT] [info] [queue_elements.cpp:68] [operator()] Thread in element UserBuffQEl2beach_robot/conv62 is not running anymore, exiting..
[2026-04-28 17:14:07.408] [3710] [HailoRT] [info] [queue_elements.cpp:46] [~BaseQueueElement] Queue element UserBuffQEl2beach_robot/conv62 has 0 frames in his Queue on destruction
[2026-04-28 17:14:07.408] [6136] [HailoRT] [info] [queue_elements.cpp:734] [run_in_thread] Shutdown event was signaled in run_pull of queue element PullQEl_hw_read0beach_robot/conv63!
[2026-04-28 17:14:07.408] [6137] [HailoRT] [info] [queue_elements.cpp:855] [run_in_thread] Shutdown event was signaled in dequeue of UserBuffQEl0beach_robot/conv63!
[2026-04-28 17:14:07.408] [6136] [HailoRT] [info] [queue_elements.cpp:68] [operator()] Thread in element PullQEl_hw_read0beach_robot/conv63 is not running anymore, exiting..
[2026-04-28 17:14:07.408] [3710] [HailoRT] [info] [queue_elements.cpp:46] [~BaseQueueElement] Queue element PullQEl_hw_read0beach_robot/conv63 has 0 frames in his Queue on destruction
[2026-04-28 17:14:07.408] [6137] [HailoRT] [info] [queue_elements.cpp:68] [operator()] Thread in element UserBuffQEl0beach_robot/conv63 is not running anymore, exiting..
[2026-04-28 17:14:07.408] [3710] [HailoRT] [info] [queue_elements.cpp:46] [~BaseQueueElement] Queue element UserBuffQEl0beach_robot/conv63 has 0 frames in his Queue on destruction
[2026-04-28 17:14:07.709] [3710] [HailoRT] [info] [edge_elements.cpp:52] [create] Created (HwWriteEl2beach_robot/input_layer1 | hw_frame_size: 1228800)
[2026-04-28 17:14:07.709] [3710] [HailoRT] [info] [vstream.cpp:754] [InputVStreamImpl] Creating beach_robot/input_layer1...
[2026-04-28 17:14:07.709] [3710] [HailoRT] [info] [vstream_builder.cpp:102] [create_inputs] Input pipeline 'beach_robot/input_layer1': (HwWriteEl2beach_robot/input_layer1 | hw_frame_size: 1228800) >> HW
[2026-04-28 17:14:07.709] [3710] [HailoRT] [info] [edge_elements.cpp:287] [create] Created (HwReadEl0beach_robot/conv41 | hw_frame_size: 409600)
[2026-04-28 17:14:07.709] [3710] [HailoRT] [info] [queue_elements.cpp:657] [create] Created (PullQEl_hw_read0beach_robot/conv41)
[2026-04-28 17:14:07.709] [3710] [HailoRT] [info] [filter_elements.cpp:372] [create] Created (PostInferEl0beach_robot/conv41 | Quantization - src_type: UINT8, dst_type FLOAT32, limvals_min: -10.8307, limvals_max: 18.5504)
[2026-04-28 17:14:07.709] [3710] [HailoRT] [info] [queue_elements.cpp:800] [create] Created (UserBuffQEl0beach_robot/conv41 | timeout: 10s)
[2026-04-28 17:14:07.709] [3710] [HailoRT] [info] [vstream.cpp:1114] [OutputVStreamImpl] Creating beach_robot/conv41...
[2026-04-28 17:14:07.709] [3710] [HailoRT] [info] [vstream_builder.cpp:220] [create_outputs] Output pipeline 'beach_robot/conv41': HW >> (HwReadEl0beach_robot/conv41 | hw_frame_size: 409600) >> (PullQEl_hw_read0beach_robot/conv41) >> (PostInferEl0beach_robot/conv41 | Quantization - src_type: UINT8, dst_type FLOAT32, limvals_min: -10.8307, limvals_max: 18.5504) >> (UserBuffQEl0beach_robot/conv41 | timeout: 10s)
[2026-04-28 17:14:07.709] [3710] [HailoRT] [info] [edge_elements.cpp:287] [create] Created (HwReadEl7beach_robot/conv42 | hw_frame_size: 12800)
[2026-04-28 17:14:07.709] [3710] [HailoRT] [info] [queue_elements.cpp:657] [create] Created (PullQEl_hw_read7beach_robot/conv42)
[2026-04-28 17:14:07.709] [3710] [HailoRT] [info] [filter_elements.cpp:372] [create] Created (PostInferEl7beach_robot/conv42 | Quantization - src_type: UINT8, dst_type FLOAT32, limvals_min: -25.6857, limvals_max: 0)
[2026-04-28 17:14:07.709] [3710] [HailoRT] [info] [queue_elements.cpp:800] [create] Created (UserBuffQEl7beach_robot/conv42 | timeout: 10s)
[2026-04-28 17:14:07.709] [3710] [HailoRT] [info] [vstream.cpp:1114] [OutputVStreamImpl] Creating beach_robot/conv42...
[2026-04-28 17:14:07.709] [3710] [HailoRT] [info] [vstream_builder.cpp:220] [create_outputs] Output pipeline 'beach_robot/conv42': HW >> (HwReadEl7beach_robot/conv42 | hw_frame_size: 12800) >> (PullQEl_hw_read7beach_robot/conv42) >> (PostInferEl7beach_robot/conv42 | Quantization - src_type: UINT8, dst_type FLOAT32, limvals_min: -25.6857, limvals_max: 0) >> (UserBuffQEl7beach_robot/conv42 | timeout: 10s)
[2026-04-28 17:14:07.709] [3710] [HailoRT] [info] [edge_elements.cpp:287] [create] Created (HwReadEl3beach_robot/conv52 | hw_frame_size: 102400)
[2026-04-28 17:14:07.709] [3710] [HailoRT] [info] [queue_elements.cpp:657] [create] Created (PullQEl_hw_read3beach_robot/conv52)
[2026-04-28 17:14:07.709] [3710] [HailoRT] [info] [filter_elements.cpp:372] [create] Created (PostInferEl3beach_robot/conv52 | Quantization - src_type: UINT8, dst_type FLOAT32, limvals_min: -6.53754, limvals_max: 19.9239)
[2026-04-28 17:14:07.710] [3710] [HailoRT] [info] [queue_elements.cpp:800] [create] Created (UserBuffQEl3beach_robot/conv52 | timeout: 10s)
[2026-04-28 17:14:07.710] [3710] [HailoRT] [info] [vstream.cpp:1114] [OutputVStreamImpl] Creating beach_robot/conv52...
[2026-04-28 17:14:07.710] [3710] [HailoRT] [info] [vstream_builder.cpp:220] [create_outputs] Output pipeline 'beach_robot/conv52': HW >> (HwReadEl3beach_robot/conv52 | hw_frame_size: 102400) >> (PullQEl_hw_read3beach_robot/conv52) >> (PostInferEl3beach_robot/conv52 | Quantization - src_type: UINT8, dst_type FLOAT32, limvals_min: -6.53754, limvals_max: 19.9239) >> (UserBuffQEl3beach_robot/conv52 | timeout: 10s)
[2026-04-28 17:14:07.710] [3710] [HailoRT] [info] [edge_elements.cpp:287] [create] Created (HwReadEl1beach_robot/conv53 | hw_frame_size: 3200)
[2026-04-28 17:14:07.710] [3710] [HailoRT] [info] [queue_elements.cpp:657] [create] Created (PullQEl_hw_read1beach_robot/conv53)
[2026-04-28 17:14:07.710] [3710] [HailoRT] [info] [filter_elements.cpp:372] [create] Created (PostInferEl1beach_robot/conv53 | Quantization - src_type: UINT8, dst_type FLOAT32, limvals_min: -15.7441, limvals_max: 0)
[2026-04-28 17:14:07.710] [3710] [HailoRT] [info] [queue_elements.cpp:800] [create] Created (UserBuffQEl1beach_robot/conv53 | timeout: 10s)
[2026-04-28 17:14:07.710] [3710] [HailoRT] [info] [vstream.cpp:1114] [OutputVStreamImpl] Creating beach_robot/conv53...
[2026-04-28 17:14:07.710] [3710] [HailoRT] [info] [vstream_builder.cpp:220] [create_outputs] Output pipeline 'beach_robot/conv53': HW >> (HwReadEl1beach_robot/conv53 | hw_frame_size: 3200) >> (PullQEl_hw_read1beach_robot/conv53) >> (PostInferEl1beach_robot/conv53 | Quantization - src_type: UINT8, dst_type FLOAT32, limvals_min: -15.7441, limvals_max: 0) >> (UserBuffQEl1beach_robot/conv53 | timeout: 10s)
[2026-04-28 17:14:07.710] [3710] [HailoRT] [info] [edge_elements.cpp:287] [create] Created (HwReadEl2beach_robot/conv62 | hw_frame_size: 25600)
[2026-04-28 17:14:07.710] [3710] [HailoRT] [info] [queue_elements.cpp:657] [create] Created (PullQEl_hw_read2beach_robot/conv62)
[2026-04-28 17:14:07.710] [3710] [HailoRT] [info] [filter_elements.cpp:372] [create] Created (PostInferEl2beach_robot/conv62 | Quantization - src_type: UINT8, dst_type FLOAT32, limvals_min: -8.27399, limvals_max: 14.6594)
[2026-04-28 17:14:07.710] [3710] [HailoRT] [info] [queue_elements.cpp:800] [create] Created (UserBuffQEl2beach_robot/conv62 | timeout: 10s)
[2026-04-28 17:14:07.710] [3710] [HailoRT] [info] [vstream.cpp:1114] [OutputVStreamImpl] Creating beach_robot/conv62...
[2026-04-28 17:14:07.710] [3710] [HailoRT] [info] [vstream_builder.cpp:220] [create_outputs] Output pipeline 'beach_robot/conv62': HW >> (HwReadEl2beach_robot/conv62 | hw_frame_size: 25600) >> (PullQEl_hw_read2beach_robot/conv62) >> (PostInferEl2beach_robot/conv62 | Quantization - src_type: UINT8, dst_type FLOAT32, limvals_min: -8.27399, limvals_max: 14.6594) >> (UserBuffQEl2beach_robot/conv62 | timeout: 10s)
[2026-04-28 17:14:07.710] [3710] [HailoRT] [info] [edge_elements.cpp:287] [create] Created (HwReadEl0beach_robot/conv63 | hw_frame_size: 3200)
[2026-04-28 17:14:07.710] [3710] [HailoRT] [info] [queue_elements.cpp:657] [create] Created (PullQEl_hw_read0beach_robot/conv63)
[2026-04-28 17:14:07.710] [3710] [HailoRT] [info] [filter_elements.cpp:372] [create] Created (PostInferEl0beach_robot/conv63 | Quantization - src_type: UINT8, dst_type FLOAT32, limvals_min: -15.2921, limvals_max: 1.44388 | Reorder - src_order: FCR, src_shape: (20, 20, 8), dst_order: FCR, dst_shape: (20, 20, 2))
[2026-04-28 17:14:07.710] [3710] [HailoRT] [info] [queue_elements.cpp:800] [create] Created (UserBuffQEl0beach_robot/conv63 | timeout: 10s)
[2026-04-28 17:14:07.710] [3710] [HailoRT] [info] [vstream.cpp:1114] [OutputVStreamImpl] Creating beach_robot/conv63...
[2026-04-28 17:14:07.710] [3710] [HailoRT] [info] [vstream_builder.cpp:220] [create_outputs] Output pipeline 'beach_robot/conv63': HW >> (HwReadEl0beach_robot/conv63 | hw_frame_size: 3200) >> (PullQEl_hw_read0beach_robot/conv63) >> (PostInferEl0beach_robot/conv63 | Quantization - src_type: UINT8, dst_type FLOAT32, limvals_min: -15.2921, limvals_max: 1.44388 | Reorder - src_order: FCR, src_shape: (20, 20, 8), dst_order: FCR, dst_shape: (20, 20, 2)) >> (UserBuffQEl0beach_robot/conv63 | timeout: 10s)
[2026-04-28 17:14:07.711] [3710] [HailoRT] [info] [core_op.cpp:156] [activate] Activating beach_robot took 0.525878 milliseconds. Note that the function is asynchronous and thus the network is not fully activated yet.
[2026-04-28 17:14:07.711] [3710] [HailoRT] [info] [core_op.cpp:156] [activate] Activating beach_robot took 0.534655 milliseconds. Note that the function is asynchronous and thus the network is not fully activated yet.
[2026-04-28 17:14:07.730] [6147] [HailoRT] [info] [vdevice_native_stream.cpp:331] [read_impl] Failed read from stream HAILO_STREAM_NOT_ACTIVATED(72) (device: 0001:01:00.0)
[2026-04-28 17:14:07.730] [6155] [HailoRT] [info] [vdevice_native_stream.cpp:331] [read_impl] Failed read from stream HAILO_STREAM_NOT_ACTIVATED(72) (device: 0001:01:00.0)
[2026-04-28 17:14:07.730] [6153] [HailoRT] [info] [vdevice_native_stream.cpp:331] [read_impl] Failed read from stream HAILO_STREAM_NOT_ACTIVATED(72) (device: 0001:01:00.0)
[2026-04-28 17:14:07.730] [6149] [HailoRT] [info] [vdevice_native_stream.cpp:331] [read_impl] Failed read from stream HAILO_STREAM_NOT_ACTIVATED(72) (device: 0001:01:00.0)
[2026-04-28 17:14:07.730] [6151] [HailoRT] [info] [vdevice_native_stream.cpp:331] [read_impl] Failed read from stream HAILO_STREAM_NOT_ACTIVATED(72) (device: 0001:01:00.0)
[2026-04-28 17:14:07.730] [6145] [HailoRT] [info] [vdevice_native_stream.cpp:331] [read_impl] Failed read from stream HAILO_STREAM_NOT_ACTIVATED(72) (device: 0001:01:00.0)
[2026-04-28 17:14:07.730] [3710] [HailoRT] [info] [core_op.cpp:186] [deactivate] Deactivating took 0.534951 ms
[2026-04-28 17:14:07.730] [3710] [HailoRT] [info] [core_op.cpp:186] [deactivate] Deactivating took 0.546452 ms
[2026-04-28 17:14:07.730] [6145] [HailoRT] [info] [queue_elements.cpp:734] [run_in_thread] Shutdown event was signaled in run_pull of queue element PullQEl_hw_read0beach_robot/conv41!
[2026-04-28 17:14:07.730] [6146] [HailoRT] [info] [queue_elements.cpp:855] [run_in_thread] Shutdown event was signaled in dequeue of UserBuffQEl0beach_robot/conv41!
[2026-04-28 17:14:07.730] [6145] [HailoRT] [info] [queue_elements.cpp:68] [operator()] Thread in element PullQEl_hw_read0beach_robot/conv41 is not running anymore, exiting..
[2026-04-28 17:14:07.730] [3710] [HailoRT] [info] [queue_elements.cpp:46] [~BaseQueueElement] Queue element PullQEl_hw_read0beach_robot/conv41 has 0 frames in his Queue on destruction
[2026-04-28 17:14:07.730] [6146] [HailoRT] [info] [queue_elements.cpp:68] [operator()] Thread in element UserBuffQEl0beach_robot/conv41 is not running anymore, exiting..
[2026-04-28 17:14:07.730] [3710] [HailoRT] [info] [queue_elements.cpp:46] [~BaseQueueElement] Queue element UserBuffQEl0beach_robot/conv41 has 0 frames in his Queue on destruction
[2026-04-28 17:14:07.730] [6147] [HailoRT] [info] [queue_elements.cpp:734] [run_in_thread] Shutdown event was signaled in run_pull of queue element PullQEl_hw_read7beach_robot/conv42!
[2026-04-28 17:14:07.730] [6148] [HailoRT] [info] [queue_elements.cpp:855] [run_in_thread] Shutdown event was signaled in dequeue of UserBuffQEl7beach_robot/conv42!
[2026-04-28 17:14:07.730] [6147] [HailoRT] [info] [queue_elements.cpp:68] [operator()] Thread in element PullQEl_hw_read7beach_robot/conv42 is not running anymore, exiting..
[2026-04-28 17:14:07.730] [3710] [HailoRT] [info] [queue_elements.cpp:46] [~BaseQueueElement] Queue element PullQEl_hw_read7beach_robot/conv42 has 0 frames in his Queue on destruction
[2026-04-28 17:14:07.730] [6148] [HailoRT] [info] [queue_elements.cpp:68] [operator()] Thread in element UserBuffQEl7beach_robot/conv42 is not running anymore, exiting..
[2026-04-28 17:14:07.730] [3710] [HailoRT] [info] [queue_elements.cpp:46] [~BaseQueueElement] Queue element UserBuffQEl7beach_robot/conv42 has 0 frames in his Queue on destruction
[2026-04-28 17:14:07.730] [6149] [HailoRT] [info] [queue_elements.cpp:734] [run_in_thread] Shutdown event was signaled in run_pull of queue element PullQEl_hw_read3beach_robot/conv52!
[2026-04-28 17:14:07.730] [6150] [HailoRT] [info] [queue_elements.cpp:855] [run_in_thread] Shutdown event was signaled in dequeue of UserBuffQEl3beach_robot/conv52!
[2026-04-28 17:14:07.730] [6149] [HailoRT] [info] [queue_elements.cpp:68] [operator()] Thread in element PullQEl_hw_read3beach_robot/conv52 is not running anymore, exiting..
[2026-04-28 17:14:07.730] [3710] [HailoRT] [info] [queue_elements.cpp:46] [~BaseQueueElement] Queue element PullQEl_hw_read3beach_robot/conv52 has 0 frames in his Queue on destruction
[2026-04-28 17:14:07.730] [6150] [HailoRT] [info] [queue_elements.cpp:68] [operator()] Thread in element UserBuffQEl3beach_robot/conv52 is not running anymore, exiting..
[2026-04-28 17:14:07.730] [3710] [HailoRT] [info] [queue_elements.cpp:46] [~BaseQueueElement] Queue element UserBuffQEl3beach_robot/conv52 has 0 frames in his Queue on destruction
[2026-04-28 17:14:07.730] [6151] [HailoRT] [info] [queue_elements.cpp:734] [run_in_thread] Shutdown event was signaled in run_pull of queue element PullQEl_hw_read1beach_robot/conv53!
[2026-04-28 17:14:07.730] [6152] [HailoRT] [info] [queue_elements.cpp:855] [run_in_thread] Shutdown event was signaled in dequeue of UserBuffQEl1beach_robot/conv53!
[2026-04-28 17:14:07.730] [6151] [HailoRT] [info] [queue_elements.cpp:68] [operator()] Thread in element PullQEl_hw_read1beach_robot/conv53 is not running anymore, exiting..
[2026-04-28 17:14:07.730] [3710] [HailoRT] [info] [queue_elements.cpp:46] [~BaseQueueElement] Queue element PullQEl_hw_read1beach_robot/conv53 has 0 frames in his Queue on destruction
[2026-04-28 17:14:07.730] [6152] [HailoRT] [info] [queue_elements.cpp:68] [operator()] Thread in element UserBuffQEl1beach_robot/conv53 is not running anymore, exiting..
[2026-04-28 17:14:07.730] [3710] [HailoRT] [info] [queue_elements.cpp:46] [~BaseQueueElement] Queue element UserBuffQEl1beach_robot/conv53 has 0 frames in his Queue on destruction
[2026-04-28 17:14:07.731] [6153] [HailoRT] [info] [queue_elements.cpp:734] [run_in_thread] Shutdown event was signaled in run_pull of queue element PullQEl_hw_read2beach_robot/conv62!
[2026-04-28 17:14:07.731] [6154] [HailoRT] [info] [queue_elements.cpp:855] [run_in_thread] Shutdown event was signaled in dequeue of UserBuffQEl2beach_robot/conv62!
[2026-04-28 17:14:07.731] [6153] [HailoRT] [info] [queue_elements.cpp:68] [operator()] Thread in element PullQEl_hw_read2beach_robot/conv62 is not running anymore, exiting..
[2026-04-28 17:14:07.731] [3710] [HailoRT] [info] [queue_elements.cpp:46] [~BaseQueueElement] Queue element PullQEl_hw_read2beach_robot/conv62 has 0 frames in his Queue on destruction
[2026-04-28 17:14:07.731] [6154] [HailoRT] [info] [queue_elements.cpp:68] [operator()] Thread in element UserBuffQEl2beach_robot/conv62 is not running anymore, exiting..
[2026-04-28 17:14:07.731] [3710] [HailoRT] [info] [queue_elements.cpp:46] [~BaseQueueElement] Queue element UserBuffQEl2beach_robot/conv62 has 0 frames in his Queue on destruction
[2026-04-28 17:14:07.731] [6155] [HailoRT] [info] [queue_elements.cpp:734] [run_in_thread] Shutdown event was signaled in run_pull of queue element PullQEl_hw_read0beach_robot/conv63!
[2026-04-28 17:14:07.731] [6156] [HailoRT] [info] [queue_elements.cpp:855] [run_in_thread] Shutdown event was signaled in dequeue of UserBuffQEl0beach_robot/conv63!
[2026-04-28 17:14:07.731] [6155] [HailoRT] [info] [queue_elements.cpp:68] [operator()] Thread in element PullQEl_hw_read0beach_robot/conv63 is not running anymore, exiting..
[2026-04-28 17:14:07.731] [3710] [HailoRT] [info] [queue_elements.cpp:46] [~BaseQueueElement] Queue element PullQEl_hw_read0beach_robot/conv63 has 0 frames in his Queue on destruction
[2026-04-28 17:14:07.731] [6156] [HailoRT] [info] [queue_elements.cpp:68] [operator()] Thread in element UserBuffQEl0beach_robot/conv63 is not running anymore, exiting..
[2026-04-28 17:14:07.731] [3710] [HailoRT] [info] [queue_elements.cpp:46] [~BaseQueueElement] Queue element UserBuffQEl0beach_robot/conv63 has 0 frames in his Queue on destruction
[2026-04-28 17:14:08.032] [3710] [HailoRT] [info] [edge_elements.cpp:52] [create] Created (HwWriteEl2beach_robot/input_layer1 | hw_frame_size: 1228800)
[2026-04-28 17:14:08.032] [3710] [HailoRT] [info] [vstream.cpp:754] [InputVStreamImpl] Creating beach_robot/input_layer1...
[2026-04-28 17:14:08.032] [3710] [HailoRT] [info] [vstream_builder.cpp:102] [create_inputs] Input pipeline 'beach_robot/input_layer1': (HwWriteEl2beach_robot/input_layer1 | hw_frame_size: 1228800) >> HW
[2026-04-28 17:14:08.032] [3710] [HailoRT] [info] [edge_elements.cpp:287] [create] Created (HwReadEl0beach_robot/conv41 | hw_frame_size: 409600)
[2026-04-28 17:14:08.032] [3710] [HailoRT] [info] [queue_elements.cpp:657] [create] Created (PullQEl_hw_read0beach_robot/conv41)
[2026-04-28 17:14:08.032] [3710] [HailoRT] [info] [filter_elements.cpp:372] [create] Created (PostInferEl0beach_robot/conv41 | Quantization - src_type: UINT8, dst_type FLOAT32, limvals_min: -10.8307, limvals_max: 18.5504)
[2026-04-28 17:14:08.032] [3710] [HailoRT] [info] [queue_elements.cpp:800] [create] Created (UserBuffQEl0beach_robot/conv41 | timeout: 10s)
[2026-04-28 17:14:08.032] [3710] [HailoRT] [info] [vstream.cpp:1114] [OutputVStreamImpl] Creating beach_robot/conv41...
[2026-04-28 17:14:08.032] [3710] [HailoRT] [info] [vstream_builder.cpp:220] [create_outputs] Output pipeline 'beach_robot/conv41': HW >> (HwReadEl0beach_robot/conv41 | hw_frame_size: 409600) >> (PullQEl_hw_read0beach_robot/conv41) >> (PostInferEl0beach_robot/conv41 | Quantization - src_type: UINT8, dst_type FLOAT32, limvals_min: -10.8307, limvals_max: 18.5504) >> (UserBuffQEl0beach_robot/conv41 | timeout: 10s)
[2026-04-28 17:14:08.032] [3710] [HailoRT] [info] [edge_elements.cpp:287] [create] Created (HwReadEl7beach_robot/conv42 | hw_frame_size: 12800)
[2026-04-28 17:14:08.032] [3710] [HailoRT] [info] [queue_elements.cpp:657] [create] Created (PullQEl_hw_read7beach_robot/conv42)
[2026-04-28 17:14:08.032] [3710] [HailoRT] [info] [filter_elements.cpp:372] [create] Created (PostInferEl7beach_robot/conv42 | Quantization - src_type: UINT8, dst_type FLOAT32, limvals_min: -25.6857, limvals_max: 0)
[2026-04-28 17:14:08.032] [3710] [HailoRT] [info] [queue_elements.cpp:800] [create] Created (UserBuffQEl7beach_robot/conv42 | timeout: 10s)
[2026-04-28 17:14:08.032] [3710] [HailoRT] [info] [vstream.cpp:1114] [OutputVStreamImpl] Creating beach_robot/conv42...
[2026-04-28 17:14:08.033] [3710] [HailoRT] [info] [vstream_builder.cpp:220] [create_outputs] Output pipeline 'beach_robot/conv42': HW >> (HwReadEl7beach_robot/conv42 | hw_frame_size: 12800) >> (PullQEl_hw_read7beach_robot/conv42) >> (PostInferEl7beach_robot/conv42 | Quantization - src_type: UINT8, dst_type FLOAT32, limvals_min: -25.6857, limvals_max: 0) >> (UserBuffQEl7beach_robot/conv42 | timeout: 10s)
[2026-04-28 17:14:08.033] [3710] [HailoRT] [info] [edge_elements.cpp:287] [create] Created (HwReadEl3beach_robot/conv52 | hw_frame_size: 102400)
[2026-04-28 17:14:08.033] [3710] [HailoRT] [info] [queue_elements.cpp:657] [create] Created (PullQEl_hw_read3beach_robot/conv52)
[2026-04-28 17:14:08.033] [3710] [HailoRT] [info] [filter_elements.cpp:372] [create] Created (PostInferEl3beach_robot/conv52 | Quantization - src_type: UINT8, dst_type FLOAT32, limvals_min: -6.53754, limvals_max: 19.9239)
[2026-04-28 17:14:08.033] [3710] [HailoRT] [info] [queue_elements.cpp:800] [create] Created (UserBuffQEl3beach_robot/conv52 | timeout: 10s)
[2026-04-28 17:14:08.033] [3710] [HailoRT] [info] [vstream.cpp:1114] [OutputVStreamImpl] Creating beach_robot/conv52...
[2026-04-28 17:14:08.033] [3710] [HailoRT] [info] [vstream_builder.cpp:220] [create_outputs] Output pipeline 'beach_robot/conv52': HW >> (HwReadEl3beach_robot/conv52 | hw_frame_size: 102400) >> (PullQEl_hw_read3beach_robot/conv52) >> (PostInferEl3beach_robot/conv52 | Quantization - src_type: UINT8, dst_type FLOAT32, limvals_min: -6.53754, limvals_max: 19.9239) >> (UserBuffQEl3beach_robot/conv52 | timeout: 10s)
[2026-04-28 17:14:08.033] [3710] [HailoRT] [info] [edge_elements.cpp:287] [create] Created (HwReadEl1beach_robot/conv53 | hw_frame_size: 3200)
[2026-04-28 17:14:08.033] [3710] [HailoRT] [info] [queue_elements.cpp:657] [create] Created (PullQEl_hw_read1beach_robot/conv53)
[2026-04-28 17:14:08.033] [3710] [HailoRT] [info] [filter_elements.cpp:372] [create] Created (PostInferEl1beach_robot/conv53 | Quantization - src_type: UINT8, dst_type FLOAT32, limvals_min: -15.7441, limvals_max: 0)
[2026-04-28 17:14:08.033] [3710] [HailoRT] [info] [queue_elements.cpp:800] [create] Created (UserBuffQEl1beach_robot/conv53 | timeout: 10s)
[2026-04-28 17:14:08.033] [3710] [HailoRT] [info] [vstream.cpp:1114] [OutputVStreamImpl] Creating beach_robot/conv53...
[2026-04-28 17:14:08.033] [3710] [HailoRT] [info] [vstream_builder.cpp:220] [create_outputs] Output pipeline 'beach_robot/conv53': HW >> (HwReadEl1beach_robot/conv53 | hw_frame_size: 3200) >> (PullQEl_hw_read1beach_robot/conv53) >> (PostInferEl1beach_robot/conv53 | Quantization - src_type: UINT8, dst_type FLOAT32, limvals_min: -15.7441, limvals_max: 0) >> (UserBuffQEl1beach_robot/conv53 | timeout: 10s)
[2026-04-28 17:14:08.033] [3710] [HailoRT] [info] [edge_elements.cpp:287] [create] Created (HwReadEl2beach_robot/conv62 | hw_frame_size: 25600)
[2026-04-28 17:14:08.033] [3710] [HailoRT] [info] [queue_elements.cpp:657] [create] Created (PullQEl_hw_read2beach_robot/conv62)
[2026-04-28 17:14:08.033] [3710] [HailoRT] [info] [filter_elements.cpp:372] [create] Created (PostInferEl2beach_robot/conv62 | Quantization - src_type: UINT8, dst_type FLOAT32, limvals_min: -8.27399, limvals_max: 14.6594)
[2026-04-28 17:14:08.033] [3710] [HailoRT] [info] [queue_elements.cpp:800] [create] Created (UserBuffQEl2beach_robot/conv62 | timeout: 10s)
[2026-04-28 17:14:08.033] [3710] [HailoRT] [info] [vstream.cpp:1114] [OutputVStreamImpl] Creating beach_robot/conv62...
[2026-04-28 17:14:08.033] [3710] [HailoRT] [info] [vstream_builder.cpp:220] [create_outputs] Output pipeline 'beach_robot/conv62': HW >> (HwReadEl2beach_robot/conv62 | hw_frame_size: 25600) >> (PullQEl_hw_read2beach_robot/conv62) >> (PostInferEl2beach_robot/conv62 | Quantization - src_type: UINT8, dst_type FLOAT32, limvals_min: -8.27399, limvals_max: 14.6594) >> (UserBuffQEl2beach_robot/conv62 | timeout: 10s)
[2026-04-28 17:14:08.033] [3710] [HailoRT] [info] [edge_elements.cpp:287] [create] Created (HwReadEl0beach_robot/conv63 | hw_frame_size: 3200)
[2026-04-28 17:14:08.033] [3710] [HailoRT] [info] [queue_elements.cpp:657] [create] Created (PullQEl_hw_read0beach_robot/conv63)
[2026-04-28 17:14:08.033] [3710] [HailoRT] [info] [filter_elements.cpp:372] [create] Created (PostInferEl0beach_robot/conv63 | Quantization - src_type: UINT8, dst_type FLOAT32, limvals_min: -15.2921, limvals_max: 1.44388 | Reorder - src_order: FCR, src_shape: (20, 20, 8), dst_order: FCR, dst_shape: (20, 20, 2))
[2026-04-28 17:14:08.033] [3710] [HailoRT] [info] [queue_elements.cpp:800] [create] Created (UserBuffQEl0beach_robot/conv63 | timeout: 10s)
[2026-04-28 17:14:08.033] [3710] [HailoRT] [info] [vstream.cpp:1114] [OutputVStreamImpl] Creating beach_robot/conv63...
[2026-04-28 17:14:08.033] [3710] [HailoRT] [info] [vstream_builder.cpp:220] [create_outputs] Output pipeline 'beach_robot/conv63': HW >> (HwReadEl0beach_robot/conv63 | hw_frame_size: 3200) >> (PullQEl_hw_read0beach_robot/conv63) >> (PostInferEl0beach_robot/conv63 | Quantization - src_type: UINT8, dst_type FLOAT32, limvals_min: -15.2921, limvals_max: 1.44388 | Reorder - src_order: FCR, src_shape: (20, 20, 8), dst_order: FCR, dst_shape: (20, 20, 2)) >> (UserBuffQEl0beach_robot/conv63 | timeout: 10s)
[2026-04-28 17:14:08.034] [3710] [HailoRT] [info] [core_op.cpp:156] [activate] Activating beach_robot took 0.524563 milliseconds. Note that the function is asynchronous and thus the network is not fully activated yet.
[2026-04-28 17:14:08.034] [3710] [HailoRT] [info] [core_op.cpp:156] [activate] Activating beach_robot took 0.533934 milliseconds. Note that the function is asynchronous and thus the network is not fully activated yet.
[2026-04-28 17:14:08.053] [6166] [HailoRT] [info] [vdevice_native_stream.cpp:331] [read_impl] Failed read from stream HAILO_STREAM_NOT_ACTIVATED(72) (device: 0001:01:00.0)
[2026-04-28 17:14:08.053] [6164] [HailoRT] [info] [vdevice_native_stream.cpp:331] [read_impl] Failed read from stream HAILO_STREAM_NOT_ACTIVATED(72) (device: 0001:01:00.0)
[2026-04-28 17:14:08.053] [6174] [HailoRT] [info] [vdevice_native_stream.cpp:331] [read_impl] Failed read from stream HAILO_STREAM_NOT_ACTIVATED(72) (device: 0001:01:00.0)
[2026-04-28 17:14:08.053] [6172] [HailoRT] [info] [vdevice_native_stream.cpp:331] [read_impl] Failed read from stream HAILO_STREAM_NOT_ACTIVATED(72) (device: 0001:01:00.0)
[2026-04-28 17:14:08.053] [6170] [HailoRT] [info] [vdevice_native_stream.cpp:331] [read_impl] Failed read from stream HAILO_STREAM_NOT_ACTIVATED(72) (device: 0001:01:00.0)
[2026-04-28 17:14:08.053] [6168] [HailoRT] [info] [vdevice_native_stream.cpp:331] [read_impl] Failed read from stream HAILO_STREAM_NOT_ACTIVATED(72) (device: 0001:01:00.0)
[2026-04-28 17:14:08.053] [3710] [HailoRT] [info] [core_op.cpp:186] [deactivate] Deactivating took 0.506971 ms
[2026-04-28 17:14:08.053] [3710] [HailoRT] [info] [core_op.cpp:186] [deactivate] Deactivating took 0.51786 ms
[2026-04-28 17:14:08.053] [6164] [HailoRT] [info] [queue_elements.cpp:734] [run_in_thread] Shutdown event was signaled in run_pull of queue element PullQEl_hw_read0beach_robot/conv41!
[2026-04-28 17:14:08.053] [6165] [HailoRT] [info] [queue_elements.cpp:855] [run_in_thread] Shutdown event was signaled in dequeue of UserBuffQEl0beach_robot/conv41!
[2026-04-28 17:14:08.053] [6164] [HailoRT] [info] [queue_elements.cpp:68] [operator()] Thread in element PullQEl_hw_read0beach_robot/conv41 is not running anymore, exiting..
[2026-04-28 17:14:08.053] [3710] [HailoRT] [info] [queue_elements.cpp:46] [~BaseQueueElement] Queue element PullQEl_hw_read0beach_robot/conv41 has 0 frames in his Queue on destruction
[2026-04-28 17:14:08.053] [6165] [HailoRT] [info] [queue_elements.cpp:68] [operator()] Thread in element UserBuffQEl0beach_robot/conv41 is not running anymore, exiting..
[2026-04-28 17:14:08.053] [3710] [HailoRT] [info] [queue_elements.cpp:46] [~BaseQueueElement] Queue element UserBuffQEl0beach_robot/conv41 has 0 frames in his Queue on destruction
[2026-04-28 17:14:08.053] [6166] [HailoRT] [info] [queue_elements.cpp:734] [run_in_thread] Shutdown event was signaled in run_pull of queue element PullQEl_hw_read7beach_robot/conv42!
[2026-04-28 17:14:08.053] [6167] [HailoRT] [info] [queue_elements.cpp:855] [run_in_thread] Shutdown event was signaled in dequeue of UserBuffQEl7beach_robot/conv42!
[2026-04-28 17:14:08.053] [6166] [HailoRT] [info] [queue_elements.cpp:68] [operator()] Thread in element PullQEl_hw_read7beach_robot/conv42 is not running anymore, exiting..
[2026-04-28 17:14:08.053] [3710] [HailoRT] [info] [queue_elements.cpp:46] [~BaseQueueElement] Queue element PullQEl_hw_read7beach_robot/conv42 has 0 frames in his Queue on destruction
[2026-04-28 17:14:08.053] [6167] [HailoRT] [info] [queue_elements.cpp:68] [operator()] Thread in element UserBuffQEl7beach_robot/conv42 is not running anymore, exiting..
[2026-04-28 17:14:08.053] [3710] [HailoRT] [info] [queue_elements.cpp:46] [~BaseQueueElement] Queue element UserBuffQEl7beach_robot/conv42 has 0 frames in his Queue on destruction
[2026-04-28 17:14:08.053] [6168] [HailoRT] [info] [queue_elements.cpp:734] [run_in_thread] Shutdown event was signaled in run_pull of queue element PullQEl_hw_read3beach_robot/conv52!
[2026-04-28 17:14:08.053] [6169] [HailoRT] [info] [queue_elements.cpp:855] [run_in_thread] Shutdown event was signaled in dequeue of UserBuffQEl3beach_robot/conv52!
[2026-04-28 17:14:08.053] [6168] [HailoRT] [info] [queue_elements.cpp:68] [operator()] Thread in element PullQEl_hw_read3beach_robot/conv52 is not running anymore, exiting..
[2026-04-28 17:14:08.053] [3710] [HailoRT] [info] [queue_elements.cpp:46] [~BaseQueueElement] Queue element PullQEl_hw_read3beach_robot/conv52 has 0 frames in his Queue on destruction
[2026-04-28 17:14:08.053] [6169] [HailoRT] [info] [queue_elements.cpp:68] [operator()] Thread in element UserBuffQEl3beach_robot/conv52 is not running anymore, exiting..
[2026-04-28 17:14:08.053] [3710] [HailoRT] [info] [queue_elements.cpp:46] [~BaseQueueElement] Queue element UserBuffQEl3beach_robot/conv52 has 0 frames in his Queue on destruction
[2026-04-28 17:14:08.053] [6170] [HailoRT] [info] [queue_elements.cpp:734] [run_in_thread] Shutdown event was signaled in run_pull of queue element PullQEl_hw_read1beach_robot/conv53!
[2026-04-28 17:14:08.053] [6171] [HailoRT] [info] [queue_elements.cpp:855] [run_in_thread] Shutdown event was signaled in dequeue of UserBuffQEl1beach_robot/conv53!
[2026-04-28 17:14:08.054] [6170] [HailoRT] [info] [queue_elements.cpp:68] [operator()] Thread in element PullQEl_hw_read1beach_robot/conv53 is not running anymore, exiting..
[2026-04-28 17:14:08.054] [3710] [HailoRT] [info] [queue_elements.cpp:46] [~BaseQueueElement] Queue element PullQEl_hw_read1beach_robot/conv53 has 0 frames in his Queue on destruction
[2026-04-28 17:14:08.054] [6171] [HailoRT] [info] [queue_elements.cpp:68] [operator()] Thread in element UserBuffQEl1beach_robot/conv53 is not running anymore, exiting..
[2026-04-28 17:14:08.054] [3710] [HailoRT] [info] [queue_elements.cpp:46] [~BaseQueueElement] Queue element UserBuffQEl1beach_robot/conv53 has 0 frames in his Queue on destruction
[2026-04-28 17:14:08.054] [6173] [HailoRT] [info] [queue_elements.cpp:855] [run_in_thread] Shutdown event was signaled in dequeue of UserBuffQEl2beach_robot/conv62!
[2026-04-28 17:14:08.054] [6172] [HailoRT] [info] [queue_elements.cpp:734] [run_in_thread] Shutdown event was signaled in run_pull of queue element PullQEl_hw_read2beach_robot/conv62!
[2026-04-28 17:14:08.054] [6172] [HailoRT] [info] [queue_elements.cpp:68] [operator()] Thread in element PullQEl_hw_read2beach_robot/conv62 is not running anymore, exiting..
[2026-04-28 17:14:08.054] [3710] [HailoRT] [info] [queue_elements.cpp:46] [~BaseQueueElement] Queue element PullQEl_hw_read2beach_robot/conv62 has 0 frames in his Queue on destruction
[2026-04-28 17:14:08.054] [6173] [HailoRT] [info] [queue_elements.cpp:68] [operator()] Thread in element UserBuffQEl2beach_robot/conv62 is not running anymore, exiting..
[2026-04-28 17:14:08.054] [3710] [HailoRT] [info] [queue_elements.cpp:46] [~BaseQueueElement] Queue element UserBuffQEl2beach_robot/conv62 has 0 frames in his Queue on destruction
[2026-04-28 17:14:08.054] [6174] [HailoRT] [info] [queue_elements.cpp:734] [run_in_thread] Shutdown event was signaled in run_pull of queue element PullQEl_hw_read0beach_robot/conv63!
[2026-04-28 17:14:08.054] [6175] [HailoRT] [info] [queue_elements.cpp:855] [run_in_thread] Shutdown event was signaled in dequeue of UserBuffQEl0beach_robot/conv63!
[2026-04-28 17:14:08.054] [6174] [HailoRT] [info] [queue_elements.cpp:68] [operator()] Thread in element PullQEl_hw_read0beach_robot/conv63 is not running anymore, exiting..
[2026-04-28 17:14:08.054] [3710] [HailoRT] [info] [queue_elements.cpp:46] [~BaseQueueElement] Queue element PullQEl_hw_read0beach_robot/conv63 has 0 frames in his Queue on destruction
[2026-04-28 17:14:08.054] [6175] [HailoRT] [info] [queue_elements.cpp:68] [operator()] Thread in element UserBuffQEl0beach_robot/conv63 is not running anymore, exiting..
[2026-04-28 17:14:08.054] [3710] [HailoRT] [info] [queue_elements.cpp:46] [~BaseQueueElement] Queue element UserBuffQEl0beach_robot/conv63 has 0 frames in his Queue on destruction
[2026-04-28 17:14:08.353] [3710] [HailoRT] [info] [edge_elements.cpp:52] [create] Created (HwWriteEl2beach_robot/input_layer1 | hw_frame_size: 1228800)
[2026-04-28 17:14:08.353] [3710] [HailoRT] [info] [vstream.cpp:754] [InputVStreamImpl] Creating beach_robot/input_layer1...
[2026-04-28 17:14:08.353] [3710] [HailoRT] [info] [vstream_builder.cpp:102] [create_inputs] Input pipeline 'beach_robot/input_layer1': (HwWriteEl2beach_robot/input_layer1 | hw_frame_size: 1228800) >> HW
[2026-04-28 17:14:08.353] [3710] [HailoRT] [info] [edge_elements.cpp:287] [create] Created (HwReadEl0beach_robot/conv41 | hw_frame_size: 409600)
[2026-04-28 17:14:08.354] [3710] [HailoRT] [info] [queue_elements.cpp:657] [create] Created (PullQEl_hw_read0beach_robot/conv41)
[2026-04-28 17:14:08.354] [3710] [HailoRT] [info] [filter_elements.cpp:372] [create] Created (PostInferEl0beach_robot/conv41 | Quantization - src_type: UINT8, dst_type FLOAT32, limvals_min: -10.8307, limvals_max: 18.5504)
[2026-04-28 17:14:08.354] [3710] [HailoRT] [info] [queue_elements.cpp:800] [create] Created (UserBuffQEl0beach_robot/conv41 | timeout: 10s)
[2026-04-28 17:14:08.354] [3710] [HailoRT] [info] [vstream.cpp:1114] [OutputVStreamImpl] Creating beach_robot/conv41...
[2026-04-28 17:14:08.354] [3710] [HailoRT] [info] [vstream_builder.cpp:220] [create_outputs] Output pipeline 'beach_robot/conv41': HW >> (HwReadEl0beach_robot/conv41 | hw_frame_size: 409600) >> (PullQEl_hw_read0beach_robot/conv41) >> (PostInferEl0beach_robot/conv41 | Quantization - src_type: UINT8, dst_type FLOAT32, limvals_min: -10.8307, limvals_max: 18.5504) >> (UserBuffQEl0beach_robot/conv41 | timeout: 10s)
[2026-04-28 17:14:08.354] [3710] [HailoRT] [info] [edge_elements.cpp:287] [create] Created (HwReadEl7beach_robot/conv42 | hw_frame_size: 12800)
[2026-04-28 17:14:08.354] [3710] [HailoRT] [info] [queue_elements.cpp:657] [create] Created (PullQEl_hw_read7beach_robot/conv42)
[2026-04-28 17:14:08.354] [3710] [HailoRT] [info] [filter_elements.cpp:372] [create] Created (PostInferEl7beach_robot/conv42 | Quantization - src_type: UINT8, dst_type FLOAT32, limvals_min: -25.6857, limvals_max: 0)
[2026-04-28 17:14:08.354] [3710] [HailoRT] [info] [queue_elements.cpp:800] [create] Created (UserBuffQEl7beach_robot/conv42 | timeout: 10s)
[2026-04-28 17:14:08.354] [3710] [HailoRT] [info] [vstream.cpp:1114] [OutputVStreamImpl] Creating beach_robot/conv42...
[2026-04-28 17:14:08.354] [3710] [HailoRT] [info] [vstream_builder.cpp:220] [create_outputs] Output pipeline 'beach_robot/conv42': HW >> (HwReadEl7beach_robot/conv42 | hw_frame_size: 12800) >> (PullQEl_hw_read7beach_robot/conv42) >> (PostInferEl7beach_robot/conv42 | Quantization - src_type: UINT8, dst_type FLOAT32, limvals_min: -25.6857, limvals_max: 0) >> (UserBuffQEl7beach_robot/conv42 | timeout: 10s)
[2026-04-28 17:14:08.354] [3710] [HailoRT] [info] [edge_elements.cpp:287] [create] Created (HwReadEl3beach_robot/conv52 | hw_frame_size: 102400)
[2026-04-28 17:14:08.354] [3710] [HailoRT] [info] [queue_elements.cpp:657] [create] Created (PullQEl_hw_read3beach_robot/conv52)
[2026-04-28 17:14:08.354] [3710] [HailoRT] [info] [filter_elements.cpp:372] [create] Created (PostInferEl3beach_robot/conv52 | Quantization - src_type: UINT8, dst_type FLOAT32, limvals_min: -6.53754, limvals_max: 19.9239)
[2026-04-28 17:14:08.354] [3710] [HailoRT] [info] [queue_elements.cpp:800] [create] Created (UserBuffQEl3beach_robot/conv52 | timeout: 10s)
[2026-04-28 17:14:08.354] [3710] [HailoRT] [info] [vstream.cpp:1114] [OutputVStreamImpl] Creating beach_robot/conv52...
[2026-04-28 17:14:08.354] [3710] [HailoRT] [info] [vstream_builder.cpp:220] [create_outputs] Output pipeline 'beach_robot/conv52': HW >> (HwReadEl3beach_robot/conv52 | hw_frame_size: 102400) >> (PullQEl_hw_read3beach_robot/conv52) >> (PostInferEl3beach_robot/conv52 | Quantization - src_type: UINT8, dst_type FLOAT32, limvals_min: -6.53754, limvals_max: 19.9239) >> (UserBuffQEl3beach_robot/conv52 | timeout: 10s)
[2026-04-28 17:14:08.354] [3710] [HailoRT] [info] [edge_elements.cpp:287] [create] Created (HwReadEl1beach_robot/conv53 | hw_frame_size: 3200)
[2026-04-28 17:14:08.354] [3710] [HailoRT] [info] [queue_elements.cpp:657] [create] Created (PullQEl_hw_read1beach_robot/conv53)
[2026-04-28 17:14:08.354] [3710] [HailoRT] [info] [filter_elements.cpp:372] [create] Created (PostInferEl1beach_robot/conv53 | Quantization - src_type: UINT8, dst_type FLOAT32, limvals_min: -15.7441, limvals_max: 0)
[2026-04-28 17:14:08.354] [3710] [HailoRT] [info] [queue_elements.cpp:800] [create] Created (UserBuffQEl1beach_robot/conv53 | timeout: 10s)
[2026-04-28 17:14:08.354] [3710] [HailoRT] [info] [vstream.cpp:1114] [OutputVStreamImpl] Creating beach_robot/conv53...
[2026-04-28 17:14:08.354] [3710] [HailoRT] [info] [vstream_builder.cpp:220] [create_outputs] Output pipeline 'beach_robot/conv53': HW >> (HwReadEl1beach_robot/conv53 | hw_frame_size: 3200) >> (PullQEl_hw_read1beach_robot/conv53) >> (PostInferEl1beach_robot/conv53 | Quantization - src_type: UINT8, dst_type FLOAT32, limvals_min: -15.7441, limvals_max: 0) >> (UserBuffQEl1beach_robot/conv53 | timeout: 10s)
[2026-04-28 17:14:08.354] [3710] [HailoRT] [info] [edge_elements.cpp:287] [create] Created (HwReadEl2beach_robot/conv62 | hw_frame_size: 25600)
[2026-04-28 17:14:08.354] [3710] [HailoRT] [info] [queue_elements.cpp:657] [create] Created (PullQEl_hw_read2beach_robot/conv62)
[2026-04-28 17:14:08.354] [3710] [HailoRT] [info] [filter_elements.cpp:372] [create] Created (PostInferEl2beach_robot/conv62 | Quantization - src_type: UINT8, dst_type FLOAT32, limvals_min: -8.27399, limvals_max: 14.6594)
[2026-04-28 17:14:08.354] [3710] [HailoRT] [info] [queue_elements.cpp:800] [create] Created (UserBuffQEl2beach_robot/conv62 | timeout: 10s)
[2026-04-28 17:14:08.354] [3710] [HailoRT] [info] [vstream.cpp:1114] [OutputVStreamImpl] Creating beach_robot/conv62...
[2026-04-28 17:14:08.354] [3710] [HailoRT] [info] [vstream_builder.cpp:220] [create_outputs] Output pipeline 'beach_robot/conv62': HW >> (HwReadEl2beach_robot/conv62 | hw_frame_size: 25600) >> (PullQEl_hw_read2beach_robot/conv62) >> (PostInferEl2beach_robot/conv62 | Quantization - src_type: UINT8, dst_type FLOAT32, limvals_min: -8.27399, limvals_max: 14.6594) >> (UserBuffQEl2beach_robot/conv62 | timeout: 10s)
[2026-04-28 17:14:08.354] [3710] [HailoRT] [info] [edge_elements.cpp:287] [create] Created (HwReadEl0beach_robot/conv63 | hw_frame_size: 3200)
[2026-04-28 17:14:08.354] [3710] [HailoRT] [info] [queue_elements.cpp:657] [create] Created (PullQEl_hw_read0beach_robot/conv63)
[2026-04-28 17:14:08.354] [3710] [HailoRT] [info] [filter_elements.cpp:372] [create] Created (PostInferEl0beach_robot/conv63 | Quantization - src_type: UINT8, dst_type FLOAT32, limvals_min: -15.2921, limvals_max: 1.44388 | Reorder - src_order: FCR, src_shape: (20, 20, 8), dst_order: FCR, dst_shape: (20, 20, 2))
[2026-04-28 17:14:08.354] [3710] [HailoRT] [info] [queue_elements.cpp:800] [create] Created (UserBuffQEl0beach_robot/conv63 | timeout: 10s)
[2026-04-28 17:14:08.354] [3710] [HailoRT] [info] [vstream.cpp:1114] [OutputVStreamImpl] Creating beach_robot/conv63...
[2026-04-28 17:14:08.354] [3710] [HailoRT] [info] [vstream_builder.cpp:220] [create_outputs] Output pipeline 'beach_robot/conv63': HW >> (HwReadEl0beach_robot/conv63 | hw_frame_size: 3200) >> (PullQEl_hw_read0beach_robot/conv63) >> (PostInferEl0beach_robot/conv63 | Quantization - src_type: UINT8, dst_type FLOAT32, limvals_min: -15.2921, limvals_max: 1.44388 | Reorder - src_order: FCR, src_shape: (20, 20, 8), dst_order: FCR, dst_shape: (20, 20, 2)) >> (UserBuffQEl0beach_robot/conv63 | timeout: 10s)
[2026-04-28 17:14:08.355] [3710] [HailoRT] [info] [core_op.cpp:156] [activate] Activating beach_robot took 0.525267 milliseconds. Note that the function is asynchronous and thus the network is not fully activated yet.
[2026-04-28 17:14:08.355] [3710] [HailoRT] [info] [core_op.cpp:156] [activate] Activating beach_robot took 0.53397 milliseconds. Note that the function is asynchronous and thus the network is not fully activated yet.
[2026-04-28 17:14:08.374] [6191] [HailoRT] [info] [vdevice_native_stream.cpp:331] [read_impl] Failed read from stream HAILO_STREAM_NOT_ACTIVATED(72) (device: 0001:01:00.0)
[2026-04-28 17:14:08.374] [6193] [HailoRT] [info] [vdevice_native_stream.cpp:331] [read_impl] Failed read from stream HAILO_STREAM_NOT_ACTIVATED(72) (device: 0001:01:00.0)
[2026-04-28 17:14:08.374] [6189] [HailoRT] [info] [vdevice_native_stream.cpp:331] [read_impl] Failed read from stream HAILO_STREAM_NOT_ACTIVATED(72) (device: 0001:01:00.0)
[2026-04-28 17:14:08.374] [6183] [HailoRT] [info] [vdevice_native_stream.cpp:331] [read_impl] Failed read from stream HAILO_STREAM_NOT_ACTIVATED(72) (device: 0001:01:00.0)
[2026-04-28 17:14:08.374] [6187] [HailoRT] [info] [vdevice_native_stream.cpp:331] [read_impl] Failed read from stream HAILO_STREAM_NOT_ACTIVATED(72) (device: 0001:01:00.0)
[2026-04-28 17:14:08.374] [6185] [HailoRT] [info] [vdevice_native_stream.cpp:331] [read_impl] Failed read from stream HAILO_STREAM_NOT_ACTIVATED(72) (device: 0001:01:00.0)
[2026-04-28 17:14:08.375] [3710] [HailoRT] [info] [core_op.cpp:186] [deactivate] Deactivating took 0.513786 ms
[2026-04-28 17:14:08.375] [3710] [HailoRT] [info] [core_op.cpp:186] [deactivate] Deactivating took 0.525433 ms
[2026-04-28 17:14:08.375] [6183] [HailoRT] [info] [queue_elements.cpp:734] [run_in_thread] Shutdown event was signaled in run_pull of queue element PullQEl_hw_read0beach_robot/conv41!
[2026-04-28 17:14:08.375] [6184] [HailoRT] [info] [queue_elements.cpp:855] [run_in_thread] Shutdown event was signaled in dequeue of UserBuffQEl0beach_robot/conv41!
[2026-04-28 17:14:08.375] [6183] [HailoRT] [info] [queue_elements.cpp:68] [operator()] Thread in element PullQEl_hw_read0beach_robot/conv41 is not running anymore, exiting..
[2026-04-28 17:14:08.375] [3710] [HailoRT] [info] [queue_elements.cpp:46] [~BaseQueueElement] Queue element PullQEl_hw_read0beach_robot/conv41 has 0 frames in his Queue on destruction
[2026-04-28 17:14:08.375] [6184] [HailoRT] [info] [queue_elements.cpp:68] [operator()] Thread in element UserBuffQEl0beach_robot/conv41 is not running anymore, exiting..
[2026-04-28 17:14:08.375] [3710] [HailoRT] [info] [queue_elements.cpp:46] [~BaseQueueElement] Queue element UserBuffQEl0beach_robot/conv41 has 0 frames in his Queue on destruction
[2026-04-28 17:14:08.375] [6185] [HailoRT] [info] [queue_elements.cpp:734] [run_in_thread] Shutdown event was signaled in run_pull of queue element PullQEl_hw_read7beach_robot/conv42!
[2026-04-28 17:14:08.375] [6186] [HailoRT] [info] [queue_elements.cpp:855] [run_in_thread] Shutdown event was signaled in dequeue of UserBuffQEl7beach_robot/conv42!
[2026-04-28 17:14:08.375] [6185] [HailoRT] [info] [queue_elements.cpp:68] [operator()] Thread in element PullQEl_hw_read7beach_robot/conv42 is not running anymore, exiting..
[2026-04-28 17:14:08.375] [3710] [HailoRT] [info] [queue_elements.cpp:46] [~BaseQueueElement] Queue element PullQEl_hw_read7beach_robot/conv42 has 0 frames in his Queue on destruction
[2026-04-28 17:14:08.375] [6186] [HailoRT] [info] [queue_elements.cpp:68] [operator()] Thread in element UserBuffQEl7beach_robot/conv42 is not running anymore, exiting..
[2026-04-28 17:14:08.375] [3710] [HailoRT] [info] [queue_elements.cpp:46] [~BaseQueueElement] Queue element UserBuffQEl7beach_robot/conv42 has 0 frames in his Queue on destruction
[2026-04-28 17:14:08.375] [6187] [HailoRT] [info] [queue_elements.cpp:734] [run_in_thread] Shutdown event was signaled in run_pull of queue element PullQEl_hw_read3beach_robot/conv52!
[2026-04-28 17:14:08.375] [6188] [HailoRT] [info] [queue_elements.cpp:855] [run_in_thread] Shutdown event was signaled in dequeue of UserBuffQEl3beach_robot/conv52!
[2026-04-28 17:14:08.375] [6187] [HailoRT] [info] [queue_elements.cpp:68] [operator()] Thread in element PullQEl_hw_read3beach_robot/conv52 is not running anymore, exiting..
[2026-04-28 17:14:08.375] [3710] [HailoRT] [info] [queue_elements.cpp:46] [~BaseQueueElement] Queue element PullQEl_hw_read3beach_robot/conv52 has 0 frames in his Queue on destruction
[2026-04-28 17:14:08.375] [6188] [HailoRT] [info] [queue_elements.cpp:68] [operator()] Thread in element UserBuffQEl3beach_robot/conv52 is not running anymore, exiting..
[2026-04-28 17:14:08.375] [3710] [HailoRT] [info] [queue_elements.cpp:46] [~BaseQueueElement] Queue element UserBuffQEl3beach_robot/conv52 has 0 frames in his Queue on destruction
[2026-04-28 17:14:08.375] [6189] [HailoRT] [info] [queue_elements.cpp:734] [run_in_thread] Shutdown event was signaled in run_pull of queue element PullQEl_hw_read1beach_robot/conv53!
[2026-04-28 17:14:08.375] [6190] [HailoRT] [info] [queue_elements.cpp:855] [run_in_thread] Shutdown event was signaled in dequeue of UserBuffQEl1beach_robot/conv53!
[2026-04-28 17:14:08.375] [6189] [HailoRT] [info] [queue_elements.cpp:68] [operator()] Thread in element PullQEl_hw_read1beach_robot/conv53 is not running anymore, exiting..
[2026-04-28 17:14:08.375] [3710] [HailoRT] [info] [queue_elements.cpp:46] [~BaseQueueElement] Queue element PullQEl_hw_read1beach_robot/conv53 has 0 frames in his Queue on destruction
[2026-04-28 17:14:08.375] [6190] [HailoRT] [info] [queue_elements.cpp:68] [operator()] Thread in element UserBuffQEl1beach_robot/conv53 is not running anymore, exiting..
[2026-04-28 17:14:08.375] [3710] [HailoRT] [info] [queue_elements.cpp:46] [~BaseQueueElement] Queue element UserBuffQEl1beach_robot/conv53 has 0 frames in his Queue on destruction
[2026-04-28 17:14:08.375] [6191] [HailoRT] [info] [queue_elements.cpp:734] [run_in_thread] Shutdown event was signaled in run_pull of queue element PullQEl_hw_read2beach_robot/conv62!
[2026-04-28 17:14:08.375] [6192] [HailoRT] [info] [queue_elements.cpp:855] [run_in_thread] Shutdown event was signaled in dequeue of UserBuffQEl2beach_robot/conv62!
[2026-04-28 17:14:08.375] [6191] [HailoRT] [info] [queue_elements.cpp:68] [operator()] Thread in element PullQEl_hw_read2beach_robot/conv62 is not running anymore, exiting..
[2026-04-28 17:14:08.375] [3710] [HailoRT] [info] [queue_elements.cpp:46] [~BaseQueueElement] Queue element PullQEl_hw_read2beach_robot/conv62 has 0 frames in his Queue on destruction
[2026-04-28 17:14:08.375] [6192] [HailoRT] [info] [queue_elements.cpp:68] [operator()] Thread in element UserBuffQEl2beach_robot/conv62 is not running anymore, exiting..
[2026-04-28 17:14:08.375] [3710] [HailoRT] [info] [queue_elements.cpp:46] [~BaseQueueElement] Queue element UserBuffQEl2beach_robot/conv62 has 0 frames in his Queue on destruction
[2026-04-28 17:14:08.375] [6193] [HailoRT] [info] [queue_elements.cpp:734] [run_in_thread] Shutdown event was signaled in run_pull of queue element PullQEl_hw_read0beach_robot/conv63!
[2026-04-28 17:14:08.375] [6194] [HailoRT] [info] [queue_elements.cpp:855] [run_in_thread] Shutdown event was signaled in dequeue of UserBuffQEl0beach_robot/conv63!
[2026-04-28 17:14:08.375] [6193] [HailoRT] [info] [queue_elements.cpp:68] [operator()] Thread in element PullQEl_hw_read0beach_robot/conv63 is not running anymore, exiting..
[2026-04-28 17:14:08.375] [3710] [HailoRT] [info] [queue_elements.cpp:46] [~BaseQueueElement] Queue element PullQEl_hw_read0beach_robot/conv63 has 0 frames in his Queue on destruction
[2026-04-28 17:14:08.375] [6194] [HailoRT] [info] [queue_elements.cpp:68] [operator()] Thread in element UserBuffQEl0beach_robot/conv63 is not running anymore, exiting..
[2026-04-28 17:14:08.375] [3710] [HailoRT] [info] [queue_elements.cpp:46] [~BaseQueueElement] Queue element UserBuffQEl0beach_robot/conv63 has 0 frames in his Queue on destruction
[2026-04-28 17:14:08.677] [3710] [HailoRT] [info] [edge_elements.cpp:52] [create] Created (HwWriteEl2beach_robot/input_layer1 | hw_frame_size: 1228800)
[2026-04-28 17:14:08.677] [3710] [HailoRT] [info] [vstream.cpp:754] [InputVStreamImpl] Creating beach_robot/input_layer1...
[2026-04-28 17:14:08.677] [3710] [HailoRT] [info] [vstream_builder.cpp:102] [create_inputs] Input pipeline 'beach_robot/input_layer1': (HwWriteEl2beach_robot/input_layer1 | hw_frame_size: 1228800) >> HW
[2026-04-28 17:14:08.677] [3710] [HailoRT] [info] [edge_elements.cpp:287] [create] Created (HwReadEl0beach_robot/conv41 | hw_frame_size: 409600)
[2026-04-28 17:14:08.677] [3710] [HailoRT] [info] [queue_elements.cpp:657] [create] Created (PullQEl_hw_read0beach_robot/conv41)
[2026-04-28 17:14:08.677] [3710] [HailoRT] [info] [filter_elements.cpp:372] [create] Created (PostInferEl0beach_robot/conv41 | Quantization - src_type: UINT8, dst_type FLOAT32, limvals_min: -10.8307, limvals_max: 18.5504)
[2026-04-28 17:14:08.677] [3710] [HailoRT] [info] [queue_elements.cpp:800] [create] Created (UserBuffQEl0beach_robot/conv41 | timeout: 10s)
[2026-04-28 17:14:08.677] [3710] [HailoRT] [info] [vstream.cpp:1114] [OutputVStreamImpl] Creating beach_robot/conv41...
[2026-04-28 17:14:08.677] [3710] [HailoRT] [info] [vstream_builder.cpp:220] [create_outputs] Output pipeline 'beach_robot/conv41': HW >> (HwReadEl0beach_robot/conv41 | hw_frame_size: 409600) >> (PullQEl_hw_read0beach_robot/conv41) >> (PostInferEl0beach_robot/conv41 | Quantization - src_type: UINT8, dst_type FLOAT32, limvals_min: -10.8307, limvals_max: 18.5504) >> (UserBuffQEl0beach_robot/conv41 | timeout: 10s)
[2026-04-28 17:14:08.677] [3710] [HailoRT] [info] [edge_elements.cpp:287] [create] Created (HwReadEl7beach_robot/conv42 | hw_frame_size: 12800)
[2026-04-28 17:14:08.677] [3710] [HailoRT] [info] [queue_elements.cpp:657] [create] Created (PullQEl_hw_read7beach_robot/conv42)
[2026-04-28 17:14:08.677] [3710] [HailoRT] [info] [filter_elements.cpp:372] [create] Created (PostInferEl7beach_robot/conv42 | Quantization - src_type: UINT8, dst_type FLOAT32, limvals_min: -25.6857, limvals_max: 0)
[2026-04-28 17:14:08.677] [3710] [HailoRT] [info] [queue_elements.cpp:800] [create] Created (UserBuffQEl7beach_robot/conv42 | timeout: 10s)
[2026-04-28 17:14:08.677] [3710] [HailoRT] [info] [vstream.cpp:1114] [OutputVStreamImpl] Creating beach_robot/conv42...
[2026-04-28 17:14:08.677] [3710] [HailoRT] [info] [vstream_builder.cpp:220] [create_outputs] Output pipeline 'beach_robot/conv42': HW >> (HwReadEl7beach_robot/conv42 | hw_frame_size: 12800) >> (PullQEl_hw_read7beach_robot/conv42) >> (PostInferEl7beach_robot/conv42 | Quantization - src_type: UINT8, dst_type FLOAT32, limvals_min: -25.6857, limvals_max: 0) >> (UserBuffQEl7beach_robot/conv42 | timeout: 10s)
[2026-04-28 17:14:08.677] [3710] [HailoRT] [info] [edge_elements.cpp:287] [create] Created (HwReadEl3beach_robot/conv52 | hw_frame_size: 102400)
[2026-04-28 17:14:08.677] [3710] [HailoRT] [info] [queue_elements.cpp:657] [create] Created (PullQEl_hw_read3beach_robot/conv52)
[2026-04-28 17:14:08.678] [3710] [HailoRT] [info] [filter_elements.cpp:372] [create] Created (PostInferEl3beach_robot/conv52 | Quantization - src_type: UINT8, dst_type FLOAT32, limvals_min: -6.53754, limvals_max: 19.9239)
[2026-04-28 17:14:08.678] [3710] [HailoRT] [info] [queue_elements.cpp:800] [create] Created (UserBuffQEl3beach_robot/conv52 | timeout: 10s)
[2026-04-28 17:14:08.678] [3710] [HailoRT] [info] [vstream.cpp:1114] [OutputVStreamImpl] Creating beach_robot/conv52...
[2026-04-28 17:14:08.678] [3710] [HailoRT] [info] [vstream_builder.cpp:220] [create_outputs] Output pipeline 'beach_robot/conv52': HW >> (HwReadEl3beach_robot/conv52 | hw_frame_size: 102400) >> (PullQEl_hw_read3beach_robot/conv52) >> (PostInferEl3beach_robot/conv52 | Quantization - src_type: UINT8, dst_type FLOAT32, limvals_min: -6.53754, limvals_max: 19.9239) >> (UserBuffQEl3beach_robot/conv52 | timeout: 10s)
[2026-04-28 17:14:08.678] [3710] [HailoRT] [info] [edge_elements.cpp:287] [create] Created (HwReadEl1beach_robot/conv53 | hw_frame_size: 3200)
[2026-04-28 17:14:08.678] [3710] [HailoRT] [info] [queue_elements.cpp:657] [create] Created (PullQEl_hw_read1beach_robot/conv53)
[2026-04-28 17:14:08.678] [3710] [HailoRT] [info] [filter_elements.cpp:372] [create] Created (PostInferEl1beach_robot/conv53 | Quantization - src_type: UINT8, dst_type FLOAT32, limvals_min: -15.7441, limvals_max: 0)
[2026-04-28 17:14:08.678] [3710] [HailoRT] [info] [queue_elements.cpp:800] [create] Created (UserBuffQEl1beach_robot/conv53 | timeout: 10s)
[2026-04-28 17:14:08.678] [3710] [HailoRT] [info] [vstream.cpp:1114] [OutputVStreamImpl] Creating beach_robot/conv53...
[2026-04-28 17:14:08.678] [3710] [HailoRT] [info] [vstream_builder.cpp:220] [create_outputs] Output pipeline 'beach_robot/conv53': HW >> (HwReadEl1beach_robot/conv53 | hw_frame_size: 3200) >> (PullQEl_hw_read1beach_robot/conv53) >> (PostInferEl1beach_robot/conv53 | Quantization - src_type: UINT8, dst_type FLOAT32, limvals_min: -15.7441, limvals_max: 0) >> (UserBuffQEl1beach_robot/conv53 | timeout: 10s)
[2026-04-28 17:14:08.678] [3710] [HailoRT] [info] [edge_elements.cpp:287] [create] Created (HwReadEl2beach_robot/conv62 | hw_frame_size: 25600)
[2026-04-28 17:14:08.678] [3710] [HailoRT] [info] [queue_elements.cpp:657] [create] Created (PullQEl_hw_read2beach_robot/conv62)
[2026-04-28 17:14:08.678] [3710] [HailoRT] [info] [filter_elements.cpp:372] [create] Created (PostInferEl2beach_robot/conv62 | Quantization - src_type: UINT8, dst_type FLOAT32, limvals_min: -8.27399, limvals_max: 14.6594)
[2026-04-28 17:14:08.678] [3710] [HailoRT] [info] [queue_elements.cpp:800] [create] Created (UserBuffQEl2beach_robot/conv62 | timeout: 10s)
[2026-04-28 17:14:08.678] [3710] [HailoRT] [info] [vstream.cpp:1114] [OutputVStreamImpl] Creating beach_robot/conv62...
[2026-04-28 17:14:08.678] [3710] [HailoRT] [info] [vstream_builder.cpp:220] [create_outputs] Output pipeline 'beach_robot/conv62': HW >> (HwReadEl2beach_robot/conv62 | hw_frame_size: 25600) >> (PullQEl_hw_read2beach_robot/conv62) >> (PostInferEl2beach_robot/conv62 | Quantization - src_type: UINT8, dst_type FLOAT32, limvals_min: -8.27399, limvals_max: 14.6594) >> (UserBuffQEl2beach_robot/conv62 | timeout: 10s)
[2026-04-28 17:14:08.678] [3710] [HailoRT] [info] [edge_elements.cpp:287] [create] Created (HwReadEl0beach_robot/conv63 | hw_frame_size: 3200)
[2026-04-28 17:14:08.678] [3710] [HailoRT] [info] [queue_elements.cpp:657] [create] Created (PullQEl_hw_read0beach_robot/conv63)
[2026-04-28 17:14:08.678] [3710] [HailoRT] [info] [filter_elements.cpp:372] [create] Created (PostInferEl0beach_robot/conv63 | Quantization - src_type: UINT8, dst_type FLOAT32, limvals_min: -15.2921, limvals_max: 1.44388 | Reorder - src_order: FCR, src_shape: (20, 20, 8), dst_order: FCR, dst_shape: (20, 20, 2))
[2026-04-28 17:14:08.678] [3710] [HailoRT] [info] [queue_elements.cpp:800] [create] Created (UserBuffQEl0beach_robot/conv63 | timeout: 10s)
[2026-04-28 17:14:08.678] [3710] [HailoRT] [info] [vstream.cpp:1114] [OutputVStreamImpl] Creating beach_robot/conv63...
[2026-04-28 17:14:08.678] [3710] [HailoRT] [info] [vstream_builder.cpp:220] [create_outputs] Output pipeline 'beach_robot/conv63': HW >> (HwReadEl0beach_robot/conv63 | hw_frame_size: 3200) >> (PullQEl_hw_read0beach_robot/conv63) >> (PostInferEl0beach_robot/conv63 | Quantization - src_type: UINT8, dst_type FLOAT32, limvals_min: -15.2921, limvals_max: 1.44388 | Reorder - src_order: FCR, src_shape: (20, 20, 8), dst_order: FCR, dst_shape: (20, 20, 2)) >> (UserBuffQEl0beach_robot/conv63 | timeout: 10s)
[2026-04-28 17:14:08.679] [3710] [HailoRT] [info] [core_op.cpp:156] [activate] Activating beach_robot took 0.529175 milliseconds. Note that the function is asynchronous and thus the network is not fully activated yet.
[2026-04-28 17:14:08.679] [3710] [HailoRT] [info] [core_op.cpp:156] [activate] Activating beach_robot took 0.539175 milliseconds. Note that the function is asynchronous and thus the network is not fully activated yet.
[2026-04-28 17:14:08.698] [6208] [HailoRT] [info] [vdevice_native_stream.cpp:331] [read_impl] Failed read from stream HAILO_STREAM_NOT_ACTIVATED(72) (device: 0001:01:00.0)
[2026-04-28 17:14:08.698] [6204] [HailoRT] [info] [vdevice_native_stream.cpp:331] [read_impl] Failed read from stream HAILO_STREAM_NOT_ACTIVATED(72) (device: 0001:01:00.0)
[2026-04-28 17:14:08.698] [6202] [HailoRT] [info] [vdevice_native_stream.cpp:331] [read_impl] Failed read from stream HAILO_STREAM_NOT_ACTIVATED(72) (device: 0001:01:00.0)
[2026-04-28 17:14:08.698] [6212] [HailoRT] [info] [vdevice_native_stream.cpp:331] [read_impl] Failed read from stream HAILO_STREAM_NOT_ACTIVATED(72) (device: 0001:01:00.0)
[2026-04-28 17:14:08.698] [6210] [HailoRT] [info] [vdevice_native_stream.cpp:331] [read_impl] Failed read from stream HAILO_STREAM_NOT_ACTIVATED(72) (device: 0001:01:00.0)
[2026-04-28 17:14:08.698] [6206] [HailoRT] [info] [vdevice_native_stream.cpp:331] [read_impl] Failed read from stream HAILO_STREAM_NOT_ACTIVATED(72) (device: 0001:01:00.0)
[2026-04-28 17:14:08.698] [3710] [HailoRT] [info] [core_op.cpp:186] [deactivate] Deactivating took 0.492527 ms
[2026-04-28 17:14:08.698] [3710] [HailoRT] [info] [core_op.cpp:186] [deactivate] Deactivating took 0.503675 ms
[2026-04-28 17:14:08.698] [6202] [HailoRT] [info] [queue_elements.cpp:734] [run_in_thread] Shutdown event was signaled in run_pull of queue element PullQEl_hw_read0beach_robot/conv41!
[2026-04-28 17:14:08.698] [6203] [HailoRT] [info] [queue_elements.cpp:855] [run_in_thread] Shutdown event was signaled in dequeue of UserBuffQEl0beach_robot/conv41!
[2026-04-28 17:14:08.698] [6202] [HailoRT] [info] [queue_elements.cpp:68] [operator()] Thread in element PullQEl_hw_read0beach_robot/conv41 is not running anymore, exiting..
[2026-04-28 17:14:08.698] [3710] [HailoRT] [info] [queue_elements.cpp:46] [~BaseQueueElement] Queue element PullQEl_hw_read0beach_robot/conv41 has 0 frames in his Queue on destruction
[2026-04-28 17:14:08.698] [6203] [HailoRT] [info] [queue_elements.cpp:68] [operator()] Thread in element UserBuffQEl0beach_robot/conv41 is not running anymore, exiting..
[2026-04-28 17:14:08.698] [3710] [HailoRT] [info] [queue_elements.cpp:46] [~BaseQueueElement] Queue element UserBuffQEl0beach_robot/conv41 has 0 frames in his Queue on destruction
[2026-04-28 17:14:08.698] [6204] [HailoRT] [info] [queue_elements.cpp:734] [run_in_thread] Shutdown event was signaled in run_pull of queue element PullQEl_hw_read7beach_robot/conv42!
[2026-04-28 17:14:08.698] [6205] [HailoRT] [info] [queue_elements.cpp:855] [run_in_thread] Shutdown event was signaled in dequeue of UserBuffQEl7beach_robot/conv42!
[2026-04-28 17:14:08.698] [6204] [HailoRT] [info] [queue_elements.cpp:68] [operator()] Thread in element PullQEl_hw_read7beach_robot/conv42 is not running anymore, exiting..
[2026-04-28 17:14:08.698] [3710] [HailoRT] [info] [queue_elements.cpp:46] [~BaseQueueElement] Queue element PullQEl_hw_read7beach_robot/conv42 has 0 frames in his Queue on destruction
[2026-04-28 17:14:08.698] [6205] [HailoRT] [info] [queue_elements.cpp:68] [operator()] Thread in element UserBuffQEl7beach_robot/conv42 is not running anymore, exiting..
[2026-04-28 17:14:08.698] [3710] [HailoRT] [info] [queue_elements.cpp:46] [~BaseQueueElement] Queue element UserBuffQEl7beach_robot/conv42 has 0 frames in his Queue on destruction
[2026-04-28 17:14:08.698] [6206] [HailoRT] [info] [queue_elements.cpp:734] [run_in_thread] Shutdown event was signaled in run_pull of queue element PullQEl_hw_read3beach_robot/conv52!
[2026-04-28 17:14:08.698] [6207] [HailoRT] [info] [queue_elements.cpp:855] [run_in_thread] Shutdown event was signaled in dequeue of UserBuffQEl3beach_robot/conv52!
[2026-04-28 17:14:08.698] [6206] [HailoRT] [info] [queue_elements.cpp:68] [operator()] Thread in element PullQEl_hw_read3beach_robot/conv52 is not running anymore, exiting..
[2026-04-28 17:14:08.698] [3710] [HailoRT] [info] [queue_elements.cpp:46] [~BaseQueueElement] Queue element PullQEl_hw_read3beach_robot/conv52 has 0 frames in his Queue on destruction
[2026-04-28 17:14:08.698] [6207] [HailoRT] [info] [queue_elements.cpp:68] [operator()] Thread in element UserBuffQEl3beach_robot/conv52 is not running anymore, exiting..
[2026-04-28 17:14:08.698] [3710] [HailoRT] [info] [queue_elements.cpp:46] [~BaseQueueElement] Queue element UserBuffQEl3beach_robot/conv52 has 0 frames in his Queue on destruction
[2026-04-28 17:14:08.698] [6208] [HailoRT] [info] [queue_elements.cpp:734] [run_in_thread] Shutdown event was signaled in run_pull of queue element PullQEl_hw_read1beach_robot/conv53!
[2026-04-28 17:14:08.698] [6209] [HailoRT] [info] [queue_elements.cpp:855] [run_in_thread] Shutdown event was signaled in dequeue of UserBuffQEl1beach_robot/conv53!
[2026-04-28 17:14:08.698] [6208] [HailoRT] [info] [queue_elements.cpp:68] [operator()] Thread in element PullQEl_hw_read1beach_robot/conv53 is not running anymore, exiting..
[2026-04-28 17:14:08.698] [3710] [HailoRT] [info] [queue_elements.cpp:46] [~BaseQueueElement] Queue element PullQEl_hw_read1beach_robot/conv53 has 0 frames in his Queue on destruction
[2026-04-28 17:14:08.698] [6209] [HailoRT] [info] [queue_elements.cpp:68] [operator()] Thread in element UserBuffQEl1beach_robot/conv53 is not running anymore, exiting..
[2026-04-28 17:14:08.698] [3710] [HailoRT] [info] [queue_elements.cpp:46] [~BaseQueueElement] Queue element UserBuffQEl1beach_robot/conv53 has 0 frames in his Queue on destruction
[2026-04-28 17:14:08.699] [6210] [HailoRT] [info] [queue_elements.cpp:734] [run_in_thread] Shutdown event was signaled in run_pull of queue element PullQEl_hw_read2beach_robot/conv62!
[2026-04-28 17:14:08.699] [6211] [HailoRT] [info] [queue_elements.cpp:855] [run_in_thread] Shutdown event was signaled in dequeue of UserBuffQEl2beach_robot/conv62!
[2026-04-28 17:14:08.699] [6210] [HailoRT] [info] [queue_elements.cpp:68] [operator()] Thread in element PullQEl_hw_read2beach_robot/conv62 is not running anymore, exiting..
[2026-04-28 17:14:08.699] [3710] [HailoRT] [info] [queue_elements.cpp:46] [~BaseQueueElement] Queue element PullQEl_hw_read2beach_robot/conv62 has 0 frames in his Queue on destruction
[2026-04-28 17:14:08.699] [6211] [HailoRT] [info] [queue_elements.cpp:68] [operator()] Thread in element UserBuffQEl2beach_robot/conv62 is not running anymore, exiting..
[2026-04-28 17:14:08.699] [3710] [HailoRT] [info] [queue_elements.cpp:46] [~BaseQueueElement] Queue element UserBuffQEl2beach_robot/conv62 has 0 frames in his Queue on destruction
[2026-04-28 17:14:08.699] [6212] [HailoRT] [info] [queue_elements.cpp:734] [run_in_thread] Shutdown event was signaled in run_pull of queue element PullQEl_hw_read0beach_robot/conv63!
[2026-04-28 17:14:08.699] [6213] [HailoRT] [info] [queue_elements.cpp:855] [run_in_thread] Shutdown event was signaled in dequeue of UserBuffQEl0beach_robot/conv63!
[2026-04-28 17:14:08.699] [6212] [HailoRT] [info] [queue_elements.cpp:68] [operator()] Thread in element PullQEl_hw_read0beach_robot/conv63 is not running anymore, exiting..
[2026-04-28 17:14:08.699] [3710] [HailoRT] [info] [queue_elements.cpp:46] [~BaseQueueElement] Queue element PullQEl_hw_read0beach_robot/conv63 has 0 frames in his Queue on destruction
[2026-04-28 17:14:08.699] [6213] [HailoRT] [info] [queue_elements.cpp:68] [operator()] Thread in element UserBuffQEl0beach_robot/conv63 is not running anymore, exiting..
[2026-04-28 17:14:08.699] [3710] [HailoRT] [info] [queue_elements.cpp:46] [~BaseQueueElement] Queue element UserBuffQEl0beach_robot/conv63 has 0 frames in his Queue on destruction
[2026-04-28 17:14:08.998] [3710] [HailoRT] [info] [edge_elements.cpp:52] [create] Created (HwWriteEl2beach_robot/input_layer1 | hw_frame_size: 1228800)
[2026-04-28 17:14:08.998] [3710] [HailoRT] [info] [vstream.cpp:754] [InputVStreamImpl] Creating beach_robot/input_layer1...
[2026-04-28 17:14:08.998] [3710] [HailoRT] [info] [vstream_builder.cpp:102] [create_inputs] Input pipeline 'beach_robot/input_layer1': (HwWriteEl2beach_robot/input_layer1 | hw_frame_size: 1228800) >> HW
[2026-04-28 17:14:08.998] [3710] [HailoRT] [info] [edge_elements.cpp:287] [create] Created (HwReadEl0beach_robot/conv41 | hw_frame_size: 409600)
[2026-04-28 17:14:08.998] [3710] [HailoRT] [info] [queue_elements.cpp:657] [create] Created (PullQEl_hw_read0beach_robot/conv41)
[2026-04-28 17:14:08.998] [3710] [HailoRT] [info] [filter_elements.cpp:372] [create] Created (PostInferEl0beach_robot/conv41 | Quantization - src_type: UINT8, dst_type FLOAT32, limvals_min: -10.8307, limvals_max: 18.5504)
[2026-04-28 17:14:08.998] [3710] [HailoRT] [info] [queue_elements.cpp:800] [create] Created (UserBuffQEl0beach_robot/conv41 | timeout: 10s)
[2026-04-28 17:14:08.998] [3710] [HailoRT] [info] [vstream.cpp:1114] [OutputVStreamImpl] Creating beach_robot/conv41...
[2026-04-28 17:14:08.998] [3710] [HailoRT] [info] [vstream_builder.cpp:220] [create_outputs] Output pipeline 'beach_robot/conv41': HW >> (HwReadEl0beach_robot/conv41 | hw_frame_size: 409600) >> (PullQEl_hw_read0beach_robot/conv41) >> (PostInferEl0beach_robot/conv41 | Quantization - src_type: UINT8, dst_type FLOAT32, limvals_min: -10.8307, limvals_max: 18.5504) >> (UserBuffQEl0beach_robot/conv41 | timeout: 10s)
[2026-04-28 17:14:08.998] [3710] [HailoRT] [info] [edge_elements.cpp:287] [create] Created (HwReadEl7beach_robot/conv42 | hw_frame_size: 12800)
[2026-04-28 17:14:08.998] [3710] [HailoRT] [info] [queue_elements.cpp:657] [create] Created (PullQEl_hw_read7beach_robot/conv42)
[2026-04-28 17:14:08.998] [3710] [HailoRT] [info] [filter_elements.cpp:372] [create] Created (PostInferEl7beach_robot/conv42 | Quantization - src_type: UINT8, dst_type FLOAT32, limvals_min: -25.6857, limvals_max: 0)
[2026-04-28 17:14:08.998] [3710] [HailoRT] [info] [queue_elements.cpp:800] [create] Created (UserBuffQEl7beach_robot/conv42 | timeout: 10s)
[2026-04-28 17:14:08.998] [3710] [HailoRT] [info] [vstream.cpp:1114] [OutputVStreamImpl] Creating beach_robot/conv42...
[2026-04-28 17:14:08.998] [3710] [HailoRT] [info] [vstream_builder.cpp:220] [create_outputs] Output pipeline 'beach_robot/conv42': HW >> (HwReadEl7beach_robot/conv42 | hw_frame_size: 12800) >> (PullQEl_hw_read7beach_robot/conv42) >> (PostInferEl7beach_robot/conv42 | Quantization - src_type: UINT8, dst_type FLOAT32, limvals_min: -25.6857, limvals_max: 0) >> (UserBuffQEl7beach_robot/conv42 | timeout: 10s)
[2026-04-28 17:14:08.998] [3710] [HailoRT] [info] [edge_elements.cpp:287] [create] Created (HwReadEl3beach_robot/conv52 | hw_frame_size: 102400)
[2026-04-28 17:14:08.999] [3710] [HailoRT] [info] [queue_elements.cpp:657] [create] Created (PullQEl_hw_read3beach_robot/conv52)
[2026-04-28 17:14:08.999] [3710] [HailoRT] [info] [filter_elements.cpp:372] [create] Created (PostInferEl3beach_robot/conv52 | Quantization - src_type: UINT8, dst_type FLOAT32, limvals_min: -6.53754, limvals_max: 19.9239)
[2026-04-28 17:14:08.999] [3710] [HailoRT] [info] [queue_elements.cpp:800] [create] Created (UserBuffQEl3beach_robot/conv52 | timeout: 10s)
[2026-04-28 17:14:08.999] [3710] [HailoRT] [info] [vstream.cpp:1114] [OutputVStreamImpl] Creating beach_robot/conv52...
[2026-04-28 17:14:08.999] [3710] [HailoRT] [info] [vstream_builder.cpp:220] [create_outputs] Output pipeline 'beach_robot/conv52': HW >> (HwReadEl3beach_robot/conv52 | hw_frame_size: 102400) >> (PullQEl_hw_read3beach_robot/conv52) >> (PostInferEl3beach_robot/conv52 | Quantization - src_type: UINT8, dst_type FLOAT32, limvals_min: -6.53754, limvals_max: 19.9239) >> (UserBuffQEl3beach_robot/conv52 | timeout: 10s)
[2026-04-28 17:14:08.999] [3710] [HailoRT] [info] [edge_elements.cpp:287] [create] Created (HwReadEl1beach_robot/conv53 | hw_frame_size: 3200)
[2026-04-28 17:14:08.999] [3710] [HailoRT] [info] [queue_elements.cpp:657] [create] Created (PullQEl_hw_read1beach_robot/conv53)
[2026-04-28 17:14:08.999] [3710] [HailoRT] [info] [filter_elements.cpp:372] [create] Created (PostInferEl1beach_robot/conv53 | Quantization - src_type: UINT8, dst_type FLOAT32, limvals_min: -15.7441, limvals_max: 0)
[2026-04-28 17:14:08.999] [3710] [HailoRT] [info] [queue_elements.cpp:800] [create] Created (UserBuffQEl1beach_robot/conv53 | timeout: 10s)
[2026-04-28 17:14:08.999] [3710] [HailoRT] [info] [vstream.cpp:1114] [OutputVStreamImpl] Creating beach_robot/conv53...
[2026-04-28 17:14:08.999] [3710] [HailoRT] [info] [vstream_builder.cpp:220] [create_outputs] Output pipeline 'beach_robot/conv53': HW >> (HwReadEl1beach_robot/conv53 | hw_frame_size: 3200) >> (PullQEl_hw_read1beach_robot/conv53) >> (PostInferEl1beach_robot/conv53 | Quantization - src_type: UINT8, dst_type FLOAT32, limvals_min: -15.7441, limvals_max: 0) >> (UserBuffQEl1beach_robot/conv53 | timeout: 10s)
[2026-04-28 17:14:08.999] [3710] [HailoRT] [info] [edge_elements.cpp:287] [create] Created (HwReadEl2beach_robot/conv62 | hw_frame_size: 25600)
[2026-04-28 17:14:08.999] [3710] [HailoRT] [info] [queue_elements.cpp:657] [create] Created (PullQEl_hw_read2beach_robot/conv62)
[2026-04-28 17:14:08.999] [3710] [HailoRT] [info] [filter_elements.cpp:372] [create] Created (PostInferEl2beach_robot/conv62 | Quantization - src_type: UINT8, dst_type FLOAT32, limvals_min: -8.27399, limvals_max: 14.6594)
[2026-04-28 17:14:08.999] [3710] [HailoRT] [info] [queue_elements.cpp:800] [create] Created (UserBuffQEl2beach_robot/conv62 | timeout: 10s)
[2026-04-28 17:14:08.999] [3710] [HailoRT] [info] [vstream.cpp:1114] [OutputVStreamImpl] Creating beach_robot/conv62...
[2026-04-28 17:14:08.999] [3710] [HailoRT] [info] [vstream_builder.cpp:220] [create_outputs] Output pipeline 'beach_robot/conv62': HW >> (HwReadEl2beach_robot/conv62 | hw_frame_size: 25600) >> (PullQEl_hw_read2beach_robot/conv62) >> (PostInferEl2beach_robot/conv62 | Quantization - src_type: UINT8, dst_type FLOAT32, limvals_min: -8.27399, limvals_max: 14.6594) >> (UserBuffQEl2beach_robot/conv62 | timeout: 10s)
[2026-04-28 17:14:08.999] [3710] [HailoRT] [info] [edge_elements.cpp:287] [create] Created (HwReadEl0beach_robot/conv63 | hw_frame_size: 3200)
[2026-04-28 17:14:08.999] [3710] [HailoRT] [info] [queue_elements.cpp:657] [create] Created (PullQEl_hw_read0beach_robot/conv63)
[2026-04-28 17:14:08.999] [3710] [HailoRT] [info] [filter_elements.cpp:372] [create] Created (PostInferEl0beach_robot/conv63 | Quantization - src_type: UINT8, dst_type FLOAT32, limvals_min: -15.2921, limvals_max: 1.44388 | Reorder - src_order: FCR, src_shape: (20, 20, 8), dst_order: FCR, dst_shape: (20, 20, 2))
[2026-04-28 17:14:08.999] [3710] [HailoRT] [info] [queue_elements.cpp:800] [create] Created (UserBuffQEl0beach_robot/conv63 | timeout: 10s)
[2026-04-28 17:14:08.999] [3710] [HailoRT] [info] [vstream.cpp:1114] [OutputVStreamImpl] Creating beach_robot/conv63...
[2026-04-28 17:14:08.999] [3710] [HailoRT] [info] [vstream_builder.cpp:220] [create_outputs] Output pipeline 'beach_robot/conv63': HW >> (HwReadEl0beach_robot/conv63 | hw_frame_size: 3200) >> (PullQEl_hw_read0beach_robot/conv63) >> (PostInferEl0beach_robot/conv63 | Quantization - src_type: UINT8, dst_type FLOAT32, limvals_min: -15.2921, limvals_max: 1.44388 | Reorder - src_order: FCR, src_shape: (20, 20, 8), dst_order: FCR, dst_shape: (20, 20, 2)) >> (UserBuffQEl0beach_robot/conv63 | timeout: 10s)
[2026-04-28 17:14:09.000] [3710] [HailoRT] [info] [core_op.cpp:156] [activate] Activating beach_robot took 0.529675 milliseconds. Note that the function is asynchronous and thus the network is not fully activated yet.
[2026-04-28 17:14:09.000] [3710] [HailoRT] [info] [core_op.cpp:156] [activate] Activating beach_robot took 0.549081 milliseconds. Note that the function is asynchronous and thus the network is not fully activated yet.
[2026-04-28 17:14:09.019] [6221] [HailoRT] [info] [vdevice_native_stream.cpp:331] [read_impl] Failed read from stream HAILO_STREAM_NOT_ACTIVATED(72) (device: 0001:01:00.0)
[2026-04-28 17:14:09.019] [6227] [HailoRT] [info] [vdevice_native_stream.cpp:331] [read_impl] Failed read from stream HAILO_STREAM_NOT_ACTIVATED(72) (device: 0001:01:00.0)
[2026-04-28 17:14:09.019] [6225] [HailoRT] [info] [vdevice_native_stream.cpp:331] [read_impl] Failed read from stream HAILO_STREAM_NOT_ACTIVATED(72) (device: 0001:01:00.0)
[2026-04-28 17:14:09.019] [6231] [HailoRT] [info] [vdevice_native_stream.cpp:331] [read_impl] Failed read from stream HAILO_STREAM_NOT_ACTIVATED(72) (device: 0001:01:00.0)
[2026-04-28 17:14:09.019] [6229] [HailoRT] [info] [vdevice_native_stream.cpp:331] [read_impl] Failed read from stream HAILO_STREAM_NOT_ACTIVATED(72) (device: 0001:01:00.0)
[2026-04-28 17:14:09.019] [6223] [HailoRT] [info] [vdevice_native_stream.cpp:331] [read_impl] Failed read from stream HAILO_STREAM_NOT_ACTIVATED(72) (device: 0001:01:00.0)
[2026-04-28 17:14:09.019] [3710] [HailoRT] [info] [core_op.cpp:186] [deactivate] Deactivating took 0.497286 ms
[2026-04-28 17:14:09.019] [3710] [HailoRT] [info] [core_op.cpp:186] [deactivate] Deactivating took 0.509231 ms
[2026-04-28 17:14:09.019] [6221] [HailoRT] [info] [queue_elements.cpp:734] [run_in_thread] Shutdown event was signaled in run_pull of queue element PullQEl_hw_read0beach_robot/conv41!
[2026-04-28 17:14:09.019] [6222] [HailoRT] [info] [queue_elements.cpp:855] [run_in_thread] Shutdown event was signaled in dequeue of UserBuffQEl0beach_robot/conv41!
[2026-04-28 17:14:09.019] [6221] [HailoRT] [info] [queue_elements.cpp:68] [operator()] Thread in element PullQEl_hw_read0beach_robot/conv41 is not running anymore, exiting..
[2026-04-28 17:14:09.019] [3710] [HailoRT] [info] [queue_elements.cpp:46] [~BaseQueueElement] Queue element PullQEl_hw_read0beach_robot/conv41 has 0 frames in his Queue on destruction
[2026-04-28 17:14:09.019] [6222] [HailoRT] [info] [queue_elements.cpp:68] [operator()] Thread in element UserBuffQEl0beach_robot/conv41 is not running anymore, exiting..
[2026-04-28 17:14:09.019] [3710] [HailoRT] [info] [queue_elements.cpp:46] [~BaseQueueElement] Queue element UserBuffQEl0beach_robot/conv41 has 0 frames in his Queue on destruction
[2026-04-28 17:14:09.019] [6223] [HailoRT] [info] [queue_elements.cpp:734] [run_in_thread] Shutdown event was signaled in run_pull of queue element PullQEl_hw_read7beach_robot/conv42!
[2026-04-28 17:14:09.019] [6224] [HailoRT] [info] [queue_elements.cpp:855] [run_in_thread] Shutdown event was signaled in dequeue of UserBuffQEl7beach_robot/conv42!
[2026-04-28 17:14:09.019] [6223] [HailoRT] [info] [queue_elements.cpp:68] [operator()] Thread in element PullQEl_hw_read7beach_robot/conv42 is not running anymore, exiting..
[2026-04-28 17:14:09.019] [3710] [HailoRT] [info] [queue_elements.cpp:46] [~BaseQueueElement] Queue element PullQEl_hw_read7beach_robot/conv42 has 0 frames in his Queue on destruction
[2026-04-28 17:14:09.019] [6224] [HailoRT] [info] [queue_elements.cpp:68] [operator()] Thread in element UserBuffQEl7beach_robot/conv42 is not running anymore, exiting..
[2026-04-28 17:14:09.019] [3710] [HailoRT] [info] [queue_elements.cpp:46] [~BaseQueueElement] Queue element UserBuffQEl7beach_robot/conv42 has 0 frames in his Queue on destruction
[2026-04-28 17:14:09.019] [6225] [HailoRT] [info] [queue_elements.cpp:734] [run_in_thread] Shutdown event was signaled in run_pull of queue element PullQEl_hw_read3beach_robot/conv52!
[2026-04-28 17:14:09.019] [6226] [HailoRT] [info] [queue_elements.cpp:855] [run_in_thread] Shutdown event was signaled in dequeue of UserBuffQEl3beach_robot/conv52!
[2026-04-28 17:14:09.019] [6225] [HailoRT] [info] [queue_elements.cpp:68] [operator()] Thread in element PullQEl_hw_read3beach_robot/conv52 is not running anymore, exiting..
[2026-04-28 17:14:09.019] [3710] [HailoRT] [info] [queue_elements.cpp:46] [~BaseQueueElement] Queue element PullQEl_hw_read3beach_robot/conv52 has 0 frames in his Queue on destruction
[2026-04-28 17:14:09.019] [6226] [HailoRT] [info] [queue_elements.cpp:68] [operator()] Thread in element UserBuffQEl3beach_robot/conv52 is not running anymore, exiting..
[2026-04-28 17:14:09.020] [3710] [HailoRT] [info] [queue_elements.cpp:46] [~BaseQueueElement] Queue element UserBuffQEl3beach_robot/conv52 has 0 frames in his Queue on destruction
[2026-04-28 17:14:09.020] [6228] [HailoRT] [info] [queue_elements.cpp:855] [run_in_thread] Shutdown event was signaled in dequeue of UserBuffQEl1beach_robot/conv53!
[2026-04-28 17:14:09.020] [6227] [HailoRT] [info] [queue_elements.cpp:734] [run_in_thread] Shutdown event was signaled in run_pull of queue element PullQEl_hw_read1beach_robot/conv53!
[2026-04-28 17:14:09.020] [6227] [HailoRT] [info] [queue_elements.cpp:68] [operator()] Thread in element PullQEl_hw_read1beach_robot/conv53 is not running anymore, exiting..
[2026-04-28 17:14:09.020] [3710] [HailoRT] [info] [queue_elements.cpp:46] [~BaseQueueElement] Queue element PullQEl_hw_read1beach_robot/conv53 has 0 frames in his Queue on destruction
[2026-04-28 17:14:09.020] [6228] [HailoRT] [info] [queue_elements.cpp:68] [operator()] Thread in element UserBuffQEl1beach_robot/conv53 is not running anymore, exiting..
[2026-04-28 17:14:09.020] [3710] [HailoRT] [info] [queue_elements.cpp:46] [~BaseQueueElement] Queue element UserBuffQEl1beach_robot/conv53 has 0 frames in his Queue on destruction
[2026-04-28 17:14:09.020] [6229] [HailoRT] [info] [queue_elements.cpp:734] [run_in_thread] Shutdown event was signaled in run_pull of queue element PullQEl_hw_read2beach_robot/conv62!
[2026-04-28 17:14:09.020] [6230] [HailoRT] [info] [queue_elements.cpp:855] [run_in_thread] Shutdown event was signaled in dequeue of UserBuffQEl2beach_robot/conv62!
[2026-04-28 17:14:09.020] [6229] [HailoRT] [info] [queue_elements.cpp:68] [operator()] Thread in element PullQEl_hw_read2beach_robot/conv62 is not running anymore, exiting..
[2026-04-28 17:14:09.020] [3710] [HailoRT] [info] [queue_elements.cpp:46] [~BaseQueueElement] Queue element PullQEl_hw_read2beach_robot/conv62 has 0 frames in his Queue on destruction
[2026-04-28 17:14:09.020] [6230] [HailoRT] [info] [queue_elements.cpp:68] [operator()] Thread in element UserBuffQEl2beach_robot/conv62 is not running anymore, exiting..
[2026-04-28 17:14:09.020] [3710] [HailoRT] [info] [queue_elements.cpp:46] [~BaseQueueElement] Queue element UserBuffQEl2beach_robot/conv62 has 0 frames in his Queue on destruction
[2026-04-28 17:14:09.020] [6231] [HailoRT] [info] [queue_elements.cpp:734] [run_in_thread] Shutdown event was signaled in run_pull of queue element PullQEl_hw_read0beach_robot/conv63!
[2026-04-28 17:14:09.020] [6232] [HailoRT] [info] [queue_elements.cpp:855] [run_in_thread] Shutdown event was signaled in dequeue of UserBuffQEl0beach_robot/conv63!
[2026-04-28 17:14:09.020] [6231] [HailoRT] [info] [queue_elements.cpp:68] [operator()] Thread in element PullQEl_hw_read0beach_robot/conv63 is not running anymore, exiting..
[2026-04-28 17:14:09.020] [3710] [HailoRT] [info] [queue_elements.cpp:46] [~BaseQueueElement] Queue element PullQEl_hw_read0beach_robot/conv63 has 0 frames in his Queue on destruction
[2026-04-28 17:14:09.020] [6232] [HailoRT] [info] [queue_elements.cpp:68] [operator()] Thread in element UserBuffQEl0beach_robot/conv63 is not running anymore, exiting..
[2026-04-28 17:14:09.020] [3710] [HailoRT] [info] [queue_elements.cpp:46] [~BaseQueueElement] Queue element UserBuffQEl0beach_robot/conv63 has 0 frames in his Queue on destruction
[2026-04-28 17:14:09.320] [3710] [HailoRT] [info] [edge_elements.cpp:52] [create] Created (HwWriteEl2beach_robot/input_layer1 | hw_frame_size: 1228800)
[2026-04-28 17:14:09.320] [3710] [HailoRT] [info] [vstream.cpp:754] [InputVStreamImpl] Creating beach_robot/input_layer1...
[2026-04-28 17:14:09.320] [3710] [HailoRT] [info] [vstream_builder.cpp:102] [create_inputs] Input pipeline 'beach_robot/input_layer1': (HwWriteEl2beach_robot/input_layer1 | hw_frame_size: 1228800) >> HW
[2026-04-28 17:14:09.320] [3710] [HailoRT] [info] [edge_elements.cpp:287] [create] Created (HwReadEl0beach_robot/conv41 | hw_frame_size: 409600)
[2026-04-28 17:14:09.320] [3710] [HailoRT] [info] [queue_elements.cpp:657] [create] Created (PullQEl_hw_read0beach_robot/conv41)
[2026-04-28 17:14:09.320] [3710] [HailoRT] [info] [filter_elements.cpp:372] [create] Created (PostInferEl0beach_robot/conv41 | Quantization - src_type: UINT8, dst_type FLOAT32, limvals_min: -10.8307, limvals_max: 18.5504)
[2026-04-28 17:14:09.320] [3710] [HailoRT] [info] [queue_elements.cpp:800] [create] Created (UserBuffQEl0beach_robot/conv41 | timeout: 10s)
[2026-04-28 17:14:09.320] [3710] [HailoRT] [info] [vstream.cpp:1114] [OutputVStreamImpl] Creating beach_robot/conv41...
[2026-04-28 17:14:09.320] [3710] [HailoRT] [info] [vstream_builder.cpp:220] [create_outputs] Output pipeline 'beach_robot/conv41': HW >> (HwReadEl0beach_robot/conv41 | hw_frame_size: 409600) >> (PullQEl_hw_read0beach_robot/conv41) >> (PostInferEl0beach_robot/conv41 | Quantization - src_type: UINT8, dst_type FLOAT32, limvals_min: -10.8307, limvals_max: 18.5504) >> (UserBuffQEl0beach_robot/conv41 | timeout: 10s)
[2026-04-28 17:14:09.320] [3710] [HailoRT] [info] [edge_elements.cpp:287] [create] Created (HwReadEl7beach_robot/conv42 | hw_frame_size: 12800)
[2026-04-28 17:14:09.320] [3710] [HailoRT] [info] [queue_elements.cpp:657] [create] Created (PullQEl_hw_read7beach_robot/conv42)
[2026-04-28 17:14:09.320] [3710] [HailoRT] [info] [filter_elements.cpp:372] [create] Created (PostInferEl7beach_robot/conv42 | Quantization - src_type: UINT8, dst_type FLOAT32, limvals_min: -25.6857, limvals_max: 0)
[2026-04-28 17:14:09.320] [3710] [HailoRT] [info] [queue_elements.cpp:800] [create] Created (UserBuffQEl7beach_robot/conv42 | timeout: 10s)
[2026-04-28 17:14:09.320] [3710] [HailoRT] [info] [vstream.cpp:1114] [OutputVStreamImpl] Creating beach_robot/conv42...
[2026-04-28 17:14:09.321] [3710] [HailoRT] [info] [vstream_builder.cpp:220] [create_outputs] Output pipeline 'beach_robot/conv42': HW >> (HwReadEl7beach_robot/conv42 | hw_frame_size: 12800) >> (PullQEl_hw_read7beach_robot/conv42) >> (PostInferEl7beach_robot/conv42 | Quantization - src_type: UINT8, dst_type FLOAT32, limvals_min: -25.6857, limvals_max: 0) >> (UserBuffQEl7beach_robot/conv42 | timeout: 10s)
[2026-04-28 17:14:09.321] [3710] [HailoRT] [info] [edge_elements.cpp:287] [create] Created (HwReadEl3beach_robot/conv52 | hw_frame_size: 102400)
[2026-04-28 17:14:09.321] [3710] [HailoRT] [info] [queue_elements.cpp:657] [create] Created (PullQEl_hw_read3beach_robot/conv52)
[2026-04-28 17:14:09.321] [3710] [HailoRT] [info] [filter_elements.cpp:372] [create] Created (PostInferEl3beach_robot/conv52 | Quantization - src_type: UINT8, dst_type FLOAT32, limvals_min: -6.53754, limvals_max: 19.9239)
[2026-04-28 17:14:09.321] [3710] [HailoRT] [info] [queue_elements.cpp:800] [create] Created (UserBuffQEl3beach_robot/conv52 | timeout: 10s)
[2026-04-28 17:14:09.321] [3710] [HailoRT] [info] [vstream.cpp:1114] [OutputVStreamImpl] Creating beach_robot/conv52...
[2026-04-28 17:14:09.321] [3710] [HailoRT] [info] [vstream_builder.cpp:220] [create_outputs] Output pipeline 'beach_robot/conv52': HW >> (HwReadEl3beach_robot/conv52 | hw_frame_size: 102400) >> (PullQEl_hw_read3beach_robot/conv52) >> (PostInferEl3beach_robot/conv52 | Quantization - src_type: UINT8, dst_type FLOAT32, limvals_min: -6.53754, limvals_max: 19.9239) >> (UserBuffQEl3beach_robot/conv52 | timeout: 10s)
[2026-04-28 17:14:09.321] [3710] [HailoRT] [info] [edge_elements.cpp:287] [create] Created (HwReadEl1beach_robot/conv53 | hw_frame_size: 3200)
[2026-04-28 17:14:09.321] [3710] [HailoRT] [info] [queue_elements.cpp:657] [create] Created (PullQEl_hw_read1beach_robot/conv53)
[2026-04-28 17:14:09.321] [3710] [HailoRT] [info] [filter_elements.cpp:372] [create] Created (PostInferEl1beach_robot/conv53 | Quantization - src_type: UINT8, dst_type FLOAT32, limvals_min: -15.7441, limvals_max: 0)
[2026-04-28 17:14:09.321] [3710] [HailoRT] [info] [queue_elements.cpp:800] [create] Created (UserBuffQEl1beach_robot/conv53 | timeout: 10s)
[2026-04-28 17:14:09.321] [3710] [HailoRT] [info] [vstream.cpp:1114] [OutputVStreamImpl] Creating beach_robot/conv53...
[2026-04-28 17:14:09.321] [3710] [HailoRT] [info] [vstream_builder.cpp:220] [create_outputs] Output pipeline 'beach_robot/conv53': HW >> (HwReadEl1beach_robot/conv53 | hw_frame_size: 3200) >> (PullQEl_hw_read1beach_robot/conv53) >> (PostInferEl1beach_robot/conv53 | Quantization - src_type: UINT8, dst_type FLOAT32, limvals_min: -15.7441, limvals_max: 0) >> (UserBuffQEl1beach_robot/conv53 | timeout: 10s)
[2026-04-28 17:14:09.321] [3710] [HailoRT] [info] [edge_elements.cpp:287] [create] Created (HwReadEl2beach_robot/conv62 | hw_frame_size: 25600)
[2026-04-28 17:14:09.321] [3710] [HailoRT] [info] [queue_elements.cpp:657] [create] Created (PullQEl_hw_read2beach_robot/conv62)
[2026-04-28 17:14:09.321] [3710] [HailoRT] [info] [filter_elements.cpp:372] [create] Created (PostInferEl2beach_robot/conv62 | Quantization - src_type: UINT8, dst_type FLOAT32, limvals_min: -8.27399, limvals_max: 14.6594)
[2026-04-28 17:14:09.321] [3710] [HailoRT] [info] [queue_elements.cpp:800] [create] Created (UserBuffQEl2beach_robot/conv62 | timeout: 10s)
[2026-04-28 17:14:09.321] [3710] [HailoRT] [info] [vstream.cpp:1114] [OutputVStreamImpl] Creating beach_robot/conv62...
[2026-04-28 17:14:09.321] [3710] [HailoRT] [info] [vstream_builder.cpp:220] [create_outputs] Output pipeline 'beach_robot/conv62': HW >> (HwReadEl2beach_robot/conv62 | hw_frame_size: 25600) >> (PullQEl_hw_read2beach_robot/conv62) >> (PostInferEl2beach_robot/conv62 | Quantization - src_type: UINT8, dst_type FLOAT32, limvals_min: -8.27399, limvals_max: 14.6594) >> (UserBuffQEl2beach_robot/conv62 | timeout: 10s)
[2026-04-28 17:14:09.321] [3710] [HailoRT] [info] [edge_elements.cpp:287] [create] Created (HwReadEl0beach_robot/conv63 | hw_frame_size: 3200)
[2026-04-28 17:14:09.321] [3710] [HailoRT] [info] [queue_elements.cpp:657] [create] Created (PullQEl_hw_read0beach_robot/conv63)
[2026-04-28 17:14:09.321] [3710] [HailoRT] [info] [filter_elements.cpp:372] [create] Created (PostInferEl0beach_robot/conv63 | Quantization - src_type: UINT8, dst_type FLOAT32, limvals_min: -15.2921, limvals_max: 1.44388 | Reorder - src_order: FCR, src_shape: (20, 20, 8), dst_order: FCR, dst_shape: (20, 20, 2))
[2026-04-28 17:14:09.321] [3710] [HailoRT] [info] [queue_elements.cpp:800] [create] Created (UserBuffQEl0beach_robot/conv63 | timeout: 10s)
[2026-04-28 17:14:09.321] [3710] [HailoRT] [info] [vstream.cpp:1114] [OutputVStreamImpl] Creating beach_robot/conv63...
[2026-04-28 17:14:09.321] [3710] [HailoRT] [info] [vstream_builder.cpp:220] [create_outputs] Output pipeline 'beach_robot/conv63': HW >> (HwReadEl0beach_robot/conv63 | hw_frame_size: 3200) >> (PullQEl_hw_read0beach_robot/conv63) >> (PostInferEl0beach_robot/conv63 | Quantization - src_type: UINT8, dst_type FLOAT32, limvals_min: -15.2921, limvals_max: 1.44388 | Reorder - src_order: FCR, src_shape: (20, 20, 8), dst_order: FCR, dst_shape: (20, 20, 2)) >> (UserBuffQEl0beach_robot/conv63 | timeout: 10s)
[2026-04-28 17:14:09.322] [3710] [HailoRT] [info] [core_op.cpp:156] [activate] Activating beach_robot took 0.525637 milliseconds. Note that the function is asynchronous and thus the network is not fully activated yet.
[2026-04-28 17:14:09.322] [3710] [HailoRT] [info] [core_op.cpp:156] [activate] Activating beach_robot took 0.5406 milliseconds. Note that the function is asynchronous and thus the network is not fully activated yet.
[2026-04-28 17:14:09.341] [6242] [HailoRT] [info] [vdevice_native_stream.cpp:331] [read_impl] Failed read from stream HAILO_STREAM_NOT_ACTIVATED(72) (device: 0001:01:00.0)
[2026-04-28 17:14:09.341] [6248] [HailoRT] [info] [vdevice_native_stream.cpp:331] [read_impl] Failed read from stream HAILO_STREAM_NOT_ACTIVATED(72) (device: 0001:01:00.0)
[2026-04-28 17:14:09.341] [6240] [HailoRT] [info] [vdevice_native_stream.cpp:331] [read_impl] Failed read from stream HAILO_STREAM_NOT_ACTIVATED(72) (device: 0001:01:00.0)
[2026-04-28 17:14:09.341] [6250] [HailoRT] [info] [vdevice_native_stream.cpp:331] [read_impl] Failed read from stream HAILO_STREAM_NOT_ACTIVATED(72) (device: 0001:01:00.0)
[2026-04-28 17:14:09.341] [6244] [HailoRT] [info] [vdevice_native_stream.cpp:331] [read_impl] Failed read from stream HAILO_STREAM_NOT_ACTIVATED(72) (device: 0001:01:00.0)
[2026-04-28 17:14:09.341] [6246] [HailoRT] [info] [vdevice_native_stream.cpp:331] [read_impl] Failed read from stream HAILO_STREAM_NOT_ACTIVATED(72) (device: 0001:01:00.0)
[2026-04-28 17:14:09.341] [3710] [HailoRT] [info] [core_op.cpp:186] [deactivate] Deactivating took 0.523157 ms
[2026-04-28 17:14:09.341] [3710] [HailoRT] [info] [core_op.cpp:186] [deactivate] Deactivating took 0.533656 ms
[2026-04-28 17:14:09.341] [6241] [HailoRT] [info] [queue_elements.cpp:855] [run_in_thread] Shutdown event was signaled in dequeue of UserBuffQEl0beach_robot/conv41!
[2026-04-28 17:14:09.341] [6240] [HailoRT] [info] [queue_elements.cpp:734] [run_in_thread] Shutdown event was signaled in run_pull of queue element PullQEl_hw_read0beach_robot/conv41!
[2026-04-28 17:14:09.341] [6240] [HailoRT] [info] [queue_elements.cpp:68] [operator()] Thread in element PullQEl_hw_read0beach_robot/conv41 is not running anymore, exiting..
[2026-04-28 17:14:09.341] [3710] [HailoRT] [info] [queue_elements.cpp:46] [~BaseQueueElement] Queue element PullQEl_hw_read0beach_robot/conv41 has 0 frames in his Queue on destruction
[2026-04-28 17:14:09.341] [6241] [HailoRT] [info] [queue_elements.cpp:68] [operator()] Thread in element UserBuffQEl0beach_robot/conv41 is not running anymore, exiting..
[2026-04-28 17:14:09.341] [3710] [HailoRT] [info] [queue_elements.cpp:46] [~BaseQueueElement] Queue element UserBuffQEl0beach_robot/conv41 has 0 frames in his Queue on destruction
[2026-04-28 17:14:09.341] [6242] [HailoRT] [info] [queue_elements.cpp:734] [run_in_thread] Shutdown event was signaled in run_pull of queue element PullQEl_hw_read7beach_robot/conv42!
[2026-04-28 17:14:09.341] [6243] [HailoRT] [info] [queue_elements.cpp:855] [run_in_thread] Shutdown event was signaled in dequeue of UserBuffQEl7beach_robot/conv42!
[2026-04-28 17:14:09.341] [6242] [HailoRT] [info] [queue_elements.cpp:68] [operator()] Thread in element PullQEl_hw_read7beach_robot/conv42 is not running anymore, exiting..
[2026-04-28 17:14:09.341] [3710] [HailoRT] [info] [queue_elements.cpp:46] [~BaseQueueElement] Queue element PullQEl_hw_read7beach_robot/conv42 has 0 frames in his Queue on destruction
[2026-04-28 17:14:09.341] [6243] [HailoRT] [info] [queue_elements.cpp:68] [operator()] Thread in element UserBuffQEl7beach_robot/conv42 is not running anymore, exiting..
[2026-04-28 17:14:09.341] [3710] [HailoRT] [info] [queue_elements.cpp:46] [~BaseQueueElement] Queue element UserBuffQEl7beach_robot/conv42 has 0 frames in his Queue on destruction
[2026-04-28 17:14:09.341] [6244] [HailoRT] [info] [queue_elements.cpp:734] [run_in_thread] Shutdown event was signaled in run_pull of queue element PullQEl_hw_read3beach_robot/conv52!
[2026-04-28 17:14:09.341] [6245] [HailoRT] [info] [queue_elements.cpp:855] [run_in_thread] Shutdown event was signaled in dequeue of UserBuffQEl3beach_robot/conv52!
[2026-04-28 17:14:09.341] [6244] [HailoRT] [info] [queue_elements.cpp:68] [operator()] Thread in element PullQEl_hw_read3beach_robot/conv52 is not running anymore, exiting..
[2026-04-28 17:14:09.342] [3710] [HailoRT] [info] [queue_elements.cpp:46] [~BaseQueueElement] Queue element PullQEl_hw_read3beach_robot/conv52 has 0 frames in his Queue on destruction
[2026-04-28 17:14:09.342] [6245] [HailoRT] [info] [queue_elements.cpp:68] [operator()] Thread in element UserBuffQEl3beach_robot/conv52 is not running anymore, exiting..
[2026-04-28 17:14:09.342] [3710] [HailoRT] [info] [queue_elements.cpp:46] [~BaseQueueElement] Queue element UserBuffQEl3beach_robot/conv52 has 0 frames in his Queue on destruction
[2026-04-28 17:14:09.342] [6247] [HailoRT] [info] [queue_elements.cpp:855] [run_in_thread] Shutdown event was signaled in dequeue of UserBuffQEl1beach_robot/conv53!
[2026-04-28 17:14:09.342] [6246] [HailoRT] [info] [queue_elements.cpp:734] [run_in_thread] Shutdown event was signaled in run_pull of queue element PullQEl_hw_read1beach_robot/conv53!
[2026-04-28 17:14:09.342] [6246] [HailoRT] [info] [queue_elements.cpp:68] [operator()] Thread in element PullQEl_hw_read1beach_robot/conv53 is not running anymore, exiting..
[2026-04-28 17:14:09.342] [3710] [HailoRT] [info] [queue_elements.cpp:46] [~BaseQueueElement] Queue element PullQEl_hw_read1beach_robot/conv53 has 0 frames in his Queue on destruction
[2026-04-28 17:14:09.342] [6247] [HailoRT] [info] [queue_elements.cpp:68] [operator()] Thread in element UserBuffQEl1beach_robot/conv53 is not running anymore, exiting..
[2026-04-28 17:14:09.342] [3710] [HailoRT] [info] [queue_elements.cpp:46] [~BaseQueueElement] Queue element UserBuffQEl1beach_robot/conv53 has 0 frames in his Queue on destruction
[2026-04-28 17:14:09.342] [6248] [HailoRT] [info] [queue_elements.cpp:734] [run_in_thread] Shutdown event was signaled in run_pull of queue element PullQEl_hw_read2beach_robot/conv62!
[2026-04-28 17:14:09.342] [6249] [HailoRT] [info] [queue_elements.cpp:855] [run_in_thread] Shutdown event was signaled in dequeue of UserBuffQEl2beach_robot/conv62!
[2026-04-28 17:14:09.342] [6248] [HailoRT] [info] [queue_elements.cpp:68] [operator()] Thread in element PullQEl_hw_read2beach_robot/conv62 is not running anymore, exiting..
[2026-04-28 17:14:09.342] [3710] [HailoRT] [info] [queue_elements.cpp:46] [~BaseQueueElement] Queue element PullQEl_hw_read2beach_robot/conv62 has 0 frames in his Queue on destruction
[2026-04-28 17:14:09.342] [6249] [HailoRT] [info] [queue_elements.cpp:68] [operator()] Thread in element UserBuffQEl2beach_robot/conv62 is not running anymore, exiting..
[2026-04-28 17:14:09.342] [3710] [HailoRT] [info] [queue_elements.cpp:46] [~BaseQueueElement] Queue element UserBuffQEl2beach_robot/conv62 has 0 frames in his Queue on destruction
[2026-04-28 17:14:09.342] [6250] [HailoRT] [info] [queue_elements.cpp:734] [run_in_thread] Shutdown event was signaled in run_pull of queue element PullQEl_hw_read0beach_robot/conv63!
[2026-04-28 17:14:09.342] [6251] [HailoRT] [info] [queue_elements.cpp:855] [run_in_thread] Shutdown event was signaled in dequeue of UserBuffQEl0beach_robot/conv63!
[2026-04-28 17:14:09.342] [6250] [HailoRT] [info] [queue_elements.cpp:68] [operator()] Thread in element PullQEl_hw_read0beach_robot/conv63 is not running anymore, exiting..
[2026-04-28 17:14:09.342] [3710] [HailoRT] [info] [queue_elements.cpp:46] [~BaseQueueElement] Queue element PullQEl_hw_read0beach_robot/conv63 has 0 frames in his Queue on destruction
[2026-04-28 17:14:09.342] [6251] [HailoRT] [info] [queue_elements.cpp:68] [operator()] Thread in element UserBuffQEl0beach_robot/conv63 is not running anymore, exiting..
[2026-04-28 17:14:09.342] [3710] [HailoRT] [info] [queue_elements.cpp:46] [~BaseQueueElement] Queue element UserBuffQEl0beach_robot/conv63 has 0 frames in his Queue on destruction
[2026-04-28 17:14:09.642] [3710] [HailoRT] [info] [edge_elements.cpp:52] [create] Created (HwWriteEl2beach_robot/input_layer1 | hw_frame_size: 1228800)
[2026-04-28 17:14:09.642] [3710] [HailoRT] [info] [vstream.cpp:754] [InputVStreamImpl] Creating beach_robot/input_layer1...
[2026-04-28 17:14:09.642] [3710] [HailoRT] [info] [vstream_builder.cpp:102] [create_inputs] Input pipeline 'beach_robot/input_layer1': (HwWriteEl2beach_robot/input_layer1 | hw_frame_size: 1228800) >> HW
[2026-04-28 17:14:09.642] [3710] [HailoRT] [info] [edge_elements.cpp:287] [create] Created (HwReadEl0beach_robot/conv41 | hw_frame_size: 409600)
[2026-04-28 17:14:09.643] [3710] [HailoRT] [info] [queue_elements.cpp:657] [create] Created (PullQEl_hw_read0beach_robot/conv41)
[2026-04-28 17:14:09.643] [3710] [HailoRT] [info] [filter_elements.cpp:372] [create] Created (PostInferEl0beach_robot/conv41 | Quantization - src_type: UINT8, dst_type FLOAT32, limvals_min: -10.8307, limvals_max: 18.5504)
[2026-04-28 17:14:09.643] [3710] [HailoRT] [info] [queue_elements.cpp:800] [create] Created (UserBuffQEl0beach_robot/conv41 | timeout: 10s)
[2026-04-28 17:14:09.643] [3710] [HailoRT] [info] [vstream.cpp:1114] [OutputVStreamImpl] Creating beach_robot/conv41...
[2026-04-28 17:14:09.643] [3710] [HailoRT] [info] [vstream_builder.cpp:220] [create_outputs] Output pipeline 'beach_robot/conv41': HW >> (HwReadEl0beach_robot/conv41 | hw_frame_size: 409600) >> (PullQEl_hw_read0beach_robot/conv41) >> (PostInferEl0beach_robot/conv41 | Quantization - src_type: UINT8, dst_type FLOAT32, limvals_min: -10.8307, limvals_max: 18.5504) >> (UserBuffQEl0beach_robot/conv41 | timeout: 10s)
[2026-04-28 17:14:09.643] [3710] [HailoRT] [info] [edge_elements.cpp:287] [create] Created (HwReadEl7beach_robot/conv42 | hw_frame_size: 12800)
[2026-04-28 17:14:09.643] [3710] [HailoRT] [info] [queue_elements.cpp:657] [create] Created (PullQEl_hw_read7beach_robot/conv42)
[2026-04-28 17:14:09.643] [3710] [HailoRT] [info] [filter_elements.cpp:372] [create] Created (PostInferEl7beach_robot/conv42 | Quantization - src_type: UINT8, dst_type FLOAT32, limvals_min: -25.6857, limvals_max: 0)
[2026-04-28 17:14:09.643] [3710] [HailoRT] [info] [queue_elements.cpp:800] [create] Created (UserBuffQEl7beach_robot/conv42 | timeout: 10s)
[2026-04-28 17:14:09.643] [3710] [HailoRT] [info] [vstream.cpp:1114] [OutputVStreamImpl] Creating beach_robot/conv42...
[2026-04-28 17:14:09.643] [3710] [HailoRT] [info] [vstream_builder.cpp:220] [create_outputs] Output pipeline 'beach_robot/conv42': HW >> (HwReadEl7beach_robot/conv42 | hw_frame_size: 12800) >> (PullQEl_hw_read7beach_robot/conv42) >> (PostInferEl7beach_robot/conv42 | Quantization - src_type: UINT8, dst_type FLOAT32, limvals_min: -25.6857, limvals_max: 0) >> (UserBuffQEl7beach_robot/conv42 | timeout: 10s)
[2026-04-28 17:14:09.643] [3710] [HailoRT] [info] [edge_elements.cpp:287] [create] Created (HwReadEl3beach_robot/conv52 | hw_frame_size: 102400)
[2026-04-28 17:14:09.643] [3710] [HailoRT] [info] [queue_elements.cpp:657] [create] Created (PullQEl_hw_read3beach_robot/conv52)
[2026-04-28 17:14:09.643] [3710] [HailoRT] [info] [filter_elements.cpp:372] [create] Created (PostInferEl3beach_robot/conv52 | Quantization - src_type: UINT8, dst_type FLOAT32, limvals_min: -6.53754, limvals_max: 19.9239)
[2026-04-28 17:14:09.643] [3710] [HailoRT] [info] [queue_elements.cpp:800] [create] Created (UserBuffQEl3beach_robot/conv52 | timeout: 10s)
[2026-04-28 17:14:09.643] [3710] [HailoRT] [info] [vstream.cpp:1114] [OutputVStreamImpl] Creating beach_robot/conv52...
[2026-04-28 17:14:09.643] [3710] [HailoRT] [info] [vstream_builder.cpp:220] [create_outputs] Output pipeline 'beach_robot/conv52': HW >> (HwReadEl3beach_robot/conv52 | hw_frame_size: 102400) >> (PullQEl_hw_read3beach_robot/conv52) >> (PostInferEl3beach_robot/conv52 | Quantization - src_type: UINT8, dst_type FLOAT32, limvals_min: -6.53754, limvals_max: 19.9239) >> (UserBuffQEl3beach_robot/conv52 | timeout: 10s)
[2026-04-28 17:14:09.643] [3710] [HailoRT] [info] [edge_elements.cpp:287] [create] Created (HwReadEl1beach_robot/conv53 | hw_frame_size: 3200)
[2026-04-28 17:14:09.643] [3710] [HailoRT] [info] [queue_elements.cpp:657] [create] Created (PullQEl_hw_read1beach_robot/conv53)
[2026-04-28 17:14:09.643] [3710] [HailoRT] [info] [filter_elements.cpp:372] [create] Created (PostInferEl1beach_robot/conv53 | Quantization - src_type: UINT8, dst_type FLOAT32, limvals_min: -15.7441, limvals_max: 0)
[2026-04-28 17:14:09.643] [3710] [HailoRT] [info] [queue_elements.cpp:800] [create] Created (UserBuffQEl1beach_robot/conv53 | timeout: 10s)
[2026-04-28 17:14:09.643] [3710] [HailoRT] [info] [vstream.cpp:1114] [OutputVStreamImpl] Creating beach_robot/conv53...
[2026-04-28 17:14:09.643] [3710] [HailoRT] [info] [vstream_builder.cpp:220] [create_outputs] Output pipeline 'beach_robot/conv53': HW >> (HwReadEl1beach_robot/conv53 | hw_frame_size: 3200) >> (PullQEl_hw_read1beach_robot/conv53) >> (PostInferEl1beach_robot/conv53 | Quantization - src_type: UINT8, dst_type FLOAT32, limvals_min: -15.7441, limvals_max: 0) >> (UserBuffQEl1beach_robot/conv53 | timeout: 10s)
[2026-04-28 17:14:09.643] [3710] [HailoRT] [info] [edge_elements.cpp:287] [create] Created (HwReadEl2beach_robot/conv62 | hw_frame_size: 25600)
[2026-04-28 17:14:09.643] [3710] [HailoRT] [info] [queue_elements.cpp:657] [create] Created (PullQEl_hw_read2beach_robot/conv62)
[2026-04-28 17:14:09.643] [3710] [HailoRT] [info] [filter_elements.cpp:372] [create] Created (PostInferEl2beach_robot/conv62 | Quantization - src_type: UINT8, dst_type FLOAT32, limvals_min: -8.27399, limvals_max: 14.6594)
[2026-04-28 17:14:09.643] [3710] [HailoRT] [info] [queue_elements.cpp:800] [create] Created (UserBuffQEl2beach_robot/conv62 | timeout: 10s)
[2026-04-28 17:14:09.643] [3710] [HailoRT] [info] [vstream.cpp:1114] [OutputVStreamImpl] Creating beach_robot/conv62...
[2026-04-28 17:14:09.643] [3710] [HailoRT] [info] [vstream_builder.cpp:220] [create_outputs] Output pipeline 'beach_robot/conv62': HW >> (HwReadEl2beach_robot/conv62 | hw_frame_size: 25600) >> (PullQEl_hw_read2beach_robot/conv62) >> (PostInferEl2beach_robot/conv62 | Quantization - src_type: UINT8, dst_type FLOAT32, limvals_min: -8.27399, limvals_max: 14.6594) >> (UserBuffQEl2beach_robot/conv62 | timeout: 10s)
[2026-04-28 17:14:09.643] [3710] [HailoRT] [info] [edge_elements.cpp:287] [create] Created (HwReadEl0beach_robot/conv63 | hw_frame_size: 3200)
[2026-04-28 17:14:09.643] [3710] [HailoRT] [info] [queue_elements.cpp:657] [create] Created (PullQEl_hw_read0beach_robot/conv63)
[2026-04-28 17:14:09.643] [3710] [HailoRT] [info] [filter_elements.cpp:372] [create] Created (PostInferEl0beach_robot/conv63 | Quantization - src_type: UINT8, dst_type FLOAT32, limvals_min: -15.2921, limvals_max: 1.44388 | Reorder - src_order: FCR, src_shape: (20, 20, 8), dst_order: FCR, dst_shape: (20, 20, 2))
[2026-04-28 17:14:09.643] [3710] [HailoRT] [info] [queue_elements.cpp:800] [create] Created (UserBuffQEl0beach_robot/conv63 | timeout: 10s)
[2026-04-28 17:14:09.643] [3710] [HailoRT] [info] [vstream.cpp:1114] [OutputVStreamImpl] Creating beach_robot/conv63...
[2026-04-28 17:14:09.643] [3710] [HailoRT] [info] [vstream_builder.cpp:220] [create_outputs] Output pipeline 'beach_robot/conv63': HW >> (HwReadEl0beach_robot/conv63 | hw_frame_size: 3200) >> (PullQEl_hw_read0beach_robot/conv63) >> (PostInferEl0beach_robot/conv63 | Quantization - src_type: UINT8, dst_type FLOAT32, limvals_min: -15.2921, limvals_max: 1.44388 | Reorder - src_order: FCR, src_shape: (20, 20, 8), dst_order: FCR, dst_shape: (20, 20, 2)) >> (UserBuffQEl0beach_robot/conv63 | timeout: 10s)
[2026-04-28 17:14:09.644] [3710] [HailoRT] [info] [core_op.cpp:156] [activate] Activating beach_robot took 0.552359 milliseconds. Note that the function is asynchronous and thus the network is not fully activated yet.
[2026-04-28 17:14:09.644] [3710] [HailoRT] [info] [core_op.cpp:156] [activate] Activating beach_robot took 0.561322 milliseconds. Note that the function is asynchronous and thus the network is not fully activated yet.
[2026-04-28 17:14:09.663] [6261] [HailoRT] [info] [vdevice_native_stream.cpp:331] [read_impl] Failed read from stream HAILO_STREAM_NOT_ACTIVATED(72) (device: 0001:01:00.0)
[2026-04-28 17:14:09.663] [6265] [HailoRT] [info] [vdevice_native_stream.cpp:331] [read_impl] Failed read from stream HAILO_STREAM_NOT_ACTIVATED(72) (device: 0001:01:00.0)
[2026-04-28 17:14:09.663] [6259] [HailoRT] [info] [vdevice_native_stream.cpp:331] [read_impl] Failed read from stream HAILO_STREAM_NOT_ACTIVATED(72) (device: 0001:01:00.0)
[2026-04-28 17:14:09.663] [6269] [HailoRT] [info] [vdevice_native_stream.cpp:331] [read_impl] Failed read from stream HAILO_STREAM_NOT_ACTIVATED(72) (device: 0001:01:00.0)
[2026-04-28 17:14:09.663] [6263] [HailoRT] [info] [vdevice_native_stream.cpp:331] [read_impl] Failed read from stream HAILO_STREAM_NOT_ACTIVATED(72) (device: 0001:01:00.0)
[2026-04-28 17:14:09.663] [6267] [HailoRT] [info] [vdevice_native_stream.cpp:331] [read_impl] Failed read from stream HAILO_STREAM_NOT_ACTIVATED(72) (device: 0001:01:00.0)
[2026-04-28 17:14:09.664] [3710] [HailoRT] [info] [core_op.cpp:186] [deactivate] Deactivating took 0.508194 ms
[2026-04-28 17:14:09.664] [3710] [HailoRT] [info] [core_op.cpp:186] [deactivate] Deactivating took 0.533471 ms
[2026-04-28 17:14:09.664] [6259] [HailoRT] [info] [queue_elements.cpp:734] [run_in_thread] Shutdown event was signaled in run_pull of queue element PullQEl_hw_read0beach_robot/conv41!
[2026-04-28 17:14:09.664] [6260] [HailoRT] [info] [queue_elements.cpp:855] [run_in_thread] Shutdown event was signaled in dequeue of UserBuffQEl0beach_robot/conv41!
[2026-04-28 17:14:09.664] [6259] [HailoRT] [info] [queue_elements.cpp:68] [operator()] Thread in element PullQEl_hw_read0beach_robot/conv41 is not running anymore, exiting..
[2026-04-28 17:14:09.664] [3710] [HailoRT] [info] [queue_elements.cpp:46] [~BaseQueueElement] Queue element PullQEl_hw_read0beach_robot/conv41 has 0 frames in his Queue on destruction
[2026-04-28 17:14:09.664] [6260] [HailoRT] [info] [queue_elements.cpp:68] [operator()] Thread in element UserBuffQEl0beach_robot/conv41 is not running anymore, exiting..
[2026-04-28 17:14:09.664] [3710] [HailoRT] [info] [queue_elements.cpp:46] [~BaseQueueElement] Queue element UserBuffQEl0beach_robot/conv41 has 0 frames in his Queue on destruction
[2026-04-28 17:14:09.664] [6261] [HailoRT] [info] [queue_elements.cpp:734] [run_in_thread] Shutdown event was signaled in run_pull of queue element PullQEl_hw_read7beach_robot/conv42!
[2026-04-28 17:14:09.664] [6262] [HailoRT] [info] [queue_elements.cpp:855] [run_in_thread] Shutdown event was signaled in dequeue of UserBuffQEl7beach_robot/conv42!
[2026-04-28 17:14:09.664] [6261] [HailoRT] [info] [queue_elements.cpp:68] [operator()] Thread in element PullQEl_hw_read7beach_robot/conv42 is not running anymore, exiting..
[2026-04-28 17:14:09.664] [3710] [HailoRT] [info] [queue_elements.cpp:46] [~BaseQueueElement] Queue element PullQEl_hw_read7beach_robot/conv42 has 0 frames in his Queue on destruction
[2026-04-28 17:14:09.664] [6262] [HailoRT] [info] [queue_elements.cpp:68] [operator()] Thread in element UserBuffQEl7beach_robot/conv42 is not running anymore, exiting..
[2026-04-28 17:14:09.664] [3710] [HailoRT] [info] [queue_elements.cpp:46] [~BaseQueueElement] Queue element UserBuffQEl7beach_robot/conv42 has 0 frames in his Queue on destruction
[2026-04-28 17:14:09.664] [6263] [HailoRT] [info] [queue_elements.cpp:734] [run_in_thread] Shutdown event was signaled in run_pull of queue element PullQEl_hw_read3beach_robot/conv52!
[2026-04-28 17:14:09.664] [6264] [HailoRT] [info] [queue_elements.cpp:855] [run_in_thread] Shutdown event was signaled in dequeue of UserBuffQEl3beach_robot/conv52!
[2026-04-28 17:14:09.664] [6263] [HailoRT] [info] [queue_elements.cpp:68] [operator()] Thread in element PullQEl_hw_read3beach_robot/conv52 is not running anymore, exiting..
[2026-04-28 17:14:09.664] [3710] [HailoRT] [info] [queue_elements.cpp:46] [~BaseQueueElement] Queue element PullQEl_hw_read3beach_robot/conv52 has 0 frames in his Queue on destruction
[2026-04-28 17:14:09.664] [6264] [HailoRT] [info] [queue_elements.cpp:68] [operator()] Thread in element UserBuffQEl3beach_robot/conv52 is not running anymore, exiting..
[2026-04-28 17:14:09.664] [3710] [HailoRT] [info] [queue_elements.cpp:46] [~BaseQueueElement] Queue element UserBuffQEl3beach_robot/conv52 has 0 frames in his Queue on destruction
[2026-04-28 17:14:09.664] [6265] [HailoRT] [info] [queue_elements.cpp:734] [run_in_thread] Shutdown event was signaled in run_pull of queue element PullQEl_hw_read1beach_robot/conv53!
[2026-04-28 17:14:09.664] [6266] [HailoRT] [info] [queue_elements.cpp:855] [run_in_thread] Shutdown event was signaled in dequeue of UserBuffQEl1beach_robot/conv53!
[2026-04-28 17:14:09.664] [6265] [HailoRT] [info] [queue_elements.cpp:68] [operator()] Thread in element PullQEl_hw_read1beach_robot/conv53 is not running anymore, exiting..
[2026-04-28 17:14:09.664] [3710] [HailoRT] [info] [queue_elements.cpp:46] [~BaseQueueElement] Queue element PullQEl_hw_read1beach_robot/conv53 has 0 frames in his Queue on destruction
[2026-04-28 17:14:09.664] [6266] [HailoRT] [info] [queue_elements.cpp:68] [operator()] Thread in element UserBuffQEl1beach_robot/conv53 is not running anymore, exiting..
[2026-04-28 17:14:09.664] [3710] [HailoRT] [info] [queue_elements.cpp:46] [~BaseQueueElement] Queue element UserBuffQEl1beach_robot/conv53 has 0 frames in his Queue on destruction
[2026-04-28 17:14:09.664] [6267] [HailoRT] [info] [queue_elements.cpp:734] [run_in_thread] Shutdown event was signaled in run_pull of queue element PullQEl_hw_read2beach_robot/conv62!
[2026-04-28 17:14:09.664] [6268] [HailoRT] [info] [queue_elements.cpp:855] [run_in_thread] Shutdown event was signaled in dequeue of UserBuffQEl2beach_robot/conv62!
[2026-04-28 17:14:09.664] [6267] [HailoRT] [info] [queue_elements.cpp:68] [operator()] Thread in element PullQEl_hw_read2beach_robot/conv62 is not running anymore, exiting..
[2026-04-28 17:14:09.664] [3710] [HailoRT] [info] [queue_elements.cpp:46] [~BaseQueueElement] Queue element PullQEl_hw_read2beach_robot/conv62 has 0 frames in his Queue on destruction
[2026-04-28 17:14:09.664] [6268] [HailoRT] [info] [queue_elements.cpp:68] [operator()] Thread in element UserBuffQEl2beach_robot/conv62 is not running anymore, exiting..
[2026-04-28 17:14:09.664] [3710] [HailoRT] [info] [queue_elements.cpp:46] [~BaseQueueElement] Queue element UserBuffQEl2beach_robot/conv62 has 0 frames in his Queue on destruction
[2026-04-28 17:14:09.664] [6269] [HailoRT] [info] [queue_elements.cpp:734] [run_in_thread] Shutdown event was signaled in run_pull of queue element PullQEl_hw_read0beach_robot/conv63!
[2026-04-28 17:14:09.664] [6270] [HailoRT] [info] [queue_elements.cpp:855] [run_in_thread] Shutdown event was signaled in dequeue of UserBuffQEl0beach_robot/conv63!
[2026-04-28 17:14:09.664] [6269] [HailoRT] [info] [queue_elements.cpp:68] [operator()] Thread in element PullQEl_hw_read0beach_robot/conv63 is not running anymore, exiting..
[2026-04-28 17:14:09.664] [3710] [HailoRT] [info] [queue_elements.cpp:46] [~BaseQueueElement] Queue element PullQEl_hw_read0beach_robot/conv63 has 0 frames in his Queue on destruction
[2026-04-28 17:14:09.664] [6270] [HailoRT] [info] [queue_elements.cpp:68] [operator()] Thread in element UserBuffQEl0beach_robot/conv63 is not running anymore, exiting..
[2026-04-28 17:14:09.664] [3710] [HailoRT] [info] [queue_elements.cpp:46] [~BaseQueueElement] Queue element UserBuffQEl0beach_robot/conv63 has 0 frames in his Queue on destruction
[2026-04-28 17:14:09.965] [3710] [HailoRT] [info] [edge_elements.cpp:52] [create] Created (HwWriteEl2beach_robot/input_layer1 | hw_frame_size: 1228800)
[2026-04-28 17:14:09.965] [3710] [HailoRT] [info] [vstream.cpp:754] [InputVStreamImpl] Creating beach_robot/input_layer1...
[2026-04-28 17:14:09.965] [3710] [HailoRT] [info] [vstream_builder.cpp:102] [create_inputs] Input pipeline 'beach_robot/input_layer1': (HwWriteEl2beach_robot/input_layer1 | hw_frame_size: 1228800) >> HW
[2026-04-28 17:14:09.965] [3710] [HailoRT] [info] [edge_elements.cpp:287] [create] Created (HwReadEl0beach_robot/conv41 | hw_frame_size: 409600)
[2026-04-28 17:14:09.966] [3710] [HailoRT] [info] [queue_elements.cpp:657] [create] Created (PullQEl_hw_read0beach_robot/conv41)
[2026-04-28 17:14:09.966] [3710] [HailoRT] [info] [filter_elements.cpp:372] [create] Created (PostInferEl0beach_robot/conv41 | Quantization - src_type: UINT8, dst_type FLOAT32, limvals_min: -10.8307, limvals_max: 18.5504)
[2026-04-28 17:14:09.966] [3710] [HailoRT] [info] [queue_elements.cpp:800] [create] Created (UserBuffQEl0beach_robot/conv41 | timeout: 10s)
[2026-04-28 17:14:09.966] [3710] [HailoRT] [info] [vstream.cpp:1114] [OutputVStreamImpl] Creating beach_robot/conv41...
[2026-04-28 17:14:09.966] [3710] [HailoRT] [info] [vstream_builder.cpp:220] [create_outputs] Output pipeline 'beach_robot/conv41': HW >> (HwReadEl0beach_robot/conv41 | hw_frame_size: 409600) >> (PullQEl_hw_read0beach_robot/conv41) >> (PostInferEl0beach_robot/conv41 | Quantization - src_type: UINT8, dst_type FLOAT32, limvals_min: -10.8307, limvals_max: 18.5504) >> (UserBuffQEl0beach_robot/conv41 | timeout: 10s)
[2026-04-28 17:14:09.966] [3710] [HailoRT] [info] [edge_elements.cpp:287] [create] Created (HwReadEl7beach_robot/conv42 | hw_frame_size: 12800)
[2026-04-28 17:14:09.966] [3710] [HailoRT] [info] [queue_elements.cpp:657] [create] Created (PullQEl_hw_read7beach_robot/conv42)
[2026-04-28 17:14:09.966] [3710] [HailoRT] [info] [filter_elements.cpp:372] [create] Created (PostInferEl7beach_robot/conv42 | Quantization - src_type: UINT8, dst_type FLOAT32, limvals_min: -25.6857, limvals_max: 0)
[2026-04-28 17:14:09.966] [3710] [HailoRT] [info] [queue_elements.cpp:800] [create] Created (UserBuffQEl7beach_robot/conv42 | timeout: 10s)
[2026-04-28 17:14:09.966] [3710] [HailoRT] [info] [vstream.cpp:1114] [OutputVStreamImpl] Creating beach_robot/conv42...
[2026-04-28 17:14:09.966] [3710] [HailoRT] [info] [vstream_builder.cpp:220] [create_outputs] Output pipeline 'beach_robot/conv42': HW >> (HwReadEl7beach_robot/conv42 | hw_frame_size: 12800) >> (PullQEl_hw_read7beach_robot/conv42) >> (PostInferEl7beach_robot/conv42 | Quantization - src_type: UINT8, dst_type FLOAT32, limvals_min: -25.6857, limvals_max: 0) >> (UserBuffQEl7beach_robot/conv42 | timeout: 10s)
[2026-04-28 17:14:09.966] [3710] [HailoRT] [info] [edge_elements.cpp:287] [create] Created (HwReadEl3beach_robot/conv52 | hw_frame_size: 102400)
[2026-04-28 17:14:09.966] [3710] [HailoRT] [info] [queue_elements.cpp:657] [create] Created (PullQEl_hw_read3beach_robot/conv52)
[2026-04-28 17:14:09.966] [3710] [HailoRT] [info] [filter_elements.cpp:372] [create] Created (PostInferEl3beach_robot/conv52 | Quantization - src_type: UINT8, dst_type FLOAT32, limvals_min: -6.53754, limvals_max: 19.9239)
[2026-04-28 17:14:09.966] [3710] [HailoRT] [info] [queue_elements.cpp:800] [create] Created (UserBuffQEl3beach_robot/conv52 | timeout: 10s)
[2026-04-28 17:14:09.966] [3710] [HailoRT] [info] [vstream.cpp:1114] [OutputVStreamImpl] Creating beach_robot/conv52...
[2026-04-28 17:14:09.966] [3710] [HailoRT] [info] [vstream_builder.cpp:220] [create_outputs] Output pipeline 'beach_robot/conv52': HW >> (HwReadEl3beach_robot/conv52 | hw_frame_size: 102400) >> (PullQEl_hw_read3beach_robot/conv52) >> (PostInferEl3beach_robot/conv52 | Quantization - src_type: UINT8, dst_type FLOAT32, limvals_min: -6.53754, limvals_max: 19.9239) >> (UserBuffQEl3beach_robot/conv52 | timeout: 10s)
[2026-04-28 17:14:09.966] [3710] [HailoRT] [info] [edge_elements.cpp:287] [create] Created (HwReadEl1beach_robot/conv53 | hw_frame_size: 3200)
[2026-04-28 17:14:09.966] [3710] [HailoRT] [info] [queue_elements.cpp:657] [create] Created (PullQEl_hw_read1beach_robot/conv53)
[2026-04-28 17:14:09.966] [3710] [HailoRT] [info] [filter_elements.cpp:372] [create] Created (PostInferEl1beach_robot/conv53 | Quantization - src_type: UINT8, dst_type FLOAT32, limvals_min: -15.7441, limvals_max: 0)
[2026-04-28 17:14:09.966] [3710] [HailoRT] [info] [queue_elements.cpp:800] [create] Created (UserBuffQEl1beach_robot/conv53 | timeout: 10s)
[2026-04-28 17:14:09.966] [3710] [HailoRT] [info] [vstream.cpp:1114] [OutputVStreamImpl] Creating beach_robot/conv53...
[2026-04-28 17:14:09.966] [3710] [HailoRT] [info] [vstream_builder.cpp:220] [create_outputs] Output pipeline 'beach_robot/conv53': HW >> (HwReadEl1beach_robot/conv53 | hw_frame_size: 3200) >> (PullQEl_hw_read1beach_robot/conv53) >> (PostInferEl1beach_robot/conv53 | Quantization - src_type: UINT8, dst_type FLOAT32, limvals_min: -15.7441, limvals_max: 0) >> (UserBuffQEl1beach_robot/conv53 | timeout: 10s)
[2026-04-28 17:14:09.966] [3710] [HailoRT] [info] [edge_elements.cpp:287] [create] Created (HwReadEl2beach_robot/conv62 | hw_frame_size: 25600)
[2026-04-28 17:14:09.966] [3710] [HailoRT] [info] [queue_elements.cpp:657] [create] Created (PullQEl_hw_read2beach_robot/conv62)
[2026-04-28 17:14:09.966] [3710] [HailoRT] [info] [filter_elements.cpp:372] [create] Created (PostInferEl2beach_robot/conv62 | Quantization - src_type: UINT8, dst_type FLOAT32, limvals_min: -8.27399, limvals_max: 14.6594)
[2026-04-28 17:14:09.966] [3710] [HailoRT] [info] [queue_elements.cpp:800] [create] Created (UserBuffQEl2beach_robot/conv62 | timeout: 10s)
[2026-04-28 17:14:09.966] [3710] [HailoRT] [info] [vstream.cpp:1114] [OutputVStreamImpl] Creating beach_robot/conv62...
[2026-04-28 17:14:09.966] [3710] [HailoRT] [info] [vstream_builder.cpp:220] [create_outputs] Output pipeline 'beach_robot/conv62': HW >> (HwReadEl2beach_robot/conv62 | hw_frame_size: 25600) >> (PullQEl_hw_read2beach_robot/conv62) >> (PostInferEl2beach_robot/conv62 | Quantization - src_type: UINT8, dst_type FLOAT32, limvals_min: -8.27399, limvals_max: 14.6594) >> (UserBuffQEl2beach_robot/conv62 | timeout: 10s)
[2026-04-28 17:14:09.966] [3710] [HailoRT] [info] [edge_elements.cpp:287] [create] Created (HwReadEl0beach_robot/conv63 | hw_frame_size: 3200)
[2026-04-28 17:14:09.966] [3710] [HailoRT] [info] [queue_elements.cpp:657] [create] Created (PullQEl_hw_read0beach_robot/conv63)
[2026-04-28 17:14:09.966] [3710] [HailoRT] [info] [filter_elements.cpp:372] [create] Created (PostInferEl0beach_robot/conv63 | Quantization - src_type: UINT8, dst_type FLOAT32, limvals_min: -15.2921, limvals_max: 1.44388 | Reorder - src_order: FCR, src_shape: (20, 20, 8), dst_order: FCR, dst_shape: (20, 20, 2))
[2026-04-28 17:14:09.966] [3710] [HailoRT] [info] [queue_elements.cpp:800] [create] Created (UserBuffQEl0beach_robot/conv63 | timeout: 10s)
[2026-04-28 17:14:09.966] [3710] [HailoRT] [info] [vstream.cpp:1114] [OutputVStreamImpl] Creating beach_robot/conv63...
[2026-04-28 17:14:09.966] [3710] [HailoRT] [info] [vstream_builder.cpp:220] [create_outputs] Output pipeline 'beach_robot/conv63': HW >> (HwReadEl0beach_robot/conv63 | hw_frame_size: 3200) >> (PullQEl_hw_read0beach_robot/conv63) >> (PostInferEl0beach_robot/conv63 | Quantization - src_type: UINT8, dst_type FLOAT32, limvals_min: -15.2921, limvals_max: 1.44388 | Reorder - src_order: FCR, src_shape: (20, 20, 8), dst_order: FCR, dst_shape: (20, 20, 2)) >> (UserBuffQEl0beach_robot/conv63 | timeout: 10s)
[2026-04-28 17:14:09.967] [3710] [HailoRT] [info] [core_op.cpp:156] [activate] Activating beach_robot took 0.527693 milliseconds. Note that the function is asynchronous and thus the network is not fully activated yet.
[2026-04-28 17:14:09.967] [3710] [HailoRT] [info] [core_op.cpp:156] [activate] Activating beach_robot took 0.536508 milliseconds. Note that the function is asynchronous and thus the network is not fully activated yet.
[2026-04-28 17:14:09.986] [6286] [HailoRT] [info] [vdevice_native_stream.cpp:331] [read_impl] Failed read from stream HAILO_STREAM_NOT_ACTIVATED(72) (device: 0001:01:00.0)
[2026-04-28 17:14:09.986] [6288] [HailoRT] [info] [vdevice_native_stream.cpp:331] [read_impl] Failed read from stream HAILO_STREAM_NOT_ACTIVATED(72) (device: 0001:01:00.0)
[2026-04-28 17:14:09.986] [6282] [HailoRT] [info] [vdevice_native_stream.cpp:331] [read_impl] Failed read from stream HAILO_STREAM_NOT_ACTIVATED(72) (device: 0001:01:00.0)
[2026-04-28 17:14:09.986] [6278] [HailoRT] [info] [vdevice_native_stream.cpp:331] [read_impl] Failed read from stream HAILO_STREAM_NOT_ACTIVATED(72) (device: 0001:01:00.0)
[2026-04-28 17:14:09.986] [6280] [HailoRT] [info] [vdevice_native_stream.cpp:331] [read_impl] Failed read from stream HAILO_STREAM_NOT_ACTIVATED(72) (device: 0001:01:00.0)
[2026-04-28 17:14:09.986] [6284] [HailoRT] [info] [vdevice_native_stream.cpp:331] [read_impl] Failed read from stream HAILO_STREAM_NOT_ACTIVATED(72) (device: 0001:01:00.0)
[2026-04-28 17:14:09.987] [3710] [HailoRT] [info] [core_op.cpp:186] [deactivate] Deactivating took 0.51973 ms
[2026-04-28 17:14:09.987] [3710] [HailoRT] [info] [core_op.cpp:186] [deactivate] Deactivating took 0.553971 ms
[2026-04-28 17:14:09.987] [6278] [HailoRT] [info] [queue_elements.cpp:734] [run_in_thread] Shutdown event was signaled in run_pull of queue element PullQEl_hw_read0beach_robot/conv41!
[2026-04-28 17:14:09.987] [6279] [HailoRT] [info] [queue_elements.cpp:855] [run_in_thread] Shutdown event was signaled in dequeue of UserBuffQEl0beach_robot/conv41!
[2026-04-28 17:14:09.987] [6278] [HailoRT] [info] [queue_elements.cpp:68] [operator()] Thread in element PullQEl_hw_read0beach_robot/conv41 is not running anymore, exiting..
[2026-04-28 17:14:09.987] [3710] [HailoRT] [info] [queue_elements.cpp:46] [~BaseQueueElement] Queue element PullQEl_hw_read0beach_robot/conv41 has 0 frames in his Queue on destruction
[2026-04-28 17:14:09.987] [6279] [HailoRT] [info] [queue_elements.cpp:68] [operator()] Thread in element UserBuffQEl0beach_robot/conv41 is not running anymore, exiting..
[2026-04-28 17:14:09.987] [3710] [HailoRT] [info] [queue_elements.cpp:46] [~BaseQueueElement] Queue element UserBuffQEl0beach_robot/conv41 has 0 frames in his Queue on destruction
[2026-04-28 17:14:09.987] [6280] [HailoRT] [info] [queue_elements.cpp:734] [run_in_thread] Shutdown event was signaled in run_pull of queue element PullQEl_hw_read7beach_robot/conv42!
[2026-04-28 17:14:09.987] [6281] [HailoRT] [info] [queue_elements.cpp:855] [run_in_thread] Shutdown event was signaled in dequeue of UserBuffQEl7beach_robot/conv42!
[2026-04-28 17:14:09.987] [6280] [HailoRT] [info] [queue_elements.cpp:68] [operator()] Thread in element PullQEl_hw_read7beach_robot/conv42 is not running anymore, exiting..
[2026-04-28 17:14:09.987] [3710] [HailoRT] [info] [queue_elements.cpp:46] [~BaseQueueElement] Queue element PullQEl_hw_read7beach_robot/conv42 has 0 frames in his Queue on destruction
[2026-04-28 17:14:09.987] [6281] [HailoRT] [info] [queue_elements.cpp:68] [operator()] Thread in element UserBuffQEl7beach_robot/conv42 is not running anymore, exiting..
[2026-04-28 17:14:09.987] [3710] [HailoRT] [info] [queue_elements.cpp:46] [~BaseQueueElement] Queue element UserBuffQEl7beach_robot/conv42 has 0 frames in his Queue on destruction
[2026-04-28 17:14:09.987] [6283] [HailoRT] [info] [queue_elements.cpp:855] [run_in_thread] Shutdown event was signaled in dequeue of UserBuffQEl3beach_robot/conv52!
[2026-04-28 17:14:09.987] [6282] [HailoRT] [info] [queue_elements.cpp:734] [run_in_thread] Shutdown event was signaled in run_pull of queue element PullQEl_hw_read3beach_robot/conv52!
[2026-04-28 17:14:09.987] [3710] [HailoRT] [info] [queue_elements.cpp:46] [~BaseQueueElement] Queue element PullQEl_hw_read3beach_robot/conv52 has 0 frames in his Queue on destruction
[2026-04-28 17:14:09.987] [6283] [HailoRT] [info] [queue_elements.cpp:68] [operator()] Thread in element UserBuffQEl3beach_robot/conv52 is not running anymore, exiting..
[2026-04-28 17:14:09.987] [3710] [HailoRT] [info] [queue_elements.cpp:46] [~BaseQueueElement] Queue element UserBuffQEl3beach_robot/conv52 has 0 frames in his Queue on destruction
[2026-04-28 17:14:09.987] [6285] [HailoRT] [info] [queue_elements.cpp:855] [run_in_thread] Shutdown event was signaled in dequeue of UserBuffQEl1beach_robot/conv53!
[2026-04-28 17:14:09.987] [6284] [HailoRT] [info] [queue_elements.cpp:734] [run_in_thread] Shutdown event was signaled in run_pull of queue element PullQEl_hw_read1beach_robot/conv53!
[2026-04-28 17:14:09.987] [6284] [HailoRT] [info] [queue_elements.cpp:68] [operator()] Thread in element PullQEl_hw_read1beach_robot/conv53 is not running anymore, exiting..
[2026-04-28 17:14:09.987] [3710] [HailoRT] [info] [queue_elements.cpp:46] [~BaseQueueElement] Queue element PullQEl_hw_read1beach_robot/conv53 has 0 frames in his Queue on destruction
[2026-04-28 17:14:09.987] [6285] [HailoRT] [info] [queue_elements.cpp:68] [operator()] Thread in element UserBuffQEl1beach_robot/conv53 is not running anymore, exiting..
[2026-04-28 17:14:09.987] [3710] [HailoRT] [info] [queue_elements.cpp:46] [~BaseQueueElement] Queue element UserBuffQEl1beach_robot/conv53 has 0 frames in his Queue on destruction
[2026-04-28 17:14:09.987] [6286] [HailoRT] [info] [queue_elements.cpp:734] [run_in_thread] Shutdown event was signaled in run_pull of queue element PullQEl_hw_read2beach_robot/conv62!
[2026-04-28 17:14:09.987] [6287] [HailoRT] [info] [queue_elements.cpp:855] [run_in_thread] Shutdown event was signaled in dequeue of UserBuffQEl2beach_robot/conv62!
[2026-04-28 17:14:09.987] [6286] [HailoRT] [info] [queue_elements.cpp:68] [operator()] Thread in element PullQEl_hw_read2beach_robot/conv62 is not running anymore, exiting..
[2026-04-28 17:14:09.987] [3710] [HailoRT] [info] [queue_elements.cpp:46] [~BaseQueueElement] Queue element PullQEl_hw_read2beach_robot/conv62 has 0 frames in his Queue on destruction
[2026-04-28 17:14:09.987] [6287] [HailoRT] [info] [queue_elements.cpp:68] [operator()] Thread in element UserBuffQEl2beach_robot/conv62 is not running anymore, exiting..
[2026-04-28 17:14:09.987] [3710] [HailoRT] [info] [queue_elements.cpp:46] [~BaseQueueElement] Queue element UserBuffQEl2beach_robot/conv62 has 0 frames in his Queue on destruction
[2026-04-28 17:14:09.987] [6288] [HailoRT] [info] [queue_elements.cpp:734] [run_in_thread] Shutdown event was signaled in run_pull of queue element PullQEl_hw_read0beach_robot/conv63!
[2026-04-28 17:14:09.987] [6289] [HailoRT] [info] [queue_elements.cpp:855] [run_in_thread] Shutdown event was signaled in dequeue of UserBuffQEl0beach_robot/conv63!
[2026-04-28 17:14:09.987] [6288] [HailoRT] [info] [queue_elements.cpp:68] [operator()] Thread in element PullQEl_hw_read0beach_robot/conv63 is not running anymore, exiting..
[2026-04-28 17:14:09.987] [3710] [HailoRT] [info] [queue_elements.cpp:46] [~BaseQueueElement] Queue element PullQEl_hw_read0beach_robot/conv63 has 0 frames in his Queue on destruction
[2026-04-28 17:14:09.987] [6289] [HailoRT] [info] [queue_elements.cpp:68] [operator()] Thread in element UserBuffQEl0beach_robot/conv63 is not running anymore, exiting..
[2026-04-28 17:14:09.987] [3710] [HailoRT] [info] [queue_elements.cpp:46] [~BaseQueueElement] Queue element UserBuffQEl0beach_robot/conv63 has 0 frames in his Queue on destruction
[2026-04-28 17:14:10.288] [3710] [HailoRT] [info] [edge_elements.cpp:52] [create] Created (HwWriteEl2beach_robot/input_layer1 | hw_frame_size: 1228800)
[2026-04-28 17:14:10.288] [3710] [HailoRT] [info] [vstream.cpp:754] [InputVStreamImpl] Creating beach_robot/input_layer1...
[2026-04-28 17:14:10.288] [3710] [HailoRT] [info] [vstream_builder.cpp:102] [create_inputs] Input pipeline 'beach_robot/input_layer1': (HwWriteEl2beach_robot/input_layer1 | hw_frame_size: 1228800) >> HW
[2026-04-28 17:14:10.288] [3710] [HailoRT] [info] [edge_elements.cpp:287] [create] Created (HwReadEl0beach_robot/conv41 | hw_frame_size: 409600)
[2026-04-28 17:14:10.288] [3710] [HailoRT] [info] [queue_elements.cpp:657] [create] Created (PullQEl_hw_read0beach_robot/conv41)
[2026-04-28 17:14:10.288] [3710] [HailoRT] [info] [filter_elements.cpp:372] [create] Created (PostInferEl0beach_robot/conv41 | Quantization - src_type: UINT8, dst_type FLOAT32, limvals_min: -10.8307, limvals_max: 18.5504)
[2026-04-28 17:14:10.288] [3710] [HailoRT] [info] [queue_elements.cpp:800] [create] Created (UserBuffQEl0beach_robot/conv41 | timeout: 10s)
[2026-04-28 17:14:10.288] [3710] [HailoRT] [info] [vstream.cpp:1114] [OutputVStreamImpl] Creating beach_robot/conv41...
[2026-04-28 17:14:10.288] [3710] [HailoRT] [info] [vstream_builder.cpp:220] [create_outputs] Output pipeline 'beach_robot/conv41': HW >> (HwReadEl0beach_robot/conv41 | hw_frame_size: 409600) >> (PullQEl_hw_read0beach_robot/conv41) >> (PostInferEl0beach_robot/conv41 | Quantization - src_type: UINT8, dst_type FLOAT32, limvals_min: -10.8307, limvals_max: 18.5504) >> (UserBuffQEl0beach_robot/conv41 | timeout: 10s)
[2026-04-28 17:14:10.288] [3710] [HailoRT] [info] [edge_elements.cpp:287] [create] Created (HwReadEl7beach_robot/conv42 | hw_frame_size: 12800)
[2026-04-28 17:14:10.289] [3710] [HailoRT] [info] [queue_elements.cpp:657] [create] Created (PullQEl_hw_read7beach_robot/conv42)
[2026-04-28 17:14:10.289] [3710] [HailoRT] [info] [filter_elements.cpp:372] [create] Created (PostInferEl7beach_robot/conv42 | Quantization - src_type: UINT8, dst_type FLOAT32, limvals_min: -25.6857, limvals_max: 0)
[2026-04-28 17:14:10.289] [3710] [HailoRT] [info] [queue_elements.cpp:800] [create] Created (UserBuffQEl7beach_robot/conv42 | timeout: 10s)
[2026-04-28 17:14:10.289] [3710] [HailoRT] [info] [vstream.cpp:1114] [OutputVStreamImpl] Creating beach_robot/conv42...
[2026-04-28 17:14:10.289] [3710] [HailoRT] [info] [vstream_builder.cpp:220] [create_outputs] Output pipeline 'beach_robot/conv42': HW >> (HwReadEl7beach_robot/conv42 | hw_frame_size: 12800) >> (PullQEl_hw_read7beach_robot/conv42) >> (PostInferEl7beach_robot/conv42 | Quantization - src_type: UINT8, dst_type FLOAT32, limvals_min: -25.6857, limvals_max: 0) >> (UserBuffQEl7beach_robot/conv42 | timeout: 10s)
[2026-04-28 17:14:10.289] [3710] [HailoRT] [info] [edge_elements.cpp:287] [create] Created (HwReadEl3beach_robot/conv52 | hw_frame_size: 102400)
[2026-04-28 17:14:10.289] [3710] [HailoRT] [info] [queue_elements.cpp:657] [create] Created (PullQEl_hw_read3beach_robot/conv52)
[2026-04-28 17:14:10.289] [3710] [HailoRT] [info] [filter_elements.cpp:372] [create] Created (PostInferEl3beach_robot/conv52 | Quantization - src_type: UINT8, dst_type FLOAT32, limvals_min: -6.53754, limvals_max: 19.9239)
[2026-04-28 17:14:10.289] [3710] [HailoRT] [info] [queue_elements.cpp:800] [create] Created (UserBuffQEl3beach_robot/conv52 | timeout: 10s)
[2026-04-28 17:14:10.289] [3710] [HailoRT] [info] [vstream.cpp:1114] [OutputVStreamImpl] Creating beach_robot/conv52...
[2026-04-28 17:14:10.289] [3710] [HailoRT] [info] [vstream_builder.cpp:220] [create_outputs] Output pipeline 'beach_robot/conv52': HW >> (HwReadEl3beach_robot/conv52 | hw_frame_size: 102400) >> (PullQEl_hw_read3beach_robot/conv52) >> (PostInferEl3beach_robot/conv52 | Quantization - src_type: UINT8, dst_type FLOAT32, limvals_min: -6.53754, limvals_max: 19.9239) >> (UserBuffQEl3beach_robot/conv52 | timeout: 10s)
[2026-04-28 17:14:10.289] [3710] [HailoRT] [info] [edge_elements.cpp:287] [create] Created (HwReadEl1beach_robot/conv53 | hw_frame_size: 3200)
[2026-04-28 17:14:10.289] [3710] [HailoRT] [info] [queue_elements.cpp:657] [create] Created (PullQEl_hw_read1beach_robot/conv53)
[2026-04-28 17:14:10.289] [3710] [HailoRT] [info] [filter_elements.cpp:372] [create] Created (PostInferEl1beach_robot/conv53 | Quantization - src_type: UINT8, dst_type FLOAT32, limvals_min: -15.7441, limvals_max: 0)
[2026-04-28 17:14:10.289] [3710] [HailoRT] [info] [queue_elements.cpp:800] [create] Created (UserBuffQEl1beach_robot/conv53 | timeout: 10s)
[2026-04-28 17:14:10.289] [3710] [HailoRT] [info] [vstream.cpp:1114] [OutputVStreamImpl] Creating beach_robot/conv53...
[2026-04-28 17:14:10.289] [3710] [HailoRT] [info] [vstream_builder.cpp:220] [create_outputs] Output pipeline 'beach_robot/conv53': HW >> (HwReadEl1beach_robot/conv53 | hw_frame_size: 3200) >> (PullQEl_hw_read1beach_robot/conv53) >> (PostInferEl1beach_robot/conv53 | Quantization - src_type: UINT8, dst_type FLOAT32, limvals_min: -15.7441, limvals_max: 0) >> (UserBuffQEl1beach_robot/conv53 | timeout: 10s)
[2026-04-28 17:14:10.289] [3710] [HailoRT] [info] [edge_elements.cpp:287] [create] Created (HwReadEl2beach_robot/conv62 | hw_frame_size: 25600)
[2026-04-28 17:14:10.289] [3710] [HailoRT] [info] [queue_elements.cpp:657] [create] Created (PullQEl_hw_read2beach_robot/conv62)
[2026-04-28 17:14:10.289] [3710] [HailoRT] [info] [filter_elements.cpp:372] [create] Created (PostInferEl2beach_robot/conv62 | Quantization - src_type: UINT8, dst_type FLOAT32, limvals_min: -8.27399, limvals_max: 14.6594)
[2026-04-28 17:14:10.289] [3710] [HailoRT] [info] [queue_elements.cpp:800] [create] Created (UserBuffQEl2beach_robot/conv62 | timeout: 10s)
[2026-04-28 17:14:10.289] [3710] [HailoRT] [info] [vstream.cpp:1114] [OutputVStreamImpl] Creating beach_robot/conv62...
[2026-04-28 17:14:10.289] [3710] [HailoRT] [info] [vstream_builder.cpp:220] [create_outputs] Output pipeline 'beach_robot/conv62': HW >> (HwReadEl2beach_robot/conv62 | hw_frame_size: 25600) >> (PullQEl_hw_read2beach_robot/conv62) >> (PostInferEl2beach_robot/conv62 | Quantization - src_type: UINT8, dst_type FLOAT32, limvals_min: -8.27399, limvals_max: 14.6594) >> (UserBuffQEl2beach_robot/conv62 | timeout: 10s)
[2026-04-28 17:14:10.289] [3710] [HailoRT] [info] [edge_elements.cpp:287] [create] Created (HwReadEl0beach_robot/conv63 | hw_frame_size: 3200)
[2026-04-28 17:14:10.289] [3710] [HailoRT] [info] [queue_elements.cpp:657] [create] Created (PullQEl_hw_read0beach_robot/conv63)
[2026-04-28 17:14:10.289] [3710] [HailoRT] [info] [filter_elements.cpp:372] [create] Created (PostInferEl0beach_robot/conv63 | Quantization - src_type: UINT8, dst_type FLOAT32, limvals_min: -15.2921, limvals_max: 1.44388 | Reorder - src_order: FCR, src_shape: (20, 20, 8), dst_order: FCR, dst_shape: (20, 20, 2))
[2026-04-28 17:14:10.289] [3710] [HailoRT] [info] [queue_elements.cpp:800] [create] Created (UserBuffQEl0beach_robot/conv63 | timeout: 10s)
[2026-04-28 17:14:10.289] [3710] [HailoRT] [info] [vstream.cpp:1114] [OutputVStreamImpl] Creating beach_robot/conv63...
[2026-04-28 17:14:10.289] [3710] [HailoRT] [info] [vstream_builder.cpp:220] [create_outputs] Output pipeline 'beach_robot/conv63': HW >> (HwReadEl0beach_robot/conv63 | hw_frame_size: 3200) >> (PullQEl_hw_read0beach_robot/conv63) >> (PostInferEl0beach_robot/conv63 | Quantization - src_type: UINT8, dst_type FLOAT32, limvals_min: -15.2921, limvals_max: 1.44388 | Reorder - src_order: FCR, src_shape: (20, 20, 8), dst_order: FCR, dst_shape: (20, 20, 2)) >> (UserBuffQEl0beach_robot/conv63 | timeout: 10s)
[2026-04-28 17:14:10.290] [3710] [HailoRT] [info] [core_op.cpp:156] [activate] Activating beach_robot took 0.525415 milliseconds. Note that the function is asynchronous and thus the network is not fully activated yet.
[2026-04-28 17:14:10.290] [3710] [HailoRT] [info] [core_op.cpp:156] [activate] Activating beach_robot took 0.534563 milliseconds. Note that the function is asynchronous and thus the network is not fully activated yet.
[2026-04-28 17:14:10.309] [6297] [HailoRT] [info] [vdevice_native_stream.cpp:331] [read_impl] Failed read from stream HAILO_STREAM_NOT_ACTIVATED(72) (device: 0001:01:00.0)
[2026-04-28 17:14:10.309] [6305] [HailoRT] [info] [vdevice_native_stream.cpp:331] [read_impl] Failed read from stream HAILO_STREAM_NOT_ACTIVATED(72) (device: 0001:01:00.0)
[2026-04-28 17:14:10.309] [6303] [HailoRT] [info] [vdevice_native_stream.cpp:331] [read_impl] Failed read from stream HAILO_STREAM_NOT_ACTIVATED(72) (device: 0001:01:00.0)
[2026-04-28 17:14:10.309] [6307] [HailoRT] [info] [vdevice_native_stream.cpp:331] [read_impl] Failed read from stream HAILO_STREAM_NOT_ACTIVATED(72) (device: 0001:01:00.0)
[2026-04-28 17:14:10.309] [6301] [HailoRT] [info] [vdevice_native_stream.cpp:331] [read_impl] Failed read from stream HAILO_STREAM_NOT_ACTIVATED(72) (device: 0001:01:00.0)
[2026-04-28 17:14:10.309] [6299] [HailoRT] [info] [vdevice_native_stream.cpp:331] [read_impl] Failed read from stream HAILO_STREAM_NOT_ACTIVATED(72) (device: 0001:01:00.0)
[2026-04-28 17:14:10.309] [3710] [HailoRT] [info] [core_op.cpp:186] [deactivate] Deactivating took 0.52199 ms
[2026-04-28 17:14:10.309] [3710] [HailoRT] [info] [core_op.cpp:186] [deactivate] Deactivating took 0.533841 ms
[2026-04-28 17:14:10.309] [6297] [HailoRT] [info] [queue_elements.cpp:734] [run_in_thread] Shutdown event was signaled in run_pull of queue element PullQEl_hw_read0beach_robot/conv41!
[2026-04-28 17:14:10.309] [6298] [HailoRT] [info] [queue_elements.cpp:855] [run_in_thread] Shutdown event was signaled in dequeue of UserBuffQEl0beach_robot/conv41!
[2026-04-28 17:14:10.309] [6297] [HailoRT] [info] [queue_elements.cpp:68] [operator()] Thread in element PullQEl_hw_read0beach_robot/conv41 is not running anymore, exiting..
[2026-04-28 17:14:10.309] [3710] [HailoRT] [info] [queue_elements.cpp:46] [~BaseQueueElement] Queue element PullQEl_hw_read0beach_robot/conv41 has 0 frames in his Queue on destruction
[2026-04-28 17:14:10.309] [6298] [HailoRT] [info] [queue_elements.cpp:68] [operator()] Thread in element UserBuffQEl0beach_robot/conv41 is not running anymore, exiting..
[2026-04-28 17:14:10.309] [3710] [HailoRT] [info] [queue_elements.cpp:46] [~BaseQueueElement] Queue element UserBuffQEl0beach_robot/conv41 has 0 frames in his Queue on destruction
[2026-04-28 17:14:10.310] [6299] [HailoRT] [info] [queue_elements.cpp:734] [run_in_thread] Shutdown event was signaled in run_pull of queue element PullQEl_hw_read7beach_robot/conv42!
[2026-04-28 17:14:10.310] [6300] [HailoRT] [info] [queue_elements.cpp:855] [run_in_thread] Shutdown event was signaled in dequeue of UserBuffQEl7beach_robot/conv42!
[2026-04-28 17:14:10.310] [6299] [HailoRT] [info] [queue_elements.cpp:68] [operator()] Thread in element PullQEl_hw_read7beach_robot/conv42 is not running anymore, exiting..
[2026-04-28 17:14:10.310] [3710] [HailoRT] [info] [queue_elements.cpp:46] [~BaseQueueElement] Queue element PullQEl_hw_read7beach_robot/conv42 has 0 frames in his Queue on destruction
[2026-04-28 17:14:10.310] [6300] [HailoRT] [info] [queue_elements.cpp:68] [operator()] Thread in element UserBuffQEl7beach_robot/conv42 is not running anymore, exiting..
[2026-04-28 17:14:10.310] [3710] [HailoRT] [info] [queue_elements.cpp:46] [~BaseQueueElement] Queue element UserBuffQEl7beach_robot/conv42 has 0 frames in his Queue on destruction
[2026-04-28 17:14:10.310] [6301] [HailoRT] [info] [queue_elements.cpp:734] [run_in_thread] Shutdown event was signaled in run_pull of queue element PullQEl_hw_read3beach_robot/conv52!
[2026-04-28 17:14:10.310] [6302] [HailoRT] [info] [queue_elements.cpp:855] [run_in_thread] Shutdown event was signaled in dequeue of UserBuffQEl3beach_robot/conv52!
[2026-04-28 17:14:10.310] [6301] [HailoRT] [info] [queue_elements.cpp:68] [operator()] Thread in element PullQEl_hw_read3beach_robot/conv52 is not running anymore, exiting..
[2026-04-28 17:14:10.310] [3710] [HailoRT] [info] [queue_elements.cpp:46] [~BaseQueueElement] Queue element PullQEl_hw_read3beach_robot/conv52 has 0 frames in his Queue on destruction
[2026-04-28 17:14:10.310] [6302] [HailoRT] [info] [queue_elements.cpp:68] [operator()] Thread in element UserBuffQEl3beach_robot/conv52 is not running anymore, exiting..
[2026-04-28 17:14:10.310] [3710] [HailoRT] [info] [queue_elements.cpp:46] [~BaseQueueElement] Queue element UserBuffQEl3beach_robot/conv52 has 0 frames in his Queue on destruction
[2026-04-28 17:14:10.310] [6303] [HailoRT] [info] [queue_elements.cpp:734] [run_in_thread] Shutdown event was signaled in run_pull of queue element PullQEl_hw_read1beach_robot/conv53!
[2026-04-28 17:14:10.310] [6304] [HailoRT] [info] [queue_elements.cpp:855] [run_in_thread] Shutdown event was signaled in dequeue of UserBuffQEl1beach_robot/conv53!
[2026-04-28 17:14:10.310] [6303] [HailoRT] [info] [queue_elements.cpp:68] [operator()] Thread in element PullQEl_hw_read1beach_robot/conv53 is not running anymore, exiting..
[2026-04-28 17:14:10.310] [3710] [HailoRT] [info] [queue_elements.cpp:46] [~BaseQueueElement] Queue element PullQEl_hw_read1beach_robot/conv53 has 0 frames in his Queue on destruction
[2026-04-28 17:14:10.310] [6304] [HailoRT] [info] [queue_elements.cpp:68] [operator()] Thread in element UserBuffQEl1beach_robot/conv53 is not running anymore, exiting..
[2026-04-28 17:14:10.310] [3710] [HailoRT] [info] [queue_elements.cpp:46] [~BaseQueueElement] Queue element UserBuffQEl1beach_robot/conv53 has 0 frames in his Queue on destruction
[2026-04-28 17:14:10.310] [6305] [HailoRT] [info] [queue_elements.cpp:734] [run_in_thread] Shutdown event was signaled in run_pull of queue element PullQEl_hw_read2beach_robot/conv62!
[2026-04-28 17:14:10.310] [6306] [HailoRT] [info] [queue_elements.cpp:855] [run_in_thread] Shutdown event was signaled in dequeue of UserBuffQEl2beach_robot/conv62!
[2026-04-28 17:14:10.310] [6305] [HailoRT] [info] [queue_elements.cpp:68] [operator()] Thread in element PullQEl_hw_read2beach_robot/conv62 is not running anymore, exiting..
[2026-04-28 17:14:10.310] [3710] [HailoRT] [info] [queue_elements.cpp:46] [~BaseQueueElement] Queue element PullQEl_hw_read2beach_robot/conv62 has 0 frames in his Queue on destruction
[2026-04-28 17:14:10.310] [6306] [HailoRT] [info] [queue_elements.cpp:68] [operator()] Thread in element UserBuffQEl2beach_robot/conv62 is not running anymore, exiting..
[2026-04-28 17:14:10.310] [3710] [HailoRT] [info] [queue_elements.cpp:46] [~BaseQueueElement] Queue element UserBuffQEl2beach_robot/conv62 has 0 frames in his Queue on destruction
[2026-04-28 17:14:10.310] [6307] [HailoRT] [info] [queue_elements.cpp:734] [run_in_thread] Shutdown event was signaled in run_pull of queue element PullQEl_hw_read0beach_robot/conv63!
[2026-04-28 17:14:10.310] [6308] [HailoRT] [info] [queue_elements.cpp:855] [run_in_thread] Shutdown event was signaled in dequeue of UserBuffQEl0beach_robot/conv63!
[2026-04-28 17:14:10.310] [6307] [HailoRT] [info] [queue_elements.cpp:68] [operator()] Thread in element PullQEl_hw_read0beach_robot/conv63 is not running anymore, exiting..
[2026-04-28 17:14:10.310] [3710] [HailoRT] [info] [queue_elements.cpp:46] [~BaseQueueElement] Queue element PullQEl_hw_read0beach_robot/conv63 has 0 frames in his Queue on destruction
[2026-04-28 17:14:10.310] [6308] [HailoRT] [info] [queue_elements.cpp:68] [operator()] Thread in element UserBuffQEl0beach_robot/conv63 is not running anymore, exiting..
[2026-04-28 17:14:10.310] [3710] [HailoRT] [info] [queue_elements.cpp:46] [~BaseQueueElement] Queue element UserBuffQEl0beach_robot/conv63 has 0 frames in his Queue on destruction
[2026-04-28 17:14:10.610] [3710] [HailoRT] [info] [edge_elements.cpp:52] [create] Created (HwWriteEl2beach_robot/input_layer1 | hw_frame_size: 1228800)
[2026-04-28 17:14:10.610] [3710] [HailoRT] [info] [vstream.cpp:754] [InputVStreamImpl] Creating beach_robot/input_layer1...
[2026-04-28 17:14:10.610] [3710] [HailoRT] [info] [vstream_builder.cpp:102] [create_inputs] Input pipeline 'beach_robot/input_layer1': (HwWriteEl2beach_robot/input_layer1 | hw_frame_size: 1228800) >> HW
[2026-04-28 17:14:10.610] [3710] [HailoRT] [info] [edge_elements.cpp:287] [create] Created (HwReadEl0beach_robot/conv41 | hw_frame_size: 409600)
[2026-04-28 17:14:10.610] [3710] [HailoRT] [info] [queue_elements.cpp:657] [create] Created (PullQEl_hw_read0beach_robot/conv41)
[2026-04-28 17:14:10.610] [3710] [HailoRT] [info] [filter_elements.cpp:372] [create] Created (PostInferEl0beach_robot/conv41 | Quantization - src_type: UINT8, dst_type FLOAT32, limvals_min: -10.8307, limvals_max: 18.5504)
[2026-04-28 17:14:10.610] [3710] [HailoRT] [info] [queue_elements.cpp:800] [create] Created (UserBuffQEl0beach_robot/conv41 | timeout: 10s)
[2026-04-28 17:14:10.610] [3710] [HailoRT] [info] [vstream.cpp:1114] [OutputVStreamImpl] Creating beach_robot/conv41...
[2026-04-28 17:14:10.610] [3710] [HailoRT] [info] [vstream_builder.cpp:220] [create_outputs] Output pipeline 'beach_robot/conv41': HW >> (HwReadEl0beach_robot/conv41 | hw_frame_size: 409600) >> (PullQEl_hw_read0beach_robot/conv41) >> (PostInferEl0beach_robot/conv41 | Quantization - src_type: UINT8, dst_type FLOAT32, limvals_min: -10.8307, limvals_max: 18.5504) >> (UserBuffQEl0beach_robot/conv41 | timeout: 10s)
[2026-04-28 17:14:10.610] [3710] [HailoRT] [info] [edge_elements.cpp:287] [create] Created (HwReadEl7beach_robot/conv42 | hw_frame_size: 12800)
[2026-04-28 17:14:10.610] [3710] [HailoRT] [info] [queue_elements.cpp:657] [create] Created (PullQEl_hw_read7beach_robot/conv42)
[2026-04-28 17:14:10.610] [3710] [HailoRT] [info] [filter_elements.cpp:372] [create] Created (PostInferEl7beach_robot/conv42 | Quantization - src_type: UINT8, dst_type FLOAT32, limvals_min: -25.6857, limvals_max: 0)
[2026-04-28 17:14:10.610] [3710] [HailoRT] [info] [queue_elements.cpp:800] [create] Created (UserBuffQEl7beach_robot/conv42 | timeout: 10s)
[2026-04-28 17:14:10.610] [3710] [HailoRT] [info] [vstream.cpp:1114] [OutputVStreamImpl] Creating beach_robot/conv42...
[2026-04-28 17:14:10.611] [3710] [HailoRT] [info] [vstream_builder.cpp:220] [create_outputs] Output pipeline 'beach_robot/conv42': HW >> (HwReadEl7beach_robot/conv42 | hw_frame_size: 12800) >> (PullQEl_hw_read7beach_robot/conv42) >> (PostInferEl7beach_robot/conv42 | Quantization - src_type: UINT8, dst_type FLOAT32, limvals_min: -25.6857, limvals_max: 0) >> (UserBuffQEl7beach_robot/conv42 | timeout: 10s)
[2026-04-28 17:14:10.611] [3710] [HailoRT] [info] [edge_elements.cpp:287] [create] Created (HwReadEl3beach_robot/conv52 | hw_frame_size: 102400)
[2026-04-28 17:14:10.611] [3710] [HailoRT] [info] [queue_elements.cpp:657] [create] Created (PullQEl_hw_read3beach_robot/conv52)
[2026-04-28 17:14:10.611] [3710] [HailoRT] [info] [filter_elements.cpp:372] [create] Created (PostInferEl3beach_robot/conv52 | Quantization - src_type: UINT8, dst_type FLOAT32, limvals_min: -6.53754, limvals_max: 19.9239)
[2026-04-28 17:14:10.611] [3710] [HailoRT] [info] [queue_elements.cpp:800] [create] Created (UserBuffQEl3beach_robot/conv52 | timeout: 10s)
[2026-04-28 17:14:10.611] [3710] [HailoRT] [info] [vstream.cpp:1114] [OutputVStreamImpl] Creating beach_robot/conv52...
[2026-04-28 17:14:10.611] [3710] [HailoRT] [info] [vstream_builder.cpp:220] [create_outputs] Output pipeline 'beach_robot/conv52': HW >> (HwReadEl3beach_robot/conv52 | hw_frame_size: 102400) >> (PullQEl_hw_read3beach_robot/conv52) >> (PostInferEl3beach_robot/conv52 | Quantization - src_type: UINT8, dst_type FLOAT32, limvals_min: -6.53754, limvals_max: 19.9239) >> (UserBuffQEl3beach_robot/conv52 | timeout: 10s)
[2026-04-28 17:14:10.611] [3710] [HailoRT] [info] [edge_elements.cpp:287] [create] Created (HwReadEl1beach_robot/conv53 | hw_frame_size: 3200)
[2026-04-28 17:14:10.611] [3710] [HailoRT] [info] [queue_elements.cpp:657] [create] Created (PullQEl_hw_read1beach_robot/conv53)
[2026-04-28 17:14:10.611] [3710] [HailoRT] [info] [filter_elements.cpp:372] [create] Created (PostInferEl1beach_robot/conv53 | Quantization - src_type: UINT8, dst_type FLOAT32, limvals_min: -15.7441, limvals_max: 0)
[2026-04-28 17:14:10.611] [3710] [HailoRT] [info] [queue_elements.cpp:800] [create] Created (UserBuffQEl1beach_robot/conv53 | timeout: 10s)
[2026-04-28 17:14:10.611] [3710] [HailoRT] [info] [vstream.cpp:1114] [OutputVStreamImpl] Creating beach_robot/conv53...
[2026-04-28 17:14:10.611] [3710] [HailoRT] [info] [vstream_builder.cpp:220] [create_outputs] Output pipeline 'beach_robot/conv53': HW >> (HwReadEl1beach_robot/conv53 | hw_frame_size: 3200) >> (PullQEl_hw_read1beach_robot/conv53) >> (PostInferEl1beach_robot/conv53 | Quantization - src_type: UINT8, dst_type FLOAT32, limvals_min: -15.7441, limvals_max: 0) >> (UserBuffQEl1beach_robot/conv53 | timeout: 10s)
[2026-04-28 17:14:10.611] [3710] [HailoRT] [info] [edge_elements.cpp:287] [create] Created (HwReadEl2beach_robot/conv62 | hw_frame_size: 25600)
[2026-04-28 17:14:10.611] [3710] [HailoRT] [info] [queue_elements.cpp:657] [create] Created (PullQEl_hw_read2beach_robot/conv62)
[2026-04-28 17:14:10.611] [3710] [HailoRT] [info] [filter_elements.cpp:372] [create] Created (PostInferEl2beach_robot/conv62 | Quantization - src_type: UINT8, dst_type FLOAT32, limvals_min: -8.27399, limvals_max: 14.6594)
[2026-04-28 17:14:10.611] [3710] [HailoRT] [info] [queue_elements.cpp:800] [create] Created (UserBuffQEl2beach_robot/conv62 | timeout: 10s)
[2026-04-28 17:14:10.611] [3710] [HailoRT] [info] [vstream.cpp:1114] [OutputVStreamImpl] Creating beach_robot/conv62...
[2026-04-28 17:14:10.611] [3710] [HailoRT] [info] [vstream_builder.cpp:220] [create_outputs] Output pipeline 'beach_robot/conv62': HW >> (HwReadEl2beach_robot/conv62 | hw_frame_size: 25600) >> (PullQEl_hw_read2beach_robot/conv62) >> (PostInferEl2beach_robot/conv62 | Quantization - src_type: UINT8, dst_type FLOAT32, limvals_min: -8.27399, limvals_max: 14.6594) >> (UserBuffQEl2beach_robot/conv62 | timeout: 10s)
[2026-04-28 17:14:10.611] [3710] [HailoRT] [info] [edge_elements.cpp:287] [create] Created (HwReadEl0beach_robot/conv63 | hw_frame_size: 3200)
[2026-04-28 17:14:10.611] [3710] [HailoRT] [info] [queue_elements.cpp:657] [create] Created (PullQEl_hw_read0beach_robot/conv63)
[2026-04-28 17:14:10.611] [3710] [HailoRT] [info] [filter_elements.cpp:372] [create] Created (PostInferEl0beach_robot/conv63 | Quantization - src_type: UINT8, dst_type FLOAT32, limvals_min: -15.2921, limvals_max: 1.44388 | Reorder - src_order: FCR, src_shape: (20, 20, 8), dst_order: FCR, dst_shape: (20, 20, 2))
[2026-04-28 17:14:10.611] [3710] [HailoRT] [info] [queue_elements.cpp:800] [create] Created (UserBuffQEl0beach_robot/conv63 | timeout: 10s)
[2026-04-28 17:14:10.611] [3710] [HailoRT] [info] [vstream.cpp:1114] [OutputVStreamImpl] Creating beach_robot/conv63...
[2026-04-28 17:14:10.611] [3710] [HailoRT] [info] [vstream_builder.cpp:220] [create_outputs] Output pipeline 'beach_robot/conv63': HW >> (HwReadEl0beach_robot/conv63 | hw_frame_size: 3200) >> (PullQEl_hw_read0beach_robot/conv63) >> (PostInferEl0beach_robot/conv63 | Quantization - src_type: UINT8, dst_type FLOAT32, limvals_min: -15.2921, limvals_max: 1.44388 | Reorder - src_order: FCR, src_shape: (20, 20, 8), dst_order: FCR, dst_shape: (20, 20, 2)) >> (UserBuffQEl0beach_robot/conv63 | timeout: 10s)
[2026-04-28 17:14:10.612] [3710] [HailoRT] [info] [core_op.cpp:156] [activate] Activating beach_robot took 0.52999 milliseconds. Note that the function is asynchronous and thus the network is not fully activated yet.
[2026-04-28 17:14:10.612] [3710] [HailoRT] [info] [core_op.cpp:156] [activate] Activating beach_robot took 0.53999 milliseconds. Note that the function is asynchronous and thus the network is not fully activated yet.
[2026-04-28 17:14:10.631] [6326] [HailoRT] [info] [vdevice_native_stream.cpp:331] [read_impl] Failed read from stream HAILO_STREAM_NOT_ACTIVATED(72) (device: 0001:01:00.0)
[2026-04-28 17:14:10.631] [6322] [HailoRT] [info] [vdevice_native_stream.cpp:331] [read_impl] Failed read from stream HAILO_STREAM_NOT_ACTIVATED(72) (device: 0001:01:00.0)
[2026-04-28 17:14:10.631] [6320] [HailoRT] [info] [vdevice_native_stream.cpp:331] [read_impl] Failed read from stream HAILO_STREAM_NOT_ACTIVATED(72) (device: 0001:01:00.0)
[2026-04-28 17:14:10.631] [6324] [HailoRT] [info] [vdevice_native_stream.cpp:331] [read_impl] Failed read from stream HAILO_STREAM_NOT_ACTIVATED(72) (device: 0001:01:00.0)
[2026-04-28 17:14:10.631] [6316] [HailoRT] [info] [vdevice_native_stream.cpp:331] [read_impl] Failed read from stream HAILO_STREAM_NOT_ACTIVATED(72) (device: 0001:01:00.0)
[2026-04-28 17:14:10.631] [6318] [HailoRT] [info] [vdevice_native_stream.cpp:331] [read_impl] Failed read from stream HAILO_STREAM_NOT_ACTIVATED(72) (device: 0001:01:00.0)
[2026-04-28 17:14:10.631] [3710] [HailoRT] [info] [core_op.cpp:186] [deactivate] Deactivating took 0.509101 ms
[2026-04-28 17:14:10.631] [3710] [HailoRT] [info] [core_op.cpp:186] [deactivate] Deactivating took 0.520971 ms
[2026-04-28 17:14:10.631] [6316] [HailoRT] [info] [queue_elements.cpp:734] [run_in_thread] Shutdown event was signaled in run_pull of queue element PullQEl_hw_read0beach_robot/conv41!
[2026-04-28 17:14:10.631] [6317] [HailoRT] [info] [queue_elements.cpp:855] [run_in_thread] Shutdown event was signaled in dequeue of UserBuffQEl0beach_robot/conv41!
[2026-04-28 17:14:10.631] [6316] [HailoRT] [info] [queue_elements.cpp:68] [operator()] Thread in element PullQEl_hw_read0beach_robot/conv41 is not running anymore, exiting..
[2026-04-28 17:14:10.631] [3710] [HailoRT] [info] [queue_elements.cpp:46] [~BaseQueueElement] Queue element PullQEl_hw_read0beach_robot/conv41 has 0 frames in his Queue on destruction
[2026-04-28 17:14:10.631] [6317] [HailoRT] [info] [queue_elements.cpp:68] [operator()] Thread in element UserBuffQEl0beach_robot/conv41 is not running anymore, exiting..
[2026-04-28 17:14:10.631] [3710] [HailoRT] [info] [queue_elements.cpp:46] [~BaseQueueElement] Queue element UserBuffQEl0beach_robot/conv41 has 0 frames in his Queue on destruction
[2026-04-28 17:14:10.631] [6318] [HailoRT] [info] [queue_elements.cpp:734] [run_in_thread] Shutdown event was signaled in run_pull of queue element PullQEl_hw_read7beach_robot/conv42!
[2026-04-28 17:14:10.631] [6319] [HailoRT] [info] [queue_elements.cpp:855] [run_in_thread] Shutdown event was signaled in dequeue of UserBuffQEl7beach_robot/conv42!
[2026-04-28 17:14:10.631] [6318] [HailoRT] [info] [queue_elements.cpp:68] [operator()] Thread in element PullQEl_hw_read7beach_robot/conv42 is not running anymore, exiting..
[2026-04-28 17:14:10.631] [3710] [HailoRT] [info] [queue_elements.cpp:46] [~BaseQueueElement] Queue element PullQEl_hw_read7beach_robot/conv42 has 0 frames in his Queue on destruction
[2026-04-28 17:14:10.631] [6319] [HailoRT] [info] [queue_elements.cpp:68] [operator()] Thread in element UserBuffQEl7beach_robot/conv42 is not running anymore, exiting..
[2026-04-28 17:14:10.631] [3710] [HailoRT] [info] [queue_elements.cpp:46] [~BaseQueueElement] Queue element UserBuffQEl7beach_robot/conv42 has 0 frames in his Queue on destruction
[2026-04-28 17:14:10.631] [6320] [HailoRT] [info] [queue_elements.cpp:734] [run_in_thread] Shutdown event was signaled in run_pull of queue element PullQEl_hw_read3beach_robot/conv52!
[2026-04-28 17:14:10.631] [6321] [HailoRT] [info] [queue_elements.cpp:855] [run_in_thread] Shutdown event was signaled in dequeue of UserBuffQEl3beach_robot/conv52!
[2026-04-28 17:14:10.632] [6320] [HailoRT] [info] [queue_elements.cpp:68] [operator()] Thread in element PullQEl_hw_read3beach_robot/conv52 is not running anymore, exiting..
[2026-04-28 17:14:10.632] [3710] [HailoRT] [info] [queue_elements.cpp:46] [~BaseQueueElement] Queue element PullQEl_hw_read3beach_robot/conv52 has 0 frames in his Queue on destruction
[2026-04-28 17:14:10.632] [6321] [HailoRT] [info] [queue_elements.cpp:68] [operator()] Thread in element UserBuffQEl3beach_robot/conv52 is not running anymore, exiting..
[2026-04-28 17:14:10.632] [3710] [HailoRT] [info] [queue_elements.cpp:46] [~BaseQueueElement] Queue element UserBuffQEl3beach_robot/conv52 has 0 frames in his Queue on destruction
[2026-04-28 17:14:10.632] [6322] [HailoRT] [info] [queue_elements.cpp:734] [run_in_thread] Shutdown event was signaled in run_pull of queue element PullQEl_hw_read1beach_robot/conv53!
[2026-04-28 17:14:10.632] [6323] [HailoRT] [info] [queue_elements.cpp:855] [run_in_thread] Shutdown event was signaled in dequeue of UserBuffQEl1beach_robot/conv53!
[2026-04-28 17:14:10.632] [6322] [HailoRT] [info] [queue_elements.cpp:68] [operator()] Thread in element PullQEl_hw_read1beach_robot/conv53 is not running anymore, exiting..
[2026-04-28 17:14:10.632] [3710] [HailoRT] [info] [queue_elements.cpp:46] [~BaseQueueElement] Queue element PullQEl_hw_read1beach_robot/conv53 has 0 frames in his Queue on destruction
[2026-04-28 17:14:10.632] [6323] [HailoRT] [info] [queue_elements.cpp:68] [operator()] Thread in element UserBuffQEl1beach_robot/conv53 is not running anymore, exiting..
[2026-04-28 17:14:10.632] [3710] [HailoRT] [info] [queue_elements.cpp:46] [~BaseQueueElement] Queue element UserBuffQEl1beach_robot/conv53 has 0 frames in his Queue on destruction
[2026-04-28 17:14:10.632] [6324] [HailoRT] [info] [queue_elements.cpp:734] [run_in_thread] Shutdown event was signaled in run_pull of queue element PullQEl_hw_read2beach_robot/conv62!
[2026-04-28 17:14:10.632] [6325] [HailoRT] [info] [queue_elements.cpp:855] [run_in_thread] Shutdown event was signaled in dequeue of UserBuffQEl2beach_robot/conv62!
[2026-04-28 17:14:10.632] [6324] [HailoRT] [info] [queue_elements.cpp:68] [operator()] Thread in element PullQEl_hw_read2beach_robot/conv62 is not running anymore, exiting..
[2026-04-28 17:14:10.632] [3710] [HailoRT] [info] [queue_elements.cpp:46] [~BaseQueueElement] Queue element PullQEl_hw_read2beach_robot/conv62 has 0 frames in his Queue on destruction
[2026-04-28 17:14:10.632] [6325] [HailoRT] [info] [queue_elements.cpp:68] [operator()] Thread in element UserBuffQEl2beach_robot/conv62 is not running anymore, exiting..
[2026-04-28 17:14:10.632] [3710] [HailoRT] [info] [queue_elements.cpp:46] [~BaseQueueElement] Queue element UserBuffQEl2beach_robot/conv62 has 0 frames in his Queue on destruction
[2026-04-28 17:14:10.632] [6326] [HailoRT] [info] [queue_elements.cpp:734] [run_in_thread] Shutdown event was signaled in run_pull of queue element PullQEl_hw_read0beach_robot/conv63!
[2026-04-28 17:14:10.632] [6327] [HailoRT] [info] [queue_elements.cpp:855] [run_in_thread] Shutdown event was signaled in dequeue of UserBuffQEl0beach_robot/conv63!
[2026-04-28 17:14:10.632] [6326] [HailoRT] [info] [queue_elements.cpp:68] [operator()] Thread in element PullQEl_hw_read0beach_robot/conv63 is not running anymore, exiting..
[2026-04-28 17:14:10.632] [3710] [HailoRT] [info] [queue_elements.cpp:46] [~BaseQueueElement] Queue element PullQEl_hw_read0beach_robot/conv63 has 0 frames in his Queue on destruction
[2026-04-28 17:14:10.632] [6327] [HailoRT] [info] [queue_elements.cpp:68] [operator()] Thread in element UserBuffQEl0beach_robot/conv63 is not running anymore, exiting..
[2026-04-28 17:14:10.632] [3710] [HailoRT] [info] [queue_elements.cpp:46] [~BaseQueueElement] Queue element UserBuffQEl0beach_robot/conv63 has 0 frames in his Queue on destruction
[2026-04-28 17:14:10.932] [3710] [HailoRT] [info] [edge_elements.cpp:52] [create] Created (HwWriteEl2beach_robot/input_layer1 | hw_frame_size: 1228800)
[2026-04-28 17:14:10.932] [3710] [HailoRT] [info] [vstream.cpp:754] [InputVStreamImpl] Creating beach_robot/input_layer1...
[2026-04-28 17:14:10.932] [3710] [HailoRT] [info] [vstream_builder.cpp:102] [create_inputs] Input pipeline 'beach_robot/input_layer1': (HwWriteEl2beach_robot/input_layer1 | hw_frame_size: 1228800) >> HW
[2026-04-28 17:14:10.932] [3710] [HailoRT] [info] [edge_elements.cpp:287] [create] Created (HwReadEl0beach_robot/conv41 | hw_frame_size: 409600)
[2026-04-28 17:14:10.932] [3710] [HailoRT] [info] [queue_elements.cpp:657] [create] Created (PullQEl_hw_read0beach_robot/conv41)
[2026-04-28 17:14:10.932] [3710] [HailoRT] [info] [filter_elements.cpp:372] [create] Created (PostInferEl0beach_robot/conv41 | Quantization - src_type: UINT8, dst_type FLOAT32, limvals_min: -10.8307, limvals_max: 18.5504)
[2026-04-28 17:14:10.932] [3710] [HailoRT] [info] [queue_elements.cpp:800] [create] Created (UserBuffQEl0beach_robot/conv41 | timeout: 10s)
[2026-04-28 17:14:10.932] [3710] [HailoRT] [info] [vstream.cpp:1114] [OutputVStreamImpl] Creating beach_robot/conv41...
[2026-04-28 17:14:10.932] [3710] [HailoRT] [info] [vstream_builder.cpp:220] [create_outputs] Output pipeline 'beach_robot/conv41': HW >> (HwReadEl0beach_robot/conv41 | hw_frame_size: 409600) >> (PullQEl_hw_read0beach_robot/conv41) >> (PostInferEl0beach_robot/conv41 | Quantization - src_type: UINT8, dst_type FLOAT32, limvals_min: -10.8307, limvals_max: 18.5504) >> (UserBuffQEl0beach_robot/conv41 | timeout: 10s)
[2026-04-28 17:14:10.932] [3710] [HailoRT] [info] [edge_elements.cpp:287] [create] Created (HwReadEl7beach_robot/conv42 | hw_frame_size: 12800)
[2026-04-28 17:14:10.932] [3710] [HailoRT] [info] [queue_elements.cpp:657] [create] Created (PullQEl_hw_read7beach_robot/conv42)
[2026-04-28 17:14:10.932] [3710] [HailoRT] [info] [filter_elements.cpp:372] [create] Created (PostInferEl7beach_robot/conv42 | Quantization - src_type: UINT8, dst_type FLOAT32, limvals_min: -25.6857, limvals_max: 0)
[2026-04-28 17:14:10.932] [3710] [HailoRT] [info] [queue_elements.cpp:800] [create] Created (UserBuffQEl7beach_robot/conv42 | timeout: 10s)
[2026-04-28 17:14:10.932] [3710] [HailoRT] [info] [vstream.cpp:1114] [OutputVStreamImpl] Creating beach_robot/conv42...
[2026-04-28 17:14:10.932] [3710] [HailoRT] [info] [vstream_builder.cpp:220] [create_outputs] Output pipeline 'beach_robot/conv42': HW >> (HwReadEl7beach_robot/conv42 | hw_frame_size: 12800) >> (PullQEl_hw_read7beach_robot/conv42) >> (PostInferEl7beach_robot/conv42 | Quantization - src_type: UINT8, dst_type FLOAT32, limvals_min: -25.6857, limvals_max: 0) >> (UserBuffQEl7beach_robot/conv42 | timeout: 10s)
[2026-04-28 17:14:10.932] [3710] [HailoRT] [info] [edge_elements.cpp:287] [create] Created (HwReadEl3beach_robot/conv52 | hw_frame_size: 102400)
[2026-04-28 17:14:10.932] [3710] [HailoRT] [info] [queue_elements.cpp:657] [create] Created (PullQEl_hw_read3beach_robot/conv52)
[2026-04-28 17:14:10.932] [3710] [HailoRT] [info] [filter_elements.cpp:372] [create] Created (PostInferEl3beach_robot/conv52 | Quantization - src_type: UINT8, dst_type FLOAT32, limvals_min: -6.53754, limvals_max: 19.9239)
[2026-04-28 17:14:10.932] [3710] [HailoRT] [info] [queue_elements.cpp:800] [create] Created (UserBuffQEl3beach_robot/conv52 | timeout: 10s)
[2026-04-28 17:14:10.932] [3710] [HailoRT] [info] [vstream.cpp:1114] [OutputVStreamImpl] Creating beach_robot/conv52...
[2026-04-28 17:14:10.932] [3710] [HailoRT] [info] [vstream_builder.cpp:220] [create_outputs] Output pipeline 'beach_robot/conv52': HW >> (HwReadEl3beach_robot/conv52 | hw_frame_size: 102400) >> (PullQEl_hw_read3beach_robot/conv52) >> (PostInferEl3beach_robot/conv52 | Quantization - src_type: UINT8, dst_type FLOAT32, limvals_min: -6.53754, limvals_max: 19.9239) >> (UserBuffQEl3beach_robot/conv52 | timeout: 10s)
[2026-04-28 17:14:10.932] [3710] [HailoRT] [info] [edge_elements.cpp:287] [create] Created (HwReadEl1beach_robot/conv53 | hw_frame_size: 3200)
[2026-04-28 17:14:10.933] [3710] [HailoRT] [info] [queue_elements.cpp:657] [create] Created (PullQEl_hw_read1beach_robot/conv53)
[2026-04-28 17:14:10.933] [3710] [HailoRT] [info] [filter_elements.cpp:372] [create] Created (PostInferEl1beach_robot/conv53 | Quantization - src_type: UINT8, dst_type FLOAT32, limvals_min: -15.7441, limvals_max: 0)
[2026-04-28 17:14:10.933] [3710] [HailoRT] [info] [queue_elements.cpp:800] [create] Created (UserBuffQEl1beach_robot/conv53 | timeout: 10s)
[2026-04-28 17:14:10.933] [3710] [HailoRT] [info] [vstream.cpp:1114] [OutputVStreamImpl] Creating beach_robot/conv53...
[2026-04-28 17:14:10.933] [3710] [HailoRT] [info] [vstream_builder.cpp:220] [create_outputs] Output pipeline 'beach_robot/conv53': HW >> (HwReadEl1beach_robot/conv53 | hw_frame_size: 3200) >> (PullQEl_hw_read1beach_robot/conv53) >> (PostInferEl1beach_robot/conv53 | Quantization - src_type: UINT8, dst_type FLOAT32, limvals_min: -15.7441, limvals_max: 0) >> (UserBuffQEl1beach_robot/conv53 | timeout: 10s)
[2026-04-28 17:14:10.933] [3710] [HailoRT] [info] [edge_elements.cpp:287] [create] Created (HwReadEl2beach_robot/conv62 | hw_frame_size: 25600)
[2026-04-28 17:14:10.933] [3710] [HailoRT] [info] [queue_elements.cpp:657] [create] Created (PullQEl_hw_read2beach_robot/conv62)
[2026-04-28 17:14:10.933] [3710] [HailoRT] [info] [filter_elements.cpp:372] [create] Created (PostInferEl2beach_robot/conv62 | Quantization - src_type: UINT8, dst_type FLOAT32, limvals_min: -8.27399, limvals_max: 14.6594)
[2026-04-28 17:14:10.933] [3710] [HailoRT] [info] [queue_elements.cpp:800] [create] Created (UserBuffQEl2beach_robot/conv62 | timeout: 10s)
[2026-04-28 17:14:10.933] [3710] [HailoRT] [info] [vstream.cpp:1114] [OutputVStreamImpl] Creating beach_robot/conv62...
[2026-04-28 17:14:10.933] [3710] [HailoRT] [info] [vstream_builder.cpp:220] [create_outputs] Output pipeline 'beach_robot/conv62': HW >> (HwReadEl2beach_robot/conv62 | hw_frame_size: 25600) >> (PullQEl_hw_read2beach_robot/conv62) >> (PostInferEl2beach_robot/conv62 | Quantization - src_type: UINT8, dst_type FLOAT32, limvals_min: -8.27399, limvals_max: 14.6594) >> (UserBuffQEl2beach_robot/conv62 | timeout: 10s)
[2026-04-28 17:14:10.933] [3710] [HailoRT] [info] [edge_elements.cpp:287] [create] Created (HwReadEl0beach_robot/conv63 | hw_frame_size: 3200)
[2026-04-28 17:14:10.933] [3710] [HailoRT] [info] [queue_elements.cpp:657] [create] Created (PullQEl_hw_read0beach_robot/conv63)
[2026-04-28 17:14:10.933] [3710] [HailoRT] [info] [filter_elements.cpp:372] [create] Created (PostInferEl0beach_robot/conv63 | Quantization - src_type: UINT8, dst_type FLOAT32, limvals_min: -15.2921, limvals_max: 1.44388 | Reorder - src_order: FCR, src_shape: (20, 20, 8), dst_order: FCR, dst_shape: (20, 20, 2))
[2026-04-28 17:14:10.933] [3710] [HailoRT] [info] [queue_elements.cpp:800] [create] Created (UserBuffQEl0beach_robot/conv63 | timeout: 10s)
[2026-04-28 17:14:10.933] [3710] [HailoRT] [info] [vstream.cpp:1114] [OutputVStreamImpl] Creating beach_robot/conv63...
[2026-04-28 17:14:10.933] [3710] [HailoRT] [info] [vstream_builder.cpp:220] [create_outputs] Output pipeline 'beach_robot/conv63': HW >> (HwReadEl0beach_robot/conv63 | hw_frame_size: 3200) >> (PullQEl_hw_read0beach_robot/conv63) >> (PostInferEl0beach_robot/conv63 | Quantization - src_type: UINT8, dst_type FLOAT32, limvals_min: -15.2921, limvals_max: 1.44388 | Reorder - src_order: FCR, src_shape: (20, 20, 8), dst_order: FCR, dst_shape: (20, 20, 2)) >> (UserBuffQEl0beach_robot/conv63 | timeout: 10s)
[2026-04-28 17:14:10.934] [3710] [HailoRT] [info] [core_op.cpp:156] [activate] Activating beach_robot took 0.527712 milliseconds. Note that the function is asynchronous and thus the network is not fully activated yet.
[2026-04-28 17:14:10.934] [3710] [HailoRT] [info] [core_op.cpp:156] [activate] Activating beach_robot took 0.537212 milliseconds. Note that the function is asynchronous and thus the network is not fully activated yet.
[2026-04-28 17:14:10.953] [6337] [HailoRT] [info] [vdevice_native_stream.cpp:331] [read_impl] Failed read from stream HAILO_STREAM_NOT_ACTIVATED(72) (device: 0001:01:00.0)
[2026-04-28 17:14:10.953] [6341] [HailoRT] [info] [vdevice_native_stream.cpp:331] [read_impl] Failed read from stream HAILO_STREAM_NOT_ACTIVATED(72) (device: 0001:01:00.0)
[2026-04-28 17:14:10.953] [6339] [HailoRT] [info] [vdevice_native_stream.cpp:331] [read_impl] Failed read from stream HAILO_STREAM_NOT_ACTIVATED(72) (device: 0001:01:00.0)
[2026-04-28 17:14:10.953] [6335] [HailoRT] [info] [vdevice_native_stream.cpp:331] [read_impl] Failed read from stream HAILO_STREAM_NOT_ACTIVATED(72) (device: 0001:01:00.0)
[2026-04-28 17:14:10.953] [6345] [HailoRT] [info] [vdevice_native_stream.cpp:331] [read_impl] Failed read from stream HAILO_STREAM_NOT_ACTIVATED(72) (device: 0001:01:00.0)
[2026-04-28 17:14:10.953] [6343] [HailoRT] [info] [vdevice_native_stream.cpp:331] [read_impl] Failed read from stream HAILO_STREAM_NOT_ACTIVATED(72) (device: 0001:01:00.0)
[2026-04-28 17:14:10.953] [3710] [HailoRT] [info] [core_op.cpp:186] [deactivate] Deactivating took 0.50212 ms
[2026-04-28 17:14:10.953] [3710] [HailoRT] [info] [core_op.cpp:186] [deactivate] Deactivating took 0.512676 ms
[2026-04-28 17:14:10.953] [6335] [HailoRT] [info] [queue_elements.cpp:734] [run_in_thread] Shutdown event was signaled in run_pull of queue element PullQEl_hw_read0beach_robot/conv41!
[2026-04-28 17:14:10.953] [6336] [HailoRT] [info] [queue_elements.cpp:855] [run_in_thread] Shutdown event was signaled in dequeue of UserBuffQEl0beach_robot/conv41!
[2026-04-28 17:14:10.953] [6335] [HailoRT] [info] [queue_elements.cpp:68] [operator()] Thread in element PullQEl_hw_read0beach_robot/conv41 is not running anymore, exiting..
[2026-04-28 17:14:10.953] [3710] [HailoRT] [info] [queue_elements.cpp:46] [~BaseQueueElement] Queue element PullQEl_hw_read0beach_robot/conv41 has 0 frames in his Queue on destruction
[2026-04-28 17:14:10.953] [6336] [HailoRT] [info] [queue_elements.cpp:68] [operator()] Thread in element UserBuffQEl0beach_robot/conv41 is not running anymore, exiting..
[2026-04-28 17:14:10.953] [3710] [HailoRT] [info] [queue_elements.cpp:46] [~BaseQueueElement] Queue element UserBuffQEl0beach_robot/conv41 has 0 frames in his Queue on destruction
[2026-04-28 17:14:10.953] [6337] [HailoRT] [info] [queue_elements.cpp:734] [run_in_thread] Shutdown event was signaled in run_pull of queue element PullQEl_hw_read7beach_robot/conv42!
[2026-04-28 17:14:10.953] [6338] [HailoRT] [info] [queue_elements.cpp:855] [run_in_thread] Shutdown event was signaled in dequeue of UserBuffQEl7beach_robot/conv42!
[2026-04-28 17:14:10.953] [6337] [HailoRT] [info] [queue_elements.cpp:68] [operator()] Thread in element PullQEl_hw_read7beach_robot/conv42 is not running anymore, exiting..
[2026-04-28 17:14:10.953] [3710] [HailoRT] [info] [queue_elements.cpp:46] [~BaseQueueElement] Queue element PullQEl_hw_read7beach_robot/conv42 has 0 frames in his Queue on destruction
[2026-04-28 17:14:10.953] [6338] [HailoRT] [info] [queue_elements.cpp:68] [operator()] Thread in element UserBuffQEl7beach_robot/conv42 is not running anymore, exiting..
[2026-04-28 17:14:10.953] [3710] [HailoRT] [info] [queue_elements.cpp:46] [~BaseQueueElement] Queue element UserBuffQEl7beach_robot/conv42 has 0 frames in his Queue on destruction
[2026-04-28 17:14:10.953] [6339] [HailoRT] [info] [queue_elements.cpp:734] [run_in_thread] Shutdown event was signaled in run_pull of queue element PullQEl_hw_read3beach_robot/conv52!
[2026-04-28 17:14:10.953] [6340] [HailoRT] [info] [queue_elements.cpp:855] [run_in_thread] Shutdown event was signaled in dequeue of UserBuffQEl3beach_robot/conv52!
[2026-04-28 17:14:10.953] [6339] [HailoRT] [info] [queue_elements.cpp:68] [operator()] Thread in element PullQEl_hw_read3beach_robot/conv52 is not running anymore, exiting..
[2026-04-28 17:14:10.953] [3710] [HailoRT] [info] [queue_elements.cpp:46] [~BaseQueueElement] Queue element PullQEl_hw_read3beach_robot/conv52 has 0 frames in his Queue on destruction
[2026-04-28 17:14:10.953] [6340] [HailoRT] [info] [queue_elements.cpp:68] [operator()] Thread in element UserBuffQEl3beach_robot/conv52 is not running anymore, exiting..
[2026-04-28 17:14:10.954] [3710] [HailoRT] [info] [queue_elements.cpp:46] [~BaseQueueElement] Queue element UserBuffQEl3beach_robot/conv52 has 0 frames in his Queue on destruction
[2026-04-28 17:14:10.954] [6342] [HailoRT] [info] [queue_elements.cpp:855] [run_in_thread] Shutdown event was signaled in dequeue of UserBuffQEl1beach_robot/conv53!
[2026-04-28 17:14:10.954] [6341] [HailoRT] [info] [queue_elements.cpp:734] [run_in_thread] Shutdown event was signaled in run_pull of queue element PullQEl_hw_read1beach_robot/conv53!
[2026-04-28 17:14:10.954] [6341] [HailoRT] [info] [queue_elements.cpp:68] [operator()] Thread in element PullQEl_hw_read1beach_robot/conv53 is not running anymore, exiting..
[2026-04-28 17:14:10.954] [3710] [HailoRT] [info] [queue_elements.cpp:46] [~BaseQueueElement] Queue element PullQEl_hw_read1beach_robot/conv53 has 0 frames in his Queue on destruction
[2026-04-28 17:14:10.954] [6342] [HailoRT] [info] [queue_elements.cpp:68] [operator()] Thread in element UserBuffQEl1beach_robot/conv53 is not running anymore, exiting..
[2026-04-28 17:14:10.954] [3710] [HailoRT] [info] [queue_elements.cpp:46] [~BaseQueueElement] Queue element UserBuffQEl1beach_robot/conv53 has 0 frames in his Queue on destruction
[2026-04-28 17:14:10.954] [6343] [HailoRT] [info] [queue_elements.cpp:734] [run_in_thread] Shutdown event was signaled in run_pull of queue element PullQEl_hw_read2beach_robot/conv62!
[2026-04-28 17:14:10.954] [6344] [HailoRT] [info] [queue_elements.cpp:855] [run_in_thread] Shutdown event was signaled in dequeue of UserBuffQEl2beach_robot/conv62!
[2026-04-28 17:14:10.954] [6343] [HailoRT] [info] [queue_elements.cpp:68] [operator()] Thread in element PullQEl_hw_read2beach_robot/conv62 is not running anymore, exiting..
[2026-04-28 17:14:10.954] [3710] [HailoRT] [info] [queue_elements.cpp:46] [~BaseQueueElement] Queue element PullQEl_hw_read2beach_robot/conv62 has 0 frames in his Queue on destruction
[2026-04-28 17:14:10.954] [6344] [HailoRT] [info] [queue_elements.cpp:68] [operator()] Thread in element UserBuffQEl2beach_robot/conv62 is not running anymore, exiting..
[2026-04-28 17:14:10.954] [3710] [HailoRT] [info] [queue_elements.cpp:46] [~BaseQueueElement] Queue element UserBuffQEl2beach_robot/conv62 has 0 frames in his Queue on destruction
[2026-04-28 17:14:10.954] [6346] [HailoRT] [info] [queue_elements.cpp:855] [run_in_thread] Shutdown event was signaled in dequeue of UserBuffQEl0beach_robot/conv63!
[2026-04-28 17:14:10.954] [6345] [HailoRT] [info] [queue_elements.cpp:734] [run_in_thread] Shutdown event was signaled in run_pull of queue element PullQEl_hw_read0beach_robot/conv63!
[2026-04-28 17:14:10.954] [3710] [HailoRT] [info] [queue_elements.cpp:46] [~BaseQueueElement] Queue element PullQEl_hw_read0beach_robot/conv63 has 0 frames in his Queue on destruction
[2026-04-28 17:14:10.954] [6346] [HailoRT] [info] [queue_elements.cpp:68] [operator()] Thread in element UserBuffQEl0beach_robot/conv63 is not running anymore, exiting..
[2026-04-28 17:14:10.954] [3710] [HailoRT] [info] [queue_elements.cpp:46] [~BaseQueueElement] Queue element UserBuffQEl0beach_robot/conv63 has 0 frames in his Queue on destruction
[2026-04-28 17:14:11.250] [3710] [HailoRT] [info] [edge_elements.cpp:52] [create] Created (HwWriteEl2beach_robot/input_layer1 | hw_frame_size: 1228800)
[2026-04-28 17:14:11.251] [3710] [HailoRT] [info] [vstream.cpp:754] [InputVStreamImpl] Creating beach_robot/input_layer1...
[2026-04-28 17:14:11.251] [3710] [HailoRT] [info] [vstream_builder.cpp:102] [create_inputs] Input pipeline 'beach_robot/input_layer1': (HwWriteEl2beach_robot/input_layer1 | hw_frame_size: 1228800) >> HW
[2026-04-28 17:14:11.251] [3710] [HailoRT] [info] [edge_elements.cpp:287] [create] Created (HwReadEl0beach_robot/conv41 | hw_frame_size: 409600)
[2026-04-28 17:14:11.251] [3710] [HailoRT] [info] [queue_elements.cpp:657] [create] Created (PullQEl_hw_read0beach_robot/conv41)
[2026-04-28 17:14:11.251] [3710] [HailoRT] [info] [filter_elements.cpp:372] [create] Created (PostInferEl0beach_robot/conv41 | Quantization - src_type: UINT8, dst_type FLOAT32, limvals_min: -10.8307, limvals_max: 18.5504)
[2026-04-28 17:14:11.251] [3710] [HailoRT] [info] [queue_elements.cpp:800] [create] Created (UserBuffQEl0beach_robot/conv41 | timeout: 10s)
[2026-04-28 17:14:11.251] [3710] [HailoRT] [info] [vstream.cpp:1114] [OutputVStreamImpl] Creating beach_robot/conv41...
[2026-04-28 17:14:11.251] [3710] [HailoRT] [info] [vstream_builder.cpp:220] [create_outputs] Output pipeline 'beach_robot/conv41': HW >> (HwReadEl0beach_robot/conv41 | hw_frame_size: 409600) >> (PullQEl_hw_read0beach_robot/conv41) >> (PostInferEl0beach_robot/conv41 | Quantization - src_type: UINT8, dst_type FLOAT32, limvals_min: -10.8307, limvals_max: 18.5504) >> (UserBuffQEl0beach_robot/conv41 | timeout: 10s)
[2026-04-28 17:14:11.251] [3710] [HailoRT] [info] [edge_elements.cpp:287] [create] Created (HwReadEl7beach_robot/conv42 | hw_frame_size: 12800)
[2026-04-28 17:14:11.251] [3710] [HailoRT] [info] [queue_elements.cpp:657] [create] Created (PullQEl_hw_read7beach_robot/conv42)
[2026-04-28 17:14:11.251] [3710] [HailoRT] [info] [filter_elements.cpp:372] [create] Created (PostInferEl7beach_robot/conv42 | Quantization - src_type: UINT8, dst_type FLOAT32, limvals_min: -25.6857, limvals_max: 0)
[2026-04-28 17:14:11.251] [3710] [HailoRT] [info] [queue_elements.cpp:800] [create] Created (UserBuffQEl7beach_robot/conv42 | timeout: 10s)
[2026-04-28 17:14:11.251] [3710] [HailoRT] [info] [vstream.cpp:1114] [OutputVStreamImpl] Creating beach_robot/conv42...
[2026-04-28 17:14:11.251] [3710] [HailoRT] [info] [vstream_builder.cpp:220] [create_outputs] Output pipeline 'beach_robot/conv42': HW >> (HwReadEl7beach_robot/conv42 | hw_frame_size: 12800) >> (PullQEl_hw_read7beach_robot/conv42) >> (PostInferEl7beach_robot/conv42 | Quantization - src_type: UINT8, dst_type FLOAT32, limvals_min: -25.6857, limvals_max: 0) >> (UserBuffQEl7beach_robot/conv42 | timeout: 10s)
[2026-04-28 17:14:11.251] [3710] [HailoRT] [info] [edge_elements.cpp:287] [create] Created (HwReadEl3beach_robot/conv52 | hw_frame_size: 102400)
[2026-04-28 17:14:11.251] [3710] [HailoRT] [info] [queue_elements.cpp:657] [create] Created (PullQEl_hw_read3beach_robot/conv52)
[2026-04-28 17:14:11.251] [3710] [HailoRT] [info] [filter_elements.cpp:372] [create] Created (PostInferEl3beach_robot/conv52 | Quantization - src_type: UINT8, dst_type FLOAT32, limvals_min: -6.53754, limvals_max: 19.9239)
[2026-04-28 17:14:11.251] [3710] [HailoRT] [info] [queue_elements.cpp:800] [create] Created (UserBuffQEl3beach_robot/conv52 | timeout: 10s)
[2026-04-28 17:14:11.251] [3710] [HailoRT] [info] [vstream.cpp:1114] [OutputVStreamImpl] Creating beach_robot/conv52...
[2026-04-28 17:14:11.251] [3710] [HailoRT] [info] [vstream_builder.cpp:220] [create_outputs] Output pipeline 'beach_robot/conv52': HW >> (HwReadEl3beach_robot/conv52 | hw_frame_size: 102400) >> (PullQEl_hw_read3beach_robot/conv52) >> (PostInferEl3beach_robot/conv52 | Quantization - src_type: UINT8, dst_type FLOAT32, limvals_min: -6.53754, limvals_max: 19.9239) >> (UserBuffQEl3beach_robot/conv52 | timeout: 10s)
[2026-04-28 17:14:11.251] [3710] [HailoRT] [info] [edge_elements.cpp:287] [create] Created (HwReadEl1beach_robot/conv53 | hw_frame_size: 3200)
[2026-04-28 17:14:11.251] [3710] [HailoRT] [info] [queue_elements.cpp:657] [create] Created (PullQEl_hw_read1beach_robot/conv53)
[2026-04-28 17:14:11.251] [3710] [HailoRT] [info] [filter_elements.cpp:372] [create] Created (PostInferEl1beach_robot/conv53 | Quantization - src_type: UINT8, dst_type FLOAT32, limvals_min: -15.7441, limvals_max: 0)
[2026-04-28 17:14:11.251] [3710] [HailoRT] [info] [queue_elements.cpp:800] [create] Created (UserBuffQEl1beach_robot/conv53 | timeout: 10s)
[2026-04-28 17:14:11.251] [3710] [HailoRT] [info] [vstream.cpp:1114] [OutputVStreamImpl] Creating beach_robot/conv53...
[2026-04-28 17:14:11.251] [3710] [HailoRT] [info] [vstream_builder.cpp:220] [create_outputs] Output pipeline 'beach_robot/conv53': HW >> (HwReadEl1beach_robot/conv53 | hw_frame_size: 3200) >> (PullQEl_hw_read1beach_robot/conv53) >> (PostInferEl1beach_robot/conv53 | Quantization - src_type: UINT8, dst_type FLOAT32, limvals_min: -15.7441, limvals_max: 0) >> (UserBuffQEl1beach_robot/conv53 | timeout: 10s)
[2026-04-28 17:14:11.251] [3710] [HailoRT] [info] [edge_elements.cpp:287] [create] Created (HwReadEl2beach_robot/conv62 | hw_frame_size: 25600)
[2026-04-28 17:14:11.251] [3710] [HailoRT] [info] [queue_elements.cpp:657] [create] Created (PullQEl_hw_read2beach_robot/conv62)
[2026-04-28 17:14:11.251] [3710] [HailoRT] [info] [filter_elements.cpp:372] [create] Created (PostInferEl2beach_robot/conv62 | Quantization - src_type: UINT8, dst_type FLOAT32, limvals_min: -8.27399, limvals_max: 14.6594)
[2026-04-28 17:14:11.251] [3710] [HailoRT] [info] [queue_elements.cpp:800] [create] Created (UserBuffQEl2beach_robot/conv62 | timeout: 10s)
[2026-04-28 17:14:11.251] [3710] [HailoRT] [info] [vstream.cpp:1114] [OutputVStreamImpl] Creating beach_robot/conv62...
[2026-04-28 17:14:11.251] [3710] [HailoRT] [info] [vstream_builder.cpp:220] [create_outputs] Output pipeline 'beach_robot/conv62': HW >> (HwReadEl2beach_robot/conv62 | hw_frame_size: 25600) >> (PullQEl_hw_read2beach_robot/conv62) >> (PostInferEl2beach_robot/conv62 | Quantization - src_type: UINT8, dst_type FLOAT32, limvals_min: -8.27399, limvals_max: 14.6594) >> (UserBuffQEl2beach_robot/conv62 | timeout: 10s)
[2026-04-28 17:14:11.251] [3710] [HailoRT] [info] [edge_elements.cpp:287] [create] Created (HwReadEl0beach_robot/conv63 | hw_frame_size: 3200)
[2026-04-28 17:14:11.252] [3710] [HailoRT] [info] [queue_elements.cpp:657] [create] Created (PullQEl_hw_read0beach_robot/conv63)
[2026-04-28 17:14:11.252] [3710] [HailoRT] [info] [filter_elements.cpp:372] [create] Created (PostInferEl0beach_robot/conv63 | Quantization - src_type: UINT8, dst_type FLOAT32, limvals_min: -15.2921, limvals_max: 1.44388 | Reorder - src_order: FCR, src_shape: (20, 20, 8), dst_order: FCR, dst_shape: (20, 20, 2))
[2026-04-28 17:14:11.252] [3710] [HailoRT] [info] [queue_elements.cpp:800] [create] Created (UserBuffQEl0beach_robot/conv63 | timeout: 10s)
[2026-04-28 17:14:11.252] [3710] [HailoRT] [info] [vstream.cpp:1114] [OutputVStreamImpl] Creating beach_robot/conv63...
[2026-04-28 17:14:11.252] [3710] [HailoRT] [info] [vstream_builder.cpp:220] [create_outputs] Output pipeline 'beach_robot/conv63': HW >> (HwReadEl0beach_robot/conv63 | hw_frame_size: 3200) >> (PullQEl_hw_read0beach_robot/conv63) >> (PostInferEl0beach_robot/conv63 | Quantization - src_type: UINT8, dst_type FLOAT32, limvals_min: -15.2921, limvals_max: 1.44388 | Reorder - src_order: FCR, src_shape: (20, 20, 8), dst_order: FCR, dst_shape: (20, 20, 2)) >> (UserBuffQEl0beach_robot/conv63 | timeout: 10s)
[2026-04-28 17:14:11.252] [3710] [HailoRT] [info] [core_op.cpp:156] [activate] Activating beach_robot took 0.54349 milliseconds. Note that the function is asynchronous and thus the network is not fully activated yet.
[2026-04-28 17:14:11.252] [3710] [HailoRT] [info] [core_op.cpp:156] [activate] Activating beach_robot took 0.55299 milliseconds. Note that the function is asynchronous and thus the network is not fully activated yet.
[2026-04-28 17:14:11.271] [6356] [HailoRT] [info] [vdevice_native_stream.cpp:331] [read_impl] Failed read from stream HAILO_STREAM_NOT_ACTIVATED(72) (device: 0001:01:00.0)
[2026-04-28 17:14:11.271] [6358] [HailoRT] [info] [vdevice_native_stream.cpp:331] [read_impl] Failed read from stream HAILO_STREAM_NOT_ACTIVATED(72) (device: 0001:01:00.0)
[2026-04-28 17:14:11.271] [6364] [HailoRT] [info] [vdevice_native_stream.cpp:331] [read_impl] Failed read from stream HAILO_STREAM_NOT_ACTIVATED(72) (device: 0001:01:00.0)
[2026-04-28 17:14:11.271] [6354] [HailoRT] [info] [vdevice_native_stream.cpp:331] [read_impl] Failed read from stream HAILO_STREAM_NOT_ACTIVATED(72) (device: 0001:01:00.0)
[2026-04-28 17:14:11.271] [6362] [HailoRT] [info] [vdevice_native_stream.cpp:331] [read_impl] Failed read from stream HAILO_STREAM_NOT_ACTIVATED(72) (device: 0001:01:00.0)
[2026-04-28 17:14:11.271] [6360] [HailoRT] [info] [vdevice_native_stream.cpp:331] [read_impl] Failed read from stream HAILO_STREAM_NOT_ACTIVATED(72) (device: 0001:01:00.0)
[2026-04-28 17:14:11.272] [3710] [HailoRT] [info] [core_op.cpp:186] [deactivate] Deactivating took 0.51262 ms
[2026-04-28 17:14:11.272] [3710] [HailoRT] [info] [core_op.cpp:186] [deactivate] Deactivating took 0.523786 ms
[2026-04-28 17:14:11.272] [6354] [HailoRT] [info] [queue_elements.cpp:734] [run_in_thread] Shutdown event was signaled in run_pull of queue element PullQEl_hw_read0beach_robot/conv41!
[2026-04-28 17:14:11.272] [6355] [HailoRT] [info] [queue_elements.cpp:855] [run_in_thread] Shutdown event was signaled in dequeue of UserBuffQEl0beach_robot/conv41!
[2026-04-28 17:14:11.272] [6354] [HailoRT] [info] [queue_elements.cpp:68] [operator()] Thread in element PullQEl_hw_read0beach_robot/conv41 is not running anymore, exiting..
[2026-04-28 17:14:11.272] [3710] [HailoRT] [info] [queue_elements.cpp:46] [~BaseQueueElement] Queue element PullQEl_hw_read0beach_robot/conv41 has 0 frames in his Queue on destruction
[2026-04-28 17:14:11.272] [6355] [HailoRT] [info] [queue_elements.cpp:68] [operator()] Thread in element UserBuffQEl0beach_robot/conv41 is not running anymore, exiting..
[2026-04-28 17:14:11.272] [3710] [HailoRT] [info] [queue_elements.cpp:46] [~BaseQueueElement] Queue element UserBuffQEl0beach_robot/conv41 has 0 frames in his Queue on destruction
[2026-04-28 17:14:11.272] [6356] [HailoRT] [info] [queue_elements.cpp:734] [run_in_thread] Shutdown event was signaled in run_pull of queue element PullQEl_hw_read7beach_robot/conv42!
[2026-04-28 17:14:11.272] [6357] [HailoRT] [info] [queue_elements.cpp:855] [run_in_thread] Shutdown event was signaled in dequeue of UserBuffQEl7beach_robot/conv42!
[2026-04-28 17:14:11.272] [6356] [HailoRT] [info] [queue_elements.cpp:68] [operator()] Thread in element PullQEl_hw_read7beach_robot/conv42 is not running anymore, exiting..
[2026-04-28 17:14:11.272] [3710] [HailoRT] [info] [queue_elements.cpp:46] [~BaseQueueElement] Queue element PullQEl_hw_read7beach_robot/conv42 has 0 frames in his Queue on destruction
[2026-04-28 17:14:11.272] [6357] [HailoRT] [info] [queue_elements.cpp:68] [operator()] Thread in element UserBuffQEl7beach_robot/conv42 is not running anymore, exiting..
[2026-04-28 17:14:11.272] [3710] [HailoRT] [info] [queue_elements.cpp:46] [~BaseQueueElement] Queue element UserBuffQEl7beach_robot/conv42 has 0 frames in his Queue on destruction
[2026-04-28 17:14:11.272] [6358] [HailoRT] [info] [queue_elements.cpp:734] [run_in_thread] Shutdown event was signaled in run_pull of queue element PullQEl_hw_read3beach_robot/conv52!
[2026-04-28 17:14:11.272] [6359] [HailoRT] [info] [queue_elements.cpp:855] [run_in_thread] Shutdown event was signaled in dequeue of UserBuffQEl3beach_robot/conv52!
[2026-04-28 17:14:11.272] [6358] [HailoRT] [info] [queue_elements.cpp:68] [operator()] Thread in element PullQEl_hw_read3beach_robot/conv52 is not running anymore, exiting..
[2026-04-28 17:14:11.272] [3710] [HailoRT] [info] [queue_elements.cpp:46] [~BaseQueueElement] Queue element PullQEl_hw_read3beach_robot/conv52 has 0 frames in his Queue on destruction
[2026-04-28 17:14:11.272] [6359] [HailoRT] [info] [queue_elements.cpp:68] [operator()] Thread in element UserBuffQEl3beach_robot/conv52 is not running anymore, exiting..
[2026-04-28 17:14:11.272] [3710] [HailoRT] [info] [queue_elements.cpp:46] [~BaseQueueElement] Queue element UserBuffQEl3beach_robot/conv52 has 0 frames in his Queue on destruction
[2026-04-28 17:14:11.272] [6360] [HailoRT] [info] [queue_elements.cpp:734] [run_in_thread] Shutdown event was signaled in run_pull of queue element PullQEl_hw_read1beach_robot/conv53!
[2026-04-28 17:14:11.272] [6361] [HailoRT] [info] [queue_elements.cpp:855] [run_in_thread] Shutdown event was signaled in dequeue of UserBuffQEl1beach_robot/conv53!
[2026-04-28 17:14:11.272] [6360] [HailoRT] [info] [queue_elements.cpp:68] [operator()] Thread in element PullQEl_hw_read1beach_robot/conv53 is not running anymore, exiting..
[2026-04-28 17:14:11.272] [3710] [HailoRT] [info] [queue_elements.cpp:46] [~BaseQueueElement] Queue element PullQEl_hw_read1beach_robot/conv53 has 0 frames in his Queue on destruction
[2026-04-28 17:14:11.272] [6361] [HailoRT] [info] [queue_elements.cpp:68] [operator()] Thread in element UserBuffQEl1beach_robot/conv53 is not running anymore, exiting..
[2026-04-28 17:14:11.272] [3710] [HailoRT] [info] [queue_elements.cpp:46] [~BaseQueueElement] Queue element UserBuffQEl1beach_robot/conv53 has 0 frames in his Queue on destruction
[2026-04-28 17:14:11.272] [6362] [HailoRT] [info] [queue_elements.cpp:734] [run_in_thread] Shutdown event was signaled in run_pull of queue element PullQEl_hw_read2beach_robot/conv62!
[2026-04-28 17:14:11.272] [6363] [HailoRT] [info] [queue_elements.cpp:855] [run_in_thread] Shutdown event was signaled in dequeue of UserBuffQEl2beach_robot/conv62!
[2026-04-28 17:14:11.272] [6362] [HailoRT] [info] [queue_elements.cpp:68] [operator()] Thread in element PullQEl_hw_read2beach_robot/conv62 is not running anymore, exiting..
[2026-04-28 17:14:11.272] [3710] [HailoRT] [info] [queue_elements.cpp:46] [~BaseQueueElement] Queue element PullQEl_hw_read2beach_robot/conv62 has 0 frames in his Queue on destruction
[2026-04-28 17:14:11.272] [6363] [HailoRT] [info] [queue_elements.cpp:68] [operator()] Thread in element UserBuffQEl2beach_robot/conv62 is not running anymore, exiting..
[2026-04-28 17:14:11.272] [3710] [HailoRT] [info] [queue_elements.cpp:46] [~BaseQueueElement] Queue element UserBuffQEl2beach_robot/conv62 has 0 frames in his Queue on destruction
[2026-04-28 17:14:11.272] [6364] [HailoRT] [info] [queue_elements.cpp:734] [run_in_thread] Shutdown event was signaled in run_pull of queue element PullQEl_hw_read0beach_robot/conv63!
[2026-04-28 17:14:11.272] [6365] [HailoRT] [info] [queue_elements.cpp:855] [run_in_thread] Shutdown event was signaled in dequeue of UserBuffQEl0beach_robot/conv63!
[2026-04-28 17:14:11.272] [6364] [HailoRT] [info] [queue_elements.cpp:68] [operator()] Thread in element PullQEl_hw_read0beach_robot/conv63 is not running anymore, exiting..
[2026-04-28 17:14:11.272] [3710] [HailoRT] [info] [queue_elements.cpp:46] [~BaseQueueElement] Queue element PullQEl_hw_read0beach_robot/conv63 has 0 frames in his Queue on destruction
[2026-04-28 17:14:11.272] [6365] [HailoRT] [info] [queue_elements.cpp:68] [operator()] Thread in element UserBuffQEl0beach_robot/conv63 is not running anymore, exiting..
[2026-04-28 17:14:11.272] [3710] [HailoRT] [info] [queue_elements.cpp:46] [~BaseQueueElement] Queue element UserBuffQEl0beach_robot/conv63 has 0 frames in his Queue on destruction
[2026-04-28 17:14:11.572] [3710] [HailoRT] [info] [edge_elements.cpp:52] [create] Created (HwWriteEl2beach_robot/input_layer1 | hw_frame_size: 1228800)
[2026-04-28 17:14:11.572] [3710] [HailoRT] [info] [vstream.cpp:754] [InputVStreamImpl] Creating beach_robot/input_layer1...
[2026-04-28 17:14:11.572] [3710] [HailoRT] [info] [vstream_builder.cpp:102] [create_inputs] Input pipeline 'beach_robot/input_layer1': (HwWriteEl2beach_robot/input_layer1 | hw_frame_size: 1228800) >> HW
[2026-04-28 17:14:11.572] [3710] [HailoRT] [info] [edge_elements.cpp:287] [create] Created (HwReadEl0beach_robot/conv41 | hw_frame_size: 409600)
[2026-04-28 17:14:11.572] [3710] [HailoRT] [info] [queue_elements.cpp:657] [create] Created (PullQEl_hw_read0beach_robot/conv41)
[2026-04-28 17:14:11.572] [3710] [HailoRT] [info] [filter_elements.cpp:372] [create] Created (PostInferEl0beach_robot/conv41 | Quantization - src_type: UINT8, dst_type FLOAT32, limvals_min: -10.8307, limvals_max: 18.5504)
[2026-04-28 17:14:11.572] [3710] [HailoRT] [info] [queue_elements.cpp:800] [create] Created (UserBuffQEl0beach_robot/conv41 | timeout: 10s)
[2026-04-28 17:14:11.572] [3710] [HailoRT] [info] [vstream.cpp:1114] [OutputVStreamImpl] Creating beach_robot/conv41...
[2026-04-28 17:14:11.572] [3710] [HailoRT] [info] [vstream_builder.cpp:220] [create_outputs] Output pipeline 'beach_robot/conv41': HW >> (HwReadEl0beach_robot/conv41 | hw_frame_size: 409600) >> (PullQEl_hw_read0beach_robot/conv41) >> (PostInferEl0beach_robot/conv41 | Quantization - src_type: UINT8, dst_type FLOAT32, limvals_min: -10.8307, limvals_max: 18.5504) >> (UserBuffQEl0beach_robot/conv41 | timeout: 10s)
[2026-04-28 17:14:11.572] [3710] [HailoRT] [info] [edge_elements.cpp:287] [create] Created (HwReadEl7beach_robot/conv42 | hw_frame_size: 12800)
[2026-04-28 17:14:11.573] [3710] [HailoRT] [info] [queue_elements.cpp:657] [create] Created (PullQEl_hw_read7beach_robot/conv42)
[2026-04-28 17:14:11.573] [3710] [HailoRT] [info] [filter_elements.cpp:372] [create] Created (PostInferEl7beach_robot/conv42 | Quantization - src_type: UINT8, dst_type FLOAT32, limvals_min: -25.6857, limvals_max: 0)
[2026-04-28 17:14:11.573] [3710] [HailoRT] [info] [queue_elements.cpp:800] [create] Created (UserBuffQEl7beach_robot/conv42 | timeout: 10s)
[2026-04-28 17:14:11.573] [3710] [HailoRT] [info] [vstream.cpp:1114] [OutputVStreamImpl] Creating beach_robot/conv42...
[2026-04-28 17:14:11.575] [3710] [HailoRT] [info] [vstream_builder.cpp:220] [create_outputs] Output pipeline 'beach_robot/conv42': HW >> (HwReadEl7beach_robot/conv42 | hw_frame_size: 12800) >> (PullQEl_hw_read7beach_robot/conv42) >> (PostInferEl7beach_robot/conv42 | Quantization - src_type: UINT8, dst_type FLOAT32, limvals_min: -25.6857, limvals_max: 0) >> (UserBuffQEl7beach_robot/conv42 | timeout: 10s)
[2026-04-28 17:14:11.575] [3710] [HailoRT] [info] [edge_elements.cpp:287] [create] Created (HwReadEl3beach_robot/conv52 | hw_frame_size: 102400)
[2026-04-28 17:14:11.575] [3710] [HailoRT] [info] [queue_elements.cpp:657] [create] Created (PullQEl_hw_read3beach_robot/conv52)
[2026-04-28 17:14:11.575] [3710] [HailoRT] [info] [filter_elements.cpp:372] [create] Created (PostInferEl3beach_robot/conv52 | Quantization - src_type: UINT8, dst_type FLOAT32, limvals_min: -6.53754, limvals_max: 19.9239)
[2026-04-28 17:14:11.575] [3710] [HailoRT] [info] [queue_elements.cpp:800] [create] Created (UserBuffQEl3beach_robot/conv52 | timeout: 10s)
[2026-04-28 17:14:11.575] [3710] [HailoRT] [info] [vstream.cpp:1114] [OutputVStreamImpl] Creating beach_robot/conv52...
[2026-04-28 17:14:11.575] [3710] [HailoRT] [info] [vstream_builder.cpp:220] [create_outputs] Output pipeline 'beach_robot/conv52': HW >> (HwReadEl3beach_robot/conv52 | hw_frame_size: 102400) >> (PullQEl_hw_read3beach_robot/conv52) >> (PostInferEl3beach_robot/conv52 | Quantization - src_type: UINT8, dst_type FLOAT32, limvals_min: -6.53754, limvals_max: 19.9239) >> (UserBuffQEl3beach_robot/conv52 | timeout: 10s)
[2026-04-28 17:14:11.575] [3710] [HailoRT] [info] [edge_elements.cpp:287] [create] Created (HwReadEl1beach_robot/conv53 | hw_frame_size: 3200)
[2026-04-28 17:14:11.575] [3710] [HailoRT] [info] [queue_elements.cpp:657] [create] Created (PullQEl_hw_read1beach_robot/conv53)
[2026-04-28 17:14:11.575] [3710] [HailoRT] [info] [filter_elements.cpp:372] [create] Created (PostInferEl1beach_robot/conv53 | Quantization - src_type: UINT8, dst_type FLOAT32, limvals_min: -15.7441, limvals_max: 0)
[2026-04-28 17:14:11.575] [3710] [HailoRT] [info] [queue_elements.cpp:800] [create] Created (UserBuffQEl1beach_robot/conv53 | timeout: 10s)
[2026-04-28 17:14:11.575] [3710] [HailoRT] [info] [vstream.cpp:1114] [OutputVStreamImpl] Creating beach_robot/conv53...
[2026-04-28 17:14:11.575] [3710] [HailoRT] [info] [vstream_builder.cpp:220] [create_outputs] Output pipeline 'beach_robot/conv53': HW >> (HwReadEl1beach_robot/conv53 | hw_frame_size: 3200) >> (PullQEl_hw_read1beach_robot/conv53) >> (PostInferEl1beach_robot/conv53 | Quantization - src_type: UINT8, dst_type FLOAT32, limvals_min: -15.7441, limvals_max: 0) >> (UserBuffQEl1beach_robot/conv53 | timeout: 10s)
[2026-04-28 17:14:11.575] [3710] [HailoRT] [info] [edge_elements.cpp:287] [create] Created (HwReadEl2beach_robot/conv62 | hw_frame_size: 25600)
[2026-04-28 17:14:11.576] [3710] [HailoRT] [info] [queue_elements.cpp:657] [create] Created (PullQEl_hw_read2beach_robot/conv62)
[2026-04-28 17:14:11.576] [3710] [HailoRT] [info] [filter_elements.cpp:372] [create] Created (PostInferEl2beach_robot/conv62 | Quantization - src_type: UINT8, dst_type FLOAT32, limvals_min: -8.27399, limvals_max: 14.6594)
[2026-04-28 17:14:11.576] [3710] [HailoRT] [info] [queue_elements.cpp:800] [create] Created (UserBuffQEl2beach_robot/conv62 | timeout: 10s)
[2026-04-28 17:14:11.576] [3710] [HailoRT] [info] [vstream.cpp:1114] [OutputVStreamImpl] Creating beach_robot/conv62...
[2026-04-28 17:14:11.576] [3710] [HailoRT] [info] [vstream_builder.cpp:220] [create_outputs] Output pipeline 'beach_robot/conv62': HW >> (HwReadEl2beach_robot/conv62 | hw_frame_size: 25600) >> (PullQEl_hw_read2beach_robot/conv62) >> (PostInferEl2beach_robot/conv62 | Quantization - src_type: UINT8, dst_type FLOAT32, limvals_min: -8.27399, limvals_max: 14.6594) >> (UserBuffQEl2beach_robot/conv62 | timeout: 10s)
[2026-04-28 17:14:11.576] [3710] [HailoRT] [info] [edge_elements.cpp:287] [create] Created (HwReadEl0beach_robot/conv63 | hw_frame_size: 3200)
[2026-04-28 17:14:11.576] [3710] [HailoRT] [info] [queue_elements.cpp:657] [create] Created (PullQEl_hw_read0beach_robot/conv63)
[2026-04-28 17:14:11.576] [3710] [HailoRT] [info] [filter_elements.cpp:372] [create] Created (PostInferEl0beach_robot/conv63 | Quantization - src_type: UINT8, dst_type FLOAT32, limvals_min: -15.2921, limvals_max: 1.44388 | Reorder - src_order: FCR, src_shape: (20, 20, 8), dst_order: FCR, dst_shape: (20, 20, 2))
[2026-04-28 17:14:11.576] [3710] [HailoRT] [info] [queue_elements.cpp:800] [create] Created (UserBuffQEl0beach_robot/conv63 | timeout: 10s)
[2026-04-28 17:14:11.576] [3710] [HailoRT] [info] [vstream.cpp:1114] [OutputVStreamImpl] Creating beach_robot/conv63...
[2026-04-28 17:14:11.576] [3710] [HailoRT] [info] [vstream_builder.cpp:220] [create_outputs] Output pipeline 'beach_robot/conv63': HW >> (HwReadEl0beach_robot/conv63 | hw_frame_size: 3200) >> (PullQEl_hw_read0beach_robot/conv63) >> (PostInferEl0beach_robot/conv63 | Quantization - src_type: UINT8, dst_type FLOAT32, limvals_min: -15.2921, limvals_max: 1.44388 | Reorder - src_order: FCR, src_shape: (20, 20, 8), dst_order: FCR, dst_shape: (20, 20, 2)) >> (UserBuffQEl0beach_robot/conv63 | timeout: 10s)
[2026-04-28 17:14:11.576] [3710] [HailoRT] [info] [core_op.cpp:156] [activate] Activating beach_robot took 0.529564 milliseconds. Note that the function is asynchronous and thus the network is not fully activated yet.
[2026-04-28 17:14:11.576] [3710] [HailoRT] [info] [core_op.cpp:156] [activate] Activating beach_robot took 0.539749 milliseconds. Note that the function is asynchronous and thus the network is not fully activated yet.
[2026-04-28 17:14:11.595] [6373] [HailoRT] [info] [vdevice_native_stream.cpp:331] [read_impl] Failed read from stream HAILO_STREAM_NOT_ACTIVATED(72) (device: 0001:01:00.0)
[2026-04-28 17:14:11.595] [6381] [HailoRT] [info] [vdevice_native_stream.cpp:331] [read_impl] Failed read from stream HAILO_STREAM_NOT_ACTIVATED(72) (device: 0001:01:00.0)
[2026-04-28 17:14:11.595] [6379] [HailoRT] [info] [vdevice_native_stream.cpp:331] [read_impl] Failed read from stream HAILO_STREAM_NOT_ACTIVATED(72) (device: 0001:01:00.0)
[2026-04-28 17:14:11.595] [6375] [HailoRT] [info] [vdevice_native_stream.cpp:331] [read_impl] Failed read from stream HAILO_STREAM_NOT_ACTIVATED(72) (device: 0001:01:00.0)
[2026-04-28 17:14:11.595] [6383] [HailoRT] [info] [vdevice_native_stream.cpp:331] [read_impl] Failed read from stream HAILO_STREAM_NOT_ACTIVATED(72) (device: 0001:01:00.0)
[2026-04-28 17:14:11.595] [6377] [HailoRT] [info] [vdevice_native_stream.cpp:331] [read_impl] Failed read from stream HAILO_STREAM_NOT_ACTIVATED(72) (device: 0001:01:00.0)
[2026-04-28 17:14:11.596] [3710] [HailoRT] [info] [core_op.cpp:186] [deactivate] Deactivating took 0.508787 ms
[2026-04-28 17:14:11.596] [3710] [HailoRT] [info] [core_op.cpp:186] [deactivate] Deactivating took 0.518898 ms
[2026-04-28 17:14:11.596] [6373] [HailoRT] [info] [queue_elements.cpp:734] [run_in_thread] Shutdown event was signaled in run_pull of queue element PullQEl_hw_read0beach_robot/conv41!
[2026-04-28 17:14:11.596] [6374] [HailoRT] [info] [queue_elements.cpp:855] [run_in_thread] Shutdown event was signaled in dequeue of UserBuffQEl0beach_robot/conv41!
[2026-04-28 17:14:11.596] [6373] [HailoRT] [info] [queue_elements.cpp:68] [operator()] Thread in element PullQEl_hw_read0beach_robot/conv41 is not running anymore, exiting..
[2026-04-28 17:14:11.596] [3710] [HailoRT] [info] [queue_elements.cpp:46] [~BaseQueueElement] Queue element PullQEl_hw_read0beach_robot/conv41 has 0 frames in his Queue on destruction
[2026-04-28 17:14:11.596] [6374] [HailoRT] [info] [queue_elements.cpp:68] [operator()] Thread in element UserBuffQEl0beach_robot/conv41 is not running anymore, exiting..
[2026-04-28 17:14:11.596] [3710] [HailoRT] [info] [queue_elements.cpp:46] [~BaseQueueElement] Queue element UserBuffQEl0beach_robot/conv41 has 0 frames in his Queue on destruction
[2026-04-28 17:14:11.596] [6375] [HailoRT] [info] [queue_elements.cpp:734] [run_in_thread] Shutdown event was signaled in run_pull of queue element PullQEl_hw_read7beach_robot/conv42!
[2026-04-28 17:14:11.596] [6376] [HailoRT] [info] [queue_elements.cpp:855] [run_in_thread] Shutdown event was signaled in dequeue of UserBuffQEl7beach_robot/conv42!
[2026-04-28 17:14:11.596] [6375] [HailoRT] [info] [queue_elements.cpp:68] [operator()] Thread in element PullQEl_hw_read7beach_robot/conv42 is not running anymore, exiting..
[2026-04-28 17:14:11.596] [3710] [HailoRT] [info] [queue_elements.cpp:46] [~BaseQueueElement] Queue element PullQEl_hw_read7beach_robot/conv42 has 0 frames in his Queue on destruction
[2026-04-28 17:14:11.596] [6376] [HailoRT] [info] [queue_elements.cpp:68] [operator()] Thread in element UserBuffQEl7beach_robot/conv42 is not running anymore, exiting..
[2026-04-28 17:14:11.596] [3710] [HailoRT] [info] [queue_elements.cpp:46] [~BaseQueueElement] Queue element UserBuffQEl7beach_robot/conv42 has 0 frames in his Queue on destruction
[2026-04-28 17:14:11.596] [6378] [HailoRT] [info] [queue_elements.cpp:855] [run_in_thread] Shutdown event was signaled in dequeue of UserBuffQEl3beach_robot/conv52!
[2026-04-28 17:14:11.596] [6377] [HailoRT] [info] [queue_elements.cpp:734] [run_in_thread] Shutdown event was signaled in run_pull of queue element PullQEl_hw_read3beach_robot/conv52!
[2026-04-28 17:14:11.596] [6377] [HailoRT] [info] [queue_elements.cpp:68] [operator()] Thread in element PullQEl_hw_read3beach_robot/conv52 is not running anymore, exiting..
[2026-04-28 17:14:11.596] [3710] [HailoRT] [info] [queue_elements.cpp:46] [~BaseQueueElement] Queue element PullQEl_hw_read3beach_robot/conv52 has 0 frames in his Queue on destruction
[2026-04-28 17:14:11.596] [6378] [HailoRT] [info] [queue_elements.cpp:68] [operator()] Thread in element UserBuffQEl3beach_robot/conv52 is not running anymore, exiting..
[2026-04-28 17:14:11.596] [3710] [HailoRT] [info] [queue_elements.cpp:46] [~BaseQueueElement] Queue element UserBuffQEl3beach_robot/conv52 has 0 frames in his Queue on destruction
[2026-04-28 17:14:11.596] [6380] [HailoRT] [info] [queue_elements.cpp:855] [run_in_thread] Shutdown event was signaled in dequeue of UserBuffQEl1beach_robot/conv53!
[2026-04-28 17:14:11.596] [6379] [HailoRT] [info] [queue_elements.cpp:734] [run_in_thread] Shutdown event was signaled in run_pull of queue element PullQEl_hw_read1beach_robot/conv53!
[2026-04-28 17:14:11.596] [6379] [HailoRT] [info] [queue_elements.cpp:68] [operator()] Thread in element PullQEl_hw_read1beach_robot/conv53 is not running anymore, exiting..
[2026-04-28 17:14:11.596] [3710] [HailoRT] [info] [queue_elements.cpp:46] [~BaseQueueElement] Queue element PullQEl_hw_read1beach_robot/conv53 has 0 frames in his Queue on destruction
[2026-04-28 17:14:11.596] [6380] [HailoRT] [info] [queue_elements.cpp:68] [operator()] Thread in element UserBuffQEl1beach_robot/conv53 is not running anymore, exiting..
[2026-04-28 17:14:11.596] [3710] [HailoRT] [info] [queue_elements.cpp:46] [~BaseQueueElement] Queue element UserBuffQEl1beach_robot/conv53 has 0 frames in his Queue on destruction
[2026-04-28 17:14:11.596] [6382] [HailoRT] [info] [queue_elements.cpp:855] [run_in_thread] Shutdown event was signaled in dequeue of UserBuffQEl2beach_robot/conv62!
[2026-04-28 17:14:11.596] [6381] [HailoRT] [info] [queue_elements.cpp:734] [run_in_thread] Shutdown event was signaled in run_pull of queue element PullQEl_hw_read2beach_robot/conv62!
[2026-04-28 17:14:11.596] [6381] [HailoRT] [info] [queue_elements.cpp:68] [operator()] Thread in element PullQEl_hw_read2beach_robot/conv62 is not running anymore, exiting..
[2026-04-28 17:14:11.596] [3710] [HailoRT] [info] [queue_elements.cpp:46] [~BaseQueueElement] Queue element PullQEl_hw_read2beach_robot/conv62 has 0 frames in his Queue on destruction
[2026-04-28 17:14:11.596] [6382] [HailoRT] [info] [queue_elements.cpp:68] [operator()] Thread in element UserBuffQEl2beach_robot/conv62 is not running anymore, exiting..
[2026-04-28 17:14:11.596] [3710] [HailoRT] [info] [queue_elements.cpp:46] [~BaseQueueElement] Queue element UserBuffQEl2beach_robot/conv62 has 0 frames in his Queue on destruction
[2026-04-28 17:14:11.596] [6384] [HailoRT] [info] [queue_elements.cpp:855] [run_in_thread] Shutdown event was signaled in dequeue of UserBuffQEl0beach_robot/conv63!
[2026-04-28 17:14:11.596] [6383] [HailoRT] [info] [queue_elements.cpp:734] [run_in_thread] Shutdown event was signaled in run_pull of queue element PullQEl_hw_read0beach_robot/conv63!
[2026-04-28 17:14:11.596] [6383] [HailoRT] [info] [queue_elements.cpp:68] [operator()] Thread in element PullQEl_hw_read0beach_robot/conv63 is not running anymore, exiting..
[2026-04-28 17:14:11.596] [3710] [HailoRT] [info] [queue_elements.cpp:46] [~BaseQueueElement] Queue element PullQEl_hw_read0beach_robot/conv63 has 0 frames in his Queue on destruction
[2026-04-28 17:14:11.596] [6384] [HailoRT] [info] [queue_elements.cpp:68] [operator()] Thread in element UserBuffQEl0beach_robot/conv63 is not running anymore, exiting..
[2026-04-28 17:14:11.596] [3710] [HailoRT] [info] [queue_elements.cpp:46] [~BaseQueueElement] Queue element UserBuffQEl0beach_robot/conv63 has 0 frames in his Queue on destruction
[2026-04-28 17:14:11.897] [3710] [HailoRT] [info] [edge_elements.cpp:52] [create] Created (HwWriteEl2beach_robot/input_layer1 | hw_frame_size: 1228800)
[2026-04-28 17:14:11.897] [3710] [HailoRT] [info] [vstream.cpp:754] [InputVStreamImpl] Creating beach_robot/input_layer1...
[2026-04-28 17:14:11.897] [3710] [HailoRT] [info] [vstream_builder.cpp:102] [create_inputs] Input pipeline 'beach_robot/input_layer1': (HwWriteEl2beach_robot/input_layer1 | hw_frame_size: 1228800) >> HW
[2026-04-28 17:14:11.897] [3710] [HailoRT] [info] [edge_elements.cpp:287] [create] Created (HwReadEl0beach_robot/conv41 | hw_frame_size: 409600)
[2026-04-28 17:14:11.898] [3710] [HailoRT] [info] [queue_elements.cpp:657] [create] Created (PullQEl_hw_read0beach_robot/conv41)
[2026-04-28 17:14:11.898] [3710] [HailoRT] [info] [filter_elements.cpp:372] [create] Created (PostInferEl0beach_robot/conv41 | Quantization - src_type: UINT8, dst_type FLOAT32, limvals_min: -10.8307, limvals_max: 18.5504)
[2026-04-28 17:14:11.898] [3710] [HailoRT] [info] [queue_elements.cpp:800] [create] Created (UserBuffQEl0beach_robot/conv41 | timeout: 10s)
[2026-04-28 17:14:11.898] [3710] [HailoRT] [info] [vstream.cpp:1114] [OutputVStreamImpl] Creating beach_robot/conv41...
[2026-04-28 17:14:11.898] [3710] [HailoRT] [info] [vstream_builder.cpp:220] [create_outputs] Output pipeline 'beach_robot/conv41': HW >> (HwReadEl0beach_robot/conv41 | hw_frame_size: 409600) >> (PullQEl_hw_read0beach_robot/conv41) >> (PostInferEl0beach_robot/conv41 | Quantization - src_type: UINT8, dst_type FLOAT32, limvals_min: -10.8307, limvals_max: 18.5504) >> (UserBuffQEl0beach_robot/conv41 | timeout: 10s)
[2026-04-28 17:14:11.898] [3710] [HailoRT] [info] [edge_elements.cpp:287] [create] Created (HwReadEl7beach_robot/conv42 | hw_frame_size: 12800)
[2026-04-28 17:14:11.898] [3710] [HailoRT] [info] [queue_elements.cpp:657] [create] Created (PullQEl_hw_read7beach_robot/conv42)
[2026-04-28 17:14:11.898] [3710] [HailoRT] [info] [filter_elements.cpp:372] [create] Created (PostInferEl7beach_robot/conv42 | Quantization - src_type: UINT8, dst_type FLOAT32, limvals_min: -25.6857, limvals_max: 0)
[2026-04-28 17:14:11.898] [3710] [HailoRT] [info] [queue_elements.cpp:800] [create] Created (UserBuffQEl7beach_robot/conv42 | timeout: 10s)
[2026-04-28 17:14:11.898] [3710] [HailoRT] [info] [vstream.cpp:1114] [OutputVStreamImpl] Creating beach_robot/conv42...
[2026-04-28 17:14:11.898] [3710] [HailoRT] [info] [vstream_builder.cpp:220] [create_outputs] Output pipeline 'beach_robot/conv42': HW >> (HwReadEl7beach_robot/conv42 | hw_frame_size: 12800) >> (PullQEl_hw_read7beach_robot/conv42) >> (PostInferEl7beach_robot/conv42 | Quantization - src_type: UINT8, dst_type FLOAT32, limvals_min: -25.6857, limvals_max: 0) >> (UserBuffQEl7beach_robot/conv42 | timeout: 10s)
[2026-04-28 17:14:11.898] [3710] [HailoRT] [info] [edge_elements.cpp:287] [create] Created (HwReadEl3beach_robot/conv52 | hw_frame_size: 102400)
[2026-04-28 17:14:11.898] [3710] [HailoRT] [info] [queue_elements.cpp:657] [create] Created (PullQEl_hw_read3beach_robot/conv52)
[2026-04-28 17:14:11.898] [3710] [HailoRT] [info] [filter_elements.cpp:372] [create] Created (PostInferEl3beach_robot/conv52 | Quantization - src_type: UINT8, dst_type FLOAT32, limvals_min: -6.53754, limvals_max: 19.9239)
[2026-04-28 17:14:11.898] [3710] [HailoRT] [info] [queue_elements.cpp:800] [create] Created (UserBuffQEl3beach_robot/conv52 | timeout: 10s)
[2026-04-28 17:14:11.898] [3710] [HailoRT] [info] [vstream.cpp:1114] [OutputVStreamImpl] Creating beach_robot/conv52...
[2026-04-28 17:14:11.898] [3710] [HailoRT] [info] [vstream_builder.cpp:220] [create_outputs] Output pipeline 'beach_robot/conv52': HW >> (HwReadEl3beach_robot/conv52 | hw_frame_size: 102400) >> (PullQEl_hw_read3beach_robot/conv52) >> (PostInferEl3beach_robot/conv52 | Quantization - src_type: UINT8, dst_type FLOAT32, limvals_min: -6.53754, limvals_max: 19.9239) >> (UserBuffQEl3beach_robot/conv52 | timeout: 10s)
[2026-04-28 17:14:11.898] [3710] [HailoRT] [info] [edge_elements.cpp:287] [create] Created (HwReadEl1beach_robot/conv53 | hw_frame_size: 3200)
[2026-04-28 17:14:11.898] [3710] [HailoRT] [info] [queue_elements.cpp:657] [create] Created (PullQEl_hw_read1beach_robot/conv53)
[2026-04-28 17:14:11.898] [3710] [HailoRT] [info] [filter_elements.cpp:372] [create] Created (PostInferEl1beach_robot/conv53 | Quantization - src_type: UINT8, dst_type FLOAT32, limvals_min: -15.7441, limvals_max: 0)
[2026-04-28 17:14:11.898] [3710] [HailoRT] [info] [queue_elements.cpp:800] [create] Created (UserBuffQEl1beach_robot/conv53 | timeout: 10s)
[2026-04-28 17:14:11.898] [3710] [HailoRT] [info] [vstream.cpp:1114] [OutputVStreamImpl] Creating beach_robot/conv53...
[2026-04-28 17:14:11.898] [3710] [HailoRT] [info] [vstream_builder.cpp:220] [create_outputs] Output pipeline 'beach_robot/conv53': HW >> (HwReadEl1beach_robot/conv53 | hw_frame_size: 3200) >> (PullQEl_hw_read1beach_robot/conv53) >> (PostInferEl1beach_robot/conv53 | Quantization - src_type: UINT8, dst_type FLOAT32, limvals_min: -15.7441, limvals_max: 0) >> (UserBuffQEl1beach_robot/conv53 | timeout: 10s)
[2026-04-28 17:14:11.898] [3710] [HailoRT] [info] [edge_elements.cpp:287] [create] Created (HwReadEl2beach_robot/conv62 | hw_frame_size: 25600)
[2026-04-28 17:14:11.898] [3710] [HailoRT] [info] [queue_elements.cpp:657] [create] Created (PullQEl_hw_read2beach_robot/conv62)
[2026-04-28 17:14:11.898] [3710] [HailoRT] [info] [filter_elements.cpp:372] [create] Created (PostInferEl2beach_robot/conv62 | Quantization - src_type: UINT8, dst_type FLOAT32, limvals_min: -8.27399, limvals_max: 14.6594)
[2026-04-28 17:14:11.898] [3710] [HailoRT] [info] [queue_elements.cpp:800] [create] Created (UserBuffQEl2beach_robot/conv62 | timeout: 10s)
[2026-04-28 17:14:11.898] [3710] [HailoRT] [info] [vstream.cpp:1114] [OutputVStreamImpl] Creating beach_robot/conv62...
[2026-04-28 17:14:11.898] [3710] [HailoRT] [info] [vstream_builder.cpp:220] [create_outputs] Output pipeline 'beach_robot/conv62': HW >> (HwReadEl2beach_robot/conv62 | hw_frame_size: 25600) >> (PullQEl_hw_read2beach_robot/conv62) >> (PostInferEl2beach_robot/conv62 | Quantization - src_type: UINT8, dst_type FLOAT32, limvals_min: -8.27399, limvals_max: 14.6594) >> (UserBuffQEl2beach_robot/conv62 | timeout: 10s)
[2026-04-28 17:14:11.898] [3710] [HailoRT] [info] [edge_elements.cpp:287] [create] Created (HwReadEl0beach_robot/conv63 | hw_frame_size: 3200)
[2026-04-28 17:14:11.898] [3710] [HailoRT] [info] [queue_elements.cpp:657] [create] Created (PullQEl_hw_read0beach_robot/conv63)
[2026-04-28 17:14:11.898] [3710] [HailoRT] [info] [filter_elements.cpp:372] [create] Created (PostInferEl0beach_robot/conv63 | Quantization - src_type: UINT8, dst_type FLOAT32, limvals_min: -15.2921, limvals_max: 1.44388 | Reorder - src_order: FCR, src_shape: (20, 20, 8), dst_order: FCR, dst_shape: (20, 20, 2))
[2026-04-28 17:14:11.898] [3710] [HailoRT] [info] [queue_elements.cpp:800] [create] Created (UserBuffQEl0beach_robot/conv63 | timeout: 10s)
[2026-04-28 17:14:11.898] [3710] [HailoRT] [info] [vstream.cpp:1114] [OutputVStreamImpl] Creating beach_robot/conv63...
[2026-04-28 17:14:11.898] [3710] [HailoRT] [info] [vstream_builder.cpp:220] [create_outputs] Output pipeline 'beach_robot/conv63': HW >> (HwReadEl0beach_robot/conv63 | hw_frame_size: 3200) >> (PullQEl_hw_read0beach_robot/conv63) >> (PostInferEl0beach_robot/conv63 | Quantization - src_type: UINT8, dst_type FLOAT32, limvals_min: -15.2921, limvals_max: 1.44388 | Reorder - src_order: FCR, src_shape: (20, 20, 8), dst_order: FCR, dst_shape: (20, 20, 2)) >> (UserBuffQEl0beach_robot/conv63 | timeout: 10s)
[2026-04-28 17:14:11.899] [3710] [HailoRT] [info] [core_op.cpp:156] [activate] Activating beach_robot took 0.525972 milliseconds. Note that the function is asynchronous and thus the network is not fully activated yet.
[2026-04-28 17:14:11.899] [3710] [HailoRT] [info] [core_op.cpp:156] [activate] Activating beach_robot took 0.534471 milliseconds. Note that the function is asynchronous and thus the network is not fully activated yet.
[2026-04-28 17:14:11.918] [6392] [HailoRT] [info] [vdevice_native_stream.cpp:331] [read_impl] Failed read from stream HAILO_STREAM_NOT_ACTIVATED(72) (device: 0001:01:00.0)
[2026-04-28 17:14:11.918] [6394] [HailoRT] [info] [vdevice_native_stream.cpp:331] [read_impl] Failed read from stream HAILO_STREAM_NOT_ACTIVATED(72) (device: 0001:01:00.0)
[2026-04-28 17:14:11.918] [6396] [HailoRT] [info] [vdevice_native_stream.cpp:331] [read_impl] Failed read from stream HAILO_STREAM_NOT_ACTIVATED(72) (device: 0001:01:00.0)
[2026-04-28 17:14:11.918] [6400] [HailoRT] [info] [vdevice_native_stream.cpp:331] [read_impl] Failed read from stream HAILO_STREAM_NOT_ACTIVATED(72) (device: 0001:01:00.0)
[2026-04-28 17:14:11.918] [6402] [HailoRT] [info] [vdevice_native_stream.cpp:331] [read_impl] Failed read from stream HAILO_STREAM_NOT_ACTIVATED(72) (device: 0001:01:00.0)
[2026-04-28 17:14:11.918] [6398] [HailoRT] [info] [vdevice_native_stream.cpp:331] [read_impl] Failed read from stream HAILO_STREAM_NOT_ACTIVATED(72) (device: 0001:01:00.0)
[2026-04-28 17:14:11.919] [3710] [HailoRT] [info] [core_op.cpp:186] [deactivate] Deactivating took 0.512249 ms
[2026-04-28 17:14:11.919] [3710] [HailoRT] [info] [core_op.cpp:186] [deactivate] Deactivating took 0.541416 ms
[2026-04-28 17:14:11.919] [6392] [HailoRT] [info] [queue_elements.cpp:734] [run_in_thread] Shutdown event was signaled in run_pull of queue element PullQEl_hw_read0beach_robot/conv41!
[2026-04-28 17:14:11.919] [6393] [HailoRT] [info] [queue_elements.cpp:855] [run_in_thread] Shutdown event was signaled in dequeue of UserBuffQEl0beach_robot/conv41!
[2026-04-28 17:14:11.919] [6392] [HailoRT] [info] [queue_elements.cpp:68] [operator()] Thread in element PullQEl_hw_read0beach_robot/conv41 is not running anymore, exiting..
[2026-04-28 17:14:11.919] [3710] [HailoRT] [info] [queue_elements.cpp:46] [~BaseQueueElement] Queue element PullQEl_hw_read0beach_robot/conv41 has 0 frames in his Queue on destruction
[2026-04-28 17:14:11.919] [6393] [HailoRT] [info] [queue_elements.cpp:68] [operator()] Thread in element UserBuffQEl0beach_robot/conv41 is not running anymore, exiting..
[2026-04-28 17:14:11.919] [3710] [HailoRT] [info] [queue_elements.cpp:46] [~BaseQueueElement] Queue element UserBuffQEl0beach_robot/conv41 has 0 frames in his Queue on destruction
[2026-04-28 17:14:11.919] [6394] [HailoRT] [info] [queue_elements.cpp:734] [run_in_thread] Shutdown event was signaled in run_pull of queue element PullQEl_hw_read7beach_robot/conv42!
[2026-04-28 17:14:11.919] [6395] [HailoRT] [info] [queue_elements.cpp:855] [run_in_thread] Shutdown event was signaled in dequeue of UserBuffQEl7beach_robot/conv42!
[2026-04-28 17:14:11.919] [6394] [HailoRT] [info] [queue_elements.cpp:68] [operator()] Thread in element PullQEl_hw_read7beach_robot/conv42 is not running anymore, exiting..
[2026-04-28 17:14:11.919] [3710] [HailoRT] [info] [queue_elements.cpp:46] [~BaseQueueElement] Queue element PullQEl_hw_read7beach_robot/conv42 has 0 frames in his Queue on destruction
[2026-04-28 17:14:11.919] [6395] [HailoRT] [info] [queue_elements.cpp:68] [operator()] Thread in element UserBuffQEl7beach_robot/conv42 is not running anymore, exiting..
[2026-04-28 17:14:11.919] [3710] [HailoRT] [info] [queue_elements.cpp:46] [~BaseQueueElement] Queue element UserBuffQEl7beach_robot/conv42 has 0 frames in his Queue on destruction
[2026-04-28 17:14:11.919] [6397] [HailoRT] [info] [queue_elements.cpp:855] [run_in_thread] Shutdown event was signaled in dequeue of UserBuffQEl3beach_robot/conv52!
[2026-04-28 17:14:11.919] [6396] [HailoRT] [info] [queue_elements.cpp:734] [run_in_thread] Shutdown event was signaled in run_pull of queue element PullQEl_hw_read3beach_robot/conv52!
[2026-04-28 17:14:11.919] [6396] [HailoRT] [info] [queue_elements.cpp:68] [operator()] Thread in element PullQEl_hw_read3beach_robot/conv52 is not running anymore, exiting..
[2026-04-28 17:14:11.919] [3710] [HailoRT] [info] [queue_elements.cpp:46] [~BaseQueueElement] Queue element PullQEl_hw_read3beach_robot/conv52 has 0 frames in his Queue on destruction
[2026-04-28 17:14:11.919] [6397] [HailoRT] [info] [queue_elements.cpp:68] [operator()] Thread in element UserBuffQEl3beach_robot/conv52 is not running anymore, exiting..
[2026-04-28 17:14:11.919] [3710] [HailoRT] [info] [queue_elements.cpp:46] [~BaseQueueElement] Queue element UserBuffQEl3beach_robot/conv52 has 0 frames in his Queue on destruction
[2026-04-28 17:14:11.919] [6398] [HailoRT] [info] [queue_elements.cpp:734] [run_in_thread] Shutdown event was signaled in run_pull of queue element PullQEl_hw_read1beach_robot/conv53!
[2026-04-28 17:14:11.919] [6399] [HailoRT] [info] [queue_elements.cpp:855] [run_in_thread] Shutdown event was signaled in dequeue of UserBuffQEl1beach_robot/conv53!
[2026-04-28 17:14:11.919] [6398] [HailoRT] [info] [queue_elements.cpp:68] [operator()] Thread in element PullQEl_hw_read1beach_robot/conv53 is not running anymore, exiting..
[2026-04-28 17:14:11.919] [3710] [HailoRT] [info] [queue_elements.cpp:46] [~BaseQueueElement] Queue element PullQEl_hw_read1beach_robot/conv53 has 0 frames in his Queue on destruction
[2026-04-28 17:14:11.919] [6399] [HailoRT] [info] [queue_elements.cpp:68] [operator()] Thread in element UserBuffQEl1beach_robot/conv53 is not running anymore, exiting..
[2026-04-28 17:14:11.919] [3710] [HailoRT] [info] [queue_elements.cpp:46] [~BaseQueueElement] Queue element UserBuffQEl1beach_robot/conv53 has 0 frames in his Queue on destruction
[2026-04-28 17:14:11.919] [6401] [HailoRT] [info] [queue_elements.cpp:855] [run_in_thread] Shutdown event was signaled in dequeue of UserBuffQEl2beach_robot/conv62!
[2026-04-28 17:14:11.919] [6400] [HailoRT] [info] [queue_elements.cpp:734] [run_in_thread] Shutdown event was signaled in run_pull of queue element PullQEl_hw_read2beach_robot/conv62!
[2026-04-28 17:14:11.919] [6400] [HailoRT] [info] [queue_elements.cpp:68] [operator()] Thread in element PullQEl_hw_read2beach_robot/conv62 is not running anymore, exiting..
[2026-04-28 17:14:11.919] [3710] [HailoRT] [info] [queue_elements.cpp:46] [~BaseQueueElement] Queue element PullQEl_hw_read2beach_robot/conv62 has 0 frames in his Queue on destruction
[2026-04-28 17:14:11.919] [6401] [HailoRT] [info] [queue_elements.cpp:68] [operator()] Thread in element UserBuffQEl2beach_robot/conv62 is not running anymore, exiting..
[2026-04-28 17:14:11.919] [3710] [HailoRT] [info] [queue_elements.cpp:46] [~BaseQueueElement] Queue element UserBuffQEl2beach_robot/conv62 has 0 frames in his Queue on destruction
[2026-04-28 17:14:11.919] [6402] [HailoRT] [info] [queue_elements.cpp:734] [run_in_thread] Shutdown event was signaled in run_pull of queue element PullQEl_hw_read0beach_robot/conv63!
[2026-04-28 17:14:11.919] [6403] [HailoRT] [info] [queue_elements.cpp:855] [run_in_thread] Shutdown event was signaled in dequeue of UserBuffQEl0beach_robot/conv63!
[2026-04-28 17:14:11.919] [6402] [HailoRT] [info] [queue_elements.cpp:68] [operator()] Thread in element PullQEl_hw_read0beach_robot/conv63 is not running anymore, exiting..
[2026-04-28 17:14:11.919] [3710] [HailoRT] [info] [queue_elements.cpp:46] [~BaseQueueElement] Queue element PullQEl_hw_read0beach_robot/conv63 has 0 frames in his Queue on destruction
[2026-04-28 17:14:11.919] [6403] [HailoRT] [info] [queue_elements.cpp:68] [operator()] Thread in element UserBuffQEl0beach_robot/conv63 is not running anymore, exiting..
[2026-04-28 17:14:11.919] [3710] [HailoRT] [info] [queue_elements.cpp:46] [~BaseQueueElement] Queue element UserBuffQEl0beach_robot/conv63 has 0 frames in his Queue on destruction
[2026-04-28 17:14:12.219] [3710] [HailoRT] [info] [edge_elements.cpp:52] [create] Created (HwWriteEl2beach_robot/input_layer1 | hw_frame_size: 1228800)
[2026-04-28 17:14:12.219] [3710] [HailoRT] [info] [vstream.cpp:754] [InputVStreamImpl] Creating beach_robot/input_layer1...
[2026-04-28 17:14:12.219] [3710] [HailoRT] [info] [vstream_builder.cpp:102] [create_inputs] Input pipeline 'beach_robot/input_layer1': (HwWriteEl2beach_robot/input_layer1 | hw_frame_size: 1228800) >> HW
[2026-04-28 17:14:12.219] [3710] [HailoRT] [info] [edge_elements.cpp:287] [create] Created (HwReadEl0beach_robot/conv41 | hw_frame_size: 409600)
[2026-04-28 17:14:12.219] [3710] [HailoRT] [info] [queue_elements.cpp:657] [create] Created (PullQEl_hw_read0beach_robot/conv41)
[2026-04-28 17:14:12.220] [3710] [HailoRT] [info] [filter_elements.cpp:372] [create] Created (PostInferEl0beach_robot/conv41 | Quantization - src_type: UINT8, dst_type FLOAT32, limvals_min: -10.8307, limvals_max: 18.5504)
[2026-04-28 17:14:12.220] [3710] [HailoRT] [info] [queue_elements.cpp:800] [create] Created (UserBuffQEl0beach_robot/conv41 | timeout: 10s)
[2026-04-28 17:14:12.220] [3710] [HailoRT] [info] [vstream.cpp:1114] [OutputVStreamImpl] Creating beach_robot/conv41...
[2026-04-28 17:14:12.220] [3710] [HailoRT] [info] [vstream_builder.cpp:220] [create_outputs] Output pipeline 'beach_robot/conv41': HW >> (HwReadEl0beach_robot/conv41 | hw_frame_size: 409600) >> (PullQEl_hw_read0beach_robot/conv41) >> (PostInferEl0beach_robot/conv41 | Quantization - src_type: UINT8, dst_type FLOAT32, limvals_min: -10.8307, limvals_max: 18.5504) >> (UserBuffQEl0beach_robot/conv41 | timeout: 10s)
[2026-04-28 17:14:12.220] [3710] [HailoRT] [info] [edge_elements.cpp:287] [create] Created (HwReadEl7beach_robot/conv42 | hw_frame_size: 12800)
[2026-04-28 17:14:12.220] [3710] [HailoRT] [info] [queue_elements.cpp:657] [create] Created (PullQEl_hw_read7beach_robot/conv42)
[2026-04-28 17:14:12.220] [3710] [HailoRT] [info] [filter_elements.cpp:372] [create] Created (PostInferEl7beach_robot/conv42 | Quantization - src_type: UINT8, dst_type FLOAT32, limvals_min: -25.6857, limvals_max: 0)
[2026-04-28 17:14:12.220] [3710] [HailoRT] [info] [queue_elements.cpp:800] [create] Created (UserBuffQEl7beach_robot/conv42 | timeout: 10s)
[2026-04-28 17:14:12.220] [3710] [HailoRT] [info] [vstream.cpp:1114] [OutputVStreamImpl] Creating beach_robot/conv42...
[2026-04-28 17:14:12.220] [3710] [HailoRT] [info] [vstream_builder.cpp:220] [create_outputs] Output pipeline 'beach_robot/conv42': HW >> (HwReadEl7beach_robot/conv42 | hw_frame_size: 12800) >> (PullQEl_hw_read7beach_robot/conv42) >> (PostInferEl7beach_robot/conv42 | Quantization - src_type: UINT8, dst_type FLOAT32, limvals_min: -25.6857, limvals_max: 0) >> (UserBuffQEl7beach_robot/conv42 | timeout: 10s)
[2026-04-28 17:14:12.220] [3710] [HailoRT] [info] [edge_elements.cpp:287] [create] Created (HwReadEl3beach_robot/conv52 | hw_frame_size: 102400)
[2026-04-28 17:14:12.220] [3710] [HailoRT] [info] [queue_elements.cpp:657] [create] Created (PullQEl_hw_read3beach_robot/conv52)
[2026-04-28 17:14:12.220] [3710] [HailoRT] [info] [filter_elements.cpp:372] [create] Created (PostInferEl3beach_robot/conv52 | Quantization - src_type: UINT8, dst_type FLOAT32, limvals_min: -6.53754, limvals_max: 19.9239)
[2026-04-28 17:14:12.220] [3710] [HailoRT] [info] [queue_elements.cpp:800] [create] Created (UserBuffQEl3beach_robot/conv52 | timeout: 10s)
[2026-04-28 17:14:12.220] [3710] [HailoRT] [info] [vstream.cpp:1114] [OutputVStreamImpl] Creating beach_robot/conv52...
[2026-04-28 17:14:12.220] [3710] [HailoRT] [info] [vstream_builder.cpp:220] [create_outputs] Output pipeline 'beach_robot/conv52': HW >> (HwReadEl3beach_robot/conv52 | hw_frame_size: 102400) >> (PullQEl_hw_read3beach_robot/conv52) >> (PostInferEl3beach_robot/conv52 | Quantization - src_type: UINT8, dst_type FLOAT32, limvals_min: -6.53754, limvals_max: 19.9239) >> (UserBuffQEl3beach_robot/conv52 | timeout: 10s)
[2026-04-28 17:14:12.220] [3710] [HailoRT] [info] [edge_elements.cpp:287] [create] Created (HwReadEl1beach_robot/conv53 | hw_frame_size: 3200)
[2026-04-28 17:14:12.220] [3710] [HailoRT] [info] [queue_elements.cpp:657] [create] Created (PullQEl_hw_read1beach_robot/conv53)
[2026-04-28 17:14:12.220] [3710] [HailoRT] [info] [filter_elements.cpp:372] [create] Created (PostInferEl1beach_robot/conv53 | Quantization - src_type: UINT8, dst_type FLOAT32, limvals_min: -15.7441, limvals_max: 0)
[2026-04-28 17:14:12.220] [3710] [HailoRT] [info] [queue_elements.cpp:800] [create] Created (UserBuffQEl1beach_robot/conv53 | timeout: 10s)
[2026-04-28 17:14:12.220] [3710] [HailoRT] [info] [vstream.cpp:1114] [OutputVStreamImpl] Creating beach_robot/conv53...
[2026-04-28 17:14:12.220] [3710] [HailoRT] [info] [vstream_builder.cpp:220] [create_outputs] Output pipeline 'beach_robot/conv53': HW >> (HwReadEl1beach_robot/conv53 | hw_frame_size: 3200) >> (PullQEl_hw_read1beach_robot/conv53) >> (PostInferEl1beach_robot/conv53 | Quantization - src_type: UINT8, dst_type FLOAT32, limvals_min: -15.7441, limvals_max: 0) >> (UserBuffQEl1beach_robot/conv53 | timeout: 10s)
[2026-04-28 17:14:12.220] [3710] [HailoRT] [info] [edge_elements.cpp:287] [create] Created (HwReadEl2beach_robot/conv62 | hw_frame_size: 25600)
[2026-04-28 17:14:12.220] [3710] [HailoRT] [info] [queue_elements.cpp:657] [create] Created (PullQEl_hw_read2beach_robot/conv62)
[2026-04-28 17:14:12.220] [3710] [HailoRT] [info] [filter_elements.cpp:372] [create] Created (PostInferEl2beach_robot/conv62 | Quantization - src_type: UINT8, dst_type FLOAT32, limvals_min: -8.27399, limvals_max: 14.6594)
[2026-04-28 17:14:12.220] [3710] [HailoRT] [info] [queue_elements.cpp:800] [create] Created (UserBuffQEl2beach_robot/conv62 | timeout: 10s)
[2026-04-28 17:14:12.220] [3710] [HailoRT] [info] [vstream.cpp:1114] [OutputVStreamImpl] Creating beach_robot/conv62...
[2026-04-28 17:14:12.220] [3710] [HailoRT] [info] [vstream_builder.cpp:220] [create_outputs] Output pipeline 'beach_robot/conv62': HW >> (HwReadEl2beach_robot/conv62 | hw_frame_size: 25600) >> (PullQEl_hw_read2beach_robot/conv62) >> (PostInferEl2beach_robot/conv62 | Quantization - src_type: UINT8, dst_type FLOAT32, limvals_min: -8.27399, limvals_max: 14.6594) >> (UserBuffQEl2beach_robot/conv62 | timeout: 10s)
[2026-04-28 17:14:12.220] [3710] [HailoRT] [info] [edge_elements.cpp:287] [create] Created (HwReadEl0beach_robot/conv63 | hw_frame_size: 3200)
[2026-04-28 17:14:12.220] [3710] [HailoRT] [info] [queue_elements.cpp:657] [create] Created (PullQEl_hw_read0beach_robot/conv63)
[2026-04-28 17:14:12.220] [3710] [HailoRT] [info] [filter_elements.cpp:372] [create] Created (PostInferEl0beach_robot/conv63 | Quantization - src_type: UINT8, dst_type FLOAT32, limvals_min: -15.2921, limvals_max: 1.44388 | Reorder - src_order: FCR, src_shape: (20, 20, 8), dst_order: FCR, dst_shape: (20, 20, 2))
[2026-04-28 17:14:12.220] [3710] [HailoRT] [info] [queue_elements.cpp:800] [create] Created (UserBuffQEl0beach_robot/conv63 | timeout: 10s)
[2026-04-28 17:14:12.220] [3710] [HailoRT] [info] [vstream.cpp:1114] [OutputVStreamImpl] Creating beach_robot/conv63...
[2026-04-28 17:14:12.220] [3710] [HailoRT] [info] [vstream_builder.cpp:220] [create_outputs] Output pipeline 'beach_robot/conv63': HW >> (HwReadEl0beach_robot/conv63 | hw_frame_size: 3200) >> (PullQEl_hw_read0beach_robot/conv63) >> (PostInferEl0beach_robot/conv63 | Quantization - src_type: UINT8, dst_type FLOAT32, limvals_min: -15.2921, limvals_max: 1.44388 | Reorder - src_order: FCR, src_shape: (20, 20, 8), dst_order: FCR, dst_shape: (20, 20, 2)) >> (UserBuffQEl0beach_robot/conv63 | timeout: 10s)
[2026-04-28 17:14:12.221] [3710] [HailoRT] [info] [core_op.cpp:156] [activate] Activating beach_robot took 0.528231 milliseconds. Note that the function is asynchronous and thus the network is not fully activated yet.
[2026-04-28 17:14:12.221] [3710] [HailoRT] [info] [core_op.cpp:156] [activate] Activating beach_robot took 0.543934 milliseconds. Note that the function is asynchronous and thus the network is not fully activated yet.
[2026-04-28 17:14:12.240] [6419] [HailoRT] [info] [vdevice_native_stream.cpp:331] [read_impl] Failed read from stream HAILO_STREAM_NOT_ACTIVATED(72) (device: 0001:01:00.0)
[2026-04-28 17:14:12.240] [6417] [HailoRT] [info] [vdevice_native_stream.cpp:331] [read_impl] Failed read from stream HAILO_STREAM_NOT_ACTIVATED(72) (device: 0001:01:00.0)
[2026-04-28 17:14:12.240] [6421] [HailoRT] [info] [vdevice_native_stream.cpp:331] [read_impl] Failed read from stream HAILO_STREAM_NOT_ACTIVATED(72) (device: 0001:01:00.0)
[2026-04-28 17:14:12.240] [6415] [HailoRT] [info] [vdevice_native_stream.cpp:331] [read_impl] Failed read from stream HAILO_STREAM_NOT_ACTIVATED(72) (device: 0001:01:00.0)
[2026-04-28 17:14:12.240] [6411] [HailoRT] [info] [vdevice_native_stream.cpp:331] [read_impl] Failed read from stream HAILO_STREAM_NOT_ACTIVATED(72) (device: 0001:01:00.0)
[2026-04-28 17:14:12.240] [6413] [HailoRT] [info] [vdevice_native_stream.cpp:331] [read_impl] Failed read from stream HAILO_STREAM_NOT_ACTIVATED(72) (device: 0001:01:00.0)
[2026-04-28 17:14:12.241] [3710] [HailoRT] [info] [core_op.cpp:186] [deactivate] Deactivating took 0.518046 ms
[2026-04-28 17:14:12.241] [3710] [HailoRT] [info] [core_op.cpp:186] [deactivate] Deactivating took 0.530546 ms
[2026-04-28 17:14:12.241] [6412] [HailoRT] [info] [queue_elements.cpp:855] [run_in_thread] Shutdown event was signaled in dequeue of UserBuffQEl0beach_robot/conv41!
[2026-04-28 17:14:12.241] [6411] [HailoRT] [info] [queue_elements.cpp:734] [run_in_thread] Shutdown event was signaled in run_pull of queue element PullQEl_hw_read0beach_robot/conv41!
[2026-04-28 17:14:12.241] [6411] [HailoRT] [info] [queue_elements.cpp:68] [operator()] Thread in element PullQEl_hw_read0beach_robot/conv41 is not running anymore, exiting..
[2026-04-28 17:14:12.241] [3710] [HailoRT] [info] [queue_elements.cpp:46] [~BaseQueueElement] Queue element PullQEl_hw_read0beach_robot/conv41 has 0 frames in his Queue on destruction
[2026-04-28 17:14:12.241] [6412] [HailoRT] [info] [queue_elements.cpp:68] [operator()] Thread in element UserBuffQEl0beach_robot/conv41 is not running anymore, exiting..
[2026-04-28 17:14:12.241] [3710] [HailoRT] [info] [queue_elements.cpp:46] [~BaseQueueElement] Queue element UserBuffQEl0beach_robot/conv41 has 0 frames in his Queue on destruction
[2026-04-28 17:14:12.241] [6413] [HailoRT] [info] [queue_elements.cpp:734] [run_in_thread] Shutdown event was signaled in run_pull of queue element PullQEl_hw_read7beach_robot/conv42!
[2026-04-28 17:14:12.241] [6414] [HailoRT] [info] [queue_elements.cpp:855] [run_in_thread] Shutdown event was signaled in dequeue of UserBuffQEl7beach_robot/conv42!
[2026-04-28 17:14:12.241] [6413] [HailoRT] [info] [queue_elements.cpp:68] [operator()] Thread in element PullQEl_hw_read7beach_robot/conv42 is not running anymore, exiting..
[2026-04-28 17:14:12.241] [3710] [HailoRT] [info] [queue_elements.cpp:46] [~BaseQueueElement] Queue element PullQEl_hw_read7beach_robot/conv42 has 0 frames in his Queue on destruction
[2026-04-28 17:14:12.241] [6414] [HailoRT] [info] [queue_elements.cpp:68] [operator()] Thread in element UserBuffQEl7beach_robot/conv42 is not running anymore, exiting..
[2026-04-28 17:14:12.241] [3710] [HailoRT] [info] [queue_elements.cpp:46] [~BaseQueueElement] Queue element UserBuffQEl7beach_robot/conv42 has 0 frames in his Queue on destruction
[2026-04-28 17:14:12.241] [6415] [HailoRT] [info] [queue_elements.cpp:734] [run_in_thread] Shutdown event was signaled in run_pull of queue element PullQEl_hw_read3beach_robot/conv52!
[2026-04-28 17:14:12.241] [6416] [HailoRT] [info] [queue_elements.cpp:855] [run_in_thread] Shutdown event was signaled in dequeue of UserBuffQEl3beach_robot/conv52!
[2026-04-28 17:14:12.241] [6415] [HailoRT] [info] [queue_elements.cpp:68] [operator()] Thread in element PullQEl_hw_read3beach_robot/conv52 is not running anymore, exiting..
[2026-04-28 17:14:12.241] [3710] [HailoRT] [info] [queue_elements.cpp:46] [~BaseQueueElement] Queue element PullQEl_hw_read3beach_robot/conv52 has 0 frames in his Queue on destruction
[2026-04-28 17:14:12.241] [6416] [HailoRT] [info] [queue_elements.cpp:68] [operator()] Thread in element UserBuffQEl3beach_robot/conv52 is not running anymore, exiting..
[2026-04-28 17:14:12.241] [3710] [HailoRT] [info] [queue_elements.cpp:46] [~BaseQueueElement] Queue element UserBuffQEl3beach_robot/conv52 has 0 frames in his Queue on destruction
[2026-04-28 17:14:12.241] [6417] [HailoRT] [info] [queue_elements.cpp:734] [run_in_thread] Shutdown event was signaled in run_pull of queue element PullQEl_hw_read1beach_robot/conv53!
[2026-04-28 17:14:12.241] [6418] [HailoRT] [info] [queue_elements.cpp:855] [run_in_thread] Shutdown event was signaled in dequeue of UserBuffQEl1beach_robot/conv53!
[2026-04-28 17:14:12.241] [6417] [HailoRT] [info] [queue_elements.cpp:68] [operator()] Thread in element PullQEl_hw_read1beach_robot/conv53 is not running anymore, exiting..
[2026-04-28 17:14:12.241] [3710] [HailoRT] [info] [queue_elements.cpp:46] [~BaseQueueElement] Queue element PullQEl_hw_read1beach_robot/conv53 has 0 frames in his Queue on destruction
[2026-04-28 17:14:12.241] [6418] [HailoRT] [info] [queue_elements.cpp:68] [operator()] Thread in element UserBuffQEl1beach_robot/conv53 is not running anymore, exiting..
[2026-04-28 17:14:12.241] [3710] [HailoRT] [info] [queue_elements.cpp:46] [~BaseQueueElement] Queue element UserBuffQEl1beach_robot/conv53 has 0 frames in his Queue on destruction
[2026-04-28 17:14:12.241] [6419] [HailoRT] [info] [queue_elements.cpp:734] [run_in_thread] Shutdown event was signaled in run_pull of queue element PullQEl_hw_read2beach_robot/conv62!
[2026-04-28 17:14:12.241] [6420] [HailoRT] [info] [queue_elements.cpp:855] [run_in_thread] Shutdown event was signaled in dequeue of UserBuffQEl2beach_robot/conv62!
[2026-04-28 17:14:12.241] [6419] [HailoRT] [info] [queue_elements.cpp:68] [operator()] Thread in element PullQEl_hw_read2beach_robot/conv62 is not running anymore, exiting..
[2026-04-28 17:14:12.241] [3710] [HailoRT] [info] [queue_elements.cpp:46] [~BaseQueueElement] Queue element PullQEl_hw_read2beach_robot/conv62 has 0 frames in his Queue on destruction
[2026-04-28 17:14:12.241] [6420] [HailoRT] [info] [queue_elements.cpp:68] [operator()] Thread in element UserBuffQEl2beach_robot/conv62 is not running anymore, exiting..
[2026-04-28 17:14:12.241] [3710] [HailoRT] [info] [queue_elements.cpp:46] [~BaseQueueElement] Queue element UserBuffQEl2beach_robot/conv62 has 0 frames in his Queue on destruction
[2026-04-28 17:14:12.241] [6421] [HailoRT] [info] [queue_elements.cpp:734] [run_in_thread] Shutdown event was signaled in run_pull of queue element PullQEl_hw_read0beach_robot/conv63!
[2026-04-28 17:14:12.241] [6422] [HailoRT] [info] [queue_elements.cpp:855] [run_in_thread] Shutdown event was signaled in dequeue of UserBuffQEl0beach_robot/conv63!
[2026-04-28 17:14:12.241] [6421] [HailoRT] [info] [queue_elements.cpp:68] [operator()] Thread in element PullQEl_hw_read0beach_robot/conv63 is not running anymore, exiting..
[2026-04-28 17:14:12.241] [3710] [HailoRT] [info] [queue_elements.cpp:46] [~BaseQueueElement] Queue element PullQEl_hw_read0beach_robot/conv63 has 0 frames in his Queue on destruction
[2026-04-28 17:14:12.241] [6422] [HailoRT] [info] [queue_elements.cpp:68] [operator()] Thread in element UserBuffQEl0beach_robot/conv63 is not running anymore, exiting..
[2026-04-28 17:14:12.241] [3710] [HailoRT] [info] [queue_elements.cpp:46] [~BaseQueueElement] Queue element UserBuffQEl0beach_robot/conv63 has 0 frames in his Queue on destruction
[2026-04-28 17:14:12.542] [3710] [HailoRT] [info] [edge_elements.cpp:52] [create] Created (HwWriteEl2beach_robot/input_layer1 | hw_frame_size: 1228800)
[2026-04-28 17:14:12.542] [3710] [HailoRT] [info] [vstream.cpp:754] [InputVStreamImpl] Creating beach_robot/input_layer1...
[2026-04-28 17:14:12.542] [3710] [HailoRT] [info] [vstream_builder.cpp:102] [create_inputs] Input pipeline 'beach_robot/input_layer1': (HwWriteEl2beach_robot/input_layer1 | hw_frame_size: 1228800) >> HW
[2026-04-28 17:14:12.542] [3710] [HailoRT] [info] [edge_elements.cpp:287] [create] Created (HwReadEl0beach_robot/conv41 | hw_frame_size: 409600)
[2026-04-28 17:14:12.542] [3710] [HailoRT] [info] [queue_elements.cpp:657] [create] Created (PullQEl_hw_read0beach_robot/conv41)
[2026-04-28 17:14:12.542] [3710] [HailoRT] [info] [filter_elements.cpp:372] [create] Created (PostInferEl0beach_robot/conv41 | Quantization - src_type: UINT8, dst_type FLOAT32, limvals_min: -10.8307, limvals_max: 18.5504)
[2026-04-28 17:14:12.542] [3710] [HailoRT] [info] [queue_elements.cpp:800] [create] Created (UserBuffQEl0beach_robot/conv41 | timeout: 10s)
[2026-04-28 17:14:12.542] [3710] [HailoRT] [info] [vstream.cpp:1114] [OutputVStreamImpl] Creating beach_robot/conv41...
[2026-04-28 17:14:12.542] [3710] [HailoRT] [info] [vstream_builder.cpp:220] [create_outputs] Output pipeline 'beach_robot/conv41': HW >> (HwReadEl0beach_robot/conv41 | hw_frame_size: 409600) >> (PullQEl_hw_read0beach_robot/conv41) >> (PostInferEl0beach_robot/conv41 | Quantization - src_type: UINT8, dst_type FLOAT32, limvals_min: -10.8307, limvals_max: 18.5504) >> (UserBuffQEl0beach_robot/conv41 | timeout: 10s)
[2026-04-28 17:14:12.542] [3710] [HailoRT] [info] [edge_elements.cpp:287] [create] Created (HwReadEl7beach_robot/conv42 | hw_frame_size: 12800)
[2026-04-28 17:14:12.543] [3710] [HailoRT] [info] [queue_elements.cpp:657] [create] Created (PullQEl_hw_read7beach_robot/conv42)
[2026-04-28 17:14:12.543] [3710] [HailoRT] [info] [filter_elements.cpp:372] [create] Created (PostInferEl7beach_robot/conv42 | Quantization - src_type: UINT8, dst_type FLOAT32, limvals_min: -25.6857, limvals_max: 0)
[2026-04-28 17:14:12.543] [3710] [HailoRT] [info] [queue_elements.cpp:800] [create] Created (UserBuffQEl7beach_robot/conv42 | timeout: 10s)
[2026-04-28 17:14:12.543] [3710] [HailoRT] [info] [vstream.cpp:1114] [OutputVStreamImpl] Creating beach_robot/conv42...
[2026-04-28 17:14:12.543] [3710] [HailoRT] [info] [vstream_builder.cpp:220] [create_outputs] Output pipeline 'beach_robot/conv42': HW >> (HwReadEl7beach_robot/conv42 | hw_frame_size: 12800) >> (PullQEl_hw_read7beach_robot/conv42) >> (PostInferEl7beach_robot/conv42 | Quantization - src_type: UINT8, dst_type FLOAT32, limvals_min: -25.6857, limvals_max: 0) >> (UserBuffQEl7beach_robot/conv42 | timeout: 10s)
[2026-04-28 17:14:12.543] [3710] [HailoRT] [info] [edge_elements.cpp:287] [create] Created (HwReadEl3beach_robot/conv52 | hw_frame_size: 102400)
[2026-04-28 17:14:12.543] [3710] [HailoRT] [info] [queue_elements.cpp:657] [create] Created (PullQEl_hw_read3beach_robot/conv52)
[2026-04-28 17:14:12.543] [3710] [HailoRT] [info] [filter_elements.cpp:372] [create] Created (PostInferEl3beach_robot/conv52 | Quantization - src_type: UINT8, dst_type FLOAT32, limvals_min: -6.53754, limvals_max: 19.9239)
[2026-04-28 17:14:12.543] [3710] [HailoRT] [info] [queue_elements.cpp:800] [create] Created (UserBuffQEl3beach_robot/conv52 | timeout: 10s)
[2026-04-28 17:14:12.543] [3710] [HailoRT] [info] [vstream.cpp:1114] [OutputVStreamImpl] Creating beach_robot/conv52...
[2026-04-28 17:14:12.543] [3710] [HailoRT] [info] [vstream_builder.cpp:220] [create_outputs] Output pipeline 'beach_robot/conv52': HW >> (HwReadEl3beach_robot/conv52 | hw_frame_size: 102400) >> (PullQEl_hw_read3beach_robot/conv52) >> (PostInferEl3beach_robot/conv52 | Quantization - src_type: UINT8, dst_type FLOAT32, limvals_min: -6.53754, limvals_max: 19.9239) >> (UserBuffQEl3beach_robot/conv52 | timeout: 10s)
[2026-04-28 17:14:12.543] [3710] [HailoRT] [info] [edge_elements.cpp:287] [create] Created (HwReadEl1beach_robot/conv53 | hw_frame_size: 3200)
[2026-04-28 17:14:12.543] [3710] [HailoRT] [info] [queue_elements.cpp:657] [create] Created (PullQEl_hw_read1beach_robot/conv53)
[2026-04-28 17:14:12.543] [3710] [HailoRT] [info] [filter_elements.cpp:372] [create] Created (PostInferEl1beach_robot/conv53 | Quantization - src_type: UINT8, dst_type FLOAT32, limvals_min: -15.7441, limvals_max: 0)
[2026-04-28 17:14:12.543] [3710] [HailoRT] [info] [queue_elements.cpp:800] [create] Created (UserBuffQEl1beach_robot/conv53 | timeout: 10s)
[2026-04-28 17:14:12.543] [3710] [HailoRT] [info] [vstream.cpp:1114] [OutputVStreamImpl] Creating beach_robot/conv53...
[2026-04-28 17:14:12.543] [3710] [HailoRT] [info] [vstream_builder.cpp:220] [create_outputs] Output pipeline 'beach_robot/conv53': HW >> (HwReadEl1beach_robot/conv53 | hw_frame_size: 3200) >> (PullQEl_hw_read1beach_robot/conv53) >> (PostInferEl1beach_robot/conv53 | Quantization - src_type: UINT8, dst_type FLOAT32, limvals_min: -15.7441, limvals_max: 0) >> (UserBuffQEl1beach_robot/conv53 | timeout: 10s)
[2026-04-28 17:14:12.543] [3710] [HailoRT] [info] [edge_elements.cpp:287] [create] Created (HwReadEl2beach_robot/conv62 | hw_frame_size: 25600)
[2026-04-28 17:14:12.543] [3710] [HailoRT] [info] [queue_elements.cpp:657] [create] Created (PullQEl_hw_read2beach_robot/conv62)
[2026-04-28 17:14:12.543] [3710] [HailoRT] [info] [filter_elements.cpp:372] [create] Created (PostInferEl2beach_robot/conv62 | Quantization - src_type: UINT8, dst_type FLOAT32, limvals_min: -8.27399, limvals_max: 14.6594)
[2026-04-28 17:14:12.543] [3710] [HailoRT] [info] [queue_elements.cpp:800] [create] Created (UserBuffQEl2beach_robot/conv62 | timeout: 10s)
[2026-04-28 17:14:12.543] [3710] [HailoRT] [info] [vstream.cpp:1114] [OutputVStreamImpl] Creating beach_robot/conv62...
[2026-04-28 17:14:12.543] [3710] [HailoRT] [info] [vstream_builder.cpp:220] [create_outputs] Output pipeline 'beach_robot/conv62': HW >> (HwReadEl2beach_robot/conv62 | hw_frame_size: 25600) >> (PullQEl_hw_read2beach_robot/conv62) >> (PostInferEl2beach_robot/conv62 | Quantization - src_type: UINT8, dst_type FLOAT32, limvals_min: -8.27399, limvals_max: 14.6594) >> (UserBuffQEl2beach_robot/conv62 | timeout: 10s)
[2026-04-28 17:14:12.543] [3710] [HailoRT] [info] [edge_elements.cpp:287] [create] Created (HwReadEl0beach_robot/conv63 | hw_frame_size: 3200)
[2026-04-28 17:14:12.543] [3710] [HailoRT] [info] [queue_elements.cpp:657] [create] Created (PullQEl_hw_read0beach_robot/conv63)
[2026-04-28 17:14:12.543] [3710] [HailoRT] [info] [filter_elements.cpp:372] [create] Created (PostInferEl0beach_robot/conv63 | Quantization - src_type: UINT8, dst_type FLOAT32, limvals_min: -15.2921, limvals_max: 1.44388 | Reorder - src_order: FCR, src_shape: (20, 20, 8), dst_order: FCR, dst_shape: (20, 20, 2))
[2026-04-28 17:14:12.543] [3710] [HailoRT] [info] [queue_elements.cpp:800] [create] Created (UserBuffQEl0beach_robot/conv63 | timeout: 10s)
[2026-04-28 17:14:12.543] [3710] [HailoRT] [info] [vstream.cpp:1114] [OutputVStreamImpl] Creating beach_robot/conv63...
[2026-04-28 17:14:12.543] [3710] [HailoRT] [info] [vstream_builder.cpp:220] [create_outputs] Output pipeline 'beach_robot/conv63': HW >> (HwReadEl0beach_robot/conv63 | hw_frame_size: 3200) >> (PullQEl_hw_read0beach_robot/conv63) >> (PostInferEl0beach_robot/conv63 | Quantization - src_type: UINT8, dst_type FLOAT32, limvals_min: -15.2921, limvals_max: 1.44388 | Reorder - src_order: FCR, src_shape: (20, 20, 8), dst_order: FCR, dst_shape: (20, 20, 2)) >> (UserBuffQEl0beach_robot/conv63 | timeout: 10s)
[2026-04-28 17:14:12.544] [3710] [HailoRT] [info] [core_op.cpp:156] [activate] Activating beach_robot took 0.530453 milliseconds. Note that the function is asynchronous and thus the network is not fully activated yet.
[2026-04-28 17:14:12.544] [3710] [HailoRT] [info] [core_op.cpp:156] [activate] Activating beach_robot took 0.539582 milliseconds. Note that the function is asynchronous and thus the network is not fully activated yet.
[2026-04-28 17:14:12.563] [6438] [HailoRT] [info] [vdevice_native_stream.cpp:331] [read_impl] Failed read from stream HAILO_STREAM_NOT_ACTIVATED(72) (device: 0001:01:00.0)
[2026-04-28 17:14:12.563] [6436] [HailoRT] [info] [vdevice_native_stream.cpp:331] [read_impl] Failed read from stream HAILO_STREAM_NOT_ACTIVATED(72) (device: 0001:01:00.0)
[2026-04-28 17:14:12.563] [6440] [HailoRT] [info] [vdevice_native_stream.cpp:331] [read_impl] Failed read from stream HAILO_STREAM_NOT_ACTIVATED(72) (device: 0001:01:00.0)
[2026-04-28 17:14:12.563] [6430] [HailoRT] [info] [vdevice_native_stream.cpp:331] [read_impl] Failed read from stream HAILO_STREAM_NOT_ACTIVATED(72) (device: 0001:01:00.0)
[2026-04-28 17:14:12.563] [6434] [HailoRT] [info] [vdevice_native_stream.cpp:331] [read_impl] Failed read from stream HAILO_STREAM_NOT_ACTIVATED(72) (device: 0001:01:00.0)
[2026-04-28 17:14:12.563] [6432] [HailoRT] [info] [vdevice_native_stream.cpp:331] [read_impl] Failed read from stream HAILO_STREAM_NOT_ACTIVATED(72) (device: 0001:01:00.0)
[2026-04-28 17:14:12.563] [3710] [HailoRT] [info] [core_op.cpp:186] [deactivate] Deactivating took 0.526842 ms
[2026-04-28 17:14:12.563] [3710] [HailoRT] [info] [core_op.cpp:186] [deactivate] Deactivating took 0.538157 ms
[2026-04-28 17:14:12.563] [6430] [HailoRT] [info] [queue_elements.cpp:734] [run_in_thread] Shutdown event was signaled in run_pull of queue element PullQEl_hw_read0beach_robot/conv41!
[2026-04-28 17:14:12.563] [6431] [HailoRT] [info] [queue_elements.cpp:855] [run_in_thread] Shutdown event was signaled in dequeue of UserBuffQEl0beach_robot/conv41!
[2026-04-28 17:14:12.563] [6430] [HailoRT] [info] [queue_elements.cpp:68] [operator()] Thread in element PullQEl_hw_read0beach_robot/conv41 is not running anymore, exiting..
[2026-04-28 17:14:12.563] [3710] [HailoRT] [info] [queue_elements.cpp:46] [~BaseQueueElement] Queue element PullQEl_hw_read0beach_robot/conv41 has 0 frames in his Queue on destruction
[2026-04-28 17:14:12.563] [6431] [HailoRT] [info] [queue_elements.cpp:68] [operator()] Thread in element UserBuffQEl0beach_robot/conv41 is not running anymore, exiting..
[2026-04-28 17:14:12.563] [3710] [HailoRT] [info] [queue_elements.cpp:46] [~BaseQueueElement] Queue element UserBuffQEl0beach_robot/conv41 has 0 frames in his Queue on destruction
[2026-04-28 17:14:12.563] [6432] [HailoRT] [info] [queue_elements.cpp:734] [run_in_thread] Shutdown event was signaled in run_pull of queue element PullQEl_hw_read7beach_robot/conv42!
[2026-04-28 17:14:12.564] [6433] [HailoRT] [info] [queue_elements.cpp:855] [run_in_thread] Shutdown event was signaled in dequeue of UserBuffQEl7beach_robot/conv42!
[2026-04-28 17:14:12.564] [6432] [HailoRT] [info] [queue_elements.cpp:68] [operator()] Thread in element PullQEl_hw_read7beach_robot/conv42 is not running anymore, exiting..
[2026-04-28 17:14:12.564] [3710] [HailoRT] [info] [queue_elements.cpp:46] [~BaseQueueElement] Queue element PullQEl_hw_read7beach_robot/conv42 has 0 frames in his Queue on destruction
[2026-04-28 17:14:12.564] [6433] [HailoRT] [info] [queue_elements.cpp:68] [operator()] Thread in element UserBuffQEl7beach_robot/conv42 is not running anymore, exiting..
[2026-04-28 17:14:12.564] [3710] [HailoRT] [info] [queue_elements.cpp:46] [~BaseQueueElement] Queue element UserBuffQEl7beach_robot/conv42 has 0 frames in his Queue on destruction
[2026-04-28 17:14:12.564] [6434] [HailoRT] [info] [queue_elements.cpp:734] [run_in_thread] Shutdown event was signaled in run_pull of queue element PullQEl_hw_read3beach_robot/conv52!
[2026-04-28 17:14:12.564] [6435] [HailoRT] [info] [queue_elements.cpp:855] [run_in_thread] Shutdown event was signaled in dequeue of UserBuffQEl3beach_robot/conv52!
[2026-04-28 17:14:12.564] [6434] [HailoRT] [info] [queue_elements.cpp:68] [operator()] Thread in element PullQEl_hw_read3beach_robot/conv52 is not running anymore, exiting..
[2026-04-28 17:14:12.564] [3710] [HailoRT] [info] [queue_elements.cpp:46] [~BaseQueueElement] Queue element PullQEl_hw_read3beach_robot/conv52 has 0 frames in his Queue on destruction
[2026-04-28 17:14:12.564] [6435] [HailoRT] [info] [queue_elements.cpp:68] [operator()] Thread in element UserBuffQEl3beach_robot/conv52 is not running anymore, exiting..
[2026-04-28 17:14:12.564] [3710] [HailoRT] [info] [queue_elements.cpp:46] [~BaseQueueElement] Queue element UserBuffQEl3beach_robot/conv52 has 0 frames in his Queue on destruction
[2026-04-28 17:14:12.564] [6437] [HailoRT] [info] [queue_elements.cpp:855] [run_in_thread] Shutdown event was signaled in dequeue of UserBuffQEl1beach_robot/conv53!
[2026-04-28 17:14:12.564] [6436] [HailoRT] [info] [queue_elements.cpp:734] [run_in_thread] Shutdown event was signaled in run_pull of queue element PullQEl_hw_read1beach_robot/conv53!
[2026-04-28 17:14:12.564] [6436] [HailoRT] [info] [queue_elements.cpp:68] [operator()] Thread in element PullQEl_hw_read1beach_robot/conv53 is not running anymore, exiting..
[2026-04-28 17:14:12.564] [3710] [HailoRT] [info] [queue_elements.cpp:46] [~BaseQueueElement] Queue element PullQEl_hw_read1beach_robot/conv53 has 0 frames in his Queue on destruction
[2026-04-28 17:14:12.564] [6437] [HailoRT] [info] [queue_elements.cpp:68] [operator()] Thread in element UserBuffQEl1beach_robot/conv53 is not running anymore, exiting..
[2026-04-28 17:14:12.564] [3710] [HailoRT] [info] [queue_elements.cpp:46] [~BaseQueueElement] Queue element UserBuffQEl1beach_robot/conv53 has 0 frames in his Queue on destruction
[2026-04-28 17:14:12.564] [6438] [HailoRT] [info] [queue_elements.cpp:734] [run_in_thread] Shutdown event was signaled in run_pull of queue element PullQEl_hw_read2beach_robot/conv62!
[2026-04-28 17:14:12.564] [6439] [HailoRT] [info] [queue_elements.cpp:855] [run_in_thread] Shutdown event was signaled in dequeue of UserBuffQEl2beach_robot/conv62!
[2026-04-28 17:14:12.564] [6438] [HailoRT] [info] [queue_elements.cpp:68] [operator()] Thread in element PullQEl_hw_read2beach_robot/conv62 is not running anymore, exiting..
[2026-04-28 17:14:12.564] [3710] [HailoRT] [info] [queue_elements.cpp:46] [~BaseQueueElement] Queue element PullQEl_hw_read2beach_robot/conv62 has 0 frames in his Queue on destruction
[2026-04-28 17:14:12.564] [6439] [HailoRT] [info] [queue_elements.cpp:68] [operator()] Thread in element UserBuffQEl2beach_robot/conv62 is not running anymore, exiting..
[2026-04-28 17:14:12.564] [3710] [HailoRT] [info] [queue_elements.cpp:46] [~BaseQueueElement] Queue element UserBuffQEl2beach_robot/conv62 has 0 frames in his Queue on destruction
[2026-04-28 17:14:12.564] [6440] [HailoRT] [info] [queue_elements.cpp:734] [run_in_thread] Shutdown event was signaled in run_pull of queue element PullQEl_hw_read0beach_robot/conv63!
[2026-04-28 17:14:12.564] [6441] [HailoRT] [info] [queue_elements.cpp:855] [run_in_thread] Shutdown event was signaled in dequeue of UserBuffQEl0beach_robot/conv63!
[2026-04-28 17:14:12.564] [6440] [HailoRT] [info] [queue_elements.cpp:68] [operator()] Thread in element PullQEl_hw_read0beach_robot/conv63 is not running anymore, exiting..
[2026-04-28 17:14:12.564] [3710] [HailoRT] [info] [queue_elements.cpp:46] [~BaseQueueElement] Queue element PullQEl_hw_read0beach_robot/conv63 has 0 frames in his Queue on destruction
[2026-04-28 17:14:12.564] [6441] [HailoRT] [info] [queue_elements.cpp:68] [operator()] Thread in element UserBuffQEl0beach_robot/conv63 is not running anymore, exiting..
[2026-04-28 17:14:12.564] [3710] [HailoRT] [info] [queue_elements.cpp:46] [~BaseQueueElement] Queue element UserBuffQEl0beach_robot/conv63 has 0 frames in his Queue on destruction
[2026-04-28 17:14:12.860] [3710] [HailoRT] [info] [edge_elements.cpp:52] [create] Created (HwWriteEl2beach_robot/input_layer1 | hw_frame_size: 1228800)
[2026-04-28 17:14:12.860] [3710] [HailoRT] [info] [vstream.cpp:754] [InputVStreamImpl] Creating beach_robot/input_layer1...
[2026-04-28 17:14:12.860] [3710] [HailoRT] [info] [vstream_builder.cpp:102] [create_inputs] Input pipeline 'beach_robot/input_layer1': (HwWriteEl2beach_robot/input_layer1 | hw_frame_size: 1228800) >> HW
[2026-04-28 17:14:12.860] [3710] [HailoRT] [info] [edge_elements.cpp:287] [create] Created (HwReadEl0beach_robot/conv41 | hw_frame_size: 409600)
[2026-04-28 17:14:12.861] [3710] [HailoRT] [info] [queue_elements.cpp:657] [create] Created (PullQEl_hw_read0beach_robot/conv41)
[2026-04-28 17:14:12.861] [3710] [HailoRT] [info] [filter_elements.cpp:372] [create] Created (PostInferEl0beach_robot/conv41 | Quantization - src_type: UINT8, dst_type FLOAT32, limvals_min: -10.8307, limvals_max: 18.5504)
[2026-04-28 17:14:12.861] [3710] [HailoRT] [info] [queue_elements.cpp:800] [create] Created (UserBuffQEl0beach_robot/conv41 | timeout: 10s)
[2026-04-28 17:14:12.861] [3710] [HailoRT] [info] [vstream.cpp:1114] [OutputVStreamImpl] Creating beach_robot/conv41...
[2026-04-28 17:14:12.861] [3710] [HailoRT] [info] [vstream_builder.cpp:220] [create_outputs] Output pipeline 'beach_robot/conv41': HW >> (HwReadEl0beach_robot/conv41 | hw_frame_size: 409600) >> (PullQEl_hw_read0beach_robot/conv41) >> (PostInferEl0beach_robot/conv41 | Quantization - src_type: UINT8, dst_type FLOAT32, limvals_min: -10.8307, limvals_max: 18.5504) >> (UserBuffQEl0beach_robot/conv41 | timeout: 10s)
[2026-04-28 17:14:12.861] [3710] [HailoRT] [info] [edge_elements.cpp:287] [create] Created (HwReadEl7beach_robot/conv42 | hw_frame_size: 12800)
[2026-04-28 17:14:12.861] [3710] [HailoRT] [info] [queue_elements.cpp:657] [create] Created (PullQEl_hw_read7beach_robot/conv42)
[2026-04-28 17:14:12.861] [3710] [HailoRT] [info] [filter_elements.cpp:372] [create] Created (PostInferEl7beach_robot/conv42 | Quantization - src_type: UINT8, dst_type FLOAT32, limvals_min: -25.6857, limvals_max: 0)
[2026-04-28 17:14:12.861] [3710] [HailoRT] [info] [queue_elements.cpp:800] [create] Created (UserBuffQEl7beach_robot/conv42 | timeout: 10s)
[2026-04-28 17:14:12.861] [3710] [HailoRT] [info] [vstream.cpp:1114] [OutputVStreamImpl] Creating beach_robot/conv42...
[2026-04-28 17:14:12.861] [3710] [HailoRT] [info] [vstream_builder.cpp:220] [create_outputs] Output pipeline 'beach_robot/conv42': HW >> (HwReadEl7beach_robot/conv42 | hw_frame_size: 12800) >> (PullQEl_hw_read7beach_robot/conv42) >> (PostInferEl7beach_robot/conv42 | Quantization - src_type: UINT8, dst_type FLOAT32, limvals_min: -25.6857, limvals_max: 0) >> (UserBuffQEl7beach_robot/conv42 | timeout: 10s)
[2026-04-28 17:14:12.861] [3710] [HailoRT] [info] [edge_elements.cpp:287] [create] Created (HwReadEl3beach_robot/conv52 | hw_frame_size: 102400)
[2026-04-28 17:14:12.861] [3710] [HailoRT] [info] [queue_elements.cpp:657] [create] Created (PullQEl_hw_read3beach_robot/conv52)
[2026-04-28 17:14:12.861] [3710] [HailoRT] [info] [filter_elements.cpp:372] [create] Created (PostInferEl3beach_robot/conv52 | Quantization - src_type: UINT8, dst_type FLOAT32, limvals_min: -6.53754, limvals_max: 19.9239)
[2026-04-28 17:14:12.861] [3710] [HailoRT] [info] [queue_elements.cpp:800] [create] Created (UserBuffQEl3beach_robot/conv52 | timeout: 10s)
[2026-04-28 17:14:12.861] [3710] [HailoRT] [info] [vstream.cpp:1114] [OutputVStreamImpl] Creating beach_robot/conv52...
[2026-04-28 17:14:12.861] [3710] [HailoRT] [info] [vstream_builder.cpp:220] [create_outputs] Output pipeline 'beach_robot/conv52': HW >> (HwReadEl3beach_robot/conv52 | hw_frame_size: 102400) >> (PullQEl_hw_read3beach_robot/conv52) >> (PostInferEl3beach_robot/conv52 | Quantization - src_type: UINT8, dst_type FLOAT32, limvals_min: -6.53754, limvals_max: 19.9239) >> (UserBuffQEl3beach_robot/conv52 | timeout: 10s)
[2026-04-28 17:14:12.861] [3710] [HailoRT] [info] [edge_elements.cpp:287] [create] Created (HwReadEl1beach_robot/conv53 | hw_frame_size: 3200)
[2026-04-28 17:14:12.861] [3710] [HailoRT] [info] [queue_elements.cpp:657] [create] Created (PullQEl_hw_read1beach_robot/conv53)
[2026-04-28 17:14:12.861] [3710] [HailoRT] [info] [filter_elements.cpp:372] [create] Created (PostInferEl1beach_robot/conv53 | Quantization - src_type: UINT8, dst_type FLOAT32, limvals_min: -15.7441, limvals_max: 0)
[2026-04-28 17:14:12.861] [3710] [HailoRT] [info] [queue_elements.cpp:800] [create] Created (UserBuffQEl1beach_robot/conv53 | timeout: 10s)
[2026-04-28 17:14:12.861] [3710] [HailoRT] [info] [vstream.cpp:1114] [OutputVStreamImpl] Creating beach_robot/conv53...
[2026-04-28 17:14:12.861] [3710] [HailoRT] [info] [vstream_builder.cpp:220] [create_outputs] Output pipeline 'beach_robot/conv53': HW >> (HwReadEl1beach_robot/conv53 | hw_frame_size: 3200) >> (PullQEl_hw_read1beach_robot/conv53) >> (PostInferEl1beach_robot/conv53 | Quantization - src_type: UINT8, dst_type FLOAT32, limvals_min: -15.7441, limvals_max: 0) >> (UserBuffQEl1beach_robot/conv53 | timeout: 10s)
[2026-04-28 17:14:12.861] [3710] [HailoRT] [info] [edge_elements.cpp:287] [create] Created (HwReadEl2beach_robot/conv62 | hw_frame_size: 25600)
[2026-04-28 17:14:12.861] [3710] [HailoRT] [info] [queue_elements.cpp:657] [create] Created (PullQEl_hw_read2beach_robot/conv62)
[2026-04-28 17:14:12.861] [3710] [HailoRT] [info] [filter_elements.cpp:372] [create] Created (PostInferEl2beach_robot/conv62 | Quantization - src_type: UINT8, dst_type FLOAT32, limvals_min: -8.27399, limvals_max: 14.6594)
[2026-04-28 17:14:12.861] [3710] [HailoRT] [info] [queue_elements.cpp:800] [create] Created (UserBuffQEl2beach_robot/conv62 | timeout: 10s)
[2026-04-28 17:14:12.861] [3710] [HailoRT] [info] [vstream.cpp:1114] [OutputVStreamImpl] Creating beach_robot/conv62...
[2026-04-28 17:14:12.861] [3710] [HailoRT] [info] [vstream_builder.cpp:220] [create_outputs] Output pipeline 'beach_robot/conv62': HW >> (HwReadEl2beach_robot/conv62 | hw_frame_size: 25600) >> (PullQEl_hw_read2beach_robot/conv62) >> (PostInferEl2beach_robot/conv62 | Quantization - src_type: UINT8, dst_type FLOAT32, limvals_min: -8.27399, limvals_max: 14.6594) >> (UserBuffQEl2beach_robot/conv62 | timeout: 10s)
[2026-04-28 17:14:12.861] [3710] [HailoRT] [info] [edge_elements.cpp:287] [create] Created (HwReadEl0beach_robot/conv63 | hw_frame_size: 3200)
[2026-04-28 17:14:12.861] [3710] [HailoRT] [info] [queue_elements.cpp:657] [create] Created (PullQEl_hw_read0beach_robot/conv63)
[2026-04-28 17:14:12.861] [3710] [HailoRT] [info] [filter_elements.cpp:372] [create] Created (PostInferEl0beach_robot/conv63 | Quantization - src_type: UINT8, dst_type FLOAT32, limvals_min: -15.2921, limvals_max: 1.44388 | Reorder - src_order: FCR, src_shape: (20, 20, 8), dst_order: FCR, dst_shape: (20, 20, 2))
[2026-04-28 17:14:12.861] [3710] [HailoRT] [info] [queue_elements.cpp:800] [create] Created (UserBuffQEl0beach_robot/conv63 | timeout: 10s)
[2026-04-28 17:14:12.861] [3710] [HailoRT] [info] [vstream.cpp:1114] [OutputVStreamImpl] Creating beach_robot/conv63...
[2026-04-28 17:14:12.862] [3710] [HailoRT] [info] [vstream_builder.cpp:220] [create_outputs] Output pipeline 'beach_robot/conv63': HW >> (HwReadEl0beach_robot/conv63 | hw_frame_size: 3200) >> (PullQEl_hw_read0beach_robot/conv63) >> (PostInferEl0beach_robot/conv63 | Quantization - src_type: UINT8, dst_type FLOAT32, limvals_min: -15.2921, limvals_max: 1.44388 | Reorder - src_order: FCR, src_shape: (20, 20, 8), dst_order: FCR, dst_shape: (20, 20, 2)) >> (UserBuffQEl0beach_robot/conv63 | timeout: 10s)
[2026-04-28 17:14:12.862] [3710] [HailoRT] [info] [core_op.cpp:156] [activate] Activating beach_robot took 0.530213 milliseconds. Note that the function is asynchronous and thus the network is not fully activated yet.
[2026-04-28 17:14:12.862] [3710] [HailoRT] [info] [core_op.cpp:156] [activate] Activating beach_robot took 0.53912 milliseconds. Note that the function is asynchronous and thus the network is not fully activated yet.
[2026-04-28 17:14:12.881] [6451] [HailoRT] [info] [vdevice_native_stream.cpp:331] [read_impl] Failed read from stream HAILO_STREAM_NOT_ACTIVATED(72) (device: 0001:01:00.0)
[2026-04-28 17:14:12.881] [6449] [HailoRT] [info] [vdevice_native_stream.cpp:331] [read_impl] Failed read from stream HAILO_STREAM_NOT_ACTIVATED(72) (device: 0001:01:00.0)
[2026-04-28 17:14:12.881] [6459] [HailoRT] [info] [vdevice_native_stream.cpp:331] [read_impl] Failed read from stream HAILO_STREAM_NOT_ACTIVATED(72) (device: 0001:01:00.0)
[2026-04-28 17:14:12.881] [6453] [HailoRT] [info] [vdevice_native_stream.cpp:331] [read_impl] Failed read from stream HAILO_STREAM_NOT_ACTIVATED(72) (device: 0001:01:00.0)
[2026-04-28 17:14:12.881] [6455] [HailoRT] [info] [vdevice_native_stream.cpp:331] [read_impl] Failed read from stream HAILO_STREAM_NOT_ACTIVATED(72) (device: 0001:01:00.0)
[2026-04-28 17:14:12.881] [6457] [HailoRT] [info] [vdevice_native_stream.cpp:331] [read_impl] Failed read from stream HAILO_STREAM_NOT_ACTIVATED(72) (device: 0001:01:00.0)
[2026-04-28 17:14:12.882] [3710] [HailoRT] [info] [core_op.cpp:186] [deactivate] Deactivating took 0.505954 ms
[2026-04-28 17:14:12.882] [3710] [HailoRT] [info] [core_op.cpp:186] [deactivate] Deactivating took 0.517583 ms
[2026-04-28 17:14:12.882] [6449] [HailoRT] [info] [queue_elements.cpp:734] [run_in_thread] Shutdown event was signaled in run_pull of queue element PullQEl_hw_read0beach_robot/conv41!
[2026-04-28 17:14:12.882] [6450] [HailoRT] [info] [queue_elements.cpp:855] [run_in_thread] Shutdown event was signaled in dequeue of UserBuffQEl0beach_robot/conv41!
[2026-04-28 17:14:12.882] [6449] [HailoRT] [info] [queue_elements.cpp:68] [operator()] Thread in element PullQEl_hw_read0beach_robot/conv41 is not running anymore, exiting..
[2026-04-28 17:14:12.882] [3710] [HailoRT] [info] [queue_elements.cpp:46] [~BaseQueueElement] Queue element PullQEl_hw_read0beach_robot/conv41 has 0 frames in his Queue on destruction
[2026-04-28 17:14:12.882] [6450] [HailoRT] [info] [queue_elements.cpp:68] [operator()] Thread in element UserBuffQEl0beach_robot/conv41 is not running anymore, exiting..
[2026-04-28 17:14:12.882] [3710] [HailoRT] [info] [queue_elements.cpp:46] [~BaseQueueElement] Queue element UserBuffQEl0beach_robot/conv41 has 0 frames in his Queue on destruction
[2026-04-28 17:14:12.882] [6451] [HailoRT] [info] [queue_elements.cpp:734] [run_in_thread] Shutdown event was signaled in run_pull of queue element PullQEl_hw_read7beach_robot/conv42!
[2026-04-28 17:14:12.882] [6452] [HailoRT] [info] [queue_elements.cpp:855] [run_in_thread] Shutdown event was signaled in dequeue of UserBuffQEl7beach_robot/conv42!
[2026-04-28 17:14:12.882] [6451] [HailoRT] [info] [queue_elements.cpp:68] [operator()] Thread in element PullQEl_hw_read7beach_robot/conv42 is not running anymore, exiting..
[2026-04-28 17:14:12.882] [3710] [HailoRT] [info] [queue_elements.cpp:46] [~BaseQueueElement] Queue element PullQEl_hw_read7beach_robot/conv42 has 0 frames in his Queue on destruction
[2026-04-28 17:14:12.882] [6452] [HailoRT] [info] [queue_elements.cpp:68] [operator()] Thread in element UserBuffQEl7beach_robot/conv42 is not running anymore, exiting..
[2026-04-28 17:14:12.882] [3710] [HailoRT] [info] [queue_elements.cpp:46] [~BaseQueueElement] Queue element UserBuffQEl7beach_robot/conv42 has 0 frames in his Queue on destruction
[2026-04-28 17:14:12.882] [6453] [HailoRT] [info] [queue_elements.cpp:734] [run_in_thread] Shutdown event was signaled in run_pull of queue element PullQEl_hw_read3beach_robot/conv52!
[2026-04-28 17:14:12.882] [6454] [HailoRT] [info] [queue_elements.cpp:855] [run_in_thread] Shutdown event was signaled in dequeue of UserBuffQEl3beach_robot/conv52!
[2026-04-28 17:14:12.882] [6453] [HailoRT] [info] [queue_elements.cpp:68] [operator()] Thread in element PullQEl_hw_read3beach_robot/conv52 is not running anymore, exiting..
[2026-04-28 17:14:12.882] [3710] [HailoRT] [info] [queue_elements.cpp:46] [~BaseQueueElement] Queue element PullQEl_hw_read3beach_robot/conv52 has 0 frames in his Queue on destruction
[2026-04-28 17:14:12.882] [6454] [HailoRT] [info] [queue_elements.cpp:68] [operator()] Thread in element UserBuffQEl3beach_robot/conv52 is not running anymore, exiting..
[2026-04-28 17:14:12.882] [3710] [HailoRT] [info] [queue_elements.cpp:46] [~BaseQueueElement] Queue element UserBuffQEl3beach_robot/conv52 has 0 frames in his Queue on destruction
[2026-04-28 17:14:12.882] [6456] [HailoRT] [info] [queue_elements.cpp:855] [run_in_thread] Shutdown event was signaled in dequeue of UserBuffQEl1beach_robot/conv53!
[2026-04-28 17:14:12.882] [6455] [HailoRT] [info] [queue_elements.cpp:734] [run_in_thread] Shutdown event was signaled in run_pull of queue element PullQEl_hw_read1beach_robot/conv53!
[2026-04-28 17:14:12.882] [6455] [HailoRT] [info] [queue_elements.cpp:68] [operator()] Thread in element PullQEl_hw_read1beach_robot/conv53 is not running anymore, exiting..
[2026-04-28 17:14:12.882] [3710] [HailoRT] [info] [queue_elements.cpp:46] [~BaseQueueElement] Queue element PullQEl_hw_read1beach_robot/conv53 has 0 frames in his Queue on destruction
[2026-04-28 17:14:12.882] [6456] [HailoRT] [info] [queue_elements.cpp:68] [operator()] Thread in element UserBuffQEl1beach_robot/conv53 is not running anymore, exiting..
[2026-04-28 17:14:12.882] [3710] [HailoRT] [info] [queue_elements.cpp:46] [~BaseQueueElement] Queue element UserBuffQEl1beach_robot/conv53 has 0 frames in his Queue on destruction
[2026-04-28 17:14:12.882] [6457] [HailoRT] [info] [queue_elements.cpp:734] [run_in_thread] Shutdown event was signaled in run_pull of queue element PullQEl_hw_read2beach_robot/conv62!
[2026-04-28 17:14:12.882] [6458] [HailoRT] [info] [queue_elements.cpp:855] [run_in_thread] Shutdown event was signaled in dequeue of UserBuffQEl2beach_robot/conv62!
[2026-04-28 17:14:12.882] [6457] [HailoRT] [info] [queue_elements.cpp:68] [operator()] Thread in element PullQEl_hw_read2beach_robot/conv62 is not running anymore, exiting..
[2026-04-28 17:14:12.882] [3710] [HailoRT] [info] [queue_elements.cpp:46] [~BaseQueueElement] Queue element PullQEl_hw_read2beach_robot/conv62 has 0 frames in his Queue on destruction
[2026-04-28 17:14:12.882] [6458] [HailoRT] [info] [queue_elements.cpp:68] [operator()] Thread in element UserBuffQEl2beach_robot/conv62 is not running anymore, exiting..
[2026-04-28 17:14:12.882] [3710] [HailoRT] [info] [queue_elements.cpp:46] [~BaseQueueElement] Queue element UserBuffQEl2beach_robot/conv62 has 0 frames in his Queue on destruction
[2026-04-28 17:14:12.882] [6459] [HailoRT] [info] [queue_elements.cpp:734] [run_in_thread] Shutdown event was signaled in run_pull of queue element PullQEl_hw_read0beach_robot/conv63!
[2026-04-28 17:14:12.882] [6460] [HailoRT] [info] [queue_elements.cpp:855] [run_in_thread] Shutdown event was signaled in dequeue of UserBuffQEl0beach_robot/conv63!
[2026-04-28 17:14:12.882] [6459] [HailoRT] [info] [queue_elements.cpp:68] [operator()] Thread in element PullQEl_hw_read0beach_robot/conv63 is not running anymore, exiting..
[2026-04-28 17:14:12.882] [3710] [HailoRT] [info] [queue_elements.cpp:46] [~BaseQueueElement] Queue element PullQEl_hw_read0beach_robot/conv63 has 0 frames in his Queue on destruction
[2026-04-28 17:14:12.882] [6460] [HailoRT] [info] [queue_elements.cpp:68] [operator()] Thread in element UserBuffQEl0beach_robot/conv63 is not running anymore, exiting..
[2026-04-28 17:14:12.882] [3710] [HailoRT] [info] [queue_elements.cpp:46] [~BaseQueueElement] Queue element UserBuffQEl0beach_robot/conv63 has 0 frames in his Queue on destruction
[2026-04-28 17:14:13.179] [3710] [HailoRT] [info] [edge_elements.cpp:52] [create] Created (HwWriteEl2beach_robot/input_layer1 | hw_frame_size: 1228800)
[2026-04-28 17:14:13.179] [3710] [HailoRT] [info] [vstream.cpp:754] [InputVStreamImpl] Creating beach_robot/input_layer1...
[2026-04-28 17:14:13.179] [3710] [HailoRT] [info] [vstream_builder.cpp:102] [create_inputs] Input pipeline 'beach_robot/input_layer1': (HwWriteEl2beach_robot/input_layer1 | hw_frame_size: 1228800) >> HW
[2026-04-28 17:14:13.179] [3710] [HailoRT] [info] [edge_elements.cpp:287] [create] Created (HwReadEl0beach_robot/conv41 | hw_frame_size: 409600)
[2026-04-28 17:14:13.179] [3710] [HailoRT] [info] [queue_elements.cpp:657] [create] Created (PullQEl_hw_read0beach_robot/conv41)
[2026-04-28 17:14:13.179] [3710] [HailoRT] [info] [filter_elements.cpp:372] [create] Created (PostInferEl0beach_robot/conv41 | Quantization - src_type: UINT8, dst_type FLOAT32, limvals_min: -10.8307, limvals_max: 18.5504)
[2026-04-28 17:14:13.179] [3710] [HailoRT] [info] [queue_elements.cpp:800] [create] Created (UserBuffQEl0beach_robot/conv41 | timeout: 10s)
[2026-04-28 17:14:13.179] [3710] [HailoRT] [info] [vstream.cpp:1114] [OutputVStreamImpl] Creating beach_robot/conv41...
[2026-04-28 17:14:13.179] [3710] [HailoRT] [info] [vstream_builder.cpp:220] [create_outputs] Output pipeline 'beach_robot/conv41': HW >> (HwReadEl0beach_robot/conv41 | hw_frame_size: 409600) >> (PullQEl_hw_read0beach_robot/conv41) >> (PostInferEl0beach_robot/conv41 | Quantization - src_type: UINT8, dst_type FLOAT32, limvals_min: -10.8307, limvals_max: 18.5504) >> (UserBuffQEl0beach_robot/conv41 | timeout: 10s)
[2026-04-28 17:14:13.179] [3710] [HailoRT] [info] [edge_elements.cpp:287] [create] Created (HwReadEl7beach_robot/conv42 | hw_frame_size: 12800)
[2026-04-28 17:14:13.179] [3710] [HailoRT] [info] [queue_elements.cpp:657] [create] Created (PullQEl_hw_read7beach_robot/conv42)
[2026-04-28 17:14:13.179] [3710] [HailoRT] [info] [filter_elements.cpp:372] [create] Created (PostInferEl7beach_robot/conv42 | Quantization - src_type: UINT8, dst_type FLOAT32, limvals_min: -25.6857, limvals_max: 0)
[2026-04-28 17:14:13.179] [3710] [HailoRT] [info] [queue_elements.cpp:800] [create] Created (UserBuffQEl7beach_robot/conv42 | timeout: 10s)
[2026-04-28 17:14:13.179] [3710] [HailoRT] [info] [vstream.cpp:1114] [OutputVStreamImpl] Creating beach_robot/conv42...
[2026-04-28 17:14:13.179] [3710] [HailoRT] [info] [vstream_builder.cpp:220] [create_outputs] Output pipeline 'beach_robot/conv42': HW >> (HwReadEl7beach_robot/conv42 | hw_frame_size: 12800) >> (PullQEl_hw_read7beach_robot/conv42) >> (PostInferEl7beach_robot/conv42 | Quantization - src_type: UINT8, dst_type FLOAT32, limvals_min: -25.6857, limvals_max: 0) >> (UserBuffQEl7beach_robot/conv42 | timeout: 10s)
[2026-04-28 17:14:13.179] [3710] [HailoRT] [info] [edge_elements.cpp:287] [create] Created (HwReadEl3beach_robot/conv52 | hw_frame_size: 102400)
[2026-04-28 17:14:13.179] [3710] [HailoRT] [info] [queue_elements.cpp:657] [create] Created (PullQEl_hw_read3beach_robot/conv52)
[2026-04-28 17:14:13.179] [3710] [HailoRT] [info] [filter_elements.cpp:372] [create] Created (PostInferEl3beach_robot/conv52 | Quantization - src_type: UINT8, dst_type FLOAT32, limvals_min: -6.53754, limvals_max: 19.9239)
[2026-04-28 17:14:13.179] [3710] [HailoRT] [info] [queue_elements.cpp:800] [create] Created (UserBuffQEl3beach_robot/conv52 | timeout: 10s)
[2026-04-28 17:14:13.179] [3710] [HailoRT] [info] [vstream.cpp:1114] [OutputVStreamImpl] Creating beach_robot/conv52...
[2026-04-28 17:14:13.179] [3710] [HailoRT] [info] [vstream_builder.cpp:220] [create_outputs] Output pipeline 'beach_robot/conv52': HW >> (HwReadEl3beach_robot/conv52 | hw_frame_size: 102400) >> (PullQEl_hw_read3beach_robot/conv52) >> (PostInferEl3beach_robot/conv52 | Quantization - src_type: UINT8, dst_type FLOAT32, limvals_min: -6.53754, limvals_max: 19.9239) >> (UserBuffQEl3beach_robot/conv52 | timeout: 10s)
[2026-04-28 17:14:13.179] [3710] [HailoRT] [info] [edge_elements.cpp:287] [create] Created (HwReadEl1beach_robot/conv53 | hw_frame_size: 3200)
[2026-04-28 17:14:13.179] [3710] [HailoRT] [info] [queue_elements.cpp:657] [create] Created (PullQEl_hw_read1beach_robot/conv53)
[2026-04-28 17:14:13.179] [3710] [HailoRT] [info] [filter_elements.cpp:372] [create] Created (PostInferEl1beach_robot/conv53 | Quantization - src_type: UINT8, dst_type FLOAT32, limvals_min: -15.7441, limvals_max: 0)
[2026-04-28 17:14:13.179] [3710] [HailoRT] [info] [queue_elements.cpp:800] [create] Created (UserBuffQEl1beach_robot/conv53 | timeout: 10s)
[2026-04-28 17:14:13.179] [3710] [HailoRT] [info] [vstream.cpp:1114] [OutputVStreamImpl] Creating beach_robot/conv53...
[2026-04-28 17:14:13.179] [3710] [HailoRT] [info] [vstream_builder.cpp:220] [create_outputs] Output pipeline 'beach_robot/conv53': HW >> (HwReadEl1beach_robot/conv53 | hw_frame_size: 3200) >> (PullQEl_hw_read1beach_robot/conv53) >> (PostInferEl1beach_robot/conv53 | Quantization - src_type: UINT8, dst_type FLOAT32, limvals_min: -15.7441, limvals_max: 0) >> (UserBuffQEl1beach_robot/conv53 | timeout: 10s)
[2026-04-28 17:14:13.179] [3710] [HailoRT] [info] [edge_elements.cpp:287] [create] Created (HwReadEl2beach_robot/conv62 | hw_frame_size: 25600)
[2026-04-28 17:14:13.180] [3710] [HailoRT] [info] [queue_elements.cpp:657] [create] Created (PullQEl_hw_read2beach_robot/conv62)
[2026-04-28 17:14:13.180] [3710] [HailoRT] [info] [filter_elements.cpp:372] [create] Created (PostInferEl2beach_robot/conv62 | Quantization - src_type: UINT8, dst_type FLOAT32, limvals_min: -8.27399, limvals_max: 14.6594)
[2026-04-28 17:14:13.180] [3710] [HailoRT] [info] [queue_elements.cpp:800] [create] Created (UserBuffQEl2beach_robot/conv62 | timeout: 10s)
[2026-04-28 17:14:13.180] [3710] [HailoRT] [info] [vstream.cpp:1114] [OutputVStreamImpl] Creating beach_robot/conv62...
[2026-04-28 17:14:13.180] [3710] [HailoRT] [info] [vstream_builder.cpp:220] [create_outputs] Output pipeline 'beach_robot/conv62': HW >> (HwReadEl2beach_robot/conv62 | hw_frame_size: 25600) >> (PullQEl_hw_read2beach_robot/conv62) >> (PostInferEl2beach_robot/conv62 | Quantization - src_type: UINT8, dst_type FLOAT32, limvals_min: -8.27399, limvals_max: 14.6594) >> (UserBuffQEl2beach_robot/conv62 | timeout: 10s)
[2026-04-28 17:14:13.180] [3710] [HailoRT] [info] [edge_elements.cpp:287] [create] Created (HwReadEl0beach_robot/conv63 | hw_frame_size: 3200)
[2026-04-28 17:14:13.180] [3710] [HailoRT] [info] [queue_elements.cpp:657] [create] Created (PullQEl_hw_read0beach_robot/conv63)
[2026-04-28 17:14:13.180] [3710] [HailoRT] [info] [filter_elements.cpp:372] [create] Created (PostInferEl0beach_robot/conv63 | Quantization - src_type: UINT8, dst_type FLOAT32, limvals_min: -15.2921, limvals_max: 1.44388 | Reorder - src_order: FCR, src_shape: (20, 20, 8), dst_order: FCR, dst_shape: (20, 20, 2))
[2026-04-28 17:14:13.180] [3710] [HailoRT] [info] [queue_elements.cpp:800] [create] Created (UserBuffQEl0beach_robot/conv63 | timeout: 10s)
[2026-04-28 17:14:13.180] [3710] [HailoRT] [info] [vstream.cpp:1114] [OutputVStreamImpl] Creating beach_robot/conv63...
[2026-04-28 17:14:13.180] [3710] [HailoRT] [info] [vstream_builder.cpp:220] [create_outputs] Output pipeline 'beach_robot/conv63': HW >> (HwReadEl0beach_robot/conv63 | hw_frame_size: 3200) >> (PullQEl_hw_read0beach_robot/conv63) >> (PostInferEl0beach_robot/conv63 | Quantization - src_type: UINT8, dst_type FLOAT32, limvals_min: -15.2921, limvals_max: 1.44388 | Reorder - src_order: FCR, src_shape: (20, 20, 8), dst_order: FCR, dst_shape: (20, 20, 2)) >> (UserBuffQEl0beach_robot/conv63 | timeout: 10s)
[2026-04-28 17:14:13.180] [3710] [HailoRT] [info] [core_op.cpp:156] [activate] Activating beach_robot took 0.529083 milliseconds. Note that the function is asynchronous and thus the network is not fully activated yet.
[2026-04-28 17:14:13.180] [3710] [HailoRT] [info] [core_op.cpp:156] [activate] Activating beach_robot took 0.538601 milliseconds. Note that the function is asynchronous and thus the network is not fully activated yet.
[2026-04-28 17:14:13.199] [6474] [HailoRT] [info] [vdevice_native_stream.cpp:331] [read_impl] Failed read from stream HAILO_STREAM_NOT_ACTIVATED(72) (device: 0001:01:00.0)
[2026-04-28 17:14:13.199] [6470] [HailoRT] [info] [vdevice_native_stream.cpp:331] [read_impl] Failed read from stream HAILO_STREAM_NOT_ACTIVATED(72) (device: 0001:01:00.0)
[2026-04-28 17:14:13.199] [6472] [HailoRT] [info] [vdevice_native_stream.cpp:331] [read_impl] Failed read from stream HAILO_STREAM_NOT_ACTIVATED(72) (device: 0001:01:00.0)
[2026-04-28 17:14:13.199] [6478] [HailoRT] [info] [vdevice_native_stream.cpp:331] [read_impl] Failed read from stream HAILO_STREAM_NOT_ACTIVATED(72) (device: 0001:01:00.0)
[2026-04-28 17:14:13.199] [6468] [HailoRT] [info] [vdevice_native_stream.cpp:331] [read_impl] Failed read from stream HAILO_STREAM_NOT_ACTIVATED(72) (device: 0001:01:00.0)
[2026-04-28 17:14:13.199] [6476] [HailoRT] [info] [vdevice_native_stream.cpp:331] [read_impl] Failed read from stream HAILO_STREAM_NOT_ACTIVATED(72) (device: 0001:01:00.0)
[2026-04-28 17:14:13.200] [3710] [HailoRT] [info] [core_op.cpp:186] [deactivate] Deactivating took 0.482565 ms
[2026-04-28 17:14:13.200] [3710] [HailoRT] [info] [core_op.cpp:186] [deactivate] Deactivating took 0.492972 ms
[2026-04-28 17:14:13.200] [6468] [HailoRT] [info] [queue_elements.cpp:734] [run_in_thread] Shutdown event was signaled in run_pull of queue element PullQEl_hw_read0beach_robot/conv41!
[2026-04-28 17:14:13.200] [6469] [HailoRT] [info] [queue_elements.cpp:855] [run_in_thread] Shutdown event was signaled in dequeue of UserBuffQEl0beach_robot/conv41!
[2026-04-28 17:14:13.200] [6468] [HailoRT] [info] [queue_elements.cpp:68] [operator()] Thread in element PullQEl_hw_read0beach_robot/conv41 is not running anymore, exiting..
[2026-04-28 17:14:13.200] [3710] [HailoRT] [info] [queue_elements.cpp:46] [~BaseQueueElement] Queue element PullQEl_hw_read0beach_robot/conv41 has 0 frames in his Queue on destruction
[2026-04-28 17:14:13.200] [6469] [HailoRT] [info] [queue_elements.cpp:68] [operator()] Thread in element UserBuffQEl0beach_robot/conv41 is not running anymore, exiting..
[2026-04-28 17:14:13.200] [3710] [HailoRT] [info] [queue_elements.cpp:46] [~BaseQueueElement] Queue element UserBuffQEl0beach_robot/conv41 has 0 frames in his Queue on destruction
[2026-04-28 17:14:13.200] [6470] [HailoRT] [info] [queue_elements.cpp:734] [run_in_thread] Shutdown event was signaled in run_pull of queue element PullQEl_hw_read7beach_robot/conv42!
[2026-04-28 17:14:13.200] [6471] [HailoRT] [info] [queue_elements.cpp:855] [run_in_thread] Shutdown event was signaled in dequeue of UserBuffQEl7beach_robot/conv42!
[2026-04-28 17:14:13.200] [6470] [HailoRT] [info] [queue_elements.cpp:68] [operator()] Thread in element PullQEl_hw_read7beach_robot/conv42 is not running anymore, exiting..
[2026-04-28 17:14:13.200] [3710] [HailoRT] [info] [queue_elements.cpp:46] [~BaseQueueElement] Queue element PullQEl_hw_read7beach_robot/conv42 has 0 frames in his Queue on destruction
[2026-04-28 17:14:13.200] [6471] [HailoRT] [info] [queue_elements.cpp:68] [operator()] Thread in element UserBuffQEl7beach_robot/conv42 is not running anymore, exiting..
[2026-04-28 17:14:13.200] [3710] [HailoRT] [info] [queue_elements.cpp:46] [~BaseQueueElement] Queue element UserBuffQEl7beach_robot/conv42 has 0 frames in his Queue on destruction
[2026-04-28 17:14:13.200] [6473] [HailoRT] [info] [queue_elements.cpp:855] [run_in_thread] Shutdown event was signaled in dequeue of UserBuffQEl3beach_robot/conv52!
[2026-04-28 17:14:13.200] [6472] [HailoRT] [info] [queue_elements.cpp:734] [run_in_thread] Shutdown event was signaled in run_pull of queue element PullQEl_hw_read3beach_robot/conv52!
[2026-04-28 17:14:13.200] [6472] [HailoRT] [info] [queue_elements.cpp:68] [operator()] Thread in element PullQEl_hw_read3beach_robot/conv52 is not running anymore, exiting..
[2026-04-28 17:14:13.200] [3710] [HailoRT] [info] [queue_elements.cpp:46] [~BaseQueueElement] Queue element PullQEl_hw_read3beach_robot/conv52 has 0 frames in his Queue on destruction
[2026-04-28 17:14:13.200] [6473] [HailoRT] [info] [queue_elements.cpp:68] [operator()] Thread in element UserBuffQEl3beach_robot/conv52 is not running anymore, exiting..
[2026-04-28 17:14:13.200] [3710] [HailoRT] [info] [queue_elements.cpp:46] [~BaseQueueElement] Queue element UserBuffQEl3beach_robot/conv52 has 0 frames in his Queue on destruction
[2026-04-28 17:14:13.200] [6475] [HailoRT] [info] [queue_elements.cpp:855] [run_in_thread] Shutdown event was signaled in dequeue of UserBuffQEl1beach_robot/conv53!
[2026-04-28 17:14:13.200] [6474] [HailoRT] [info] [queue_elements.cpp:734] [run_in_thread] Shutdown event was signaled in run_pull of queue element PullQEl_hw_read1beach_robot/conv53!
[2026-04-28 17:14:13.200] [6474] [HailoRT] [info] [queue_elements.cpp:68] [operator()] Thread in element PullQEl_hw_read1beach_robot/conv53 is not running anymore, exiting..
[2026-04-28 17:14:13.200] [3710] [HailoRT] [info] [queue_elements.cpp:46] [~BaseQueueElement] Queue element PullQEl_hw_read1beach_robot/conv53 has 0 frames in his Queue on destruction
[2026-04-28 17:14:13.200] [6475] [HailoRT] [info] [queue_elements.cpp:68] [operator()] Thread in element UserBuffQEl1beach_robot/conv53 is not running anymore, exiting..
[2026-04-28 17:14:13.200] [3710] [HailoRT] [info] [queue_elements.cpp:46] [~BaseQueueElement] Queue element UserBuffQEl1beach_robot/conv53 has 0 frames in his Queue on destruction
[2026-04-28 17:14:13.200] [6477] [HailoRT] [info] [queue_elements.cpp:855] [run_in_thread] Shutdown event was signaled in dequeue of UserBuffQEl2beach_robot/conv62!
[2026-04-28 17:14:13.200] [6476] [HailoRT] [info] [queue_elements.cpp:734] [run_in_thread] Shutdown event was signaled in run_pull of queue element PullQEl_hw_read2beach_robot/conv62!
[2026-04-28 17:14:13.200] [6476] [HailoRT] [info] [queue_elements.cpp:68] [operator()] Thread in element PullQEl_hw_read2beach_robot/conv62 is not running anymore, exiting..
[2026-04-28 17:14:13.200] [3710] [HailoRT] [info] [queue_elements.cpp:46] [~BaseQueueElement] Queue element PullQEl_hw_read2beach_robot/conv62 has 0 frames in his Queue on destruction
[2026-04-28 17:14:13.200] [6477] [HailoRT] [info] [queue_elements.cpp:68] [operator()] Thread in element UserBuffQEl2beach_robot/conv62 is not running anymore, exiting..
[2026-04-28 17:14:13.200] [3710] [HailoRT] [info] [queue_elements.cpp:46] [~BaseQueueElement] Queue element UserBuffQEl2beach_robot/conv62 has 0 frames in his Queue on destruction
[2026-04-28 17:14:13.200] [6478] [HailoRT] [info] [queue_elements.cpp:734] [run_in_thread] Shutdown event was signaled in run_pull of queue element PullQEl_hw_read0beach_robot/conv63!
[2026-04-28 17:14:13.200] [6479] [HailoRT] [info] [queue_elements.cpp:855] [run_in_thread] Shutdown event was signaled in dequeue of UserBuffQEl0beach_robot/conv63!
[2026-04-28 17:14:13.200] [6478] [HailoRT] [info] [queue_elements.cpp:68] [operator()] Thread in element PullQEl_hw_read0beach_robot/conv63 is not running anymore, exiting..
[2026-04-28 17:14:13.200] [3710] [HailoRT] [info] [queue_elements.cpp:46] [~BaseQueueElement] Queue element PullQEl_hw_read0beach_robot/conv63 has 0 frames in his Queue on destruction
[2026-04-28 17:14:13.201] [6479] [HailoRT] [info] [queue_elements.cpp:68] [operator()] Thread in element UserBuffQEl0beach_robot/conv63 is not running anymore, exiting..
[2026-04-28 17:14:13.201] [3710] [HailoRT] [info] [queue_elements.cpp:46] [~BaseQueueElement] Queue element UserBuffQEl0beach_robot/conv63 has 0 frames in his Queue on destruction
[2026-04-28 17:14:13.497] [3710] [HailoRT] [info] [edge_elements.cpp:52] [create] Created (HwWriteEl2beach_robot/input_layer1 | hw_frame_size: 1228800)
[2026-04-28 17:14:13.497] [3710] [HailoRT] [info] [vstream.cpp:754] [InputVStreamImpl] Creating beach_robot/input_layer1...
[2026-04-28 17:14:13.497] [3710] [HailoRT] [info] [vstream_builder.cpp:102] [create_inputs] Input pipeline 'beach_robot/input_layer1': (HwWriteEl2beach_robot/input_layer1 | hw_frame_size: 1228800) >> HW
[2026-04-28 17:14:13.497] [3710] [HailoRT] [info] [edge_elements.cpp:287] [create] Created (HwReadEl0beach_robot/conv41 | hw_frame_size: 409600)
[2026-04-28 17:14:13.498] [3710] [HailoRT] [info] [queue_elements.cpp:657] [create] Created (PullQEl_hw_read0beach_robot/conv41)
[2026-04-28 17:14:13.498] [3710] [HailoRT] [info] [filter_elements.cpp:372] [create] Created (PostInferEl0beach_robot/conv41 | Quantization - src_type: UINT8, dst_type FLOAT32, limvals_min: -10.8307, limvals_max: 18.5504)
[2026-04-28 17:14:13.498] [3710] [HailoRT] [info] [queue_elements.cpp:800] [create] Created (UserBuffQEl0beach_robot/conv41 | timeout: 10s)
[2026-04-28 17:14:13.498] [3710] [HailoRT] [info] [vstream.cpp:1114] [OutputVStreamImpl] Creating beach_robot/conv41...
[2026-04-28 17:14:13.498] [3710] [HailoRT] [info] [vstream_builder.cpp:220] [create_outputs] Output pipeline 'beach_robot/conv41': HW >> (HwReadEl0beach_robot/conv41 | hw_frame_size: 409600) >> (PullQEl_hw_read0beach_robot/conv41) >> (PostInferEl0beach_robot/conv41 | Quantization - src_type: UINT8, dst_type FLOAT32, limvals_min: -10.8307, limvals_max: 18.5504) >> (UserBuffQEl0beach_robot/conv41 | timeout: 10s)
[2026-04-28 17:14:13.498] [3710] [HailoRT] [info] [edge_elements.cpp:287] [create] Created (HwReadEl7beach_robot/conv42 | hw_frame_size: 12800)
[2026-04-28 17:14:13.498] [3710] [HailoRT] [info] [queue_elements.cpp:657] [create] Created (PullQEl_hw_read7beach_robot/conv42)
[2026-04-28 17:14:13.498] [3710] [HailoRT] [info] [filter_elements.cpp:372] [create] Created (PostInferEl7beach_robot/conv42 | Quantization - src_type: UINT8, dst_type FLOAT32, limvals_min: -25.6857, limvals_max: 0)
[2026-04-28 17:14:13.498] [3710] [HailoRT] [info] [queue_elements.cpp:800] [create] Created (UserBuffQEl7beach_robot/conv42 | timeout: 10s)
[2026-04-28 17:14:13.498] [3710] [HailoRT] [info] [vstream.cpp:1114] [OutputVStreamImpl] Creating beach_robot/conv42...
[2026-04-28 17:14:13.498] [3710] [HailoRT] [info] [vstream_builder.cpp:220] [create_outputs] Output pipeline 'beach_robot/conv42': HW >> (HwReadEl7beach_robot/conv42 | hw_frame_size: 12800) >> (PullQEl_hw_read7beach_robot/conv42) >> (PostInferEl7beach_robot/conv42 | Quantization - src_type: UINT8, dst_type FLOAT32, limvals_min: -25.6857, limvals_max: 0) >> (UserBuffQEl7beach_robot/conv42 | timeout: 10s)
[2026-04-28 17:14:13.498] [3710] [HailoRT] [info] [edge_elements.cpp:287] [create] Created (HwReadEl3beach_robot/conv52 | hw_frame_size: 102400)
[2026-04-28 17:14:13.498] [3710] [HailoRT] [info] [queue_elements.cpp:657] [create] Created (PullQEl_hw_read3beach_robot/conv52)
[2026-04-28 17:14:13.498] [3710] [HailoRT] [info] [filter_elements.cpp:372] [create] Created (PostInferEl3beach_robot/conv52 | Quantization - src_type: UINT8, dst_type FLOAT32, limvals_min: -6.53754, limvals_max: 19.9239)
[2026-04-28 17:14:13.498] [3710] [HailoRT] [info] [queue_elements.cpp:800] [create] Created (UserBuffQEl3beach_robot/conv52 | timeout: 10s)
[2026-04-28 17:14:13.498] [3710] [HailoRT] [info] [vstream.cpp:1114] [OutputVStreamImpl] Creating beach_robot/conv52...
[2026-04-28 17:14:13.498] [3710] [HailoRT] [info] [vstream_builder.cpp:220] [create_outputs] Output pipeline 'beach_robot/conv52': HW >> (HwReadEl3beach_robot/conv52 | hw_frame_size: 102400) >> (PullQEl_hw_read3beach_robot/conv52) >> (PostInferEl3beach_robot/conv52 | Quantization - src_type: UINT8, dst_type FLOAT32, limvals_min: -6.53754, limvals_max: 19.9239) >> (UserBuffQEl3beach_robot/conv52 | timeout: 10s)
[2026-04-28 17:14:13.498] [3710] [HailoRT] [info] [edge_elements.cpp:287] [create] Created (HwReadEl1beach_robot/conv53 | hw_frame_size: 3200)
[2026-04-28 17:14:13.498] [3710] [HailoRT] [info] [queue_elements.cpp:657] [create] Created (PullQEl_hw_read1beach_robot/conv53)
[2026-04-28 17:14:13.498] [3710] [HailoRT] [info] [filter_elements.cpp:372] [create] Created (PostInferEl1beach_robot/conv53 | Quantization - src_type: UINT8, dst_type FLOAT32, limvals_min: -15.7441, limvals_max: 0)
[2026-04-28 17:14:13.498] [3710] [HailoRT] [info] [queue_elements.cpp:800] [create] Created (UserBuffQEl1beach_robot/conv53 | timeout: 10s)
[2026-04-28 17:14:13.498] [3710] [HailoRT] [info] [vstream.cpp:1114] [OutputVStreamImpl] Creating beach_robot/conv53...
[2026-04-28 17:14:13.498] [3710] [HailoRT] [info] [vstream_builder.cpp:220] [create_outputs] Output pipeline 'beach_robot/conv53': HW >> (HwReadEl1beach_robot/conv53 | hw_frame_size: 3200) >> (PullQEl_hw_read1beach_robot/conv53) >> (PostInferEl1beach_robot/conv53 | Quantization - src_type: UINT8, dst_type FLOAT32, limvals_min: -15.7441, limvals_max: 0) >> (UserBuffQEl1beach_robot/conv53 | timeout: 10s)
[2026-04-28 17:14:13.498] [3710] [HailoRT] [info] [edge_elements.cpp:287] [create] Created (HwReadEl2beach_robot/conv62 | hw_frame_size: 25600)
[2026-04-28 17:14:13.498] [3710] [HailoRT] [info] [queue_elements.cpp:657] [create] Created (PullQEl_hw_read2beach_robot/conv62)
[2026-04-28 17:14:13.498] [3710] [HailoRT] [info] [filter_elements.cpp:372] [create] Created (PostInferEl2beach_robot/conv62 | Quantization - src_type: UINT8, dst_type FLOAT32, limvals_min: -8.27399, limvals_max: 14.6594)
[2026-04-28 17:14:13.498] [3710] [HailoRT] [info] [queue_elements.cpp:800] [create] Created (UserBuffQEl2beach_robot/conv62 | timeout: 10s)
[2026-04-28 17:14:13.498] [3710] [HailoRT] [info] [vstream.cpp:1114] [OutputVStreamImpl] Creating beach_robot/conv62...
[2026-04-28 17:14:13.498] [3710] [HailoRT] [info] [vstream_builder.cpp:220] [create_outputs] Output pipeline 'beach_robot/conv62': HW >> (HwReadEl2beach_robot/conv62 | hw_frame_size: 25600) >> (PullQEl_hw_read2beach_robot/conv62) >> (PostInferEl2beach_robot/conv62 | Quantization - src_type: UINT8, dst_type FLOAT32, limvals_min: -8.27399, limvals_max: 14.6594) >> (UserBuffQEl2beach_robot/conv62 | timeout: 10s)
[2026-04-28 17:14:13.498] [3710] [HailoRT] [info] [edge_elements.cpp:287] [create] Created (HwReadEl0beach_robot/conv63 | hw_frame_size: 3200)
[2026-04-28 17:14:13.498] [3710] [HailoRT] [info] [queue_elements.cpp:657] [create] Created (PullQEl_hw_read0beach_robot/conv63)
[2026-04-28 17:14:13.498] [3710] [HailoRT] [info] [filter_elements.cpp:372] [create] Created (PostInferEl0beach_robot/conv63 | Quantization - src_type: UINT8, dst_type FLOAT32, limvals_min: -15.2921, limvals_max: 1.44388 | Reorder - src_order: FCR, src_shape: (20, 20, 8), dst_order: FCR, dst_shape: (20, 20, 2))
[2026-04-28 17:14:13.498] [3710] [HailoRT] [info] [queue_elements.cpp:800] [create] Created (UserBuffQEl0beach_robot/conv63 | timeout: 10s)
[2026-04-28 17:14:13.498] [3710] [HailoRT] [info] [vstream.cpp:1114] [OutputVStreamImpl] Creating beach_robot/conv63...
[2026-04-28 17:14:13.498] [3710] [HailoRT] [info] [vstream_builder.cpp:220] [create_outputs] Output pipeline 'beach_robot/conv63': HW >> (HwReadEl0beach_robot/conv63 | hw_frame_size: 3200) >> (PullQEl_hw_read0beach_robot/conv63) >> (PostInferEl0beach_robot/conv63 | Quantization - src_type: UINT8, dst_type FLOAT32, limvals_min: -15.2921, limvals_max: 1.44388 | Reorder - src_order: FCR, src_shape: (20, 20, 8), dst_order: FCR, dst_shape: (20, 20, 2)) >> (UserBuffQEl0beach_robot/conv63 | timeout: 10s)
[2026-04-28 17:14:13.499] [3710] [HailoRT] [info] [core_op.cpp:156] [activate] Activating beach_robot took 0.525324 milliseconds. Note that the function is asynchronous and thus the network is not fully activated yet.
[2026-04-28 17:14:13.499] [3710] [HailoRT] [info] [core_op.cpp:156] [activate] Activating beach_robot took 0.53399 milliseconds. Note that the function is asynchronous and thus the network is not fully activated yet.
[2026-04-28 17:14:13.518] [6495] [HailoRT] [info] [vdevice_native_stream.cpp:331] [read_impl] Failed read from stream HAILO_STREAM_NOT_ACTIVATED(72) (device: 0001:01:00.0)
[2026-04-28 17:14:13.518] [6491] [HailoRT] [info] [vdevice_native_stream.cpp:331] [read_impl] Failed read from stream HAILO_STREAM_NOT_ACTIVATED(72) (device: 0001:01:00.0)
[2026-04-28 17:14:13.518] [6487] [HailoRT] [info] [vdevice_native_stream.cpp:331] [read_impl] Failed read from stream HAILO_STREAM_NOT_ACTIVATED(72) (device: 0001:01:00.0)
[2026-04-28 17:14:13.518] [6497] [HailoRT] [info] [vdevice_native_stream.cpp:331] [read_impl] Failed read from stream HAILO_STREAM_NOT_ACTIVATED(72) (device: 0001:01:00.0)
[2026-04-28 17:14:13.518] [6489] [HailoRT] [info] [vdevice_native_stream.cpp:331] [read_impl] Failed read from stream HAILO_STREAM_NOT_ACTIVATED(72) (device: 0001:01:00.0)
[2026-04-28 17:14:13.518] [6493] [HailoRT] [info] [vdevice_native_stream.cpp:331] [read_impl] Failed read from stream HAILO_STREAM_NOT_ACTIVATED(72) (device: 0001:01:00.0)
[2026-04-28 17:14:13.519] [3710] [HailoRT] [info] [core_op.cpp:186] [deactivate] Deactivating took 0.516787 ms
[2026-04-28 17:14:13.519] [3710] [HailoRT] [info] [core_op.cpp:186] [deactivate] Deactivating took 0.528268 ms
[2026-04-28 17:14:13.519] [6487] [HailoRT] [info] [queue_elements.cpp:734] [run_in_thread] Shutdown event was signaled in run_pull of queue element PullQEl_hw_read0beach_robot/conv41!
[2026-04-28 17:14:13.519] [6488] [HailoRT] [info] [queue_elements.cpp:855] [run_in_thread] Shutdown event was signaled in dequeue of UserBuffQEl0beach_robot/conv41!
[2026-04-28 17:14:13.519] [6487] [HailoRT] [info] [queue_elements.cpp:68] [operator()] Thread in element PullQEl_hw_read0beach_robot/conv41 is not running anymore, exiting..
[2026-04-28 17:14:13.519] [3710] [HailoRT] [info] [queue_elements.cpp:46] [~BaseQueueElement] Queue element PullQEl_hw_read0beach_robot/conv41 has 0 frames in his Queue on destruction
[2026-04-28 17:14:13.519] [6488] [HailoRT] [info] [queue_elements.cpp:68] [operator()] Thread in element UserBuffQEl0beach_robot/conv41 is not running anymore, exiting..
[2026-04-28 17:14:13.519] [3710] [HailoRT] [info] [queue_elements.cpp:46] [~BaseQueueElement] Queue element UserBuffQEl0beach_robot/conv41 has 0 frames in his Queue on destruction
[2026-04-28 17:14:13.519] [6489] [HailoRT] [info] [queue_elements.cpp:734] [run_in_thread] Shutdown event was signaled in run_pull of queue element PullQEl_hw_read7beach_robot/conv42!
[2026-04-28 17:14:13.519] [6490] [HailoRT] [info] [queue_elements.cpp:855] [run_in_thread] Shutdown event was signaled in dequeue of UserBuffQEl7beach_robot/conv42!
[2026-04-28 17:14:13.519] [6489] [HailoRT] [info] [queue_elements.cpp:68] [operator()] Thread in element PullQEl_hw_read7beach_robot/conv42 is not running anymore, exiting..
[2026-04-28 17:14:13.519] [3710] [HailoRT] [info] [queue_elements.cpp:46] [~BaseQueueElement] Queue element PullQEl_hw_read7beach_robot/conv42 has 0 frames in his Queue on destruction
[2026-04-28 17:14:13.519] [6490] [HailoRT] [info] [queue_elements.cpp:68] [operator()] Thread in element UserBuffQEl7beach_robot/conv42 is not running anymore, exiting..
[2026-04-28 17:14:13.519] [3710] [HailoRT] [info] [queue_elements.cpp:46] [~BaseQueueElement] Queue element UserBuffQEl7beach_robot/conv42 has 0 frames in his Queue on destruction
[2026-04-28 17:14:13.519] [6491] [HailoRT] [info] [queue_elements.cpp:734] [run_in_thread] Shutdown event was signaled in run_pull of queue element PullQEl_hw_read3beach_robot/conv52!
[2026-04-28 17:14:13.519] [6492] [HailoRT] [info] [queue_elements.cpp:855] [run_in_thread] Shutdown event was signaled in dequeue of UserBuffQEl3beach_robot/conv52!
[2026-04-28 17:14:13.519] [6491] [HailoRT] [info] [queue_elements.cpp:68] [operator()] Thread in element PullQEl_hw_read3beach_robot/conv52 is not running anymore, exiting..
[2026-04-28 17:14:13.519] [3710] [HailoRT] [info] [queue_elements.cpp:46] [~BaseQueueElement] Queue element PullQEl_hw_read3beach_robot/conv52 has 0 frames in his Queue on destruction
[2026-04-28 17:14:13.519] [6492] [HailoRT] [info] [queue_elements.cpp:68] [operator()] Thread in element UserBuffQEl3beach_robot/conv52 is not running anymore, exiting..
[2026-04-28 17:14:13.519] [3710] [HailoRT] [info] [queue_elements.cpp:46] [~BaseQueueElement] Queue element UserBuffQEl3beach_robot/conv52 has 0 frames in his Queue on destruction
[2026-04-28 17:14:13.519] [6494] [HailoRT] [info] [queue_elements.cpp:855] [run_in_thread] Shutdown event was signaled in dequeue of UserBuffQEl1beach_robot/conv53!
[2026-04-28 17:14:13.519] [6493] [HailoRT] [info] [queue_elements.cpp:734] [run_in_thread] Shutdown event was signaled in run_pull of queue element PullQEl_hw_read1beach_robot/conv53!
[2026-04-28 17:14:13.519] [6493] [HailoRT] [info] [queue_elements.cpp:68] [operator()] Thread in element PullQEl_hw_read1beach_robot/conv53 is not running anymore, exiting..
[2026-04-28 17:14:13.519] [3710] [HailoRT] [info] [queue_elements.cpp:46] [~BaseQueueElement] Queue element PullQEl_hw_read1beach_robot/conv53 has 0 frames in his Queue on destruction
[2026-04-28 17:14:13.519] [6494] [HailoRT] [info] [queue_elements.cpp:68] [operator()] Thread in element UserBuffQEl1beach_robot/conv53 is not running anymore, exiting..
[2026-04-28 17:14:13.519] [3710] [HailoRT] [info] [queue_elements.cpp:46] [~BaseQueueElement] Queue element UserBuffQEl1beach_robot/conv53 has 0 frames in his Queue on destruction
[2026-04-28 17:14:13.519] [6495] [HailoRT] [info] [queue_elements.cpp:734] [run_in_thread] Shutdown event was signaled in run_pull of queue element PullQEl_hw_read2beach_robot/conv62!
[2026-04-28 17:14:13.519] [6496] [HailoRT] [info] [queue_elements.cpp:855] [run_in_thread] Shutdown event was signaled in dequeue of UserBuffQEl2beach_robot/conv62!
[2026-04-28 17:14:13.519] [6495] [HailoRT] [info] [queue_elements.cpp:68] [operator()] Thread in element PullQEl_hw_read2beach_robot/conv62 is not running anymore, exiting..
[2026-04-28 17:14:13.519] [3710] [HailoRT] [info] [queue_elements.cpp:46] [~BaseQueueElement] Queue element PullQEl_hw_read2beach_robot/conv62 has 0 frames in his Queue on destruction
[2026-04-28 17:14:13.519] [6496] [HailoRT] [info] [queue_elements.cpp:68] [operator()] Thread in element UserBuffQEl2beach_robot/conv62 is not running anymore, exiting..
[2026-04-28 17:14:13.519] [3710] [HailoRT] [info] [queue_elements.cpp:46] [~BaseQueueElement] Queue element UserBuffQEl2beach_robot/conv62 has 0 frames in his Queue on destruction
[2026-04-28 17:14:13.519] [6497] [HailoRT] [info] [queue_elements.cpp:734] [run_in_thread] Shutdown event was signaled in run_pull of queue element PullQEl_hw_read0beach_robot/conv63!
[2026-04-28 17:14:13.519] [6498] [HailoRT] [info] [queue_elements.cpp:855] [run_in_thread] Shutdown event was signaled in dequeue of UserBuffQEl0beach_robot/conv63!
[2026-04-28 17:14:13.519] [6497] [HailoRT] [info] [queue_elements.cpp:68] [operator()] Thread in element PullQEl_hw_read0beach_robot/conv63 is not running anymore, exiting..
[2026-04-28 17:14:13.519] [3710] [HailoRT] [info] [queue_elements.cpp:46] [~BaseQueueElement] Queue element PullQEl_hw_read0beach_robot/conv63 has 0 frames in his Queue on destruction
[2026-04-28 17:14:13.519] [6498] [HailoRT] [info] [queue_elements.cpp:68] [operator()] Thread in element UserBuffQEl0beach_robot/conv63 is not running anymore, exiting..
[2026-04-28 17:14:13.519] [3710] [HailoRT] [info] [queue_elements.cpp:46] [~BaseQueueElement] Queue element UserBuffQEl0beach_robot/conv63 has 0 frames in his Queue on destruction
[2026-04-28 17:14:13.819] [3710] [HailoRT] [info] [edge_elements.cpp:52] [create] Created (HwWriteEl2beach_robot/input_layer1 | hw_frame_size: 1228800)
[2026-04-28 17:14:13.819] [3710] [HailoRT] [info] [vstream.cpp:754] [InputVStreamImpl] Creating beach_robot/input_layer1...
[2026-04-28 17:14:13.819] [3710] [HailoRT] [info] [vstream_builder.cpp:102] [create_inputs] Input pipeline 'beach_robot/input_layer1': (HwWriteEl2beach_robot/input_layer1 | hw_frame_size: 1228800) >> HW
[2026-04-28 17:14:13.819] [3710] [HailoRT] [info] [edge_elements.cpp:287] [create] Created (HwReadEl0beach_robot/conv41 | hw_frame_size: 409600)
[2026-04-28 17:14:13.819] [3710] [HailoRT] [info] [queue_elements.cpp:657] [create] Created (PullQEl_hw_read0beach_robot/conv41)
[2026-04-28 17:14:13.819] [3710] [HailoRT] [info] [filter_elements.cpp:372] [create] Created (PostInferEl0beach_robot/conv41 | Quantization - src_type: UINT8, dst_type FLOAT32, limvals_min: -10.8307, limvals_max: 18.5504)
[2026-04-28 17:14:13.820] [3710] [HailoRT] [info] [queue_elements.cpp:800] [create] Created (UserBuffQEl0beach_robot/conv41 | timeout: 10s)
[2026-04-28 17:14:13.820] [3710] [HailoRT] [info] [vstream.cpp:1114] [OutputVStreamImpl] Creating beach_robot/conv41...
[2026-04-28 17:14:13.820] [3710] [HailoRT] [info] [vstream_builder.cpp:220] [create_outputs] Output pipeline 'beach_robot/conv41': HW >> (HwReadEl0beach_robot/conv41 | hw_frame_size: 409600) >> (PullQEl_hw_read0beach_robot/conv41) >> (PostInferEl0beach_robot/conv41 | Quantization - src_type: UINT8, dst_type FLOAT32, limvals_min: -10.8307, limvals_max: 18.5504) >> (UserBuffQEl0beach_robot/conv41 | timeout: 10s)
[2026-04-28 17:14:13.820] [3710] [HailoRT] [info] [edge_elements.cpp:287] [create] Created (HwReadEl7beach_robot/conv42 | hw_frame_size: 12800)
[2026-04-28 17:14:13.820] [3710] [HailoRT] [info] [queue_elements.cpp:657] [create] Created (PullQEl_hw_read7beach_robot/conv42)
[2026-04-28 17:14:13.820] [3710] [HailoRT] [info] [filter_elements.cpp:372] [create] Created (PostInferEl7beach_robot/conv42 | Quantization - src_type: UINT8, dst_type FLOAT32, limvals_min: -25.6857, limvals_max: 0)
[2026-04-28 17:14:13.820] [3710] [HailoRT] [info] [queue_elements.cpp:800] [create] Created (UserBuffQEl7beach_robot/conv42 | timeout: 10s)
[2026-04-28 17:14:13.820] [3710] [HailoRT] [info] [vstream.cpp:1114] [OutputVStreamImpl] Creating beach_robot/conv42...
[2026-04-28 17:14:13.820] [3710] [HailoRT] [info] [vstream_builder.cpp:220] [create_outputs] Output pipeline 'beach_robot/conv42': HW >> (HwReadEl7beach_robot/conv42 | hw_frame_size: 12800) >> (PullQEl_hw_read7beach_robot/conv42) >> (PostInferEl7beach_robot/conv42 | Quantization - src_type: UINT8, dst_type FLOAT32, limvals_min: -25.6857, limvals_max: 0) >> (UserBuffQEl7beach_robot/conv42 | timeout: 10s)
[2026-04-28 17:14:13.820] [3710] [HailoRT] [info] [edge_elements.cpp:287] [create] Created (HwReadEl3beach_robot/conv52 | hw_frame_size: 102400)
[2026-04-28 17:14:13.820] [3710] [HailoRT] [info] [queue_elements.cpp:657] [create] Created (PullQEl_hw_read3beach_robot/conv52)
[2026-04-28 17:14:13.820] [3710] [HailoRT] [info] [filter_elements.cpp:372] [create] Created (PostInferEl3beach_robot/conv52 | Quantization - src_type: UINT8, dst_type FLOAT32, limvals_min: -6.53754, limvals_max: 19.9239)
[2026-04-28 17:14:13.820] [3710] [HailoRT] [info] [queue_elements.cpp:800] [create] Created (UserBuffQEl3beach_robot/conv52 | timeout: 10s)
[2026-04-28 17:14:13.820] [3710] [HailoRT] [info] [vstream.cpp:1114] [OutputVStreamImpl] Creating beach_robot/conv52...
[2026-04-28 17:14:13.820] [3710] [HailoRT] [info] [vstream_builder.cpp:220] [create_outputs] Output pipeline 'beach_robot/conv52': HW >> (HwReadEl3beach_robot/conv52 | hw_frame_size: 102400) >> (PullQEl_hw_read3beach_robot/conv52) >> (PostInferEl3beach_robot/conv52 | Quantization - src_type: UINT8, dst_type FLOAT32, limvals_min: -6.53754, limvals_max: 19.9239) >> (UserBuffQEl3beach_robot/conv52 | timeout: 10s)
[2026-04-28 17:14:13.820] [3710] [HailoRT] [info] [edge_elements.cpp:287] [create] Created (HwReadEl1beach_robot/conv53 | hw_frame_size: 3200)
[2026-04-28 17:14:13.820] [3710] [HailoRT] [info] [queue_elements.cpp:657] [create] Created (PullQEl_hw_read1beach_robot/conv53)
[2026-04-28 17:14:13.820] [3710] [HailoRT] [info] [filter_elements.cpp:372] [create] Created (PostInferEl1beach_robot/conv53 | Quantization - src_type: UINT8, dst_type FLOAT32, limvals_min: -15.7441, limvals_max: 0)
[2026-04-28 17:14:13.820] [3710] [HailoRT] [info] [queue_elements.cpp:800] [create] Created (UserBuffQEl1beach_robot/conv53 | timeout: 10s)
[2026-04-28 17:14:13.820] [3710] [HailoRT] [info] [vstream.cpp:1114] [OutputVStreamImpl] Creating beach_robot/conv53...
[2026-04-28 17:14:13.820] [3710] [HailoRT] [info] [vstream_builder.cpp:220] [create_outputs] Output pipeline 'beach_robot/conv53': HW >> (HwReadEl1beach_robot/conv53 | hw_frame_size: 3200) >> (PullQEl_hw_read1beach_robot/conv53) >> (PostInferEl1beach_robot/conv53 | Quantization - src_type: UINT8, dst_type FLOAT32, limvals_min: -15.7441, limvals_max: 0) >> (UserBuffQEl1beach_robot/conv53 | timeout: 10s)
[2026-04-28 17:14:13.820] [3710] [HailoRT] [info] [edge_elements.cpp:287] [create] Created (HwReadEl2beach_robot/conv62 | hw_frame_size: 25600)
[2026-04-28 17:14:13.820] [3710] [HailoRT] [info] [queue_elements.cpp:657] [create] Created (PullQEl_hw_read2beach_robot/conv62)
[2026-04-28 17:14:13.820] [3710] [HailoRT] [info] [filter_elements.cpp:372] [create] Created (PostInferEl2beach_robot/conv62 | Quantization - src_type: UINT8, dst_type FLOAT32, limvals_min: -8.27399, limvals_max: 14.6594)
[2026-04-28 17:14:13.820] [3710] [HailoRT] [info] [queue_elements.cpp:800] [create] Created (UserBuffQEl2beach_robot/conv62 | timeout: 10s)
[2026-04-28 17:14:13.820] [3710] [HailoRT] [info] [vstream.cpp:1114] [OutputVStreamImpl] Creating beach_robot/conv62...
[2026-04-28 17:14:13.820] [3710] [HailoRT] [info] [vstream_builder.cpp:220] [create_outputs] Output pipeline 'beach_robot/conv62': HW >> (HwReadEl2beach_robot/conv62 | hw_frame_size: 25600) >> (PullQEl_hw_read2beach_robot/conv62) >> (PostInferEl2beach_robot/conv62 | Quantization - src_type: UINT8, dst_type FLOAT32, limvals_min: -8.27399, limvals_max: 14.6594) >> (UserBuffQEl2beach_robot/conv62 | timeout: 10s)
[2026-04-28 17:14:13.820] [3710] [HailoRT] [info] [edge_elements.cpp:287] [create] Created (HwReadEl0beach_robot/conv63 | hw_frame_size: 3200)
[2026-04-28 17:14:13.820] [3710] [HailoRT] [info] [queue_elements.cpp:657] [create] Created (PullQEl_hw_read0beach_robot/conv63)
[2026-04-28 17:14:13.820] [3710] [HailoRT] [info] [filter_elements.cpp:372] [create] Created (PostInferEl0beach_robot/conv63 | Quantization - src_type: UINT8, dst_type FLOAT32, limvals_min: -15.2921, limvals_max: 1.44388 | Reorder - src_order: FCR, src_shape: (20, 20, 8), dst_order: FCR, dst_shape: (20, 20, 2))
[2026-04-28 17:14:13.820] [3710] [HailoRT] [info] [queue_elements.cpp:800] [create] Created (UserBuffQEl0beach_robot/conv63 | timeout: 10s)
[2026-04-28 17:14:13.820] [3710] [HailoRT] [info] [vstream.cpp:1114] [OutputVStreamImpl] Creating beach_robot/conv63...
[2026-04-28 17:14:13.820] [3710] [HailoRT] [info] [vstream_builder.cpp:220] [create_outputs] Output pipeline 'beach_robot/conv63': HW >> (HwReadEl0beach_robot/conv63 | hw_frame_size: 3200) >> (PullQEl_hw_read0beach_robot/conv63) >> (PostInferEl0beach_robot/conv63 | Quantization - src_type: UINT8, dst_type FLOAT32, limvals_min: -15.2921, limvals_max: 1.44388 | Reorder - src_order: FCR, src_shape: (20, 20, 8), dst_order: FCR, dst_shape: (20, 20, 2)) >> (UserBuffQEl0beach_robot/conv63 | timeout: 10s)
[2026-04-28 17:14:13.821] [3710] [HailoRT] [info] [core_op.cpp:156] [activate] Activating beach_robot took 0.532046 milliseconds. Note that the function is asynchronous and thus the network is not fully activated yet.
[2026-04-28 17:14:13.821] [3710] [HailoRT] [info] [core_op.cpp:156] [activate] Activating beach_robot took 0.541768 milliseconds. Note that the function is asynchronous and thus the network is not fully activated yet.
[2026-04-28 17:14:13.840] [6514] [HailoRT] [info] [vdevice_native_stream.cpp:331] [read_impl] Failed read from stream HAILO_STREAM_NOT_ACTIVATED(72) (device: 0001:01:00.0)
[2026-04-28 17:14:13.840] [6510] [HailoRT] [info] [vdevice_native_stream.cpp:331] [read_impl] Failed read from stream HAILO_STREAM_NOT_ACTIVATED(72) (device: 0001:01:00.0)
[2026-04-28 17:14:13.840] [6516] [HailoRT] [info] [vdevice_native_stream.cpp:331] [read_impl] Failed read from stream HAILO_STREAM_NOT_ACTIVATED(72) (device: 0001:01:00.0)
[2026-04-28 17:14:13.840] [6506] [HailoRT] [info] [vdevice_native_stream.cpp:331] [read_impl] Failed read from stream HAILO_STREAM_NOT_ACTIVATED(72) (device: 0001:01:00.0)
[2026-04-28 17:14:13.840] [6512] [HailoRT] [info] [vdevice_native_stream.cpp:331] [read_impl] Failed read from stream HAILO_STREAM_NOT_ACTIVATED(72) (device: 0001:01:00.0)
[2026-04-28 17:14:13.840] [6508] [HailoRT] [info] [vdevice_native_stream.cpp:331] [read_impl] Failed read from stream HAILO_STREAM_NOT_ACTIVATED(72) (device: 0001:01:00.0)
[2026-04-28 17:14:13.841] [3710] [HailoRT] [info] [core_op.cpp:186] [deactivate] Deactivating took 0.513084 ms
[2026-04-28 17:14:13.841] [3710] [HailoRT] [info] [core_op.cpp:186] [deactivate] Deactivating took 0.524231 ms
[2026-04-28 17:14:13.841] [6506] [HailoRT] [info] [queue_elements.cpp:734] [run_in_thread] Shutdown event was signaled in run_pull of queue element PullQEl_hw_read0beach_robot/conv41!
[2026-04-28 17:14:13.841] [6507] [HailoRT] [info] [queue_elements.cpp:855] [run_in_thread] Shutdown event was signaled in dequeue of UserBuffQEl0beach_robot/conv41!
[2026-04-28 17:14:13.841] [6506] [HailoRT] [info] [queue_elements.cpp:68] [operator()] Thread in element PullQEl_hw_read0beach_robot/conv41 is not running anymore, exiting..
[2026-04-28 17:14:13.841] [3710] [HailoRT] [info] [queue_elements.cpp:46] [~BaseQueueElement] Queue element PullQEl_hw_read0beach_robot/conv41 has 0 frames in his Queue on destruction
[2026-04-28 17:14:13.841] [6507] [HailoRT] [info] [queue_elements.cpp:68] [operator()] Thread in element UserBuffQEl0beach_robot/conv41 is not running anymore, exiting..
[2026-04-28 17:14:13.841] [3710] [HailoRT] [info] [queue_elements.cpp:46] [~BaseQueueElement] Queue element UserBuffQEl0beach_robot/conv41 has 0 frames in his Queue on destruction
[2026-04-28 17:14:13.841] [6508] [HailoRT] [info] [queue_elements.cpp:734] [run_in_thread] Shutdown event was signaled in run_pull of queue element PullQEl_hw_read7beach_robot/conv42!
[2026-04-28 17:14:13.841] [6509] [HailoRT] [info] [queue_elements.cpp:855] [run_in_thread] Shutdown event was signaled in dequeue of UserBuffQEl7beach_robot/conv42!
[2026-04-28 17:14:13.841] [6508] [HailoRT] [info] [queue_elements.cpp:68] [operator()] Thread in element PullQEl_hw_read7beach_robot/conv42 is not running anymore, exiting..
[2026-04-28 17:14:13.841] [3710] [HailoRT] [info] [queue_elements.cpp:46] [~BaseQueueElement] Queue element PullQEl_hw_read7beach_robot/conv42 has 0 frames in his Queue on destruction
[2026-04-28 17:14:13.841] [6509] [HailoRT] [info] [queue_elements.cpp:68] [operator()] Thread in element UserBuffQEl7beach_robot/conv42 is not running anymore, exiting..
[2026-04-28 17:14:13.841] [3710] [HailoRT] [info] [queue_elements.cpp:46] [~BaseQueueElement] Queue element UserBuffQEl7beach_robot/conv42 has 0 frames in his Queue on destruction
[2026-04-28 17:14:13.841] [6511] [HailoRT] [info] [queue_elements.cpp:855] [run_in_thread] Shutdown event was signaled in dequeue of UserBuffQEl3beach_robot/conv52!
[2026-04-28 17:14:13.841] [6510] [HailoRT] [info] [queue_elements.cpp:734] [run_in_thread] Shutdown event was signaled in run_pull of queue element PullQEl_hw_read3beach_robot/conv52!
[2026-04-28 17:14:13.841] [6510] [HailoRT] [info] [queue_elements.cpp:68] [operator()] Thread in element PullQEl_hw_read3beach_robot/conv52 is not running anymore, exiting..
[2026-04-28 17:14:13.841] [3710] [HailoRT] [info] [queue_elements.cpp:46] [~BaseQueueElement] Queue element PullQEl_hw_read3beach_robot/conv52 has 0 frames in his Queue on destruction
[2026-04-28 17:14:13.841] [6511] [HailoRT] [info] [queue_elements.cpp:68] [operator()] Thread in element UserBuffQEl3beach_robot/conv52 is not running anymore, exiting..
[2026-04-28 17:14:13.841] [3710] [HailoRT] [info] [queue_elements.cpp:46] [~BaseQueueElement] Queue element UserBuffQEl3beach_robot/conv52 has 0 frames in his Queue on destruction
[2026-04-28 17:14:13.841] [6512] [HailoRT] [info] [queue_elements.cpp:734] [run_in_thread] Shutdown event was signaled in run_pull of queue element PullQEl_hw_read1beach_robot/conv53!
[2026-04-28 17:14:13.841] [6513] [HailoRT] [info] [queue_elements.cpp:855] [run_in_thread] Shutdown event was signaled in dequeue of UserBuffQEl1beach_robot/conv53!
[2026-04-28 17:14:13.841] [6512] [HailoRT] [info] [queue_elements.cpp:68] [operator()] Thread in element PullQEl_hw_read1beach_robot/conv53 is not running anymore, exiting..
[2026-04-28 17:14:13.841] [3710] [HailoRT] [info] [queue_elements.cpp:46] [~BaseQueueElement] Queue element PullQEl_hw_read1beach_robot/conv53 has 0 frames in his Queue on destruction
[2026-04-28 17:14:13.841] [6513] [HailoRT] [info] [queue_elements.cpp:68] [operator()] Thread in element UserBuffQEl1beach_robot/conv53 is not running anymore, exiting..
[2026-04-28 17:14:13.841] [3710] [HailoRT] [info] [queue_elements.cpp:46] [~BaseQueueElement] Queue element UserBuffQEl1beach_robot/conv53 has 0 frames in his Queue on destruction
[2026-04-28 17:14:13.841] [6514] [HailoRT] [info] [queue_elements.cpp:734] [run_in_thread] Shutdown event was signaled in run_pull of queue element PullQEl_hw_read2beach_robot/conv62!
[2026-04-28 17:14:13.841] [6515] [HailoRT] [info] [queue_elements.cpp:855] [run_in_thread] Shutdown event was signaled in dequeue of UserBuffQEl2beach_robot/conv62!
[2026-04-28 17:14:13.841] [6514] [HailoRT] [info] [queue_elements.cpp:68] [operator()] Thread in element PullQEl_hw_read2beach_robot/conv62 is not running anymore, exiting..
[2026-04-28 17:14:13.841] [3710] [HailoRT] [info] [queue_elements.cpp:46] [~BaseQueueElement] Queue element PullQEl_hw_read2beach_robot/conv62 has 0 frames in his Queue on destruction
[2026-04-28 17:14:13.841] [6515] [HailoRT] [info] [queue_elements.cpp:68] [operator()] Thread in element UserBuffQEl2beach_robot/conv62 is not running anymore, exiting..
[2026-04-28 17:14:13.841] [3710] [HailoRT] [info] [queue_elements.cpp:46] [~BaseQueueElement] Queue element UserBuffQEl2beach_robot/conv62 has 0 frames in his Queue on destruction
[2026-04-28 17:14:13.841] [6516] [HailoRT] [info] [queue_elements.cpp:734] [run_in_thread] Shutdown event was signaled in run_pull of queue element PullQEl_hw_read0beach_robot/conv63!
[2026-04-28 17:14:13.841] [6517] [HailoRT] [info] [queue_elements.cpp:855] [run_in_thread] Shutdown event was signaled in dequeue of UserBuffQEl0beach_robot/conv63!
[2026-04-28 17:14:13.841] [6516] [HailoRT] [info] [queue_elements.cpp:68] [operator()] Thread in element PullQEl_hw_read0beach_robot/conv63 is not running anymore, exiting..
[2026-04-28 17:14:13.841] [3710] [HailoRT] [info] [queue_elements.cpp:46] [~BaseQueueElement] Queue element PullQEl_hw_read0beach_robot/conv63 has 0 frames in his Queue on destruction
[2026-04-28 17:14:13.841] [6517] [HailoRT] [info] [queue_elements.cpp:68] [operator()] Thread in element UserBuffQEl0beach_robot/conv63 is not running anymore, exiting..
[2026-04-28 17:14:13.841] [3710] [HailoRT] [info] [queue_elements.cpp:46] [~BaseQueueElement] Queue element UserBuffQEl0beach_robot/conv63 has 0 frames in his Queue on destruction
[2026-04-28 17:14:14.141] [3710] [HailoRT] [info] [edge_elements.cpp:52] [create] Created (HwWriteEl2beach_robot/input_layer1 | hw_frame_size: 1228800)
[2026-04-28 17:14:14.141] [3710] [HailoRT] [info] [vstream.cpp:754] [InputVStreamImpl] Creating beach_robot/input_layer1...
[2026-04-28 17:14:14.141] [3710] [HailoRT] [info] [vstream_builder.cpp:102] [create_inputs] Input pipeline 'beach_robot/input_layer1': (HwWriteEl2beach_robot/input_layer1 | hw_frame_size: 1228800) >> HW
[2026-04-28 17:14:14.141] [3710] [HailoRT] [info] [edge_elements.cpp:287] [create] Created (HwReadEl0beach_robot/conv41 | hw_frame_size: 409600)
[2026-04-28 17:14:14.141] [3710] [HailoRT] [info] [queue_elements.cpp:657] [create] Created (PullQEl_hw_read0beach_robot/conv41)
[2026-04-28 17:14:14.141] [3710] [HailoRT] [info] [filter_elements.cpp:372] [create] Created (PostInferEl0beach_robot/conv41 | Quantization - src_type: UINT8, dst_type FLOAT32, limvals_min: -10.8307, limvals_max: 18.5504)
[2026-04-28 17:14:14.141] [3710] [HailoRT] [info] [queue_elements.cpp:800] [create] Created (UserBuffQEl0beach_robot/conv41 | timeout: 10s)
[2026-04-28 17:14:14.141] [3710] [HailoRT] [info] [vstream.cpp:1114] [OutputVStreamImpl] Creating beach_robot/conv41...
[2026-04-28 17:14:14.141] [3710] [HailoRT] [info] [vstream_builder.cpp:220] [create_outputs] Output pipeline 'beach_robot/conv41': HW >> (HwReadEl0beach_robot/conv41 | hw_frame_size: 409600) >> (PullQEl_hw_read0beach_robot/conv41) >> (PostInferEl0beach_robot/conv41 | Quantization - src_type: UINT8, dst_type FLOAT32, limvals_min: -10.8307, limvals_max: 18.5504) >> (UserBuffQEl0beach_robot/conv41 | timeout: 10s)
[2026-04-28 17:14:14.141] [3710] [HailoRT] [info] [edge_elements.cpp:287] [create] Created (HwReadEl7beach_robot/conv42 | hw_frame_size: 12800)
[2026-04-28 17:14:14.141] [3710] [HailoRT] [info] [queue_elements.cpp:657] [create] Created (PullQEl_hw_read7beach_robot/conv42)
[2026-04-28 17:14:14.141] [3710] [HailoRT] [info] [filter_elements.cpp:372] [create] Created (PostInferEl7beach_robot/conv42 | Quantization - src_type: UINT8, dst_type FLOAT32, limvals_min: -25.6857, limvals_max: 0)
[2026-04-28 17:14:14.141] [3710] [HailoRT] [info] [queue_elements.cpp:800] [create] Created (UserBuffQEl7beach_robot/conv42 | timeout: 10s)
[2026-04-28 17:14:14.141] [3710] [HailoRT] [info] [vstream.cpp:1114] [OutputVStreamImpl] Creating beach_robot/conv42...
[2026-04-28 17:14:14.141] [3710] [HailoRT] [info] [vstream_builder.cpp:220] [create_outputs] Output pipeline 'beach_robot/conv42': HW >> (HwReadEl7beach_robot/conv42 | hw_frame_size: 12800) >> (PullQEl_hw_read7beach_robot/conv42) >> (PostInferEl7beach_robot/conv42 | Quantization - src_type: UINT8, dst_type FLOAT32, limvals_min: -25.6857, limvals_max: 0) >> (UserBuffQEl7beach_robot/conv42 | timeout: 10s)
[2026-04-28 17:14:14.141] [3710] [HailoRT] [info] [edge_elements.cpp:287] [create] Created (HwReadEl3beach_robot/conv52 | hw_frame_size: 102400)
[2026-04-28 17:14:14.141] [3710] [HailoRT] [info] [queue_elements.cpp:657] [create] Created (PullQEl_hw_read3beach_robot/conv52)
[2026-04-28 17:14:14.142] [3710] [HailoRT] [info] [filter_elements.cpp:372] [create] Created (PostInferEl3beach_robot/conv52 | Quantization - src_type: UINT8, dst_type FLOAT32, limvals_min: -6.53754, limvals_max: 19.9239)
[2026-04-28 17:14:14.142] [3710] [HailoRT] [info] [queue_elements.cpp:800] [create] Created (UserBuffQEl3beach_robot/conv52 | timeout: 10s)
[2026-04-28 17:14:14.142] [3710] [HailoRT] [info] [vstream.cpp:1114] [OutputVStreamImpl] Creating beach_robot/conv52...
[2026-04-28 17:14:14.142] [3710] [HailoRT] [info] [vstream_builder.cpp:220] [create_outputs] Output pipeline 'beach_robot/conv52': HW >> (HwReadEl3beach_robot/conv52 | hw_frame_size: 102400) >> (PullQEl_hw_read3beach_robot/conv52) >> (PostInferEl3beach_robot/conv52 | Quantization - src_type: UINT8, dst_type FLOAT32, limvals_min: -6.53754, limvals_max: 19.9239) >> (UserBuffQEl3beach_robot/conv52 | timeout: 10s)
[2026-04-28 17:14:14.142] [3710] [HailoRT] [info] [edge_elements.cpp:287] [create] Created (HwReadEl1beach_robot/conv53 | hw_frame_size: 3200)
[2026-04-28 17:14:14.142] [3710] [HailoRT] [info] [queue_elements.cpp:657] [create] Created (PullQEl_hw_read1beach_robot/conv53)
[2026-04-28 17:14:14.142] [3710] [HailoRT] [info] [filter_elements.cpp:372] [create] Created (PostInferEl1beach_robot/conv53 | Quantization - src_type: UINT8, dst_type FLOAT32, limvals_min: -15.7441, limvals_max: 0)
[2026-04-28 17:14:14.142] [3710] [HailoRT] [info] [queue_elements.cpp:800] [create] Created (UserBuffQEl1beach_robot/conv53 | timeout: 10s)
[2026-04-28 17:14:14.142] [3710] [HailoRT] [info] [vstream.cpp:1114] [OutputVStreamImpl] Creating beach_robot/conv53...
[2026-04-28 17:14:14.142] [3710] [HailoRT] [info] [vstream_builder.cpp:220] [create_outputs] Output pipeline 'beach_robot/conv53': HW >> (HwReadEl1beach_robot/conv53 | hw_frame_size: 3200) >> (PullQEl_hw_read1beach_robot/conv53) >> (PostInferEl1beach_robot/conv53 | Quantization - src_type: UINT8, dst_type FLOAT32, limvals_min: -15.7441, limvals_max: 0) >> (UserBuffQEl1beach_robot/conv53 | timeout: 10s)
[2026-04-28 17:14:14.142] [3710] [HailoRT] [info] [edge_elements.cpp:287] [create] Created (HwReadEl2beach_robot/conv62 | hw_frame_size: 25600)
[2026-04-28 17:14:14.142] [3710] [HailoRT] [info] [queue_elements.cpp:657] [create] Created (PullQEl_hw_read2beach_robot/conv62)
[2026-04-28 17:14:14.142] [3710] [HailoRT] [info] [filter_elements.cpp:372] [create] Created (PostInferEl2beach_robot/conv62 | Quantization - src_type: UINT8, dst_type FLOAT32, limvals_min: -8.27399, limvals_max: 14.6594)
[2026-04-28 17:14:14.142] [3710] [HailoRT] [info] [queue_elements.cpp:800] [create] Created (UserBuffQEl2beach_robot/conv62 | timeout: 10s)
[2026-04-28 17:14:14.142] [3710] [HailoRT] [info] [vstream.cpp:1114] [OutputVStreamImpl] Creating beach_robot/conv62...
[2026-04-28 17:14:14.142] [3710] [HailoRT] [info] [vstream_builder.cpp:220] [create_outputs] Output pipeline 'beach_robot/conv62': HW >> (HwReadEl2beach_robot/conv62 | hw_frame_size: 25600) >> (PullQEl_hw_read2beach_robot/conv62) >> (PostInferEl2beach_robot/conv62 | Quantization - src_type: UINT8, dst_type FLOAT32, limvals_min: -8.27399, limvals_max: 14.6594) >> (UserBuffQEl2beach_robot/conv62 | timeout: 10s)
[2026-04-28 17:14:14.142] [3710] [HailoRT] [info] [edge_elements.cpp:287] [create] Created (HwReadEl0beach_robot/conv63 | hw_frame_size: 3200)
[2026-04-28 17:14:14.142] [3710] [HailoRT] [info] [queue_elements.cpp:657] [create] Created (PullQEl_hw_read0beach_robot/conv63)
[2026-04-28 17:14:14.142] [3710] [HailoRT] [info] [filter_elements.cpp:372] [create] Created (PostInferEl0beach_robot/conv63 | Quantization - src_type: UINT8, dst_type FLOAT32, limvals_min: -15.2921, limvals_max: 1.44388 | Reorder - src_order: FCR, src_shape: (20, 20, 8), dst_order: FCR, dst_shape: (20, 20, 2))
[2026-04-28 17:14:14.142] [3710] [HailoRT] [info] [queue_elements.cpp:800] [create] Created (UserBuffQEl0beach_robot/conv63 | timeout: 10s)
[2026-04-28 17:14:14.142] [3710] [HailoRT] [info] [vstream.cpp:1114] [OutputVStreamImpl] Creating beach_robot/conv63...
[2026-04-28 17:14:14.142] [3710] [HailoRT] [info] [vstream_builder.cpp:220] [create_outputs] Output pipeline 'beach_robot/conv63': HW >> (HwReadEl0beach_robot/conv63 | hw_frame_size: 3200) >> (PullQEl_hw_read0beach_robot/conv63) >> (PostInferEl0beach_robot/conv63 | Quantization - src_type: UINT8, dst_type FLOAT32, limvals_min: -15.2921, limvals_max: 1.44388 | Reorder - src_order: FCR, src_shape: (20, 20, 8), dst_order: FCR, dst_shape: (20, 20, 2)) >> (UserBuffQEl0beach_robot/conv63 | timeout: 10s)
[2026-04-28 17:14:14.143] [3710] [HailoRT] [info] [core_op.cpp:156] [activate] Activating beach_robot took 0.525269 milliseconds. Note that the function is asynchronous and thus the network is not fully activated yet.
[2026-04-28 17:14:14.143] [3710] [HailoRT] [info] [core_op.cpp:156] [activate] Activating beach_robot took 0.534972 milliseconds. Note that the function is asynchronous and thus the network is not fully activated yet.
[2026-04-28 17:14:14.162] [6535] [HailoRT] [info] [vdevice_native_stream.cpp:331] [read_impl] Failed read from stream HAILO_STREAM_NOT_ACTIVATED(72) (device: 0001:01:00.0)
[2026-04-28 17:14:14.162] [6529] [HailoRT] [info] [vdevice_native_stream.cpp:331] [read_impl] Failed read from stream HAILO_STREAM_NOT_ACTIVATED(72) (device: 0001:01:00.0)
[2026-04-28 17:14:14.162] [6527] [HailoRT] [info] [vdevice_native_stream.cpp:331] [read_impl] Failed read from stream HAILO_STREAM_NOT_ACTIVATED(72) (device: 0001:01:00.0)
[2026-04-28 17:14:14.162] [6525] [HailoRT] [info] [vdevice_native_stream.cpp:331] [read_impl] Failed read from stream HAILO_STREAM_NOT_ACTIVATED(72) (device: 0001:01:00.0)
[2026-04-28 17:14:14.162] [6531] [HailoRT] [info] [vdevice_native_stream.cpp:331] [read_impl] Failed read from stream HAILO_STREAM_NOT_ACTIVATED(72) (device: 0001:01:00.0)
[2026-04-28 17:14:14.162] [6533] [HailoRT] [info] [vdevice_native_stream.cpp:331] [read_impl] Failed read from stream HAILO_STREAM_NOT_ACTIVATED(72) (device: 0001:01:00.0)
[2026-04-28 17:14:14.162] [3710] [HailoRT] [info] [core_op.cpp:186] [deactivate] Deactivating took 0.501325 ms
[2026-04-28 17:14:14.162] [3710] [HailoRT] [info] [core_op.cpp:186] [deactivate] Deactivating took 0.512565 ms
[2026-04-28 17:14:14.162] [6525] [HailoRT] [info] [queue_elements.cpp:734] [run_in_thread] Shutdown event was signaled in run_pull of queue element PullQEl_hw_read0beach_robot/conv41!
[2026-04-28 17:14:14.162] [6526] [HailoRT] [info] [queue_elements.cpp:855] [run_in_thread] Shutdown event was signaled in dequeue of UserBuffQEl0beach_robot/conv41!
[2026-04-28 17:14:14.162] [6525] [HailoRT] [info] [queue_elements.cpp:68] [operator()] Thread in element PullQEl_hw_read0beach_robot/conv41 is not running anymore, exiting..
[2026-04-28 17:14:14.162] [3710] [HailoRT] [info] [queue_elements.cpp:46] [~BaseQueueElement] Queue element PullQEl_hw_read0beach_robot/conv41 has 0 frames in his Queue on destruction
[2026-04-28 17:14:14.162] [6526] [HailoRT] [info] [queue_elements.cpp:68] [operator()] Thread in element UserBuffQEl0beach_robot/conv41 is not running anymore, exiting..
[2026-04-28 17:14:14.162] [3710] [HailoRT] [info] [queue_elements.cpp:46] [~BaseQueueElement] Queue element UserBuffQEl0beach_robot/conv41 has 0 frames in his Queue on destruction
[2026-04-28 17:14:14.162] [6527] [HailoRT] [info] [queue_elements.cpp:734] [run_in_thread] Shutdown event was signaled in run_pull of queue element PullQEl_hw_read7beach_robot/conv42!
[2026-04-28 17:14:14.162] [6528] [HailoRT] [info] [queue_elements.cpp:855] [run_in_thread] Shutdown event was signaled in dequeue of UserBuffQEl7beach_robot/conv42!
[2026-04-28 17:14:14.162] [6527] [HailoRT] [info] [queue_elements.cpp:68] [operator()] Thread in element PullQEl_hw_read7beach_robot/conv42 is not running anymore, exiting..
[2026-04-28 17:14:14.162] [3710] [HailoRT] [info] [queue_elements.cpp:46] [~BaseQueueElement] Queue element PullQEl_hw_read7beach_robot/conv42 has 0 frames in his Queue on destruction
[2026-04-28 17:14:14.162] [6528] [HailoRT] [info] [queue_elements.cpp:68] [operator()] Thread in element UserBuffQEl7beach_robot/conv42 is not running anymore, exiting..
[2026-04-28 17:14:14.162] [3710] [HailoRT] [info] [queue_elements.cpp:46] [~BaseQueueElement] Queue element UserBuffQEl7beach_robot/conv42 has 0 frames in his Queue on destruction
[2026-04-28 17:14:14.162] [6530] [HailoRT] [info] [queue_elements.cpp:855] [run_in_thread] Shutdown event was signaled in dequeue of UserBuffQEl3beach_robot/conv52!
[2026-04-28 17:14:14.162] [6529] [HailoRT] [info] [queue_elements.cpp:734] [run_in_thread] Shutdown event was signaled in run_pull of queue element PullQEl_hw_read3beach_robot/conv52!
[2026-04-28 17:14:14.162] [6529] [HailoRT] [info] [queue_elements.cpp:68] [operator()] Thread in element PullQEl_hw_read3beach_robot/conv52 is not running anymore, exiting..
[2026-04-28 17:14:14.162] [3710] [HailoRT] [info] [queue_elements.cpp:46] [~BaseQueueElement] Queue element PullQEl_hw_read3beach_robot/conv52 has 0 frames in his Queue on destruction
[2026-04-28 17:14:14.162] [6530] [HailoRT] [info] [queue_elements.cpp:68] [operator()] Thread in element UserBuffQEl3beach_robot/conv52 is not running anymore, exiting..
[2026-04-28 17:14:14.163] [3710] [HailoRT] [info] [queue_elements.cpp:46] [~BaseQueueElement] Queue element UserBuffQEl3beach_robot/conv52 has 0 frames in his Queue on destruction
[2026-04-28 17:14:14.163] [6531] [HailoRT] [info] [queue_elements.cpp:734] [run_in_thread] Shutdown event was signaled in run_pull of queue element PullQEl_hw_read1beach_robot/conv53!
[2026-04-28 17:14:14.163] [6532] [HailoRT] [info] [queue_elements.cpp:855] [run_in_thread] Shutdown event was signaled in dequeue of UserBuffQEl1beach_robot/conv53!
[2026-04-28 17:14:14.163] [6531] [HailoRT] [info] [queue_elements.cpp:68] [operator()] Thread in element PullQEl_hw_read1beach_robot/conv53 is not running anymore, exiting..
[2026-04-28 17:14:14.163] [3710] [HailoRT] [info] [queue_elements.cpp:46] [~BaseQueueElement] Queue element PullQEl_hw_read1beach_robot/conv53 has 0 frames in his Queue on destruction
[2026-04-28 17:14:14.163] [6532] [HailoRT] [info] [queue_elements.cpp:68] [operator()] Thread in element UserBuffQEl1beach_robot/conv53 is not running anymore, exiting..
[2026-04-28 17:14:14.163] [3710] [HailoRT] [info] [queue_elements.cpp:46] [~BaseQueueElement] Queue element UserBuffQEl1beach_robot/conv53 has 0 frames in his Queue on destruction
[2026-04-28 17:14:14.163] [6534] [HailoRT] [info] [queue_elements.cpp:855] [run_in_thread] Shutdown event was signaled in dequeue of UserBuffQEl2beach_robot/conv62!
[2026-04-28 17:14:14.163] [6533] [HailoRT] [info] [queue_elements.cpp:734] [run_in_thread] Shutdown event was signaled in run_pull of queue element PullQEl_hw_read2beach_robot/conv62!
[2026-04-28 17:14:14.163] [6533] [HailoRT] [info] [queue_elements.cpp:68] [operator()] Thread in element PullQEl_hw_read2beach_robot/conv62 is not running anymore, exiting..
[2026-04-28 17:14:14.163] [3710] [HailoRT] [info] [queue_elements.cpp:46] [~BaseQueueElement] Queue element PullQEl_hw_read2beach_robot/conv62 has 0 frames in his Queue on destruction
[2026-04-28 17:14:14.163] [6534] [HailoRT] [info] [queue_elements.cpp:68] [operator()] Thread in element UserBuffQEl2beach_robot/conv62 is not running anymore, exiting..
[2026-04-28 17:14:14.163] [3710] [HailoRT] [info] [queue_elements.cpp:46] [~BaseQueueElement] Queue element UserBuffQEl2beach_robot/conv62 has 0 frames in his Queue on destruction
[2026-04-28 17:14:14.163] [6535] [HailoRT] [info] [queue_elements.cpp:734] [run_in_thread] Shutdown event was signaled in run_pull of queue element PullQEl_hw_read0beach_robot/conv63!
[2026-04-28 17:14:14.163] [6536] [HailoRT] [info] [queue_elements.cpp:855] [run_in_thread] Shutdown event was signaled in dequeue of UserBuffQEl0beach_robot/conv63!
[2026-04-28 17:14:14.163] [6535] [HailoRT] [info] [queue_elements.cpp:68] [operator()] Thread in element PullQEl_hw_read0beach_robot/conv63 is not running anymore, exiting..
[2026-04-28 17:14:14.163] [3710] [HailoRT] [info] [queue_elements.cpp:46] [~BaseQueueElement] Queue element PullQEl_hw_read0beach_robot/conv63 has 0 frames in his Queue on destruction
[2026-04-28 17:14:14.163] [6536] [HailoRT] [info] [queue_elements.cpp:68] [operator()] Thread in element UserBuffQEl0beach_robot/conv63 is not running anymore, exiting..
[2026-04-28 17:14:14.163] [3710] [HailoRT] [info] [queue_elements.cpp:46] [~BaseQueueElement] Queue element UserBuffQEl0beach_robot/conv63 has 0 frames in his Queue on destruction
[2026-04-28 17:14:14.462] [3710] [HailoRT] [info] [edge_elements.cpp:52] [create] Created (HwWriteEl2beach_robot/input_layer1 | hw_frame_size: 1228800)
[2026-04-28 17:14:14.462] [3710] [HailoRT] [info] [vstream.cpp:754] [InputVStreamImpl] Creating beach_robot/input_layer1...
[2026-04-28 17:14:14.462] [3710] [HailoRT] [info] [vstream_builder.cpp:102] [create_inputs] Input pipeline 'beach_robot/input_layer1': (HwWriteEl2beach_robot/input_layer1 | hw_frame_size: 1228800) >> HW
[2026-04-28 17:14:14.462] [3710] [HailoRT] [info] [edge_elements.cpp:287] [create] Created (HwReadEl0beach_robot/conv41 | hw_frame_size: 409600)
[2026-04-28 17:14:14.462] [3710] [HailoRT] [info] [queue_elements.cpp:657] [create] Created (PullQEl_hw_read0beach_robot/conv41)
[2026-04-28 17:14:14.462] [3710] [HailoRT] [info] [filter_elements.cpp:372] [create] Created (PostInferEl0beach_robot/conv41 | Quantization - src_type: UINT8, dst_type FLOAT32, limvals_min: -10.8307, limvals_max: 18.5504)
[2026-04-28 17:14:14.463] [3710] [HailoRT] [info] [queue_elements.cpp:800] [create] Created (UserBuffQEl0beach_robot/conv41 | timeout: 10s)
[2026-04-28 17:14:14.463] [3710] [HailoRT] [info] [vstream.cpp:1114] [OutputVStreamImpl] Creating beach_robot/conv41...
[2026-04-28 17:14:14.463] [3710] [HailoRT] [info] [vstream_builder.cpp:220] [create_outputs] Output pipeline 'beach_robot/conv41': HW >> (HwReadEl0beach_robot/conv41 | hw_frame_size: 409600) >> (PullQEl_hw_read0beach_robot/conv41) >> (PostInferEl0beach_robot/conv41 | Quantization - src_type: UINT8, dst_type FLOAT32, limvals_min: -10.8307, limvals_max: 18.5504) >> (UserBuffQEl0beach_robot/conv41 | timeout: 10s)
[2026-04-28 17:14:14.463] [3710] [HailoRT] [info] [edge_elements.cpp:287] [create] Created (HwReadEl7beach_robot/conv42 | hw_frame_size: 12800)
[2026-04-28 17:14:14.463] [3710] [HailoRT] [info] [queue_elements.cpp:657] [create] Created (PullQEl_hw_read7beach_robot/conv42)
[2026-04-28 17:14:14.463] [3710] [HailoRT] [info] [filter_elements.cpp:372] [create] Created (PostInferEl7beach_robot/conv42 | Quantization - src_type: UINT8, dst_type FLOAT32, limvals_min: -25.6857, limvals_max: 0)
[2026-04-28 17:14:14.463] [3710] [HailoRT] [info] [queue_elements.cpp:800] [create] Created (UserBuffQEl7beach_robot/conv42 | timeout: 10s)
[2026-04-28 17:14:14.463] [3710] [HailoRT] [info] [vstream.cpp:1114] [OutputVStreamImpl] Creating beach_robot/conv42...
[2026-04-28 17:14:14.463] [3710] [HailoRT] [info] [vstream_builder.cpp:220] [create_outputs] Output pipeline 'beach_robot/conv42': HW >> (HwReadEl7beach_robot/conv42 | hw_frame_size: 12800) >> (PullQEl_hw_read7beach_robot/conv42) >> (PostInferEl7beach_robot/conv42 | Quantization - src_type: UINT8, dst_type FLOAT32, limvals_min: -25.6857, limvals_max: 0) >> (UserBuffQEl7beach_robot/conv42 | timeout: 10s)
[2026-04-28 17:14:14.463] [3710] [HailoRT] [info] [edge_elements.cpp:287] [create] Created (HwReadEl3beach_robot/conv52 | hw_frame_size: 102400)
[2026-04-28 17:14:14.463] [3710] [HailoRT] [info] [queue_elements.cpp:657] [create] Created (PullQEl_hw_read3beach_robot/conv52)
[2026-04-28 17:14:14.463] [3710] [HailoRT] [info] [filter_elements.cpp:372] [create] Created (PostInferEl3beach_robot/conv52 | Quantization - src_type: UINT8, dst_type FLOAT32, limvals_min: -6.53754, limvals_max: 19.9239)
[2026-04-28 17:14:14.463] [3710] [HailoRT] [info] [queue_elements.cpp:800] [create] Created (UserBuffQEl3beach_robot/conv52 | timeout: 10s)
[2026-04-28 17:14:14.463] [3710] [HailoRT] [info] [vstream.cpp:1114] [OutputVStreamImpl] Creating beach_robot/conv52...
[2026-04-28 17:14:14.463] [3710] [HailoRT] [info] [vstream_builder.cpp:220] [create_outputs] Output pipeline 'beach_robot/conv52': HW >> (HwReadEl3beach_robot/conv52 | hw_frame_size: 102400) >> (PullQEl_hw_read3beach_robot/conv52) >> (PostInferEl3beach_robot/conv52 | Quantization - src_type: UINT8, dst_type FLOAT32, limvals_min: -6.53754, limvals_max: 19.9239) >> (UserBuffQEl3beach_robot/conv52 | timeout: 10s)
[2026-04-28 17:14:14.463] [3710] [HailoRT] [info] [edge_elements.cpp:287] [create] Created (HwReadEl1beach_robot/conv53 | hw_frame_size: 3200)
[2026-04-28 17:14:14.463] [3710] [HailoRT] [info] [queue_elements.cpp:657] [create] Created (PullQEl_hw_read1beach_robot/conv53)
[2026-04-28 17:14:14.463] [3710] [HailoRT] [info] [filter_elements.cpp:372] [create] Created (PostInferEl1beach_robot/conv53 | Quantization - src_type: UINT8, dst_type FLOAT32, limvals_min: -15.7441, limvals_max: 0)
[2026-04-28 17:14:14.463] [3710] [HailoRT] [info] [queue_elements.cpp:800] [create] Created (UserBuffQEl1beach_robot/conv53 | timeout: 10s)
[2026-04-28 17:14:14.463] [3710] [HailoRT] [info] [vstream.cpp:1114] [OutputVStreamImpl] Creating beach_robot/conv53...
[2026-04-28 17:14:14.463] [3710] [HailoRT] [info] [vstream_builder.cpp:220] [create_outputs] Output pipeline 'beach_robot/conv53': HW >> (HwReadEl1beach_robot/conv53 | hw_frame_size: 3200) >> (PullQEl_hw_read1beach_robot/conv53) >> (PostInferEl1beach_robot/conv53 | Quantization - src_type: UINT8, dst_type FLOAT32, limvals_min: -15.7441, limvals_max: 0) >> (UserBuffQEl1beach_robot/conv53 | timeout: 10s)
[2026-04-28 17:14:14.463] [3710] [HailoRT] [info] [edge_elements.cpp:287] [create] Created (HwReadEl2beach_robot/conv62 | hw_frame_size: 25600)
[2026-04-28 17:14:14.463] [3710] [HailoRT] [info] [queue_elements.cpp:657] [create] Created (PullQEl_hw_read2beach_robot/conv62)
[2026-04-28 17:14:14.463] [3710] [HailoRT] [info] [filter_elements.cpp:372] [create] Created (PostInferEl2beach_robot/conv62 | Quantization - src_type: UINT8, dst_type FLOAT32, limvals_min: -8.27399, limvals_max: 14.6594)
[2026-04-28 17:14:14.463] [3710] [HailoRT] [info] [queue_elements.cpp:800] [create] Created (UserBuffQEl2beach_robot/conv62 | timeout: 10s)
[2026-04-28 17:14:14.463] [3710] [HailoRT] [info] [vstream.cpp:1114] [OutputVStreamImpl] Creating beach_robot/conv62...
[2026-04-28 17:14:14.463] [3710] [HailoRT] [info] [vstream_builder.cpp:220] [create_outputs] Output pipeline 'beach_robot/conv62': HW >> (HwReadEl2beach_robot/conv62 | hw_frame_size: 25600) >> (PullQEl_hw_read2beach_robot/conv62) >> (PostInferEl2beach_robot/conv62 | Quantization - src_type: UINT8, dst_type FLOAT32, limvals_min: -8.27399, limvals_max: 14.6594) >> (UserBuffQEl2beach_robot/conv62 | timeout: 10s)
[2026-04-28 17:14:14.463] [3710] [HailoRT] [info] [edge_elements.cpp:287] [create] Created (HwReadEl0beach_robot/conv63 | hw_frame_size: 3200)
[2026-04-28 17:14:14.463] [3710] [HailoRT] [info] [queue_elements.cpp:657] [create] Created (PullQEl_hw_read0beach_robot/conv63)
[2026-04-28 17:14:14.463] [3710] [HailoRT] [info] [filter_elements.cpp:372] [create] Created (PostInferEl0beach_robot/conv63 | Quantization - src_type: UINT8, dst_type FLOAT32, limvals_min: -15.2921, limvals_max: 1.44388 | Reorder - src_order: FCR, src_shape: (20, 20, 8), dst_order: FCR, dst_shape: (20, 20, 2))
[2026-04-28 17:14:14.463] [3710] [HailoRT] [info] [queue_elements.cpp:800] [create] Created (UserBuffQEl0beach_robot/conv63 | timeout: 10s)
[2026-04-28 17:14:14.463] [3710] [HailoRT] [info] [vstream.cpp:1114] [OutputVStreamImpl] Creating beach_robot/conv63...
[2026-04-28 17:14:14.463] [3710] [HailoRT] [info] [vstream_builder.cpp:220] [create_outputs] Output pipeline 'beach_robot/conv63': HW >> (HwReadEl0beach_robot/conv63 | hw_frame_size: 3200) >> (PullQEl_hw_read0beach_robot/conv63) >> (PostInferEl0beach_robot/conv63 | Quantization - src_type: UINT8, dst_type FLOAT32, limvals_min: -15.2921, limvals_max: 1.44388 | Reorder - src_order: FCR, src_shape: (20, 20, 8), dst_order: FCR, dst_shape: (20, 20, 2)) >> (UserBuffQEl0beach_robot/conv63 | timeout: 10s)
[2026-04-28 17:14:14.464] [3710] [HailoRT] [info] [core_op.cpp:156] [activate] Activating beach_robot took 0.548545 milliseconds. Note that the function is asynchronous and thus the network is not fully activated yet.
[2026-04-28 17:14:14.464] [3710] [HailoRT] [info] [core_op.cpp:156] [activate] Activating beach_robot took 0.558786 milliseconds. Note that the function is asynchronous and thus the network is not fully activated yet.
[2026-04-28 17:14:14.483] [6546] [HailoRT] [info] [vdevice_native_stream.cpp:331] [read_impl] Failed read from stream HAILO_STREAM_NOT_ACTIVATED(72) (device: 0001:01:00.0)
[2026-04-28 17:14:14.483] [6544] [HailoRT] [info] [vdevice_native_stream.cpp:331] [read_impl] Failed read from stream HAILO_STREAM_NOT_ACTIVATED(72) (device: 0001:01:00.0)
[2026-04-28 17:14:14.483] [6548] [HailoRT] [info] [vdevice_native_stream.cpp:331] [read_impl] Failed read from stream HAILO_STREAM_NOT_ACTIVATED(72) (device: 0001:01:00.0)
[2026-04-28 17:14:14.483] [6550] [HailoRT] [info] [vdevice_native_stream.cpp:331] [read_impl] Failed read from stream HAILO_STREAM_NOT_ACTIVATED(72) (device: 0001:01:00.0)
[2026-04-28 17:14:14.483] [6554] [HailoRT] [info] [vdevice_native_stream.cpp:331] [read_impl] Failed read from stream HAILO_STREAM_NOT_ACTIVATED(72) (device: 0001:01:00.0)
[2026-04-28 17:14:14.483] [6552] [HailoRT] [info] [vdevice_native_stream.cpp:331] [read_impl] Failed read from stream HAILO_STREAM_NOT_ACTIVATED(72) (device: 0001:01:00.0)
[2026-04-28 17:14:14.483] [3710] [HailoRT] [info] [core_op.cpp:186] [deactivate] Deactivating took 0.508584 ms
[2026-04-28 17:14:14.483] [3710] [HailoRT] [info] [core_op.cpp:186] [deactivate] Deactivating took 0.520195 ms
[2026-04-28 17:14:14.483] [6545] [HailoRT] [info] [queue_elements.cpp:855] [run_in_thread] Shutdown event was signaled in dequeue of UserBuffQEl0beach_robot/conv41!
[2026-04-28 17:14:14.483] [6544] [HailoRT] [info] [queue_elements.cpp:734] [run_in_thread] Shutdown event was signaled in run_pull of queue element PullQEl_hw_read0beach_robot/conv41!
[2026-04-28 17:14:14.483] [6544] [HailoRT] [info] [queue_elements.cpp:68] [operator()] Thread in element PullQEl_hw_read0beach_robot/conv41 is not running anymore, exiting..
[2026-04-28 17:14:14.483] [3710] [HailoRT] [info] [queue_elements.cpp:46] [~BaseQueueElement] Queue element PullQEl_hw_read0beach_robot/conv41 has 0 frames in his Queue on destruction
[2026-04-28 17:14:14.484] [6545] [HailoRT] [info] [queue_elements.cpp:68] [operator()] Thread in element UserBuffQEl0beach_robot/conv41 is not running anymore, exiting..
[2026-04-28 17:14:14.484] [3710] [HailoRT] [info] [queue_elements.cpp:46] [~BaseQueueElement] Queue element UserBuffQEl0beach_robot/conv41 has 0 frames in his Queue on destruction
[2026-04-28 17:14:14.484] [6546] [HailoRT] [info] [queue_elements.cpp:734] [run_in_thread] Shutdown event was signaled in run_pull of queue element PullQEl_hw_read7beach_robot/conv42!
[2026-04-28 17:14:14.484] [6547] [HailoRT] [info] [queue_elements.cpp:855] [run_in_thread] Shutdown event was signaled in dequeue of UserBuffQEl7beach_robot/conv42!
[2026-04-28 17:14:14.484] [6546] [HailoRT] [info] [queue_elements.cpp:68] [operator()] Thread in element PullQEl_hw_read7beach_robot/conv42 is not running anymore, exiting..
[2026-04-28 17:14:14.484] [3710] [HailoRT] [info] [queue_elements.cpp:46] [~BaseQueueElement] Queue element PullQEl_hw_read7beach_robot/conv42 has 0 frames in his Queue on destruction
[2026-04-28 17:14:14.484] [6547] [HailoRT] [info] [queue_elements.cpp:68] [operator()] Thread in element UserBuffQEl7beach_robot/conv42 is not running anymore, exiting..
[2026-04-28 17:14:14.484] [3710] [HailoRT] [info] [queue_elements.cpp:46] [~BaseQueueElement] Queue element UserBuffQEl7beach_robot/conv42 has 0 frames in his Queue on destruction
[2026-04-28 17:14:14.484] [6548] [HailoRT] [info] [queue_elements.cpp:734] [run_in_thread] Shutdown event was signaled in run_pull of queue element PullQEl_hw_read3beach_robot/conv52!
[2026-04-28 17:14:14.484] [6549] [HailoRT] [info] [queue_elements.cpp:855] [run_in_thread] Shutdown event was signaled in dequeue of UserBuffQEl3beach_robot/conv52!
[2026-04-28 17:14:14.484] [6548] [HailoRT] [info] [queue_elements.cpp:68] [operator()] Thread in element PullQEl_hw_read3beach_robot/conv52 is not running anymore, exiting..
[2026-04-28 17:14:14.484] [3710] [HailoRT] [info] [queue_elements.cpp:46] [~BaseQueueElement] Queue element PullQEl_hw_read3beach_robot/conv52 has 0 frames in his Queue on destruction
[2026-04-28 17:14:14.484] [6549] [HailoRT] [info] [queue_elements.cpp:68] [operator()] Thread in element UserBuffQEl3beach_robot/conv52 is not running anymore, exiting..
[2026-04-28 17:14:14.484] [3710] [HailoRT] [info] [queue_elements.cpp:46] [~BaseQueueElement] Queue element UserBuffQEl3beach_robot/conv52 has 0 frames in his Queue on destruction
[2026-04-28 17:14:14.484] [6550] [HailoRT] [info] [queue_elements.cpp:734] [run_in_thread] Shutdown event was signaled in run_pull of queue element PullQEl_hw_read1beach_robot/conv53!
[2026-04-28 17:14:14.484] [6551] [HailoRT] [info] [queue_elements.cpp:855] [run_in_thread] Shutdown event was signaled in dequeue of UserBuffQEl1beach_robot/conv53!
[2026-04-28 17:14:14.484] [6550] [HailoRT] [info] [queue_elements.cpp:68] [operator()] Thread in element PullQEl_hw_read1beach_robot/conv53 is not running anymore, exiting..
[2026-04-28 17:14:14.484] [3710] [HailoRT] [info] [queue_elements.cpp:46] [~BaseQueueElement] Queue element PullQEl_hw_read1beach_robot/conv53 has 0 frames in his Queue on destruction
[2026-04-28 17:14:14.484] [6551] [HailoRT] [info] [queue_elements.cpp:68] [operator()] Thread in element UserBuffQEl1beach_robot/conv53 is not running anymore, exiting..
[2026-04-28 17:14:14.484] [3710] [HailoRT] [info] [queue_elements.cpp:46] [~BaseQueueElement] Queue element UserBuffQEl1beach_robot/conv53 has 0 frames in his Queue on destruction
[2026-04-28 17:14:14.484] [6552] [HailoRT] [info] [queue_elements.cpp:734] [run_in_thread] Shutdown event was signaled in run_pull of queue element PullQEl_hw_read2beach_robot/conv62!
[2026-04-28 17:14:14.484] [6553] [HailoRT] [info] [queue_elements.cpp:855] [run_in_thread] Shutdown event was signaled in dequeue of UserBuffQEl2beach_robot/conv62!
[2026-04-28 17:14:14.484] [6552] [HailoRT] [info] [queue_elements.cpp:68] [operator()] Thread in element PullQEl_hw_read2beach_robot/conv62 is not running anymore, exiting..
[2026-04-28 17:14:14.484] [3710] [HailoRT] [info] [queue_elements.cpp:46] [~BaseQueueElement] Queue element PullQEl_hw_read2beach_robot/conv62 has 0 frames in his Queue on destruction
[2026-04-28 17:14:14.484] [6553] [HailoRT] [info] [queue_elements.cpp:68] [operator()] Thread in element UserBuffQEl2beach_robot/conv62 is not running anymore, exiting..
[2026-04-28 17:14:14.484] [3710] [HailoRT] [info] [queue_elements.cpp:46] [~BaseQueueElement] Queue element UserBuffQEl2beach_robot/conv62 has 0 frames in his Queue on destruction
[2026-04-28 17:14:14.484] [6554] [HailoRT] [info] [queue_elements.cpp:734] [run_in_thread] Shutdown event was signaled in run_pull of queue element PullQEl_hw_read0beach_robot/conv63!
[2026-04-28 17:14:14.484] [6555] [HailoRT] [info] [queue_elements.cpp:855] [run_in_thread] Shutdown event was signaled in dequeue of UserBuffQEl0beach_robot/conv63!
[2026-04-28 17:14:14.484] [6554] [HailoRT] [info] [queue_elements.cpp:68] [operator()] Thread in element PullQEl_hw_read0beach_robot/conv63 is not running anymore, exiting..
[2026-04-28 17:14:14.484] [3710] [HailoRT] [info] [queue_elements.cpp:46] [~BaseQueueElement] Queue element PullQEl_hw_read0beach_robot/conv63 has 0 frames in his Queue on destruction
[2026-04-28 17:14:14.484] [6555] [HailoRT] [info] [queue_elements.cpp:68] [operator()] Thread in element UserBuffQEl0beach_robot/conv63 is not running anymore, exiting..
[2026-04-28 17:14:14.484] [3710] [HailoRT] [info] [queue_elements.cpp:46] [~BaseQueueElement] Queue element UserBuffQEl0beach_robot/conv63 has 0 frames in his Queue on destruction
[2026-04-28 17:14:14.785] [3710] [HailoRT] [info] [edge_elements.cpp:52] [create] Created (HwWriteEl2beach_robot/input_layer1 | hw_frame_size: 1228800)
[2026-04-28 17:14:14.785] [3710] [HailoRT] [info] [vstream.cpp:754] [InputVStreamImpl] Creating beach_robot/input_layer1...
[2026-04-28 17:14:14.785] [3710] [HailoRT] [info] [vstream_builder.cpp:102] [create_inputs] Input pipeline 'beach_robot/input_layer1': (HwWriteEl2beach_robot/input_layer1 | hw_frame_size: 1228800) >> HW
[2026-04-28 17:14:14.785] [3710] [HailoRT] [info] [edge_elements.cpp:287] [create] Created (HwReadEl0beach_robot/conv41 | hw_frame_size: 409600)
[2026-04-28 17:14:14.785] [3710] [HailoRT] [info] [queue_elements.cpp:657] [create] Created (PullQEl_hw_read0beach_robot/conv41)
[2026-04-28 17:14:14.785] [3710] [HailoRT] [info] [filter_elements.cpp:372] [create] Created (PostInferEl0beach_robot/conv41 | Quantization - src_type: UINT8, dst_type FLOAT32, limvals_min: -10.8307, limvals_max: 18.5504)
[2026-04-28 17:14:14.785] [3710] [HailoRT] [info] [queue_elements.cpp:800] [create] Created (UserBuffQEl0beach_robot/conv41 | timeout: 10s)
[2026-04-28 17:14:14.785] [3710] [HailoRT] [info] [vstream.cpp:1114] [OutputVStreamImpl] Creating beach_robot/conv41...
[2026-04-28 17:14:14.785] [3710] [HailoRT] [info] [vstream_builder.cpp:220] [create_outputs] Output pipeline 'beach_robot/conv41': HW >> (HwReadEl0beach_robot/conv41 | hw_frame_size: 409600) >> (PullQEl_hw_read0beach_robot/conv41) >> (PostInferEl0beach_robot/conv41 | Quantization - src_type: UINT8, dst_type FLOAT32, limvals_min: -10.8307, limvals_max: 18.5504) >> (UserBuffQEl0beach_robot/conv41 | timeout: 10s)
[2026-04-28 17:14:14.785] [3710] [HailoRT] [info] [edge_elements.cpp:287] [create] Created (HwReadEl7beach_robot/conv42 | hw_frame_size: 12800)
[2026-04-28 17:14:14.785] [3710] [HailoRT] [info] [queue_elements.cpp:657] [create] Created (PullQEl_hw_read7beach_robot/conv42)
[2026-04-28 17:14:14.785] [3710] [HailoRT] [info] [filter_elements.cpp:372] [create] Created (PostInferEl7beach_robot/conv42 | Quantization - src_type: UINT8, dst_type FLOAT32, limvals_min: -25.6857, limvals_max: 0)
[2026-04-28 17:14:14.785] [3710] [HailoRT] [info] [queue_elements.cpp:800] [create] Created (UserBuffQEl7beach_robot/conv42 | timeout: 10s)
[2026-04-28 17:14:14.785] [3710] [HailoRT] [info] [vstream.cpp:1114] [OutputVStreamImpl] Creating beach_robot/conv42...
[2026-04-28 17:14:14.785] [3710] [HailoRT] [info] [vstream_builder.cpp:220] [create_outputs] Output pipeline 'beach_robot/conv42': HW >> (HwReadEl7beach_robot/conv42 | hw_frame_size: 12800) >> (PullQEl_hw_read7beach_robot/conv42) >> (PostInferEl7beach_robot/conv42 | Quantization - src_type: UINT8, dst_type FLOAT32, limvals_min: -25.6857, limvals_max: 0) >> (UserBuffQEl7beach_robot/conv42 | timeout: 10s)
[2026-04-28 17:14:14.785] [3710] [HailoRT] [info] [edge_elements.cpp:287] [create] Created (HwReadEl3beach_robot/conv52 | hw_frame_size: 102400)
[2026-04-28 17:14:14.786] [3710] [HailoRT] [info] [queue_elements.cpp:657] [create] Created (PullQEl_hw_read3beach_robot/conv52)
[2026-04-28 17:14:14.786] [3710] [HailoRT] [info] [filter_elements.cpp:372] [create] Created (PostInferEl3beach_robot/conv52 | Quantization - src_type: UINT8, dst_type FLOAT32, limvals_min: -6.53754, limvals_max: 19.9239)
[2026-04-28 17:14:14.786] [3710] [HailoRT] [info] [queue_elements.cpp:800] [create] Created (UserBuffQEl3beach_robot/conv52 | timeout: 10s)
[2026-04-28 17:14:14.786] [3710] [HailoRT] [info] [vstream.cpp:1114] [OutputVStreamImpl] Creating beach_robot/conv52...
[2026-04-28 17:14:14.786] [3710] [HailoRT] [info] [vstream_builder.cpp:220] [create_outputs] Output pipeline 'beach_robot/conv52': HW >> (HwReadEl3beach_robot/conv52 | hw_frame_size: 102400) >> (PullQEl_hw_read3beach_robot/conv52) >> (PostInferEl3beach_robot/conv52 | Quantization - src_type: UINT8, dst_type FLOAT32, limvals_min: -6.53754, limvals_max: 19.9239) >> (UserBuffQEl3beach_robot/conv52 | timeout: 10s)
[2026-04-28 17:14:14.786] [3710] [HailoRT] [info] [edge_elements.cpp:287] [create] Created (HwReadEl1beach_robot/conv53 | hw_frame_size: 3200)
[2026-04-28 17:14:14.786] [3710] [HailoRT] [info] [queue_elements.cpp:657] [create] Created (PullQEl_hw_read1beach_robot/conv53)
[2026-04-28 17:14:14.786] [3710] [HailoRT] [info] [filter_elements.cpp:372] [create] Created (PostInferEl1beach_robot/conv53 | Quantization - src_type: UINT8, dst_type FLOAT32, limvals_min: -15.7441, limvals_max: 0)
[2026-04-28 17:14:14.786] [3710] [HailoRT] [info] [queue_elements.cpp:800] [create] Created (UserBuffQEl1beach_robot/conv53 | timeout: 10s)
[2026-04-28 17:14:14.786] [3710] [HailoRT] [info] [vstream.cpp:1114] [OutputVStreamImpl] Creating beach_robot/conv53...
[2026-04-28 17:14:14.786] [3710] [HailoRT] [info] [vstream_builder.cpp:220] [create_outputs] Output pipeline 'beach_robot/conv53': HW >> (HwReadEl1beach_robot/conv53 | hw_frame_size: 3200) >> (PullQEl_hw_read1beach_robot/conv53) >> (PostInferEl1beach_robot/conv53 | Quantization - src_type: UINT8, dst_type FLOAT32, limvals_min: -15.7441, limvals_max: 0) >> (UserBuffQEl1beach_robot/conv53 | timeout: 10s)
[2026-04-28 17:14:14.786] [3710] [HailoRT] [info] [edge_elements.cpp:287] [create] Created (HwReadEl2beach_robot/conv62 | hw_frame_size: 25600)
[2026-04-28 17:14:14.786] [3710] [HailoRT] [info] [queue_elements.cpp:657] [create] Created (PullQEl_hw_read2beach_robot/conv62)
[2026-04-28 17:14:14.786] [3710] [HailoRT] [info] [filter_elements.cpp:372] [create] Created (PostInferEl2beach_robot/conv62 | Quantization - src_type: UINT8, dst_type FLOAT32, limvals_min: -8.27399, limvals_max: 14.6594)
[2026-04-28 17:14:14.786] [3710] [HailoRT] [info] [queue_elements.cpp:800] [create] Created (UserBuffQEl2beach_robot/conv62 | timeout: 10s)
[2026-04-28 17:14:14.786] [3710] [HailoRT] [info] [vstream.cpp:1114] [OutputVStreamImpl] Creating beach_robot/conv62...
[2026-04-28 17:14:14.786] [3710] [HailoRT] [info] [vstream_builder.cpp:220] [create_outputs] Output pipeline 'beach_robot/conv62': HW >> (HwReadEl2beach_robot/conv62 | hw_frame_size: 25600) >> (PullQEl_hw_read2beach_robot/conv62) >> (PostInferEl2beach_robot/conv62 | Quantization - src_type: UINT8, dst_type FLOAT32, limvals_min: -8.27399, limvals_max: 14.6594) >> (UserBuffQEl2beach_robot/conv62 | timeout: 10s)
[2026-04-28 17:14:14.786] [3710] [HailoRT] [info] [edge_elements.cpp:287] [create] Created (HwReadEl0beach_robot/conv63 | hw_frame_size: 3200)
[2026-04-28 17:14:14.786] [3710] [HailoRT] [info] [queue_elements.cpp:657] [create] Created (PullQEl_hw_read0beach_robot/conv63)
[2026-04-28 17:14:14.786] [3710] [HailoRT] [info] [filter_elements.cpp:372] [create] Created (PostInferEl0beach_robot/conv63 | Quantization - src_type: UINT8, dst_type FLOAT32, limvals_min: -15.2921, limvals_max: 1.44388 | Reorder - src_order: FCR, src_shape: (20, 20, 8), dst_order: FCR, dst_shape: (20, 20, 2))
[2026-04-28 17:14:14.786] [3710] [HailoRT] [info] [queue_elements.cpp:800] [create] Created (UserBuffQEl0beach_robot/conv63 | timeout: 10s)
[2026-04-28 17:14:14.786] [3710] [HailoRT] [info] [vstream.cpp:1114] [OutputVStreamImpl] Creating beach_robot/conv63...
[2026-04-28 17:14:14.786] [3710] [HailoRT] [info] [vstream_builder.cpp:220] [create_outputs] Output pipeline 'beach_robot/conv63': HW >> (HwReadEl0beach_robot/conv63 | hw_frame_size: 3200) >> (PullQEl_hw_read0beach_robot/conv63) >> (PostInferEl0beach_robot/conv63 | Quantization - src_type: UINT8, dst_type FLOAT32, limvals_min: -15.2921, limvals_max: 1.44388 | Reorder - src_order: FCR, src_shape: (20, 20, 8), dst_order: FCR, dst_shape: (20, 20, 2)) >> (UserBuffQEl0beach_robot/conv63 | timeout: 10s)
[2026-04-28 17:14:14.787] [3710] [HailoRT] [info] [core_op.cpp:156] [activate] Activating beach_robot took 0.528139 milliseconds. Note that the function is asynchronous and thus the network is not fully activated yet.
[2026-04-28 17:14:14.787] [3710] [HailoRT] [info] [core_op.cpp:156] [activate] Activating beach_robot took 0.537027 milliseconds. Note that the function is asynchronous and thus the network is not fully activated yet.
[2026-04-28 17:14:14.806] [6563] [HailoRT] [info] [vdevice_native_stream.cpp:331] [read_impl] Failed read from stream HAILO_STREAM_NOT_ACTIVATED(72) (device: 0001:01:00.0)
[2026-04-28 17:14:14.806] [6573] [HailoRT] [info] [vdevice_native_stream.cpp:331] [read_impl] Failed read from stream HAILO_STREAM_NOT_ACTIVATED(72) (device: 0001:01:00.0)
[2026-04-28 17:14:14.806] [6569] [HailoRT] [info] [vdevice_native_stream.cpp:331] [read_impl] Failed read from stream HAILO_STREAM_NOT_ACTIVATED(72) (device: 0001:01:00.0)
[2026-04-28 17:14:14.806] [6567] [HailoRT] [info] [vdevice_native_stream.cpp:331] [read_impl] Failed read from stream HAILO_STREAM_NOT_ACTIVATED(72) (device: 0001:01:00.0)
[2026-04-28 17:14:14.806] [6565] [HailoRT] [info] [vdevice_native_stream.cpp:331] [read_impl] Failed read from stream HAILO_STREAM_NOT_ACTIVATED(72) (device: 0001:01:00.0)
[2026-04-28 17:14:14.806] [6571] [HailoRT] [info] [vdevice_native_stream.cpp:331] [read_impl] Failed read from stream HAILO_STREAM_NOT_ACTIVATED(72) (device: 0001:01:00.0)
[2026-04-28 17:14:14.806] [3710] [HailoRT] [info] [core_op.cpp:186] [deactivate] Deactivating took 0.490862 ms
[2026-04-28 17:14:14.806] [3710] [HailoRT] [info] [core_op.cpp:186] [deactivate] Deactivating took 0.503954 ms
[2026-04-28 17:14:14.806] [6563] [HailoRT] [info] [queue_elements.cpp:734] [run_in_thread] Shutdown event was signaled in run_pull of queue element PullQEl_hw_read0beach_robot/conv41!
[2026-04-28 17:14:14.806] [6564] [HailoRT] [info] [queue_elements.cpp:855] [run_in_thread] Shutdown event was signaled in dequeue of UserBuffQEl0beach_robot/conv41!
[2026-04-28 17:14:14.806] [6563] [HailoRT] [info] [queue_elements.cpp:68] [operator()] Thread in element PullQEl_hw_read0beach_robot/conv41 is not running anymore, exiting..
[2026-04-28 17:14:14.806] [3710] [HailoRT] [info] [queue_elements.cpp:46] [~BaseQueueElement] Queue element PullQEl_hw_read0beach_robot/conv41 has 0 frames in his Queue on destruction
[2026-04-28 17:14:14.807] [6564] [HailoRT] [info] [queue_elements.cpp:68] [operator()] Thread in element UserBuffQEl0beach_robot/conv41 is not running anymore, exiting..
[2026-04-28 17:14:14.807] [3710] [HailoRT] [info] [queue_elements.cpp:46] [~BaseQueueElement] Queue element UserBuffQEl0beach_robot/conv41 has 0 frames in his Queue on destruction
[2026-04-28 17:14:14.807] [6565] [HailoRT] [info] [queue_elements.cpp:734] [run_in_thread] Shutdown event was signaled in run_pull of queue element PullQEl_hw_read7beach_robot/conv42!
[2026-04-28 17:14:14.807] [6566] [HailoRT] [info] [queue_elements.cpp:855] [run_in_thread] Shutdown event was signaled in dequeue of UserBuffQEl7beach_robot/conv42!
[2026-04-28 17:14:14.807] [6565] [HailoRT] [info] [queue_elements.cpp:68] [operator()] Thread in element PullQEl_hw_read7beach_robot/conv42 is not running anymore, exiting..
[2026-04-28 17:14:14.807] [3710] [HailoRT] [info] [queue_elements.cpp:46] [~BaseQueueElement] Queue element PullQEl_hw_read7beach_robot/conv42 has 0 frames in his Queue on destruction
[2026-04-28 17:14:14.807] [6566] [HailoRT] [info] [queue_elements.cpp:68] [operator()] Thread in element UserBuffQEl7beach_robot/conv42 is not running anymore, exiting..
[2026-04-28 17:14:14.807] [3710] [HailoRT] [info] [queue_elements.cpp:46] [~BaseQueueElement] Queue element UserBuffQEl7beach_robot/conv42 has 0 frames in his Queue on destruction
[2026-04-28 17:14:14.807] [6567] [HailoRT] [info] [queue_elements.cpp:734] [run_in_thread] Shutdown event was signaled in run_pull of queue element PullQEl_hw_read3beach_robot/conv52!
[2026-04-28 17:14:14.807] [6568] [HailoRT] [info] [queue_elements.cpp:855] [run_in_thread] Shutdown event was signaled in dequeue of UserBuffQEl3beach_robot/conv52!
[2026-04-28 17:14:14.807] [6567] [HailoRT] [info] [queue_elements.cpp:68] [operator()] Thread in element PullQEl_hw_read3beach_robot/conv52 is not running anymore, exiting..
[2026-04-28 17:14:14.807] [3710] [HailoRT] [info] [queue_elements.cpp:46] [~BaseQueueElement] Queue element PullQEl_hw_read3beach_robot/conv52 has 0 frames in his Queue on destruction
[2026-04-28 17:14:14.807] [6568] [HailoRT] [info] [queue_elements.cpp:68] [operator()] Thread in element UserBuffQEl3beach_robot/conv52 is not running anymore, exiting..
[2026-04-28 17:14:14.807] [3710] [HailoRT] [info] [queue_elements.cpp:46] [~BaseQueueElement] Queue element UserBuffQEl3beach_robot/conv52 has 0 frames in his Queue on destruction
[2026-04-28 17:14:14.807] [6570] [HailoRT] [info] [queue_elements.cpp:855] [run_in_thread] Shutdown event was signaled in dequeue of UserBuffQEl1beach_robot/conv53!
[2026-04-28 17:14:14.807] [6569] [HailoRT] [info] [queue_elements.cpp:734] [run_in_thread] Shutdown event was signaled in run_pull of queue element PullQEl_hw_read1beach_robot/conv53!
[2026-04-28 17:14:14.807] [6569] [HailoRT] [info] [queue_elements.cpp:68] [operator()] Thread in element PullQEl_hw_read1beach_robot/conv53 is not running anymore, exiting..
[2026-04-28 17:14:14.807] [3710] [HailoRT] [info] [queue_elements.cpp:46] [~BaseQueueElement] Queue element PullQEl_hw_read1beach_robot/conv53 has 0 frames in his Queue on destruction
[2026-04-28 17:14:14.807] [6570] [HailoRT] [info] [queue_elements.cpp:68] [operator()] Thread in element UserBuffQEl1beach_robot/conv53 is not running anymore, exiting..
[2026-04-28 17:14:14.807] [3710] [HailoRT] [info] [queue_elements.cpp:46] [~BaseQueueElement] Queue element UserBuffQEl1beach_robot/conv53 has 0 frames in his Queue on destruction
[2026-04-28 17:14:14.807] [6571] [HailoRT] [info] [queue_elements.cpp:734] [run_in_thread] Shutdown event was signaled in run_pull of queue element PullQEl_hw_read2beach_robot/conv62!
[2026-04-28 17:14:14.807] [6572] [HailoRT] [info] [queue_elements.cpp:855] [run_in_thread] Shutdown event was signaled in dequeue of UserBuffQEl2beach_robot/conv62!
[2026-04-28 17:14:14.807] [6571] [HailoRT] [info] [queue_elements.cpp:68] [operator()] Thread in element PullQEl_hw_read2beach_robot/conv62 is not running anymore, exiting..
[2026-04-28 17:14:14.807] [3710] [HailoRT] [info] [queue_elements.cpp:46] [~BaseQueueElement] Queue element PullQEl_hw_read2beach_robot/conv62 has 0 frames in his Queue on destruction
[2026-04-28 17:14:14.807] [6572] [HailoRT] [info] [queue_elements.cpp:68] [operator()] Thread in element UserBuffQEl2beach_robot/conv62 is not running anymore, exiting..
[2026-04-28 17:14:14.807] [3710] [HailoRT] [info] [queue_elements.cpp:46] [~BaseQueueElement] Queue element UserBuffQEl2beach_robot/conv62 has 0 frames in his Queue on destruction
[2026-04-28 17:14:14.807] [6573] [HailoRT] [info] [queue_elements.cpp:734] [run_in_thread] Shutdown event was signaled in run_pull of queue element PullQEl_hw_read0beach_robot/conv63!
[2026-04-28 17:14:14.807] [6574] [HailoRT] [info] [queue_elements.cpp:855] [run_in_thread] Shutdown event was signaled in dequeue of UserBuffQEl0beach_robot/conv63!
[2026-04-28 17:14:14.807] [6573] [HailoRT] [info] [queue_elements.cpp:68] [operator()] Thread in element PullQEl_hw_read0beach_robot/conv63 is not running anymore, exiting..
[2026-04-28 17:14:14.807] [3710] [HailoRT] [info] [queue_elements.cpp:46] [~BaseQueueElement] Queue element PullQEl_hw_read0beach_robot/conv63 has 0 frames in his Queue on destruction
[2026-04-28 17:14:14.807] [6574] [HailoRT] [info] [queue_elements.cpp:68] [operator()] Thread in element UserBuffQEl0beach_robot/conv63 is not running anymore, exiting..
[2026-04-28 17:14:14.807] [3710] [HailoRT] [info] [queue_elements.cpp:46] [~BaseQueueElement] Queue element UserBuffQEl0beach_robot/conv63 has 0 frames in his Queue on destruction
[2026-04-28 17:14:15.106] [3710] [HailoRT] [info] [edge_elements.cpp:52] [create] Created (HwWriteEl2beach_robot/input_layer1 | hw_frame_size: 1228800)
[2026-04-28 17:14:15.106] [3710] [HailoRT] [info] [vstream.cpp:754] [InputVStreamImpl] Creating beach_robot/input_layer1...
[2026-04-28 17:14:15.106] [3710] [HailoRT] [info] [vstream_builder.cpp:102] [create_inputs] Input pipeline 'beach_robot/input_layer1': (HwWriteEl2beach_robot/input_layer1 | hw_frame_size: 1228800) >> HW
[2026-04-28 17:14:15.106] [3710] [HailoRT] [info] [edge_elements.cpp:287] [create] Created (HwReadEl0beach_robot/conv41 | hw_frame_size: 409600)
[2026-04-28 17:14:15.106] [3710] [HailoRT] [info] [queue_elements.cpp:657] [create] Created (PullQEl_hw_read0beach_robot/conv41)
[2026-04-28 17:14:15.106] [3710] [HailoRT] [info] [filter_elements.cpp:372] [create] Created (PostInferEl0beach_robot/conv41 | Quantization - src_type: UINT8, dst_type FLOAT32, limvals_min: -10.8307, limvals_max: 18.5504)
[2026-04-28 17:14:15.106] [3710] [HailoRT] [info] [queue_elements.cpp:800] [create] Created (UserBuffQEl0beach_robot/conv41 | timeout: 10s)
[2026-04-28 17:14:15.106] [3710] [HailoRT] [info] [vstream.cpp:1114] [OutputVStreamImpl] Creating beach_robot/conv41...
[2026-04-28 17:14:15.106] [3710] [HailoRT] [info] [vstream_builder.cpp:220] [create_outputs] Output pipeline 'beach_robot/conv41': HW >> (HwReadEl0beach_robot/conv41 | hw_frame_size: 409600) >> (PullQEl_hw_read0beach_robot/conv41) >> (PostInferEl0beach_robot/conv41 | Quantization - src_type: UINT8, dst_type FLOAT32, limvals_min: -10.8307, limvals_max: 18.5504) >> (UserBuffQEl0beach_robot/conv41 | timeout: 10s)
[2026-04-28 17:14:15.106] [3710] [HailoRT] [info] [edge_elements.cpp:287] [create] Created (HwReadEl7beach_robot/conv42 | hw_frame_size: 12800)
[2026-04-28 17:14:15.106] [3710] [HailoRT] [info] [queue_elements.cpp:657] [create] Created (PullQEl_hw_read7beach_robot/conv42)
[2026-04-28 17:14:15.106] [3710] [HailoRT] [info] [filter_elements.cpp:372] [create] Created (PostInferEl7beach_robot/conv42 | Quantization - src_type: UINT8, dst_type FLOAT32, limvals_min: -25.6857, limvals_max: 0)
[2026-04-28 17:14:15.106] [3710] [HailoRT] [info] [queue_elements.cpp:800] [create] Created (UserBuffQEl7beach_robot/conv42 | timeout: 10s)
[2026-04-28 17:14:15.106] [3710] [HailoRT] [info] [vstream.cpp:1114] [OutputVStreamImpl] Creating beach_robot/conv42...
[2026-04-28 17:14:15.106] [3710] [HailoRT] [info] [vstream_builder.cpp:220] [create_outputs] Output pipeline 'beach_robot/conv42': HW >> (HwReadEl7beach_robot/conv42 | hw_frame_size: 12800) >> (PullQEl_hw_read7beach_robot/conv42) >> (PostInferEl7beach_robot/conv42 | Quantization - src_type: UINT8, dst_type FLOAT32, limvals_min: -25.6857, limvals_max: 0) >> (UserBuffQEl7beach_robot/conv42 | timeout: 10s)
[2026-04-28 17:14:15.106] [3710] [HailoRT] [info] [edge_elements.cpp:287] [create] Created (HwReadEl3beach_robot/conv52 | hw_frame_size: 102400)
[2026-04-28 17:14:15.106] [3710] [HailoRT] [info] [queue_elements.cpp:657] [create] Created (PullQEl_hw_read3beach_robot/conv52)
[2026-04-28 17:14:15.106] [3710] [HailoRT] [info] [filter_elements.cpp:372] [create] Created (PostInferEl3beach_robot/conv52 | Quantization - src_type: UINT8, dst_type FLOAT32, limvals_min: -6.53754, limvals_max: 19.9239)
[2026-04-28 17:14:15.106] [3710] [HailoRT] [info] [queue_elements.cpp:800] [create] Created (UserBuffQEl3beach_robot/conv52 | timeout: 10s)
[2026-04-28 17:14:15.106] [3710] [HailoRT] [info] [vstream.cpp:1114] [OutputVStreamImpl] Creating beach_robot/conv52...
[2026-04-28 17:14:15.106] [3710] [HailoRT] [info] [vstream_builder.cpp:220] [create_outputs] Output pipeline 'beach_robot/conv52': HW >> (HwReadEl3beach_robot/conv52 | hw_frame_size: 102400) >> (PullQEl_hw_read3beach_robot/conv52) >> (PostInferEl3beach_robot/conv52 | Quantization - src_type: UINT8, dst_type FLOAT32, limvals_min: -6.53754, limvals_max: 19.9239) >> (UserBuffQEl3beach_robot/conv52 | timeout: 10s)
[2026-04-28 17:14:15.106] [3710] [HailoRT] [info] [edge_elements.cpp:287] [create] Created (HwReadEl1beach_robot/conv53 | hw_frame_size: 3200)
[2026-04-28 17:14:15.107] [3710] [HailoRT] [info] [queue_elements.cpp:657] [create] Created (PullQEl_hw_read1beach_robot/conv53)
[2026-04-28 17:14:15.107] [3710] [HailoRT] [info] [filter_elements.cpp:372] [create] Created (PostInferEl1beach_robot/conv53 | Quantization - src_type: UINT8, dst_type FLOAT32, limvals_min: -15.7441, limvals_max: 0)
[2026-04-28 17:14:15.107] [3710] [HailoRT] [info] [queue_elements.cpp:800] [create] Created (UserBuffQEl1beach_robot/conv53 | timeout: 10s)
[2026-04-28 17:14:15.107] [3710] [HailoRT] [info] [vstream.cpp:1114] [OutputVStreamImpl] Creating beach_robot/conv53...
[2026-04-28 17:14:15.107] [3710] [HailoRT] [info] [vstream_builder.cpp:220] [create_outputs] Output pipeline 'beach_robot/conv53': HW >> (HwReadEl1beach_robot/conv53 | hw_frame_size: 3200) >> (PullQEl_hw_read1beach_robot/conv53) >> (PostInferEl1beach_robot/conv53 | Quantization - src_type: UINT8, dst_type FLOAT32, limvals_min: -15.7441, limvals_max: 0) >> (UserBuffQEl1beach_robot/conv53 | timeout: 10s)
[2026-04-28 17:14:15.107] [3710] [HailoRT] [info] [edge_elements.cpp:287] [create] Created (HwReadEl2beach_robot/conv62 | hw_frame_size: 25600)
[2026-04-28 17:14:15.107] [3710] [HailoRT] [info] [queue_elements.cpp:657] [create] Created (PullQEl_hw_read2beach_robot/conv62)
[2026-04-28 17:14:15.107] [3710] [HailoRT] [info] [filter_elements.cpp:372] [create] Created (PostInferEl2beach_robot/conv62 | Quantization - src_type: UINT8, dst_type FLOAT32, limvals_min: -8.27399, limvals_max: 14.6594)
[2026-04-28 17:14:15.107] [3710] [HailoRT] [info] [queue_elements.cpp:800] [create] Created (UserBuffQEl2beach_robot/conv62 | timeout: 10s)
[2026-04-28 17:14:15.107] [3710] [HailoRT] [info] [vstream.cpp:1114] [OutputVStreamImpl] Creating beach_robot/conv62...
[2026-04-28 17:14:15.107] [3710] [HailoRT] [info] [vstream_builder.cpp:220] [create_outputs] Output pipeline 'beach_robot/conv62': HW >> (HwReadEl2beach_robot/conv62 | hw_frame_size: 25600) >> (PullQEl_hw_read2beach_robot/conv62) >> (PostInferEl2beach_robot/conv62 | Quantization - src_type: UINT8, dst_type FLOAT32, limvals_min: -8.27399, limvals_max: 14.6594) >> (UserBuffQEl2beach_robot/conv62 | timeout: 10s)
[2026-04-28 17:14:15.107] [3710] [HailoRT] [info] [edge_elements.cpp:287] [create] Created (HwReadEl0beach_robot/conv63 | hw_frame_size: 3200)
[2026-04-28 17:14:15.107] [3710] [HailoRT] [info] [queue_elements.cpp:657] [create] Created (PullQEl_hw_read0beach_robot/conv63)
[2026-04-28 17:14:15.107] [3710] [HailoRT] [info] [filter_elements.cpp:372] [create] Created (PostInferEl0beach_robot/conv63 | Quantization - src_type: UINT8, dst_type FLOAT32, limvals_min: -15.2921, limvals_max: 1.44388 | Reorder - src_order: FCR, src_shape: (20, 20, 8), dst_order: FCR, dst_shape: (20, 20, 2))
[2026-04-28 17:14:15.107] [3710] [HailoRT] [info] [queue_elements.cpp:800] [create] Created (UserBuffQEl0beach_robot/conv63 | timeout: 10s)
[2026-04-28 17:14:15.107] [3710] [HailoRT] [info] [vstream.cpp:1114] [OutputVStreamImpl] Creating beach_robot/conv63...
[2026-04-28 17:14:15.107] [3710] [HailoRT] [info] [vstream_builder.cpp:220] [create_outputs] Output pipeline 'beach_robot/conv63': HW >> (HwReadEl0beach_robot/conv63 | hw_frame_size: 3200) >> (PullQEl_hw_read0beach_robot/conv63) >> (PostInferEl0beach_robot/conv63 | Quantization - src_type: UINT8, dst_type FLOAT32, limvals_min: -15.2921, limvals_max: 1.44388 | Reorder - src_order: FCR, src_shape: (20, 20, 8), dst_order: FCR, dst_shape: (20, 20, 2)) >> (UserBuffQEl0beach_robot/conv63 | timeout: 10s)
[2026-04-28 17:14:15.107] [3710] [HailoRT] [info] [core_op.cpp:156] [activate] Activating beach_robot took 0.525306 milliseconds. Note that the function is asynchronous and thus the network is not fully activated yet.
[2026-04-28 17:14:15.107] [3710] [HailoRT] [info] [core_op.cpp:156] [activate] Activating beach_robot took 0.534436 milliseconds. Note that the function is asynchronous and thus the network is not fully activated yet.
[2026-04-28 17:14:15.126] [6590] [HailoRT] [info] [vdevice_native_stream.cpp:331] [read_impl] Failed read from stream HAILO_STREAM_NOT_ACTIVATED(72) (device: 0001:01:00.0)
[2026-04-28 17:14:15.126] [6582] [HailoRT] [info] [vdevice_native_stream.cpp:331] [read_impl] Failed read from stream HAILO_STREAM_NOT_ACTIVATED(72) (device: 0001:01:00.0)
[2026-04-28 17:14:15.126] [6586] [HailoRT] [info] [vdevice_native_stream.cpp:331] [read_impl] Failed read from stream HAILO_STREAM_NOT_ACTIVATED(72) (device: 0001:01:00.0)
[2026-04-28 17:14:15.127] [6592] [HailoRT] [info] [vdevice_native_stream.cpp:331] [read_impl] Failed read from stream HAILO_STREAM_NOT_ACTIVATED(72) (device: 0001:01:00.0)
[2026-04-28 17:14:15.126] [6584] [HailoRT] [info] [vdevice_native_stream.cpp:331] [read_impl] Failed read from stream HAILO_STREAM_NOT_ACTIVATED(72) (device: 0001:01:00.0)
[2026-04-28 17:14:15.126] [6588] [HailoRT] [info] [vdevice_native_stream.cpp:331] [read_impl] Failed read from stream HAILO_STREAM_NOT_ACTIVATED(72) (device: 0001:01:00.0)
[2026-04-28 17:14:15.127] [3710] [HailoRT] [info] [core_op.cpp:186] [deactivate] Deactivating took 0.515657 ms
[2026-04-28 17:14:15.127] [3710] [HailoRT] [info] [core_op.cpp:186] [deactivate] Deactivating took 0.526991 ms
[2026-04-28 17:14:15.127] [6582] [HailoRT] [info] [queue_elements.cpp:734] [run_in_thread] Shutdown event was signaled in run_pull of queue element PullQEl_hw_read0beach_robot/conv41!
[2026-04-28 17:14:15.127] [6583] [HailoRT] [info] [queue_elements.cpp:855] [run_in_thread] Shutdown event was signaled in dequeue of UserBuffQEl0beach_robot/conv41!
[2026-04-28 17:14:15.127] [6582] [HailoRT] [info] [queue_elements.cpp:68] [operator()] Thread in element PullQEl_hw_read0beach_robot/conv41 is not running anymore, exiting..
[2026-04-28 17:14:15.127] [3710] [HailoRT] [info] [queue_elements.cpp:46] [~BaseQueueElement] Queue element PullQEl_hw_read0beach_robot/conv41 has 0 frames in his Queue on destruction
[2026-04-28 17:14:15.127] [6583] [HailoRT] [info] [queue_elements.cpp:68] [operator()] Thread in element UserBuffQEl0beach_robot/conv41 is not running anymore, exiting..
[2026-04-28 17:14:15.127] [3710] [HailoRT] [info] [queue_elements.cpp:46] [~BaseQueueElement] Queue element UserBuffQEl0beach_robot/conv41 has 0 frames in his Queue on destruction
[2026-04-28 17:14:15.127] [6584] [HailoRT] [info] [queue_elements.cpp:734] [run_in_thread] Shutdown event was signaled in run_pull of queue element PullQEl_hw_read7beach_robot/conv42!
[2026-04-28 17:14:15.127] [6585] [HailoRT] [info] [queue_elements.cpp:855] [run_in_thread] Shutdown event was signaled in dequeue of UserBuffQEl7beach_robot/conv42!
[2026-04-28 17:14:15.127] [6584] [HailoRT] [info] [queue_elements.cpp:68] [operator()] Thread in element PullQEl_hw_read7beach_robot/conv42 is not running anymore, exiting..
[2026-04-28 17:14:15.127] [3710] [HailoRT] [info] [queue_elements.cpp:46] [~BaseQueueElement] Queue element PullQEl_hw_read7beach_robot/conv42 has 0 frames in his Queue on destruction
[2026-04-28 17:14:15.127] [6585] [HailoRT] [info] [queue_elements.cpp:68] [operator()] Thread in element UserBuffQEl7beach_robot/conv42 is not running anymore, exiting..
[2026-04-28 17:14:15.127] [3710] [HailoRT] [info] [queue_elements.cpp:46] [~BaseQueueElement] Queue element UserBuffQEl7beach_robot/conv42 has 0 frames in his Queue on destruction
[2026-04-28 17:14:15.127] [6586] [HailoRT] [info] [queue_elements.cpp:734] [run_in_thread] Shutdown event was signaled in run_pull of queue element PullQEl_hw_read3beach_robot/conv52!
[2026-04-28 17:14:15.127] [6587] [HailoRT] [info] [queue_elements.cpp:855] [run_in_thread] Shutdown event was signaled in dequeue of UserBuffQEl3beach_robot/conv52!
[2026-04-28 17:14:15.127] [6586] [HailoRT] [info] [queue_elements.cpp:68] [operator()] Thread in element PullQEl_hw_read3beach_robot/conv52 is not running anymore, exiting..
[2026-04-28 17:14:15.127] [3710] [HailoRT] [info] [queue_elements.cpp:46] [~BaseQueueElement] Queue element PullQEl_hw_read3beach_robot/conv52 has 0 frames in his Queue on destruction
[2026-04-28 17:14:15.127] [6587] [HailoRT] [info] [queue_elements.cpp:68] [operator()] Thread in element UserBuffQEl3beach_robot/conv52 is not running anymore, exiting..
[2026-04-28 17:14:15.127] [3710] [HailoRT] [info] [queue_elements.cpp:46] [~BaseQueueElement] Queue element UserBuffQEl3beach_robot/conv52 has 0 frames in his Queue on destruction
[2026-04-28 17:14:15.127] [6588] [HailoRT] [info] [queue_elements.cpp:734] [run_in_thread] Shutdown event was signaled in run_pull of queue element PullQEl_hw_read1beach_robot/conv53!
[2026-04-28 17:14:15.127] [6589] [HailoRT] [info] [queue_elements.cpp:855] [run_in_thread] Shutdown event was signaled in dequeue of UserBuffQEl1beach_robot/conv53!
[2026-04-28 17:14:15.127] [6588] [HailoRT] [info] [queue_elements.cpp:68] [operator()] Thread in element PullQEl_hw_read1beach_robot/conv53 is not running anymore, exiting..
[2026-04-28 17:14:15.127] [3710] [HailoRT] [info] [queue_elements.cpp:46] [~BaseQueueElement] Queue element PullQEl_hw_read1beach_robot/conv53 has 0 frames in his Queue on destruction
[2026-04-28 17:14:15.127] [6589] [HailoRT] [info] [queue_elements.cpp:68] [operator()] Thread in element UserBuffQEl1beach_robot/conv53 is not running anymore, exiting..
[2026-04-28 17:14:15.127] [3710] [HailoRT] [info] [queue_elements.cpp:46] [~BaseQueueElement] Queue element UserBuffQEl1beach_robot/conv53 has 0 frames in his Queue on destruction
[2026-04-28 17:14:15.127] [6590] [HailoRT] [info] [queue_elements.cpp:734] [run_in_thread] Shutdown event was signaled in run_pull of queue element PullQEl_hw_read2beach_robot/conv62!
[2026-04-28 17:14:15.127] [6591] [HailoRT] [info] [queue_elements.cpp:855] [run_in_thread] Shutdown event was signaled in dequeue of UserBuffQEl2beach_robot/conv62!
[2026-04-28 17:14:15.127] [6590] [HailoRT] [info] [queue_elements.cpp:68] [operator()] Thread in element PullQEl_hw_read2beach_robot/conv62 is not running anymore, exiting..
[2026-04-28 17:14:15.127] [3710] [HailoRT] [info] [queue_elements.cpp:46] [~BaseQueueElement] Queue element PullQEl_hw_read2beach_robot/conv62 has 0 frames in his Queue on destruction
[2026-04-28 17:14:15.127] [6591] [HailoRT] [info] [queue_elements.cpp:68] [operator()] Thread in element UserBuffQEl2beach_robot/conv62 is not running anymore, exiting..
[2026-04-28 17:14:15.127] [3710] [HailoRT] [info] [queue_elements.cpp:46] [~BaseQueueElement] Queue element UserBuffQEl2beach_robot/conv62 has 0 frames in his Queue on destruction
[2026-04-28 17:14:15.128] [6592] [HailoRT] [info] [queue_elements.cpp:734] [run_in_thread] Shutdown event was signaled in run_pull of queue element PullQEl_hw_read0beach_robot/conv63!
[2026-04-28 17:14:15.128] [6593] [HailoRT] [info] [queue_elements.cpp:855] [run_in_thread] Shutdown event was signaled in dequeue of UserBuffQEl0beach_robot/conv63!
[2026-04-28 17:14:15.128] [6592] [HailoRT] [info] [queue_elements.cpp:68] [operator()] Thread in element PullQEl_hw_read0beach_robot/conv63 is not running anymore, exiting..
[2026-04-28 17:14:15.128] [3710] [HailoRT] [info] [queue_elements.cpp:46] [~BaseQueueElement] Queue element PullQEl_hw_read0beach_robot/conv63 has 0 frames in his Queue on destruction
[2026-04-28 17:14:15.128] [6593] [HailoRT] [info] [queue_elements.cpp:68] [operator()] Thread in element UserBuffQEl0beach_robot/conv63 is not running anymore, exiting..
[2026-04-28 17:14:15.128] [3710] [HailoRT] [info] [queue_elements.cpp:46] [~BaseQueueElement] Queue element UserBuffQEl0beach_robot/conv63 has 0 frames in his Queue on destruction
[2026-04-28 17:14:15.427] [3710] [HailoRT] [info] [edge_elements.cpp:52] [create] Created (HwWriteEl2beach_robot/input_layer1 | hw_frame_size: 1228800)
[2026-04-28 17:14:15.427] [3710] [HailoRT] [info] [vstream.cpp:754] [InputVStreamImpl] Creating beach_robot/input_layer1...
[2026-04-28 17:14:15.427] [3710] [HailoRT] [info] [vstream_builder.cpp:102] [create_inputs] Input pipeline 'beach_robot/input_layer1': (HwWriteEl2beach_robot/input_layer1 | hw_frame_size: 1228800) >> HW
[2026-04-28 17:14:15.427] [3710] [HailoRT] [info] [edge_elements.cpp:287] [create] Created (HwReadEl0beach_robot/conv41 | hw_frame_size: 409600)
[2026-04-28 17:14:15.427] [3710] [HailoRT] [info] [queue_elements.cpp:657] [create] Created (PullQEl_hw_read0beach_robot/conv41)
[2026-04-28 17:14:15.427] [3710] [HailoRT] [info] [filter_elements.cpp:372] [create] Created (PostInferEl0beach_robot/conv41 | Quantization - src_type: UINT8, dst_type FLOAT32, limvals_min: -10.8307, limvals_max: 18.5504)
[2026-04-28 17:14:15.427] [3710] [HailoRT] [info] [queue_elements.cpp:800] [create] Created (UserBuffQEl0beach_robot/conv41 | timeout: 10s)
[2026-04-28 17:14:15.427] [3710] [HailoRT] [info] [vstream.cpp:1114] [OutputVStreamImpl] Creating beach_robot/conv41...
[2026-04-28 17:14:15.427] [3710] [HailoRT] [info] [vstream_builder.cpp:220] [create_outputs] Output pipeline 'beach_robot/conv41': HW >> (HwReadEl0beach_robot/conv41 | hw_frame_size: 409600) >> (PullQEl_hw_read0beach_robot/conv41) >> (PostInferEl0beach_robot/conv41 | Quantization - src_type: UINT8, dst_type FLOAT32, limvals_min: -10.8307, limvals_max: 18.5504) >> (UserBuffQEl0beach_robot/conv41 | timeout: 10s)
[2026-04-28 17:14:15.427] [3710] [HailoRT] [info] [edge_elements.cpp:287] [create] Created (HwReadEl7beach_robot/conv42 | hw_frame_size: 12800)
[2026-04-28 17:14:15.427] [3710] [HailoRT] [info] [queue_elements.cpp:657] [create] Created (PullQEl_hw_read7beach_robot/conv42)
[2026-04-28 17:14:15.427] [3710] [HailoRT] [info] [filter_elements.cpp:372] [create] Created (PostInferEl7beach_robot/conv42 | Quantization - src_type: UINT8, dst_type FLOAT32, limvals_min: -25.6857, limvals_max: 0)
[2026-04-28 17:14:15.427] [3710] [HailoRT] [info] [queue_elements.cpp:800] [create] Created (UserBuffQEl7beach_robot/conv42 | timeout: 10s)
[2026-04-28 17:14:15.427] [3710] [HailoRT] [info] [vstream.cpp:1114] [OutputVStreamImpl] Creating beach_robot/conv42...
[2026-04-28 17:14:15.427] [3710] [HailoRT] [info] [vstream_builder.cpp:220] [create_outputs] Output pipeline 'beach_robot/conv42': HW >> (HwReadEl7beach_robot/conv42 | hw_frame_size: 12800) >> (PullQEl_hw_read7beach_robot/conv42) >> (PostInferEl7beach_robot/conv42 | Quantization - src_type: UINT8, dst_type FLOAT32, limvals_min: -25.6857, limvals_max: 0) >> (UserBuffQEl7beach_robot/conv42 | timeout: 10s)
[2026-04-28 17:14:15.428] [3710] [HailoRT] [info] [edge_elements.cpp:287] [create] Created (HwReadEl3beach_robot/conv52 | hw_frame_size: 102400)
[2026-04-28 17:14:15.428] [3710] [HailoRT] [info] [queue_elements.cpp:657] [create] Created (PullQEl_hw_read3beach_robot/conv52)
[2026-04-28 17:14:15.428] [3710] [HailoRT] [info] [filter_elements.cpp:372] [create] Created (PostInferEl3beach_robot/conv52 | Quantization - src_type: UINT8, dst_type FLOAT32, limvals_min: -6.53754, limvals_max: 19.9239)
[2026-04-28 17:14:15.428] [3710] [HailoRT] [info] [queue_elements.cpp:800] [create] Created (UserBuffQEl3beach_robot/conv52 | timeout: 10s)
[2026-04-28 17:14:15.428] [3710] [HailoRT] [info] [vstream.cpp:1114] [OutputVStreamImpl] Creating beach_robot/conv52...
[2026-04-28 17:14:15.428] [3710] [HailoRT] [info] [vstream_builder.cpp:220] [create_outputs] Output pipeline 'beach_robot/conv52': HW >> (HwReadEl3beach_robot/conv52 | hw_frame_size: 102400) >> (PullQEl_hw_read3beach_robot/conv52) >> (PostInferEl3beach_robot/conv52 | Quantization - src_type: UINT8, dst_type FLOAT32, limvals_min: -6.53754, limvals_max: 19.9239) >> (UserBuffQEl3beach_robot/conv52 | timeout: 10s)
[2026-04-28 17:14:15.428] [3710] [HailoRT] [info] [edge_elements.cpp:287] [create] Created (HwReadEl1beach_robot/conv53 | hw_frame_size: 3200)
[2026-04-28 17:14:15.428] [3710] [HailoRT] [info] [queue_elements.cpp:657] [create] Created (PullQEl_hw_read1beach_robot/conv53)
[2026-04-28 17:14:15.428] [3710] [HailoRT] [info] [filter_elements.cpp:372] [create] Created (PostInferEl1beach_robot/conv53 | Quantization - src_type: UINT8, dst_type FLOAT32, limvals_min: -15.7441, limvals_max: 0)
[2026-04-28 17:14:15.428] [3710] [HailoRT] [info] [queue_elements.cpp:800] [create] Created (UserBuffQEl1beach_robot/conv53 | timeout: 10s)
[2026-04-28 17:14:15.428] [3710] [HailoRT] [info] [vstream.cpp:1114] [OutputVStreamImpl] Creating beach_robot/conv53...
[2026-04-28 17:14:15.428] [3710] [HailoRT] [info] [vstream_builder.cpp:220] [create_outputs] Output pipeline 'beach_robot/conv53': HW >> (HwReadEl1beach_robot/conv53 | hw_frame_size: 3200) >> (PullQEl_hw_read1beach_robot/conv53) >> (PostInferEl1beach_robot/conv53 | Quantization - src_type: UINT8, dst_type FLOAT32, limvals_min: -15.7441, limvals_max: 0) >> (UserBuffQEl1beach_robot/conv53 | timeout: 10s)
[2026-04-28 17:14:15.428] [3710] [HailoRT] [info] [edge_elements.cpp:287] [create] Created (HwReadEl2beach_robot/conv62 | hw_frame_size: 25600)
[2026-04-28 17:14:15.428] [3710] [HailoRT] [info] [queue_elements.cpp:657] [create] Created (PullQEl_hw_read2beach_robot/conv62)
[2026-04-28 17:14:15.428] [3710] [HailoRT] [info] [filter_elements.cpp:372] [create] Created (PostInferEl2beach_robot/conv62 | Quantization - src_type: UINT8, dst_type FLOAT32, limvals_min: -8.27399, limvals_max: 14.6594)
[2026-04-28 17:14:15.428] [3710] [HailoRT] [info] [queue_elements.cpp:800] [create] Created (UserBuffQEl2beach_robot/conv62 | timeout: 10s)
[2026-04-28 17:14:15.428] [3710] [HailoRT] [info] [vstream.cpp:1114] [OutputVStreamImpl] Creating beach_robot/conv62...
[2026-04-28 17:14:15.428] [3710] [HailoRT] [info] [vstream_builder.cpp:220] [create_outputs] Output pipeline 'beach_robot/conv62': HW >> (HwReadEl2beach_robot/conv62 | hw_frame_size: 25600) >> (PullQEl_hw_read2beach_robot/conv62) >> (PostInferEl2beach_robot/conv62 | Quantization - src_type: UINT8, dst_type FLOAT32, limvals_min: -8.27399, limvals_max: 14.6594) >> (UserBuffQEl2beach_robot/conv62 | timeout: 10s)
[2026-04-28 17:14:15.428] [3710] [HailoRT] [info] [edge_elements.cpp:287] [create] Created (HwReadEl0beach_robot/conv63 | hw_frame_size: 3200)
[2026-04-28 17:14:15.428] [3710] [HailoRT] [info] [queue_elements.cpp:657] [create] Created (PullQEl_hw_read0beach_robot/conv63)
[2026-04-28 17:14:15.428] [3710] [HailoRT] [info] [filter_elements.cpp:372] [create] Created (PostInferEl0beach_robot/conv63 | Quantization - src_type: UINT8, dst_type FLOAT32, limvals_min: -15.2921, limvals_max: 1.44388 | Reorder - src_order: FCR, src_shape: (20, 20, 8), dst_order: FCR, dst_shape: (20, 20, 2))
[2026-04-28 17:14:15.428] [3710] [HailoRT] [info] [queue_elements.cpp:800] [create] Created (UserBuffQEl0beach_robot/conv63 | timeout: 10s)
[2026-04-28 17:14:15.428] [3710] [HailoRT] [info] [vstream.cpp:1114] [OutputVStreamImpl] Creating beach_robot/conv63...
[2026-04-28 17:14:15.428] [3710] [HailoRT] [info] [vstream_builder.cpp:220] [create_outputs] Output pipeline 'beach_robot/conv63': HW >> (HwReadEl0beach_robot/conv63 | hw_frame_size: 3200) >> (PullQEl_hw_read0beach_robot/conv63) >> (PostInferEl0beach_robot/conv63 | Quantization - src_type: UINT8, dst_type FLOAT32, limvals_min: -15.2921, limvals_max: 1.44388 | Reorder - src_order: FCR, src_shape: (20, 20, 8), dst_order: FCR, dst_shape: (20, 20, 2)) >> (UserBuffQEl0beach_robot/conv63 | timeout: 10s)
[2026-04-28 17:14:15.429] [3710] [HailoRT] [info] [core_op.cpp:156] [activate] Activating beach_robot took 0.533324 milliseconds. Note that the function is asynchronous and thus the network is not fully activated yet.
[2026-04-28 17:14:15.429] [3710] [HailoRT] [info] [core_op.cpp:156] [activate] Activating beach_robot took 0.542732 milliseconds. Note that the function is asynchronous and thus the network is not fully activated yet.
[2026-04-28 17:14:15.448] [6601] [HailoRT] [info] [vdevice_native_stream.cpp:331] [read_impl] Failed read from stream HAILO_STREAM_NOT_ACTIVATED(72) (device: 0001:01:00.0)
[2026-04-28 17:14:15.448] [6605] [HailoRT] [info] [vdevice_native_stream.cpp:331] [read_impl] Failed read from stream HAILO_STREAM_NOT_ACTIVATED(72) (device: 0001:01:00.0)
[2026-04-28 17:14:15.448] [6603] [HailoRT] [info] [vdevice_native_stream.cpp:331] [read_impl] Failed read from stream HAILO_STREAM_NOT_ACTIVATED(72) (device: 0001:01:00.0)
[2026-04-28 17:14:15.448] [6607] [HailoRT] [info] [vdevice_native_stream.cpp:331] [read_impl] Failed read from stream HAILO_STREAM_NOT_ACTIVATED(72) (device: 0001:01:00.0)
[2026-04-28 17:14:15.448] [6609] [HailoRT] [info] [vdevice_native_stream.cpp:331] [read_impl] Failed read from stream HAILO_STREAM_NOT_ACTIVATED(72) (device: 0001:01:00.0)
[2026-04-28 17:14:15.448] [6611] [HailoRT] [info] [vdevice_native_stream.cpp:331] [read_impl] Failed read from stream HAILO_STREAM_NOT_ACTIVATED(72) (device: 0001:01:00.0)
[2026-04-28 17:14:15.448] [3710] [HailoRT] [info] [core_op.cpp:186] [deactivate] Deactivating took 0.501602 ms
[2026-04-28 17:14:15.448] [3710] [HailoRT] [info] [core_op.cpp:186] [deactivate] Deactivating took 0.513621 ms
[2026-04-28 17:14:15.448] [6601] [HailoRT] [info] [queue_elements.cpp:734] [run_in_thread] Shutdown event was signaled in run_pull of queue element PullQEl_hw_read0beach_robot/conv41!
[2026-04-28 17:14:15.448] [6602] [HailoRT] [info] [queue_elements.cpp:855] [run_in_thread] Shutdown event was signaled in dequeue of UserBuffQEl0beach_robot/conv41!
[2026-04-28 17:14:15.448] [6601] [HailoRT] [info] [queue_elements.cpp:68] [operator()] Thread in element PullQEl_hw_read0beach_robot/conv41 is not running anymore, exiting..
[2026-04-28 17:14:15.448] [3710] [HailoRT] [info] [queue_elements.cpp:46] [~BaseQueueElement] Queue element PullQEl_hw_read0beach_robot/conv41 has 0 frames in his Queue on destruction
[2026-04-28 17:14:15.448] [6602] [HailoRT] [info] [queue_elements.cpp:68] [operator()] Thread in element UserBuffQEl0beach_robot/conv41 is not running anymore, exiting..
[2026-04-28 17:14:15.448] [3710] [HailoRT] [info] [queue_elements.cpp:46] [~BaseQueueElement] Queue element UserBuffQEl0beach_robot/conv41 has 0 frames in his Queue on destruction
[2026-04-28 17:14:15.448] [6603] [HailoRT] [info] [queue_elements.cpp:734] [run_in_thread] Shutdown event was signaled in run_pull of queue element PullQEl_hw_read7beach_robot/conv42!
[2026-04-28 17:14:15.448] [6604] [HailoRT] [info] [queue_elements.cpp:855] [run_in_thread] Shutdown event was signaled in dequeue of UserBuffQEl7beach_robot/conv42!
[2026-04-28 17:14:15.448] [6603] [HailoRT] [info] [queue_elements.cpp:68] [operator()] Thread in element PullQEl_hw_read7beach_robot/conv42 is not running anymore, exiting..
[2026-04-28 17:14:15.448] [3710] [HailoRT] [info] [queue_elements.cpp:46] [~BaseQueueElement] Queue element PullQEl_hw_read7beach_robot/conv42 has 0 frames in his Queue on destruction
[2026-04-28 17:14:15.448] [6604] [HailoRT] [info] [queue_elements.cpp:68] [operator()] Thread in element UserBuffQEl7beach_robot/conv42 is not running anymore, exiting..
[2026-04-28 17:14:15.448] [3710] [HailoRT] [info] [queue_elements.cpp:46] [~BaseQueueElement] Queue element UserBuffQEl7beach_robot/conv42 has 0 frames in his Queue on destruction
[2026-04-28 17:14:15.448] [6605] [HailoRT] [info] [queue_elements.cpp:734] [run_in_thread] Shutdown event was signaled in run_pull of queue element PullQEl_hw_read3beach_robot/conv52!
[2026-04-28 17:14:15.449] [6606] [HailoRT] [info] [queue_elements.cpp:855] [run_in_thread] Shutdown event was signaled in dequeue of UserBuffQEl3beach_robot/conv52!
[2026-04-28 17:14:15.449] [6605] [HailoRT] [info] [queue_elements.cpp:68] [operator()] Thread in element PullQEl_hw_read3beach_robot/conv52 is not running anymore, exiting..
[2026-04-28 17:14:15.449] [3710] [HailoRT] [info] [queue_elements.cpp:46] [~BaseQueueElement] Queue element PullQEl_hw_read3beach_robot/conv52 has 0 frames in his Queue on destruction
[2026-04-28 17:14:15.449] [6606] [HailoRT] [info] [queue_elements.cpp:68] [operator()] Thread in element UserBuffQEl3beach_robot/conv52 is not running anymore, exiting..
[2026-04-28 17:14:15.449] [3710] [HailoRT] [info] [queue_elements.cpp:46] [~BaseQueueElement] Queue element UserBuffQEl3beach_robot/conv52 has 0 frames in his Queue on destruction
[2026-04-28 17:14:15.449] [6608] [HailoRT] [info] [queue_elements.cpp:855] [run_in_thread] Shutdown event was signaled in dequeue of UserBuffQEl1beach_robot/conv53!
[2026-04-28 17:14:15.449] [6607] [HailoRT] [info] [queue_elements.cpp:734] [run_in_thread] Shutdown event was signaled in run_pull of queue element PullQEl_hw_read1beach_robot/conv53!
[2026-04-28 17:14:15.449] [6607] [HailoRT] [info] [queue_elements.cpp:68] [operator()] Thread in element PullQEl_hw_read1beach_robot/conv53 is not running anymore, exiting..
[2026-04-28 17:14:15.449] [3710] [HailoRT] [info] [queue_elements.cpp:46] [~BaseQueueElement] Queue element PullQEl_hw_read1beach_robot/conv53 has 0 frames in his Queue on destruction
[2026-04-28 17:14:15.449] [6608] [HailoRT] [info] [queue_elements.cpp:68] [operator()] Thread in element UserBuffQEl1beach_robot/conv53 is not running anymore, exiting..
[2026-04-28 17:14:15.449] [3710] [HailoRT] [info] [queue_elements.cpp:46] [~BaseQueueElement] Queue element UserBuffQEl1beach_robot/conv53 has 0 frames in his Queue on destruction
[2026-04-28 17:14:15.449] [6609] [HailoRT] [info] [queue_elements.cpp:734] [run_in_thread] Shutdown event was signaled in run_pull of queue element PullQEl_hw_read2beach_robot/conv62!
[2026-04-28 17:14:15.449] [6610] [HailoRT] [info] [queue_elements.cpp:855] [run_in_thread] Shutdown event was signaled in dequeue of UserBuffQEl2beach_robot/conv62!
[2026-04-28 17:14:15.449] [6609] [HailoRT] [info] [queue_elements.cpp:68] [operator()] Thread in element PullQEl_hw_read2beach_robot/conv62 is not running anymore, exiting..
[2026-04-28 17:14:15.449] [3710] [HailoRT] [info] [queue_elements.cpp:46] [~BaseQueueElement] Queue element PullQEl_hw_read2beach_robot/conv62 has 0 frames in his Queue on destruction
[2026-04-28 17:14:15.449] [6610] [HailoRT] [info] [queue_elements.cpp:68] [operator()] Thread in element UserBuffQEl2beach_robot/conv62 is not running anymore, exiting..
[2026-04-28 17:14:15.449] [3710] [HailoRT] [info] [queue_elements.cpp:46] [~BaseQueueElement] Queue element UserBuffQEl2beach_robot/conv62 has 0 frames in his Queue on destruction
[2026-04-28 17:14:15.449] [6611] [HailoRT] [info] [queue_elements.cpp:734] [run_in_thread] Shutdown event was signaled in run_pull of queue element PullQEl_hw_read0beach_robot/conv63!
[2026-04-28 17:14:15.449] [6612] [HailoRT] [info] [queue_elements.cpp:855] [run_in_thread] Shutdown event was signaled in dequeue of UserBuffQEl0beach_robot/conv63!
[2026-04-28 17:14:15.449] [6611] [HailoRT] [info] [queue_elements.cpp:68] [operator()] Thread in element PullQEl_hw_read0beach_robot/conv63 is not running anymore, exiting..
[2026-04-28 17:14:15.449] [3710] [HailoRT] [info] [queue_elements.cpp:46] [~BaseQueueElement] Queue element PullQEl_hw_read0beach_robot/conv63 has 0 frames in his Queue on destruction
[2026-04-28 17:14:15.449] [6612] [HailoRT] [info] [queue_elements.cpp:68] [operator()] Thread in element UserBuffQEl0beach_robot/conv63 is not running anymore, exiting..
[2026-04-28 17:14:15.449] [3710] [HailoRT] [info] [queue_elements.cpp:46] [~BaseQueueElement] Queue element UserBuffQEl0beach_robot/conv63 has 0 frames in his Queue on destruction
[2026-04-28 17:14:15.749] [3710] [HailoRT] [info] [edge_elements.cpp:52] [create] Created (HwWriteEl2beach_robot/input_layer1 | hw_frame_size: 1228800)
[2026-04-28 17:14:15.749] [3710] [HailoRT] [info] [vstream.cpp:754] [InputVStreamImpl] Creating beach_robot/input_layer1...
[2026-04-28 17:14:15.749] [3710] [HailoRT] [info] [vstream_builder.cpp:102] [create_inputs] Input pipeline 'beach_robot/input_layer1': (HwWriteEl2beach_robot/input_layer1 | hw_frame_size: 1228800) >> HW
[2026-04-28 17:14:15.749] [3710] [HailoRT] [info] [edge_elements.cpp:287] [create] Created (HwReadEl0beach_robot/conv41 | hw_frame_size: 409600)
[2026-04-28 17:14:15.749] [3710] [HailoRT] [info] [queue_elements.cpp:657] [create] Created (PullQEl_hw_read0beach_robot/conv41)
[2026-04-28 17:14:15.749] [3710] [HailoRT] [info] [filter_elements.cpp:372] [create] Created (PostInferEl0beach_robot/conv41 | Quantization - src_type: UINT8, dst_type FLOAT32, limvals_min: -10.8307, limvals_max: 18.5504)
[2026-04-28 17:14:15.749] [3710] [HailoRT] [info] [queue_elements.cpp:800] [create] Created (UserBuffQEl0beach_robot/conv41 | timeout: 10s)
[2026-04-28 17:14:15.749] [3710] [HailoRT] [info] [vstream.cpp:1114] [OutputVStreamImpl] Creating beach_robot/conv41...
[2026-04-28 17:14:15.749] [3710] [HailoRT] [info] [vstream_builder.cpp:220] [create_outputs] Output pipeline 'beach_robot/conv41': HW >> (HwReadEl0beach_robot/conv41 | hw_frame_size: 409600) >> (PullQEl_hw_read0beach_robot/conv41) >> (PostInferEl0beach_robot/conv41 | Quantization - src_type: UINT8, dst_type FLOAT32, limvals_min: -10.8307, limvals_max: 18.5504) >> (UserBuffQEl0beach_robot/conv41 | timeout: 10s)
[2026-04-28 17:14:15.749] [3710] [HailoRT] [info] [edge_elements.cpp:287] [create] Created (HwReadEl7beach_robot/conv42 | hw_frame_size: 12800)
[2026-04-28 17:14:15.749] [3710] [HailoRT] [info] [queue_elements.cpp:657] [create] Created (PullQEl_hw_read7beach_robot/conv42)
[2026-04-28 17:14:15.749] [3710] [HailoRT] [info] [filter_elements.cpp:372] [create] Created (PostInferEl7beach_robot/conv42 | Quantization - src_type: UINT8, dst_type FLOAT32, limvals_min: -25.6857, limvals_max: 0)
[2026-04-28 17:14:15.749] [3710] [HailoRT] [info] [queue_elements.cpp:800] [create] Created (UserBuffQEl7beach_robot/conv42 | timeout: 10s)
[2026-04-28 17:14:15.749] [3710] [HailoRT] [info] [vstream.cpp:1114] [OutputVStreamImpl] Creating beach_robot/conv42...
[2026-04-28 17:14:15.749] [3710] [HailoRT] [info] [vstream_builder.cpp:220] [create_outputs] Output pipeline 'beach_robot/conv42': HW >> (HwReadEl7beach_robot/conv42 | hw_frame_size: 12800) >> (PullQEl_hw_read7beach_robot/conv42) >> (PostInferEl7beach_robot/conv42 | Quantization - src_type: UINT8, dst_type FLOAT32, limvals_min: -25.6857, limvals_max: 0) >> (UserBuffQEl7beach_robot/conv42 | timeout: 10s)
[2026-04-28 17:14:15.749] [3710] [HailoRT] [info] [edge_elements.cpp:287] [create] Created (HwReadEl3beach_robot/conv52 | hw_frame_size: 102400)
[2026-04-28 17:14:15.749] [3710] [HailoRT] [info] [queue_elements.cpp:657] [create] Created (PullQEl_hw_read3beach_robot/conv52)
[2026-04-28 17:14:15.749] [3710] [HailoRT] [info] [filter_elements.cpp:372] [create] Created (PostInferEl3beach_robot/conv52 | Quantization - src_type: UINT8, dst_type FLOAT32, limvals_min: -6.53754, limvals_max: 19.9239)
[2026-04-28 17:14:15.750] [3710] [HailoRT] [info] [queue_elements.cpp:800] [create] Created (UserBuffQEl3beach_robot/conv52 | timeout: 10s)
[2026-04-28 17:14:15.750] [3710] [HailoRT] [info] [vstream.cpp:1114] [OutputVStreamImpl] Creating beach_robot/conv52...
[2026-04-28 17:14:15.750] [3710] [HailoRT] [info] [vstream_builder.cpp:220] [create_outputs] Output pipeline 'beach_robot/conv52': HW >> (HwReadEl3beach_robot/conv52 | hw_frame_size: 102400) >> (PullQEl_hw_read3beach_robot/conv52) >> (PostInferEl3beach_robot/conv52 | Quantization - src_type: UINT8, dst_type FLOAT32, limvals_min: -6.53754, limvals_max: 19.9239) >> (UserBuffQEl3beach_robot/conv52 | timeout: 10s)
[2026-04-28 17:14:15.750] [3710] [HailoRT] [info] [edge_elements.cpp:287] [create] Created (HwReadEl1beach_robot/conv53 | hw_frame_size: 3200)
[2026-04-28 17:14:15.750] [3710] [HailoRT] [info] [queue_elements.cpp:657] [create] Created (PullQEl_hw_read1beach_robot/conv53)
[2026-04-28 17:14:15.750] [3710] [HailoRT] [info] [filter_elements.cpp:372] [create] Created (PostInferEl1beach_robot/conv53 | Quantization - src_type: UINT8, dst_type FLOAT32, limvals_min: -15.7441, limvals_max: 0)
[2026-04-28 17:14:15.750] [3710] [HailoRT] [info] [queue_elements.cpp:800] [create] Created (UserBuffQEl1beach_robot/conv53 | timeout: 10s)
[2026-04-28 17:14:15.750] [3710] [HailoRT] [info] [vstream.cpp:1114] [OutputVStreamImpl] Creating beach_robot/conv53...
[2026-04-28 17:14:15.750] [3710] [HailoRT] [info] [vstream_builder.cpp:220] [create_outputs] Output pipeline 'beach_robot/conv53': HW >> (HwReadEl1beach_robot/conv53 | hw_frame_size: 3200) >> (PullQEl_hw_read1beach_robot/conv53) >> (PostInferEl1beach_robot/conv53 | Quantization - src_type: UINT8, dst_type FLOAT32, limvals_min: -15.7441, limvals_max: 0) >> (UserBuffQEl1beach_robot/conv53 | timeout: 10s)
[2026-04-28 17:14:15.750] [3710] [HailoRT] [info] [edge_elements.cpp:287] [create] Created (HwReadEl2beach_robot/conv62 | hw_frame_size: 25600)
[2026-04-28 17:14:15.750] [3710] [HailoRT] [info] [queue_elements.cpp:657] [create] Created (PullQEl_hw_read2beach_robot/conv62)
[2026-04-28 17:14:15.750] [3710] [HailoRT] [info] [filter_elements.cpp:372] [create] Created (PostInferEl2beach_robot/conv62 | Quantization - src_type: UINT8, dst_type FLOAT32, limvals_min: -8.27399, limvals_max: 14.6594)
[2026-04-28 17:14:15.750] [3710] [HailoRT] [info] [queue_elements.cpp:800] [create] Created (UserBuffQEl2beach_robot/conv62 | timeout: 10s)
[2026-04-28 17:14:15.750] [3710] [HailoRT] [info] [vstream.cpp:1114] [OutputVStreamImpl] Creating beach_robot/conv62...
[2026-04-28 17:14:15.750] [3710] [HailoRT] [info] [vstream_builder.cpp:220] [create_outputs] Output pipeline 'beach_robot/conv62': HW >> (HwReadEl2beach_robot/conv62 | hw_frame_size: 25600) >> (PullQEl_hw_read2beach_robot/conv62) >> (PostInferEl2beach_robot/conv62 | Quantization - src_type: UINT8, dst_type FLOAT32, limvals_min: -8.27399, limvals_max: 14.6594) >> (UserBuffQEl2beach_robot/conv62 | timeout: 10s)
[2026-04-28 17:14:15.750] [3710] [HailoRT] [info] [edge_elements.cpp:287] [create] Created (HwReadEl0beach_robot/conv63 | hw_frame_size: 3200)
[2026-04-28 17:14:15.750] [3710] [HailoRT] [info] [queue_elements.cpp:657] [create] Created (PullQEl_hw_read0beach_robot/conv63)
[2026-04-28 17:14:15.750] [3710] [HailoRT] [info] [filter_elements.cpp:372] [create] Created (PostInferEl0beach_robot/conv63 | Quantization - src_type: UINT8, dst_type FLOAT32, limvals_min: -15.2921, limvals_max: 1.44388 | Reorder - src_order: FCR, src_shape: (20, 20, 8), dst_order: FCR, dst_shape: (20, 20, 2))
[2026-04-28 17:14:15.750] [3710] [HailoRT] [info] [queue_elements.cpp:800] [create] Created (UserBuffQEl0beach_robot/conv63 | timeout: 10s)
[2026-04-28 17:14:15.750] [3710] [HailoRT] [info] [vstream.cpp:1114] [OutputVStreamImpl] Creating beach_robot/conv63...
[2026-04-28 17:14:15.750] [3710] [HailoRT] [info] [vstream_builder.cpp:220] [create_outputs] Output pipeline 'beach_robot/conv63': HW >> (HwReadEl0beach_robot/conv63 | hw_frame_size: 3200) >> (PullQEl_hw_read0beach_robot/conv63) >> (PostInferEl0beach_robot/conv63 | Quantization - src_type: UINT8, dst_type FLOAT32, limvals_min: -15.2921, limvals_max: 1.44388 | Reorder - src_order: FCR, src_shape: (20, 20, 8), dst_order: FCR, dst_shape: (20, 20, 2)) >> (UserBuffQEl0beach_robot/conv63 | timeout: 10s)
[2026-04-28 17:14:15.751] [3710] [HailoRT] [info] [core_op.cpp:156] [activate] Activating beach_robot took 0.527306 milliseconds. Note that the function is asynchronous and thus the network is not fully activated yet.
[2026-04-28 17:14:15.751] [3710] [HailoRT] [info] [core_op.cpp:156] [activate] Activating beach_robot took 0.536547 milliseconds. Note that the function is asynchronous and thus the network is not fully activated yet.
[2026-04-28 17:14:15.770] [6624] [HailoRT] [info] [vdevice_native_stream.cpp:331] [read_impl] Failed read from stream HAILO_STREAM_NOT_ACTIVATED(72) (device: 0001:01:00.0)
[2026-04-28 17:14:15.770] [6620] [HailoRT] [info] [vdevice_native_stream.cpp:331] [read_impl] Failed read from stream HAILO_STREAM_NOT_ACTIVATED(72) (device: 0001:01:00.0)
[2026-04-28 17:14:15.770] [6622] [HailoRT] [info] [vdevice_native_stream.cpp:331] [read_impl] Failed read from stream HAILO_STREAM_NOT_ACTIVATED(72) (device: 0001:01:00.0)
[2026-04-28 17:14:15.770] [6630] [HailoRT] [info] [vdevice_native_stream.cpp:331] [read_impl] Failed read from stream HAILO_STREAM_NOT_ACTIVATED(72) (device: 0001:01:00.0)
[2026-04-28 17:14:15.770] [6626] [HailoRT] [info] [vdevice_native_stream.cpp:331] [read_impl] Failed read from stream HAILO_STREAM_NOT_ACTIVATED(72) (device: 0001:01:00.0)
[2026-04-28 17:14:15.770] [6628] [HailoRT] [info] [vdevice_native_stream.cpp:331] [read_impl] Failed read from stream HAILO_STREAM_NOT_ACTIVATED(72) (device: 0001:01:00.0)
[2026-04-28 17:14:15.770] [3710] [HailoRT] [info] [core_op.cpp:186] [deactivate] Deactivating took 0.530824 ms
[2026-04-28 17:14:15.770] [3710] [HailoRT] [info] [core_op.cpp:186] [deactivate] Deactivating took 0.542194 ms
[2026-04-28 17:14:15.770] [6620] [HailoRT] [info] [queue_elements.cpp:734] [run_in_thread] Shutdown event was signaled in run_pull of queue element PullQEl_hw_read0beach_robot/conv41!
[2026-04-28 17:14:15.770] [6621] [HailoRT] [info] [queue_elements.cpp:855] [run_in_thread] Shutdown event was signaled in dequeue of UserBuffQEl0beach_robot/conv41!
[2026-04-28 17:14:15.770] [6620] [HailoRT] [info] [queue_elements.cpp:68] [operator()] Thread in element PullQEl_hw_read0beach_robot/conv41 is not running anymore, exiting..
[2026-04-28 17:14:15.770] [3710] [HailoRT] [info] [queue_elements.cpp:46] [~BaseQueueElement] Queue element PullQEl_hw_read0beach_robot/conv41 has 0 frames in his Queue on destruction
[2026-04-28 17:14:15.770] [6621] [HailoRT] [info] [queue_elements.cpp:68] [operator()] Thread in element UserBuffQEl0beach_robot/conv41 is not running anymore, exiting..
[2026-04-28 17:14:15.770] [3710] [HailoRT] [info] [queue_elements.cpp:46] [~BaseQueueElement] Queue element UserBuffQEl0beach_robot/conv41 has 0 frames in his Queue on destruction
[2026-04-28 17:14:15.770] [6622] [HailoRT] [info] [queue_elements.cpp:734] [run_in_thread] Shutdown event was signaled in run_pull of queue element PullQEl_hw_read7beach_robot/conv42!
[2026-04-28 17:14:15.770] [6623] [HailoRT] [info] [queue_elements.cpp:855] [run_in_thread] Shutdown event was signaled in dequeue of UserBuffQEl7beach_robot/conv42!
[2026-04-28 17:14:15.770] [6622] [HailoRT] [info] [queue_elements.cpp:68] [operator()] Thread in element PullQEl_hw_read7beach_robot/conv42 is not running anymore, exiting..
[2026-04-28 17:14:15.770] [3710] [HailoRT] [info] [queue_elements.cpp:46] [~BaseQueueElement] Queue element PullQEl_hw_read7beach_robot/conv42 has 0 frames in his Queue on destruction
[2026-04-28 17:14:15.770] [6623] [HailoRT] [info] [queue_elements.cpp:68] [operator()] Thread in element UserBuffQEl7beach_robot/conv42 is not running anymore, exiting..
[2026-04-28 17:14:15.770] [3710] [HailoRT] [info] [queue_elements.cpp:46] [~BaseQueueElement] Queue element UserBuffQEl7beach_robot/conv42 has 0 frames in his Queue on destruction
[2026-04-28 17:14:15.770] [6624] [HailoRT] [info] [queue_elements.cpp:734] [run_in_thread] Shutdown event was signaled in run_pull of queue element PullQEl_hw_read3beach_robot/conv52!
[2026-04-28 17:14:15.770] [6625] [HailoRT] [info] [queue_elements.cpp:855] [run_in_thread] Shutdown event was signaled in dequeue of UserBuffQEl3beach_robot/conv52!
[2026-04-28 17:14:15.770] [6624] [HailoRT] [info] [queue_elements.cpp:68] [operator()] Thread in element PullQEl_hw_read3beach_robot/conv52 is not running anymore, exiting..
[2026-04-28 17:14:15.770] [3710] [HailoRT] [info] [queue_elements.cpp:46] [~BaseQueueElement] Queue element PullQEl_hw_read3beach_robot/conv52 has 0 frames in his Queue on destruction
[2026-04-28 17:14:15.770] [6625] [HailoRT] [info] [queue_elements.cpp:68] [operator()] Thread in element UserBuffQEl3beach_robot/conv52 is not running anymore, exiting..
[2026-04-28 17:14:15.770] [3710] [HailoRT] [info] [queue_elements.cpp:46] [~BaseQueueElement] Queue element UserBuffQEl3beach_robot/conv52 has 0 frames in his Queue on destruction
[2026-04-28 17:14:15.770] [6626] [HailoRT] [info] [queue_elements.cpp:734] [run_in_thread] Shutdown event was signaled in run_pull of queue element PullQEl_hw_read1beach_robot/conv53!
[2026-04-28 17:14:15.770] [6627] [HailoRT] [info] [queue_elements.cpp:855] [run_in_thread] Shutdown event was signaled in dequeue of UserBuffQEl1beach_robot/conv53!
[2026-04-28 17:14:15.770] [6626] [HailoRT] [info] [queue_elements.cpp:68] [operator()] Thread in element PullQEl_hw_read1beach_robot/conv53 is not running anymore, exiting..
[2026-04-28 17:14:15.770] [3710] [HailoRT] [info] [queue_elements.cpp:46] [~BaseQueueElement] Queue element PullQEl_hw_read1beach_robot/conv53 has 0 frames in his Queue on destruction
[2026-04-28 17:14:15.771] [6627] [HailoRT] [info] [queue_elements.cpp:68] [operator()] Thread in element UserBuffQEl1beach_robot/conv53 is not running anymore, exiting..
[2026-04-28 17:14:15.771] [3710] [HailoRT] [info] [queue_elements.cpp:46] [~BaseQueueElement] Queue element UserBuffQEl1beach_robot/conv53 has 0 frames in his Queue on destruction
[2026-04-28 17:14:15.771] [6628] [HailoRT] [info] [queue_elements.cpp:734] [run_in_thread] Shutdown event was signaled in run_pull of queue element PullQEl_hw_read2beach_robot/conv62!
[2026-04-28 17:14:15.771] [6629] [HailoRT] [info] [queue_elements.cpp:855] [run_in_thread] Shutdown event was signaled in dequeue of UserBuffQEl2beach_robot/conv62!
[2026-04-28 17:14:15.771] [6628] [HailoRT] [info] [queue_elements.cpp:68] [operator()] Thread in element PullQEl_hw_read2beach_robot/conv62 is not running anymore, exiting..
[2026-04-28 17:14:15.771] [3710] [HailoRT] [info] [queue_elements.cpp:46] [~BaseQueueElement] Queue element PullQEl_hw_read2beach_robot/conv62 has 0 frames in his Queue on destruction
[2026-04-28 17:14:15.771] [6629] [HailoRT] [info] [queue_elements.cpp:68] [operator()] Thread in element UserBuffQEl2beach_robot/conv62 is not running anymore, exiting..
[2026-04-28 17:14:15.771] [3710] [HailoRT] [info] [queue_elements.cpp:46] [~BaseQueueElement] Queue element UserBuffQEl2beach_robot/conv62 has 0 frames in his Queue on destruction
[2026-04-28 17:14:15.771] [6630] [HailoRT] [info] [queue_elements.cpp:734] [run_in_thread] Shutdown event was signaled in run_pull of queue element PullQEl_hw_read0beach_robot/conv63!
[2026-04-28 17:14:15.771] [6631] [HailoRT] [info] [queue_elements.cpp:855] [run_in_thread] Shutdown event was signaled in dequeue of UserBuffQEl0beach_robot/conv63!
[2026-04-28 17:14:15.771] [6630] [HailoRT] [info] [queue_elements.cpp:68] [operator()] Thread in element PullQEl_hw_read0beach_robot/conv63 is not running anymore, exiting..
[2026-04-28 17:14:15.771] [3710] [HailoRT] [info] [queue_elements.cpp:46] [~BaseQueueElement] Queue element PullQEl_hw_read0beach_robot/conv63 has 0 frames in his Queue on destruction
[2026-04-28 17:14:15.771] [6631] [HailoRT] [info] [queue_elements.cpp:68] [operator()] Thread in element UserBuffQEl0beach_robot/conv63 is not running anymore, exiting..
[2026-04-28 17:14:15.771] [3710] [HailoRT] [info] [queue_elements.cpp:46] [~BaseQueueElement] Queue element UserBuffQEl0beach_robot/conv63 has 0 frames in his Queue on destruction
